rx_time,seq,pkt_no,ms,flight_mode,eject_state,altitude_cm,acc_x,acc_y,acc_z,gyro_x,gyro_y,gyro_z,pressure,bmp_temp,voltage_mv,current_ma,system_status,ack_received,crc16
1783145783.679,1,1,1,0,0,-2,-4,-8,980,-4,-1,-1,101325,2500,7400,505,0xf,False,0x0
1783145783.879,2,2,201,0,0,-14,21,-47,996,-1,1,3,101325,2500,7400,503,0xf,False,0x0
1783145784.079,3,3,401,0,0,-8,59,-42,999,-4,4,0,101325,2500,7400,496,0xf,False,0x0
1783145784.281,4,4,603,0,0,-5,2,-20,973,-1,0,4,101325,2500,7400,501,0xf,False,0x0
1783145784.566,5,5,888,0,0,20,-8,-47,965,-1,4,-2,101325,2500,7400,501,0xf,False,0x0
1783145784.974,7,7,1296,0,0,4,-28,-26,994,-3,5,1,101325,2500,7400,483,0xf,False,0x0
1783145785.174,8,8,1496,0,0,9,48,58,1045,4,-3,-4,101325,2500,7400,511,0xf,False,0x0
1783145785.576,10,10,1898,0,0,10,-48,51,958,3,3,-1,101325,2500,7400,490,0xf,False,0x0
1783145785.815,11,11,2137,0,0,-7,-59,29,1023,3,4,2,101325,2500,7400,496,0xf,False,0x0
1783145786.016,12,12,2338,0,0,-6,42,-6,984,4,-3,1,101325,2500,7400,497,0xf,False,0x0
1783145786.229,13,13,2551,0,0,-6,57,-6,1016,-5,-5,-3,101325,2500,7399,507,0xf,False,0x0
1783145786.430,14,14,2752,0,0,-17,-9,-19,959,2,0,-5,101325,2500,7399,517,0xf,False,0x0
1783145786.631,15,15,2953,0,0,14,-50,-53,975,-4,1,4,101325,2500,7399,503,0xf,False,0x0
1783145786.832,16,16,3154,0,0,-16,-27,-33,1024,1,-5,-1,101325,2500,7399,504,0xf,False,0x0
1783145787.032,17,17,3354,0,0,10,39,-48,979,2,1,5,101325,2500,7399,489,0xf,False,0x0
1783145787.233,18,18,3555,0,0,16,-25,15,1033,2,5,-4,101325,2500,7399,511,0xf,False,0x0
1783145787.434,19,19,3756,0,0,3,-43,-22,1049,-5,-5,3,101325,2500,7399,514,0xf,False,0x0
1783145787.635,20,20,3956,0,0,-14,51,60,960,-1,1,-4,101325,2500,7399,510,0xf,False,0x0
1783145787.836,21,21,4158,0,0,-14,-59,60,990,-4,-5,4,101325,2500,7399,486,0xf,False,0x0
1783145788.036,22,22,4358,0,0,-17,19,-10,1030,-5,1,-5,101325,2500,7399,495,0xf,False,0x0
1783145788.246,23,23,4568,0,0,3,15,-36,1037,5,4,2,101325,2500,7399,517,0xf,False,0x0
1783145788.447,24,24,4769,0,0,17,-31,50,1036,-5,-1,-5,101325,2500,7399,491,0xf,False,0x0
1783145788.680,25,25,5002,1,0,-16,10,16,974,1,-4,-4,101325,2500,7398,497,0xf,False,0x0
1783145788.881,26,26,5202,1,0,5,-28,-19,1013,-3,1,-3,101325,2500,7398,508,0xf,False,0x0
1783145789.084,27,27,5406,1,0,-13,-37,-26,967,-1,3,-2,101325,2500,7398,518,0xf,False,0x0
1783145789.285,28,28,5606,1,0,6,-31,51,1046,5,-3,-2,101325,2500,7398,494,0xf,False,0x0
1783145789.488,29,29,5810,1,0,-6,-3,-46,1026,5,0,-5,101325,2500,7398,495,0xf,False,0x0
1783145789.693,30,30,6015,1,0,15,25,-14,1041,-1,-1,3,101325,2500,7398,490,0xf,False,0x0
1783145789.894,31,31,6216,1,0,-4,55,-16,1035,-2,4,5,101325,2500,7398,490,0xf,False,0x0
1783145790.094,32,32,6416,1,0,-13,-27,12,1036,1,-2,0,101325,2500,7398,512,0xf,False,0x0
1783145790.295,33,33,6617,1,0,17,9,44,1033,-1,-2,3,101325,2500,7398,491,0xf,False,0x0
1783145790.495,34,34,6817,1,0,4,24,53,953,5,5,-2,101325,2500,7398,484,0xf,False,0x0
1783145790.695,35,35,7017,1,0,17,34,12,1039,1,2,-2,101325,2500,7398,488,0xf,False,0x0
1783145790.895,36,36,7217,1,0,11,14,-25,965,-4,2,-1,101325,2500,7398,520,0xf,False,0x0
1783145791.096,37,37,7418,1,0,-18,7,-48,1030,-1,-2,-2,101325,2500,7398,493,0xf,False,0x0
1783145791.297,38,38,7619,1,0,10,14,54,970,0,-4,5,101325,2500,7397,505,0xf,False,0x0
1783145791.498,39,39,7820,1,0,15,-1,-30,958,-3,-4,-4,101325,2500,7397,512,0xf,False,0x0
1783145791.708,40,40,8029,1,0,-9,41,29,998,-4,1,-2,101325,2500,7397,493,0xf,False,0x0
1783145791.908,41,41,8230,1,0,18,-19,-3,984,0,-2,2,101325,2500,7397,516,0xf,False,0x0
1783145792.113,42,42,8435,1,0,-15,-42,-15,1022,5,1,-3,101325,2500,7397,519,0xf,False,0x0
1783145792.313,43,43,8635,1,0,-20,28,36,1031,5,1,4,101325,2500,7397,516,0xf,False,0x0
1783145792.537,44,44,8858,1,0,-2,-22,-53,976,-1,-1,-2,101325,2500,7397,483,0xf,False,0x0
1783145792.737,45,45,9059,1,0,20,52,32,1004,1,3,-5,101325,2500,7397,514,0xf,False,0x0
1783145792.963,46,46,9285,1,0,-1,27,13,1018,-1,-2,-4,101325,2500,7397,507,0xf,False,0x0
1783145793.377,48,48,9699,1,0,-6,59,-1,1046,0,3,5,101325,2500,7397,480,0xf,False,0x0
1783145793.578,49,49,9899,1,0,12,23,2,999,2,-3,0,101325,2500,7397,498,0xf,False,0x0
1783145793.806,50,50,10128,2,0,827,50,10,1244,-3,5,-4,101225,2494,7396,501,0xf,False,0x0
1783145794.007,51,51,10329,2,0,2068,-6,-58,1557,5,-2,1,101074,2486,7396,512,0xf,False,0x0
1783145794.249,52,52,10571,2,0,3534,38,-18,1863,-1,5,3,100896,2477,7396,489,0xf,False,0x0
1783145794.450,53,53,10771,2,0,4690,20,19,2203,-3,3,5,100752,2469,7396,491,0xf,False,0x0
1783145794.663,54,54,10985,2,0,5901,52,20,2501,-2,3,3,100603,2461,7396,486,0xf,False,0x0
1783145794.864,55,55,11186,2,0,7021,29,-51,2696,2,-4,1,100467,2454,7396,512,0xf,False,0x0
1783145795.080,56,56,11402,2,0,8181,-59,-29,2931,-1,2,5,100325,2446,7396,494,0xf,False,0x0
1783145795.281,57,57,11602,2,0,9262,-8,-55,3080,-5,-4,3,100196,2439,7396,500,0xf,False,0x0
1783145795.484,58,58,11806,2,0,10290,48,22,3239,5,-3,0,100070,2433,7396,504,0xf,False,0x0
1783145795.684,59,59,12006,2,0,11271,0,24,3339,3,-4,2,99949,2426,7396,506,0xf,False,0x0
1783145795.889,60,60,12211,2,0,12244,47,5,3468,-2,2,3,99829,2420,7396,497,0xf,False,0x0
1783145796.090,61,61,12411,2,0,13200,17,60,3483,-4,-4,-4,99716,2414,7396,490,0xf,False,0x0
1783145796.301,62,62,12623,2,0,14149,56,4,3542,5,1,-4,99600,2408,7395,504,0xf,False,0x0
1783145796.502,63,63,12824,2,0,14993,50,-49,3444,-1,5,2,99494,2402,7395,505,0xf,False,0x0
1783145796.728,64,64,13050,2,0,15954,1,-56,3398,-3,-1,3,99379,2396,7395,485,0xf,False,0x0
1783145796.929,65,65,13251,2,0,16739,56,-3,3241,5,1,0,99281,2391,7395,511,0xf,False,0x0
1783145797.132,66,66,13453,2,0,17531,-10,-5,3106,-5,-1,4,99185,2386,7395,494,0xf,False,0x0
1783145797.575,68,68,13897,2,0,19142,-22,-26,2590,-3,-1,-1,98990,2375,7395,520,0xf,False,0x0
1783145797.776,69,69,14097,2,0,19796,43,-11,2372,-3,2,-2,98907,2371,7395,495,0xf,False,0x0
1783145798.003,70,70,14324,2,0,20537,4,-60,2058,5,4,2,98818,2366,7395,506,0xf,False,0x0
1783145798.203,71,71,14525,2,0,21143,-31,-3,1739,-3,-5,0,98743,2362,7395,520,0xf,False,0x0
1783145798.424,72,72,14745,2,0,21808,-43,-53,1433,5,2,2,98665,2358,7395,504,0xf,False,0x0
1783145798.624,73,73,14946,2,0,22335,-43,-22,1101,4,0,4,98598,2354,7395,509,0xf,False,0x0
1783145798.838,74,74,15160,2,0,22914,-25,-49,-246,-4,4,-4,98530,2351,7394,514,0xf,False,0x0
1783145799.039,75,75,15361,2,0,23392,17,-21,-219,0,-3,4,98471,2347,7394,501,0xf,False,0x0
1783145799.247,76,76,15569,2,0,23884,45,20,-269,4,4,-3,98413,2344,7394,495,0xf,False,0x0
1783145799.448,77,77,15770,2,0,24283,-10,-11,-245,-4,2,2,98361,2342,7394,485,0xf,False,0x0
1783145799.660,78,78,15982,2,0,24692,20,36,-274,-4,-5,-1,98310,2339,7394,518,0xf,False,0x0
1783145800.073,80,80,16394,2,0,25414,-29,42,-345,5,5,-2,98223,2334,7394,508,0xf,False,0x0
1783145800.273,81,81,16595,2,0,25722,29,33,-353,-3,5,-5,98186,2332,7394,492,0xf,False,0x0
1783145800.690,83,83,17012,2,0,26250,19,-49,-335,5,5,0,98121,2329,7394,491,0xf,False,0x0
1783145801.059,84,84,17381,2,0,26620,-46,-13,-430,2,-2,2,98076,2326,7394,489,0xf,False,0x0
1783145801.259,85,85,17581,2,0,26771,4,52,-405,1,5,0,98058,2325,7393,515,0xf,False,0x0
1783145801.459,86,86,17781,2,0,26883,28,-28,-418,1,4,-4,98043,2325,7393,506,0xf,False,0x0
1783145801.729,87,87,18051,2,0,27023,23,21,-443,1,4,5,98028,2324,7393,516,0xf,False,0x0
1783145801.931,88,88,18253,2,0,27081,53,9,-496,-2,-1,-2,98021,2324,7393,502,0xf,False,0x0
1783145802.132,89,89,18454,2,0,27080,18,14,-507,2,3,4,98018,2323,7393,502,0xf,False,0x0
1783145802.337,90,90,18659,3,1,27055,-14,-14,-51,0,4,-5,98023,2324,7393,484,0xf,False,0x0
1783145802.537,91,91,18859,3,1,27029,-34,14,-126,4,-4,1,98029,2324,7393,508,0xf,False,0x0
1783145802.744,92,92,19066,3,1,26953,5,59,-62,1,2,-1,98035,2324,7393,491,0xf,False,0x0
1783145802.945,93,93,19266,3,1,26897,-13,4,-105,3,3,-3,98042,2325,7393,501,0xf,False,0x0
1783145803.149,94,94,19471,3,1,26844,-33,38,-132,-5,-5,1,98048,2325,7393,503,0xf,False,0x0
1783145803.367,95,95,19689,3,1,26810,-9,32,-137,0,3,-5,98055,2325,7393,519,0xf,False,0x0
1783145803.828,96,96,20150,3,1,26683,13,24,-47,5,-5,-4,98069,2326,7392,496,0xf,False,0x0
1783145804.067,97,97,20389,3,1,26633,21,-33,-64,-1,5,-2,98076,2326,7392,504,0xf,False,0x0
1783145804.273,98,98,20595,3,1,26583,35,-7,-136,0,-2,0,98083,2327,7392,516,0xf,False,0x0
1783145804.510,99,99,20832,3,1,26531,-58,-17,-99,4,0,-1,98090,2327,7392,494,0xf,False,0x0
1783145804.808,100,100,21130,3,1,26421,-48,-56,-91,-1,0,-5,98099,2328,7392,500,0xf,False,0x0
1783145805.289,102,102,21611,3,1,26309,23,52,-119,1,-5,-5,98114,2328,7392,511,0xf,False,0x0
1783145805.534,103,103,21855,3,1,26252,-47,-10,-130,-2,-1,5,98122,2329,7392,485,0xf,False,0x0
1783145805.828,104,104,22150,3,1,26154,0,-42,-86,5,1,-4,98131,2329,7392,520,0xf,False,0x0
1783145806.029,105,105,22351,3,1,26141,-36,9,-140,2,-3,-2,98137,2330,7392,485,0xf,False,0x0
1783145806.234,106,106,22556,3,1,26068,-48,42,-147,-5,3,-3,98144,2330,7391,499,0xf,False,0x0
1783145806.435,107,107,22756,3,1,26018,-12,-18,-119,3,4,-3,98150,2330,7391,505,0xf,False,0x0
1783145806.640,108,108,22961,3,1,25982,52,8,-79,-1,4,2,98157,2331,7391,489,0xf,False,0x0
1783145806.840,109,109,23162,3,1,25918,-26,19,-71,-1,5,4,98163,2331,7391,482,0xf,False,0x0
1783145807.042,110,110,23364,3,1,25858,-15,40,-87,-1,2,-2,98170,2331,7391,520,0xf,False,0x0
1783145807.242,111,111,23564,3,1,25811,-5,19,-72,-5,5,-1,98176,2332,7391,483,0xf,False,0x0
1783145807.443,112,112,23764,3,1,25746,29,-31,-81,-1,-5,2,98182,2332,7391,482,0xf,False,0x0
1783145807.644,113,113,23965,3,1,25708,9,40,-146,3,-4,-4,98189,2332,7391,513,0xf,False,0x0
1783145807.845,114,114,24167,3,1,25655,38,-37,-50,-4,-3,5,98195,2333,7391,513,0xf,False,0x0
1783145808.046,115,115,24368,3,1,25581,10,-13,-104,5,5,-5,98202,2333,7391,504,0xf,False,0x0
1783145808.247,116,116,24569,3,1,25526,25,-7,-150,3,-5,0,98208,2333,7391,507,0xf,False,0x0
1783145808.447,117,117,24769,3,1,25504,-9,-26,-93,-1,-4,5,98214,2334,7391,482,0xf,False,0x0
1783145808.648,118,118,24970,3,1,25443,-52,-8,-46,-1,1,-4,98221,2334,7391,490,0xf,False,0x0
1783145808.848,119,119,25170,3,1,25371,-41,-18,-77,-4,-2,5,98227,2334,7390,487,0xf,False,0x0
1783145809.050,120,120,25372,3,1,25341,43,-6,-68,-3,-2,-2,98234,2335,7390,504,0xf,False,0x0
1783145809.250,121,121,25572,3,1,25276,-25,-35,-63,3,-1,-1,98240,2335,7390,493,0xf,False,0x0
1783145809.454,122,122,25775,3,1,25211,3,-17,-147,-3,2,-5,98247,2336,7390,494,0xf,False,0x0
1783145809.654,123,123,25976,3,1,25187,-34,7,-112,-2,2,0,98253,2336,7390,504,0xf,False,0x0
1783145809.872,124,124,26194,3,1,25131,6,6,-59,2,-1,3,98260,2336,7390,514,0xf,False,0x0
1783145810.073,125,125,26394,3,1,25050,-31,-59,-91,-2,-3,4,98267,2337,7390,517,0xf,False,0x0
1783145810.313,126,126,26635,3,1,25013,-27,-4,-100,-3,-3,-1,98275,2337,7390,509,0xf,False,0x0
1783145810.514,127,127,26835,3,1,24963,-7,46,-43,0,-3,0,98281,2337,7390,520,0xf,False,0x0
1783145810.769,128,128,27091,3,1,24860,-24,-56,-156,3,1,1,98290,2338,7390,489,0xf,False,0x0
1783145810.970,129,129,27291,3,1,24801,54,2,-128,-3,5,-3,98296,2338,7390,503,0xf,False,0x0
1783145811.193,130,130,27515,3,1,24764,46,-20,-51,-3,-2,-2,98304,2339,7389,480,0xf,False,0x0
1783145811.393,131,131,27715,3,1,24688,-14,0,-57,1,-4,5,98310,2339,7389,491,0xf,False,0x0
1783145811.615,132,132,27936,3,1,24628,-17,51,-142,2,5,-4,98318,2339,7389,490,0xf,False,0x0
1783145811.819,133,133,28141,3,1,24584,23,32,-109,4,1,-5,98324,2340,7389,514,0xf,False,0x0
1783145812.055,134,134,28377,3,1,24532,-50,-43,-114,-2,-1,-5,98332,2340,7389,489,0xf,False,0x0
1783145812.256,135,135,28577,3,1,24485,42,26,-98,-2,4,-3,98339,2340,7389,519,0xf,False,0x0
1783145812.504,136,136,28826,3,1,24386,20,12,-133,-5,-2,5,98347,2341,7389,500,0xf,False,0x0
1783145812.705,137,137,29027,3,1,24339,38,2,-132,-4,-5,-1,98354,2341,7389,484,0xf,False,0x0
1783145812.922,138,138,29244,3,1,24295,-28,-29,-94,-4,2,3,98361,2342,7389,482,0xf,False,0x0
1783145813.122,139,139,29444,3,1,24234,-58,-27,-137,-3,-5,1,98368,2342,7389,485,0xf,False,0x0
1783145813.341,140,140,29663,3,1,24166,-42,-46,-91,1,-5,-3,98375,2342,7389,492,0xf,False,0x0
1783145813.542,141,141,29864,3,1,24107,31,-32,-97,0,-1,5,98382,2343,7389,503,0xf,False,0x0
1783145813.772,142,142,30094,3,1,24036,-48,-1,-135,-2,-4,4,98390,2343,7388,493,0xf,False,0x0
1783145813.972,143,143,30294,3,1,24006,-58,-15,-84,-3,2,-3,98396,2343,7388,509,0xf,False,0x0
1783145814.187,144,144,30509,3,1,23953,-60,-3,-67,-2,-1,1,98404,2344,7388,480,0xf,False,0x0
1783145814.388,145,145,30710,3,1,23873,33,-38,-99,1,-3,0,98410,2344,7388,505,0xf,False,0x0
1783145814.631,146,146,30953,3,1,23827,-19,25,-97,3,4,5,98419,2345,7388,505,0xf,False,0x0
1783145814.831,147,147,31153,3,1,23773,-16,-25,-131,-3,3,-2,98425,2345,7388,498,0xf,False,0x0
1783145815.040,148,148,31362,3,1,23715,-2,51,-153,-1,5,-5,98433,2345,7388,520,0xf,False,0x0
1783145815.240,149,149,31562,3,1,23664,-42,-58,-58,-4,-2,-4,98439,2346,7388,505,0xf,False,0x0
1783145815.485,150,150,31807,3,1,23599,-18,-3,-124,-3,-4,5,98448,2346,7388,483,0xf,False,0x0
1783145815.686,151,151,32008,3,1,23508,-4,8,-135,4,1,1,98455,2347,7388,503,0xf,False,0x0
1783145815.913,152,152,32234,3,1,23447,25,-19,-63,1,-5,5,98462,2347,7388,500,0xf,False,0x0
1783145816.113,153,153,32435,3,1,23405,37,46,-76,1,2,-1,98469,2347,7388,520,0xf,False,0x0
1783145816.347,154,154,32669,3,1,23324,-8,55,-72,1,-2,2,98477,2348,7387,520,0xf,False,0x0
1783145816.547,155,155,32869,3,1,23267,39,-3,-80,3,5,1,98484,2348,7387,506,0xf,False,0x0
1783145816.798,156,156,33120,3,1,23210,-12,52,-135,-2,-5,-3,98493,2349,7387,491,0xf,False,0x0
1783145816.999,157,157,33321,3,1,23152,-3,-24,-88,3,-3,3,98500,2349,7387,491,0xf,False,0x0
1783145817.242,158,158,33563,3,1,23096,50,48,-107,0,2,3,98508,2349,7387,499,0xf,False,0x0
1783145817.442,159,159,33764,3,1,23008,-9,56,-59,-4,0,-1,98515,2350,7387,486,0xf,False,0x0
1783145817.651,160,160,33973,3,1,22981,45,-27,-44,-5,4,-1,98523,2350,7387,514,0xf,False,0x0
1783145817.852,161,161,34174,3,1,22895,19,32,-145,-5,-2,4,98530,2351,7387,493,0xf,False,0x0
1783145818.067,162,162,34389,3,1,22848,-10,0,-63,-4,-4,-1,98537,2351,7387,514,0xf,False,0x0
1783145818.268,163,163,34589,3,1,22805,-44,-22,-85,0,0,-4,98544,2351,7387,501,0xf,False,0x0
1783145818.511,164,164,34832,3,1,22711,30,58,-77,-2,4,-1,98553,2352,7387,499,0xf,False,0x0
1783145818.711,165,165,35033,3,1,22666,-2,-13,-60,-1,0,-1,98560,2352,7386,496,0xf,False,0x0
1783145818.946,166,166,35268,3,1,22583,39,12,-159,5,0,1,98568,2353,7386,518,0xf,False,0x0
1783145819.147,167,167,35469,3,1,22516,17,50,-131,-5,-5,-1,98576,2353,7386,518,0xf,False,0x0
1783145819.351,168,168,35673,3,1,22457,-25,-40,-106,3,-2,2,98583,2353,7386,519,0xf,False,0x0
1783145819.551,169,169,35873,3,1,22431,46,55,-41,-2,1,-5,98590,2354,7386,503,0xf,False,0x0
1783145819.774,170,170,36096,3,1,22332,33,-32,-131,-1,4,-1,98598,2354,7386,504,0xf,False,0x0
1783145819.975,171,171,36297,3,1,22299,-45,8,-150,1,2,5,98605,2355,7386,496,0xf,False,0x0
1783145820.203,172,172,36525,3,1,22206,42,-42,-115,-2,0,-2,98613,2355,7386,490,0xf,False,0x0
1783145820.444,173,173,36766,3,1,22157,-41,20,-132,0,-1,0,98622,2356,7386,485,0xf,False,0x0
1783145820.645,174,174,36966,3,1,22077,13,-59,-134,2,4,-1,98629,2356,7386,514,0xf,False,0x0
1783145820.850,175,175,37172,3,1,22036,26,-51,-138,-2,-5,2,98637,2356,7386,486,0xf,False,0x0
1783145821.051,176,176,37373,3,1,21956,14,14,-111,3,-1,3,98644,2357,7386,508,0xf,False,0x0
1783145821.267,177,177,37589,3,1,21920,26,47,-119,1,-5,1,98652,2357,7385,503,0xf,False,0x0
1783145821.468,178,178,37790,3,1,21858,26,44,-133,4,-4,4,98659,2357,7385,488,0xf,False,0x0
1783145821.669,179,179,37991,3,1,21770,41,36,-84,1,5,3,98666,2358,7385,500,0xf,False,0x0
1783145821.870,180,180,38192,3,1,21717,54,-48,-76,-1,-1,2,98674,2358,7385,510,0xf,False,0x0
1783145822.074,181,181,38396,3,1,21682,26,8,-127,-1,-1,1,98681,2359,7385,483,0xf,False,0x0
1783145822.277,182,182,38599,3,1,21616,22,19,-52,-4,4,5,98689,2359,7385,511,0xf,False,0x0
1783145822.478,183,183,38799,3,1,21551,59,-47,-108,2,5,5,98696,2359,7385,500,0xf,False,0x0
1783145822.680,184,184,39001,3,1,21492,-55,-32,-83,-4,0,2,98704,2360,7385,519,0xf,False,0x0
1783145822.881,185,185,39202,3,1,21417,-49,5,-59,-2,-3,-4,98711,2360,7385,499,0xf,False,0x0
1783145823.081,186,186,39403,3,1,21369,-7,-10,-97,-5,-2,-2,98718,2361,7385,482,0xf,False,0x0
1783145823.288,187,187,39610,3,1,21316,14,15,-120,0,5,-2,98726,2361,7385,488,0xf,False,0x0
1783145823.489,188,188,39811,3,1,21241,-26,13,-128,0,-4,-4,98734,2361,7385,518,0xf,False,0x0
1783145823.721,189,189,40043,3,1,21185,-12,-35,-134,-5,4,-5,98742,2362,7384,494,0xf,False,0x0
1783145823.922,190,190,40243,3,1,21094,43,11,-94,5,2,0,98750,2362,7384,485,0xf,False,0x0
1783145824.152,191,191,40474,3,1,21050,-22,-20,-128,-5,-1,-1,98758,2363,7384,498,0xf,False,0x0
1783145824.352,192,192,40674,3,1,20983,-21,-12,-120,2,2,-1,98766,2363,7384,483,0xf,False,0x0
1783145824.573,193,193,40895,3,1,20884,51,-24,-130,-5,-5,-4,98774,2364,7384,505,0xf,False,0x0
1783145824.774,194,194,41095,3,1,20849,4,22,-92,1,3,3,98782,2364,7384,505,0xf,False,0x0
1783145824.986,195,195,41308,3,1,20775,23,26,-96,4,5,5,98790,2364,7384,520,0xf,False,0x0
1783145825.188,196,196,41509,3,1,20695,23,-11,-105,-4,-5,-3,98798,2365,7384,515,0xf,False,0x0
1783145825.408,197,197,41730,3,1,20623,6,38,-103,3,4,-5,98806,2365,7384,505,0xf,False,0x0
1783145825.608,198,198,41930,3,1,20572,-32,53,-127,5,-2,0,98814,2366,7384,487,0xf,False,0x0
1783145825.862,199,199,42184,3,1,20506,5,30,-82,-1,3,-2,98823,2366,7384,519,0xf,False,0x0
1783145826.063,200,200,42384,3,1,20455,42,18,-132,1,-3,1,98831,2367,7384,502,0xf,False,0x0
1783145826.288,201,201,42610,3,1,20380,28,-31,-99,3,4,1,98840,2367,7383,509,0xf,False,0x0
1783145826.489,202,202,42810,3,1,20296,-6,-52,-54,-1,4,3,98848,2368,7383,520,0xf,False,0x0
1783145826.693,203,203,43015,3,1,20219,2,59,-87,-1,0,5,98856,2368,7383,496,0xf,False,0x0
1783145826.893,204,204,43215,3,1,20156,46,13,-105,4,2,1,98863,2368,7383,503,0xf,False,0x0
1783145827.108,205,205,43430,3,1,20086,-4,28,-130,3,2,-2,98872,2369,7383,490,0xf,False,0x0
1783145827.309,206,206,43631,3,1,20042,-33,-51,-102,-1,4,-2,98880,2369,7383,494,0xf,False,0x0
1783145827.537,207,207,43859,3,1,19979,-48,9,-127,2,4,-4,98888,2370,7383,480,0xf,False,0x0
1783145827.737,208,208,44059,3,1,19899,-9,-32,-125,4,-2,-1,98896,2370,7383,520,0xf,False,0x0
1783145827.947,209,209,44269,3,1,19829,24,-55,-72,-4,3,-4,98905,2371,7383,504,0xf,False,0x0
1783145828.147,210,210,44469,3,1,19757,-51,-6,-98,2,-4,5,98913,2371,7383,506,0xf,False,0x0
1783145828.577,212,212,44899,3,1,19638,-21,46,-46,4,4,-2,98930,2372,7383,516,0xf,False,0x0
1783145828.782,213,213,45104,3,1,19572,-52,24,-59,-4,5,5,98938,2372,7382,508,0xf,False,0x0
1783145828.983,214,214,45305,3,1,19510,47,-55,-109,-1,-2,-4,98946,2373,7382,480,0xf,False,0x0
1783145829.193,215,215,45515,3,1,19424,-40,-45,-99,-1,-5,-5,98954,2373,7382,512,0xf,False,0x0
1783145829.394,216,216,45715,3,1,19360,46,-10,-60,0,-2,1,98962,2374,7382,510,0xf,False,0x0
1783145829.633,217,217,45955,3,1,19264,-45,-54,-134,-4,-4,2,98972,2374,7382,487,0xf,False,0x0
1783145829.833,218,218,46155,3,1,19204,0,59,-80,4,2,4,98980,2375,7382,491,0xf,False,0x0
1783145830.044,219,219,46366,3,1,19147,8,32,-117,4,-1,-2,98989,2375,7382,519,0xf,False,0x0
1783145830.245,220,220,46567,3,1,19092,-3,-21,-142,-2,-4,4,98997,2375,7382,493,0xf,False,0x0
1783145830.471,221,221,46793,3,1,19014,29,14,-113,3,3,-1,99006,2376,7382,508,0xf,False,0x0
1783145830.907,223,223,47228,3,1,18878,-30,-49,-74,-1,5,-3,99024,2377,7382,497,0xf,False,0x0
1783145831.107,224,224,47429,3,1,18785,-14,-21,-43,-2,-1,-1,99032,2377,7382,488,0xf,False,0x0
1783145831.315,225,225,47637,3,1,18713,-21,-59,-80,4,-2,-4,99041,2378,7381,500,0xf,False,0x0
1783145831.516,226,226,47837,3,1,18644,-51,37,-103,4,-3,-3,99049,2378,7381,488,0xf,False,0x0
1783145831.748,227,227,48070,3,1,18564,50,-59,-74,3,-4,-4,99059,2379,7381,518,0xf,False,0x0
1783145831.948,228,228,48270,3,1,18514,-39,44,-138,-5,4,1,99067,2379,7381,518,0xf,False,0x0
1783145832.186,229,229,48508,3,1,18414,-6,9,-80,-3,-2,5,99077,2380,7381,484,0xf,False,0x0
1783145832.386,230,230,48708,3,1,18342,-12,-47,-46,2,2,-5,99085,2380,7381,516,0xf,False,0x0
1783145832.592,231,231,48914,3,1,18285,42,-32,-56,0,2,-5,99094,2381,7381,486,0xf,False,0x0
1783145832.793,232,232,49115,3,1,18228,-5,50,-59,-3,-2,-5,99102,2381,7381,515,0xf,False,0x0
1783145833.013,233,233,49334,3,1,18146,-18,16,-117,-1,0,-1,99112,2382,7381,509,0xf,False,0x0
1783145833.213,234,234,49535,3,1,18067,-20,-15,-48,-2,3,2,99120,2382,7381,499,0xf,False,0x0
1783145833.452,235,235,49774,3,1,17999,-29,-20,-52,-1,-2,5,99130,2383,7381,484,0xf,False,0x0
1783145833.653,236,236,49974,3,1,17931,49,-27,-130,4,-5,2,99139,2383,7381,492,0xf,False,0x0
1783145833.916,237,237,50237,3,1,17840,-1,54,-81,5,0,3,99150,2384,7380,489,0xf,False,0x0
1783145834.116,238,238,50438,3,1,17755,26,50,-123,-1,2,-3,99159,2384,7380,505,0xf,False,0x0
1783145834.338,239,239,50659,3,1,17685,28,29,-136,0,1,4,99169,2385,7380,492,0xf,False,0x0
1783145834.538,240,240,50860,3,1,17591,-30,46,-77,2,0,5,99177,2385,7380,520,0xf,False,0x0
1783145834.805,241,241,51127,3,1,17521,42,57,-55,0,-4,-3,99189,2386,7380,503,0xf,False,0x0
1783145835.006,242,242,51328,3,1,17425,-51,11,-117,1,-2,-2,99198,2386,7380,488,0xf,False,0x0
1783145835.264,243,243,51585,3,1,17331,-38,-24,-59,2,5,-3,99209,2387,7380,502,0xf,False,0x0
1783145835.464,244,244,51786,3,1,17257,-21,-14,-51,2,5,3,99218,2387,7380,509,0xf,False,0x0
1783145835.720,245,245,52042,3,1,17170,-47,-55,-135,-5,-2,-1,99229,2388,7380,484,0xf,False,0x0
1783145835.921,246,246,52243,3,1,17112,43,-31,-46,3,-3,-2,99238,2388,7380,498,0xf,False,0x0
1783145836.184,247,247,52506,3,1,17019,-20,17,-68,-3,3,0,99250,2389,7379,519,0xf,False,0x0
1783145836.385,248,248,52707,3,1,16936,6,52,-152,-1,5,0,99259,2389,7379,491,0xf,False,0x0
1783145836.593,249,249,52914,3,1,16851,17,-36,-123,-2,1,3,99268,2390,7379,485,0xf,False,0x0
1783145836.793,250,250,53115,3,1,16763,-57,-49,-82,4,-2,-5,99277,2390,7379,506,0xf,False,0x0
1783145837.001,251,251,53323,3,1,16686,-26,3,-50,-1,5,2,99287,2391,7379,489,0xf,False,0x0
1783145837.202,252,252,53524,3,1,16637,-8,-14,-119,-3,-4,4,99296,2391,7379,507,0xf,False,0x0
1783145837.425,253,253,53747,3,1,16528,-45,-42,-90,5,5,5,99306,2392,7379,512,0xf,False,0x0
1783145837.626,254,254,53948,3,1,16466,44,34,-138,1,-2,3,99315,2392,7379,495,0xf,False,0x0
1783145837.838,255,255,54160,3,1,16394,-41,45,-126,-3,2,-1,99325,2393,7379,494,0xf,False,0x0
1783145838.039,256,256,54361,3,1,16295,8,0,-144,-5,-1,-5,99334,2393,7379,499,0xf,False,0x0
1783145838.242,257,257,54563,3,1,16216,45,32,-110,-3,2,4,99344,2394,7379,514,0xf,False,0x0
1783145838.442,258,258,54764,3,1,16169,-25,51,-85,4,3,0,99353,2394,7379,485,0xf,False,0x0
1783145838.678,259,259,55000,3,1,16068,-8,9,-67,-5,0,-3,99364,2395,7378,499,0xf,False,0x0
1783145838.879,260,260,55201,3,1,15978,56,22,-48,-2,-4,0,99374,2396,7378,481,0xf,False,0x0
1783145839.179,261,261,55501,3,1,15873,-25,21,-109,4,0,3,99388,2396,7378,511,0xf,False,0x0
1783145839.381,262,262,55703,3,1,15812,-4,23,-151,-3,1,2,99397,2397,7378,501,0xf,False,0x0
1783145839.833,264,264,56155,3,1,15607,28,-34,-33,-1,-2,3,99419,2398,7378,516,0xf,False,0x0
1783145840.243,266,266,56565,3,1,15447,18,-29,-107,5,-5,1,99439,2399,7378,516,0xf,False,0x0
1783145840.444,267,267,56765,3,1,15379,-51,-3,-99,-3,-1,3,99448,2400,7378,512,0xf,False,0x0
1783145840.644,268,268,56966,3,1,15290,37,33,-144,-1,3,-4,99458,2400,7378,488,0xf,False,0x0
1783145840.845,269,269,57167,3,1,15226,-28,41,-113,5,1,4,99468,2401,7378,504,0xf,False,0x0
1783145841.058,270,270,57379,3,1,15127,50,21,-142,0,5,-1,99478,2401,7378,487,0xf,False,0x0
1783145841.258,271,271,57580,3,1,15068,-7,19,-94,-1,5,-2,99488,2402,7377,490,0xf,False,0x0
1783145841.491,272,272,57813,3,1,14966,43,50,-100,0,4,-1,99500,2402,7377,503,0xf,False,0x0
1783145841.691,273,273,58013,3,1,14880,-4,33,-126,-2,-1,5,99510,2403,7377,494,0xf,False,0x0
1783145841.918,274,274,58240,3,1,14800,-10,11,-63,2,3,5,99521,2403,7377,503,0xf,False,0x0
1783145842.119,275,275,58440,3,1,14690,-59,-35,-104,-1,-4,-1,99531,2404,7377,481,0xf,False,0x0
1783145842.379,276,276,58701,3,1,14597,-14,11,-81,-4,3,-2,99545,2405,7377,495,0xf,False,0x0
1783145842.582,277,277,58904,3,1,14499,-18,1,-128,-4,0,-5,99555,2405,7377,508,0xf,False,0x0
1783145842.987,279,279,59309,3,1,14322,-31,17,-94,1,-5,5,99576,2406,7377,500,0xf,False,0x0
1783145843.188,280,280,59510,3,1,14268,-46,-51,-117,3,-4,4,99586,2407,7377,493,0xf,False,0x0
1783145843.414,281,281,59735,3,1,14139,45,20,-67,-2,3,0,99598,2407,7377,482,0xf,False,0x0
1783145843.614,282,282,59936,3,1,14063,-34,-11,-71,1,5,1,99608,2408,7377,495,0xf,False,0x0
1783145843.843,283,283,60165,3,1,13970,46,4,-90,-1,0,-3,99620,2409,7376,507,0xf,False,0x0
1783145844.044,284,284,60366,3,1,13870,-40,-7,-102,-3,3,-2,99631,2409,7376,492,0xf,False,0x0
1783145844.274,285,285,60595,3,1,13792,42,10,-116,5,-3,3,99643,2410,7376,487,0xf,False,0x0
1783145844.474,286,286,60796,3,1,13705,-15,-60,-60,-3,-5,1,99654,2410,7376,504,0xf,False,0x0
1783145844.701,287,287,61022,3,1,13607,34,-3,-121,-2,-5,3,99666,2411,7376,495,0xf,False,0x0
1783145844.906,288,288,61228,3,1,13499,7,31,-108,1,-3,4,99677,2412,7376,494,0xf,False,0x0
1783145845.107,289,289,61428,3,1,13406,-4,-21,-96,1,4,-4,99688,2412,7376,518,0xf,False,0x0
1783145845.318,290,290,61640,3,1,13332,-36,-6,-148,1,2,4,99699,2413,7376,489,0xf,False,0x0
1783145845.519,291,291,61841,3,1,13221,58,42,-108,4,-3,2,99710,2413,7376,508,0xf,False,0x0
1783145845.724,292,292,62046,3,1,13144,-55,12,-46,3,3,-2,99721,2414,7376,483,0xf,False,0x0
1783145845.925,293,293,62247,3,1,13041,28,-14,-130,3,-4,3,99733,2415,7376,487,0xf,False,0x0
1783145846.128,294,294,62450,3,1,12969,-36,-45,-151,-5,5,-3,99744,2415,7376,489,0xf,False,0x0
1783145846.328,295,295,62650,3,1,12848,-52,31,-76,3,5,1,99755,2416,7375,492,0xf,False,0x0
1783145846.529,296,296,62851,3,1,12758,-39,60,-135,3,2,-1,99766,2416,7375,500,0xf,False,0x0
1783145846.730,297,297,63051,3,1,12687,15,20,-91,-2,-4,0,99778,2417,7375,505,0xf,False,0x0
1783145846.958,298,298,63280,3,1,12557,28,50,-109,-2,0,3,99791,2418,7375,497,0xf,False,0x0
1783145847.159,299,299,63481,3,1,12466,31,48,-109,1,3,-3,99802,2418,7375,499,0xf,False,0x0
1783145847.426,300,300,63748,3,1,12346,32,-39,-54,-5,-4,-2,99818,2419,7375,496,0xf,False,0x0
1783145847.627,301,301,63948,3,1,12246,58,-10,-151,-3,1,5,99830,2420,7375,490,0xf,False,0x0
1783145847.841,302,302,64163,3,1,12147,-16,-37,-137,-2,1,-1,99842,2421,7375,486,0xf,False,0x0
1783145848.042,303,303,64364,3,1,12060,-38,43,-83,-5,4,-1,99854,2421,7375,504,0xf,False,0x0
1783145848.263,304,304,64585,3,1,11930,5,-29,-79,-4,1,-1,99867,2422,7375,508,0xf,False,0x0
1783145848.703,306,306,65025,3,1,11719,-52,6,-70,-1,-1,-2,99894,2423,7374,485,0xf,False,0x0
1783145848.903,307,307,65225,3,1,11634,38,-55,-124,2,-4,3,99906,2424,7374,481,0xf,False,0x0
1783145849.167,308,308,65488,3,1,11490,27,-37,-149,-4,-4,1,99922,2425,7374,495,0xf,False,0x0
1783145849.367,309,309,65689,3,1,11387,47,-14,-90,-3,5,5,99934,2425,7374,515,0xf,False,0x0
1783145849.605,310,310,65927,3,1,11255,35,41,-140,1,1,5,99949,2426,7374,500,0xf,False,0x0
1783145849.806,311,311,66128,3,1,11150,-3,-36,-87,-3,2,-2,99962,2427,7374,483,0xf,False,0x0
1783145850.064,312,312,66386,3,1,11040,7,59,-88,0,4,-4,99978,2428,7374,511,0xf,False,0x0
1783145850.265,313,313,66587,3,1,10929,-17,-1,-101,2,4,1,99991,2428,7374,498,0xf,False,0x0
1783145850.534,314,314,66856,3,1,10774,15,-31,-73,-4,-2,-1,100009,2429,7374,482,0xf,False,0x0
1783145850.740,315,315,67062,3,1,10686,-58,51,-42,-5,1,-4,100022,2430,7374,482,0xf,False,0x0
1783145850.940,316,316,67262,3,1,10568,-45,6,-57,-3,0,4,100035,2431,7374,517,0xf,False,0x0
1783145851.142,317,317,67464,3,1,10471,-8,-11,-78,-2,5,2,100048,2432,7374,482,0xf,False,0x0
1783145851.342,318,318,67664,3,1,10353,60,-31,-78,-1,-2,5,100062,2432,7373,485,0xf,False,0x0
1783145851.548,319,319,67870,3,1,10222,43,-54,-56,-3,0,-2,100076,2433,7373,518,0xf,False,0x0
1783145851.749,320,320,68070,3,1,10115,-15,-23,-64,-4,4,-2,100089,2434,7373,481,0xf,False,0x0
1783145851.960,321,321,68282,3,1,9987,-33,27,-107,3,-1,-2,100104,2434,7373,495,0xf,False,0x0
1783145852.161,322,322,68482,3,1,9877,-2,-24,-87,-1,-2,1,100118,2435,7373,502,0xf,False,0x0
1783145852.562,324,324,68884,3,1,9644,45,47,-123,4,-2,1,100146,2437,7373,493,0xf,False,0x0
1783145852.762,325,325,69084,3,1,9560,18,-7,-69,4,0,1,100160,2437,7373,498,0xf,False,0x0
1783145852.963,326,326,69285,3,1,9431,32,-14,-103,4,1,-5,100175,2438,7373,504,0xf,False,0x0
1783145853.226,327,327,69547,3,1,9254,-26,40,-129,-4,0,3,100194,2439,7373,490,0xf,False,0x0
1783145853.426,328,328,69748,3,1,9155,-23,47,-61,1,-5,-1,100209,2440,7373,513,0xf,False,0x0
1783145853.657,329,329,69979,3,1,9020,31,45,-113,-1,1,0,100226,2441,7373,489,0xf,False,0x0
1783145853.858,330,330,70179,3,1,8894,55,-2,-152,3,5,-4,100241,2442,7372,509,0xf,False,0x0
1783145854.096,331,331,70418,3,1,8710,-21,18,-39,5,4,4,100260,2443,7372,483,0xf,False,0x0
1783145854.296,332,332,70618,3,1,8593,31,-3,-109,-2,4,-2,100275,2444,7372,485,0xf,False,0x0
1783145854.501,333,333,70823,3,1,8470,5,-24,-107,1,2,5,100291,2444,7372,489,0xf,False,0x0
1783145854.701,334,334,71023,3,1,8326,41,13,-95,3,0,-5,100307,2445,7372,486,0xf,False,0x0
1783145854.966,335,335,71288,3,1,8166,-49,12,-88,1,-1,-2,100329,2446,7372,503,0xf,False,0x0
1783145855.167,336,336,71489,3,1,8040,-46,18,-99,1,-2,1,100345,2447,7372,485,0xf,False,0x0
1783145855.678,338,338,72000,3,1,7683,60,-53,-77,-5,-4,-2,100388,2450,7372,517,0xf,False,0x0
1783145855.935,339,339,72257,3,1,7489,30,18,-70,-2,3,4,100411,2451,7372,480,0xf,False,0x0
1783145856.139,340,340,72461,3,1,7358,26,-1,-103,0,-3,0,100429,2452,7372,513,0xf,False,0x0
1783145856.382,341,341,72704,3,1,7150,31,-7,-85,-3,-5,3,100450,2453,7371,509,0xf,False,0x0
1783145856.595,342,342,72917,3,1,6989,14,0,-115,3,-4,4,100470,2454,7371,491,0xf,False,0x0
1783145856.850,343,343,73172,3,1,6794,-14,-49,-139,-5,4,-3,100494,2455,7371,496,0xf,False,0x0
1783145857.052,344,344,73374,3,1,6633,-10,31,-76,1,1,-1,100513,2456,7371,495,0xf,False,0x0
1783145857.288,345,345,73610,3,1,6480,38,-17,-78,-4,-1,0,100536,2457,7371,503,0xf,False,0x0
1783145857.488,346,346,73810,3,1,6296,-1,-57,-135,-2,3,-4,100556,2459,7371,497,0xf,False,0x0
1783145857.745,347,347,74067,3,1,6067,29,-44,-61,1,4,-5,100582,2460,7371,488,0xf,False,0x0
1783145857.945,348,348,74267,3,1,5903,11,19,-58,-4,1,3,100603,2461,7371,481,0xf,False,0x0
1783145858.162,349,349,74484,3,1,5727,47,49,-89,-3,1,1,100627,2462,7371,504,0xf,False,0x0
1783145858.363,350,350,74684,3,1,5525,12,-17,-107,-2,3,-5,100649,2464,7371,491,0xf,False,0x0
1783145858.833,352,352,75155,3,1,5086,1,-4,-68,-2,1,1,100703,2466,7370,505,0xf,False,0x0
1783145859.085,353,353,75407,3,1,4855,47,2,-154,-2,0,-3,100734,2468,7370,512,0xf,False,0x0
1783145859.286,354,354,75608,3,1,4636,-59,-10,-58,1,-4,-4,100760,2469,7370,490,0xf,False,0x0
1783145859.542,355,355,75864,3,1,4328,-35,-27,-98,2,-4,2,100794,2471,7370,505,0xf,False,0x0
1783145859.745,356,356,76067,3,1,4118,4,19,1001,1,5,-2,100822,2473,7370,495,0xf,False,0x0
1783145860.063,357,357,76385,3,1,3714,13,46,1009,4,2,3,100870,2475,7370,520,0xf,False,0x0
1783145860.263,358,358,76585,3,1,3464,-54,39,1074,2,1,1,100902,2477,7370,482,0xf,False,0x0
1783145860.554,359,359,76876,3,1,3038,-16,52,926,-2,-5,0,100952,2480,7370,483,0xf,False,0x0
1783145860.755,360,360,77077,3,1,2747,5,16,1104,-5,-5,1,100990,2482,7370,515,0xf,False,0x0
1783145860.997,361,361,77319,3,1,2326,-11,14,1058,3,3,-4,101042,2484,7370,509,0xf,False,0x0
1783145861.198,362,362,77519,3,1,1928,-43,44,937,4,-3,2,101091,2487,7369,507,0xf,False,0x0
1783145861.455,363,363,77777,3,1,1268,20,27,1081,-4,2,-1,101172,2491,7369,502,0xf,False,0x0
1783145861.660,364,364,77982,3,1,297,-39,59,912,-5,-2,-3,101287,2498,7369,507,0xf,False,0x0
1783145861.861,365,365,78183,4,1,6,-43,38,1018,-5,-5,-3,101325,2500,7369,519,0xf,False,0x0
1783145862.077,366,366,78399,4,1,-19,47,-6,1006,-5,3,1,101325,2500,7369,504,0xf,False,0x0
1783145862.278,367,367,78600,4,1,0,59,-58,958,-3,-5,3,101325,2500,7369,506,0xf,False,0x0
1783145862.493,368,368,78815,4,1,10,-46,-33,970,-1,3,-4,101325,2500,7369,481,0xf,False,0x0
1783145862.694,369,369,79015,4,1,-17,-52,-7,1121,4,-3,1,101325,2500,7369,520,0xf,False,0x0
1783145862.894,370,370,79216,4,1,5,-41,-44,1017,5,2,-5,101325,2500,7369,482,0xf,False,0x0
1783145863.095,371,371,79417,4,1,9,-33,-54,974,-2,-3,-2,101325,2500,7369,499,0xf,False,0x0
1783145863.295,372,372,79617,4,1,-13,-34,30,1122,-3,-3,5,101325,2500,7369,482,0xf,False,0x0
1783145863.495,373,373,79817,4,1,-12,32,23,898,3,4,-3,101325,2500,7369,480,0xf,False,0x0
1783145863.698,374,374,80020,4,1,-7,-37,30,962,2,-2,4,101325,2500,7368,511,0xf,False,0x0
1783145863.899,375,375,80221,4,1,0,0,26,892,1,3,5,101325,2500,7368,516,0xf,False,0x0
1783145864.319,377,377,80640,4,1,-15,-3,27,1074,-4,1,-4,101325,2500,7368,513,0xf,False,0x0
1783145864.584,378,378,80906,4,1,-20,42,42,947,-1,3,2,101325,2500,7368,481,0xf,False,0x0
1783145864.784,379,379,81106,4,1,-11,-49,50,1049,-3,0,2,101325,2500,7368,500,0xf,False,0x0
1783145865.007,380,380,81328,4,1,-14,13,8,992,3,4,2,101325,2500,7368,487,0xf,False,0x0
1783145865.207,381,381,81529,4,1,-9,-52,51,909,1,-1,1,101325,2500,7368,489,0xf,False,0x0
1783145865.447,382,382,81768,4,1,15,8,-7,917,-2,-2,4,101325,2500,7368,507,0xf,False,0x0
1783145865.648,383,383,81969,4,1,-10,58,42,938,4,4,0,101325,2500,7368,493,0xf,False,0x0
1783145865.899,384,384,82221,4,1,12,-58,42,1054,0,-2,-5,101325,2500,7368,492,0xf,False,0x0
1783145866.100,385,385,82421,4,1,10,-30,-54,1097,0,4,2,101325,2500,7368,485,0xf,False,0x0
1783145866.300,386,386,82622,4,1,-4,25,-42,972,1,-2,-3,101325,2500,7367,485,0xf,False,0x0
1783145866.506,387,387,82828,4,1,-6,20,-46,963,-4,-2,-1,101325,2500,7367,515,0xf,False,0x0
1783145866.706,388,388,83028,4,1,9,-25,22,913,5,0,5,101325,2500,7367,514,0xf,False,0x0
1783145866.929,389,389,83251,4,1,-15,10,38,913,5,-1,2,101325,2500,7367,511,0xf,False,0x0
1783145867.130,390,390,83451,4,1,6,-21,-57,1153,3,-5,3,101325,2500,7367,483,0xf,False,0x0
1783145867.391,391,391,83713,4,1,20,43,-3,1094,-5,-2,-1,101325,2500,7367,495,0xf,False,0x0
1783145867.591,392,392,83913,4,1,-12,53,56,973,-3,5,1,101325,2500,7367,515,0xf,False,0x0
1783145867.799,393,393,84121,4,1,0,-25,41,1054,5,3,-3,101325,2500,7367,503,0xf,False,0x0
1783145867.999,394,394,84321,4,1,-7,56,-47,925,-1,-1,3,101325,2500,7367,485,0xf,False,0x0
1783145868.211,395,395,84533,4,1,-3,33,7,953,4,-4,-4,101325,2500,7367,500,0xf,False,0x0
1783145868.411,396,396,84733,4,1,14,-47,-58,976,-5,-2,-1,101325,2500,7367,513,0xf,False,0x0
1783145868.659,397,397,84981,4,1,-6,-9,49,984,2,1,-2,101325,2500,7367,501,0xf,False,0x0
1783145868.862,398,398,85184,4,1,-16,-3,-14,1045,-4,2,-2,101325,2500,7366,485,0xf,False,0x0
1783145869.062,399,399,85384,4,1,7,58,56,1000,-2,0,-2,101325,2500,7366,506,0xf,False,0x0
1783145869.265,400,400,85587,4,1,5,-4,-54,1038,4,4,-5,101325,2500,7366,514,0xf,False,0x0
1783145869.465,401,401,85787,4,1,-10,57,-2,937,-4,3,3,101325,2500,7366,505,0xf,False,0x0
1783145869.678,402,402,86000,4,1,15,-58,-36,981,-4,-2,-5,101325,2500,7366,501,0xf,False,0x0
1783145869.879,403,403,86201,4,1,-3,16,25,901,5,3,-5,101325,2500,7366,481,0xf,False,0x0
1783145870.082,404,404,86404,4,1,-16,-51,28,963,4,5,-5,101325,2500,7366,491,0xf,False,0x0
1783145870.283,405,405,86605,4,1,-5,2,20,1055,5,4,3,101325,2500,7366,516,0xf,False,0x0
1783145870.486,406,406,86808,4,1,14,-14,-30,926,-4,1,5,101325,2500,7366,482,0xf,False,0x0
1783145870.686,407,407,87008,4,1,9,-22,46,1130,-4,3,5,101325,2500,7366,509,0xf,False,0x0
1783145870.952,408,408,87274,4,1,16,25,-36,982,5,-1,0,101325,2500,7366,489,0xf,False,0x0
1783145871.153,409,409,87474,4,1,-4,-16,59,1095,-2,-3,-2,101325,2500,7366,480,0xf,False,0x0
1783145871.402,410,410,87724,4,1,9,4,-20,961,-1,-1,-4,101325,2500,7365,513,0xf,False,0x0
1783145871.602,411,411,87924,4,1,6,25,-47,1137,-2,4,5,101325,2500,7365,501,0xf,False,0x0
1783145871.898,412,412,88220,4,1,-4,54,46,951,-5,-5,4,101325,2500,7365,495,0xf,False,0x0
1783145872.099,413,413,88421,4,1,12,-3,-23,1076,3,-2,-5,101325,2500,7365,518,0xf,False,0x0
1783145872.334,414,414,88656,4,1,9,48,-25,1007,-5,3,-5,101325,2500,7365,512,0xf,False,0x0
1783145872.535,415,415,88856,4,1,3,38,-6,1076,-1,1,1,101325,2500,7365,499,0xf,False,0x0
1783145872.774,416,416,89096,4,1,-11,-40,22,1048,5,-5,-1,101325,2500,7365,482,0xf,False,0x0
1783145872.974,417,417,89296,4,1,-16,-22,27,924,2,-1,-2,101325,2500,7365,499,0xf,False,0x0
1783145873.227,418,418,89549,4,1,6,23,-25,1065,0,4,4,101325,2500,7365,504,0xf,False,0x0
1783145873.428,419,419,89750,4,1,-16,-28,12,887,-3,-5,-1,101325,2500,7365,514,0xf,False,0x0
1783145873.690,420,420,90012,4,1,8,60,4,1016,-4,-4,-1,101325,2500,7364,493,0xf,False,0x0
1783145873.890,421,421,90212,4,1,-19,41,-11,952,-2,-3,1,101325,2500,7364,481,0xf,False,0x0
1783145874.167,422,422,90489,4,1,15,-60,12,1024,-1,-3,-3,101325,2500,7364,493,0xf,False,0x0
1783145874.368,423,423,90689,4,1,8,-20,14,1105,1,1,0,101325,2500,7364,514,0xf,False,0x0
1783145874.609,424,424,90931,4,1,0,-17,6,1022,5,5,2,101325,2500,7364,485,0xf,False,0x0
1783145875.012,426,426,91333,4,1,2,-2,1,985,4,-3,-5,101325,2500,7364,514,0xf,False,0x0
1783145875.269,427,427,91591,4,1,8,12,-49,1014,3,-3,-4,101325,2500,7364,507,0xf,False,0x0
1783145875.470,428,428,91792,4,1,-1,44,43,1113,1,1,4,101325,2500,7364,506,0xf,False,0x0
1783145875.670,429,429,91992,4,1,6,28,-35,975,2,3,4,101325,2500,7364,494,0xf,False,0x0
1783145875.871,430,430,92192,4,1,-14,-21,11,1128,5,0,5,101325,2500,7364,508,0xf,False,0x0
1783145876.074,431,431,92396,4,1,-7,-23,18,1104,-5,-3,1,101325,2500,7364,511,0xf,False,0x0
1783145876.275,432,432,92597,4,1,19,-59,-59,958,-4,-5,-3,101325,2500,7363,480,0xf,False,0x0
1783145876.516,433,433,92838,4,1,3,-12,9,1091,-4,4,2,101325,2500,7363,486,0xf,False,0x0
1783145876.717,434,434,93039,4,1,-1,-48,-22,916,-2,1,-4,101325,2500,7363,508,0xf,False,0x0
1783145876.931,435,435,93253,4,1,13,28,-12,1071,-4,2,3,101325,2500,7363,498,0xf,False,0x0
1783145877.132,436,436,93454,4,1,20,26,-25,1011,3,1,-5,101325,2500,7363,517,0xf,False,0x0
1783145877.379,437,437,93701,4,1,13,44,30,1088,-2,-3,4,101325,2500,7363,503,0xf,False,0x0
1783145877.580,438,438,93902,4,1,20,-47,-15,902,3,-3,0,101325,2500,7363,494,0xf,False,0x0
1783145877.793,439,439,94114,4,1,5,-24,-14,1048,-2,4,0,101325,2500,7363,510,0xf,False,0x0
1783145877.994,440,440,94315,4,1,-7,-53,-34,1008,-5,-1,-5,101325,2500,7363,482,0xf,False,0x0
1783145878.240,441,441,94562,4,1,12,16,-38,979,-2,0,5,101325,2500,7363,488,0xf,False,0x0
1783145878.441,442,442,94762,4,1,-20,5,-57,1055,1,0,1,101325,2500,7363,491,0xf,False,0x0
1783145878.693,443,443,95015,4,1,-11,-26,-39,1103,5,-4,1,101325,2500,7362,514,0xf,False,0x0
1783145878.893,444,444,95215,4,1,1,-47,-28,908,1,-5,-3,101325,2500,7362,518,0xf,False,0x0
1783145879.122,445,445,95444,4,1,0,-13,20,964,1,1,5,101325,2500,7362,482,0xf,False,0x0
1783145879.325,446,446,95647,4,1,-16,13,-30,852,4,-2,0,101325,2500,7362,498,0xf,False,0x0
1783145879.526,447,447,95847,4,1,-6,-54,26,1073,-3,-1,-5,101325,2500,7362,485,0xf,False,0x0
1783145879.727,448,448,96049,4,1,20,36,-5,958,4,-5,-1,101325,2500,7362,519,0xf,False,0x0
1783145879.928,449,449,96249,4,1,19,-54,2,1022,-5,-2,-1,101325,2500,7362,518,0xf,False,0x0
1783145880.130,450,450,96452,4,1,13,29,25,1000,3,0,5,101325,2500,7362,501,0xf,False,0x0
1783145880.331,451,451,96653,4,1,-10,-38,45,879,-5,2,2,101325,2500,7362,505,0xf,False,0x0
1783145880.546,452,452,96867,4,1,20,18,-10,904,5,1,2,101325,2500,7362,493,0xf,False,0x0
1783145880.765,453,453,97087,4,1,12,-20,-33,951,4,2,-5,101325,2500,7362,508,0xf,False,0x0
1783145880.966,454,454,97288,4,1,-10,-37,-48,1000,-2,2,-2,101325,2500,7362,512,0xf,False,0x0
1783145881.167,455,455,97489,4,1,13,-39,-47,1032,2,-4,3,101325,2500,7362,482,0xf,False,0x0
1783145881.368,456,456,97690,4,1,14,-11,-35,1066,-3,-4,-4,101325,2500,7361,486,0xf,False,0x0
1783145881.570,457,457,97891,4,1,-8,54,42,950,0,-3,0,101325,2500,7361,499,0xf,False,0x0
1783145881.770,458,458,98092,4,1,-8,-8,32,911,-5,0,-2,101325,2500,7361,499,0xf,False,0x0
1783145881.971,459,459,98292,4,1,3,48,15,1044,-1,-1,-4,101325,2500,7361,520,0xf,False,0x0
1783145882.171,460,460,98493,4,1,20,27,1,938,4,5,2,101325,2500,7361,493,0xf,False,0x0
1783145882.613,462,462,98935,4,1,0,-21,-42,1086,-4,-2,1,101325,2500,7361,504,0xf,False,0x0
1783145882.814,463,463,99136,4,1,1,-13,53,1057,-3,-4,-4,101325,2500,7361,511,0xf,False,0x0
1783145883.015,464,464,99336,4,1,-15,-40,44,1142,4,-1,4,101325,2500,7361,499,0xf,False,0x0
1783145883.215,465,465,99537,4,1,-13,3,20,1069,-3,-5,0,101325,2500,7361,491,0xf,False,0x0
1783145883.416,466,466,99738,4,1,19,56,1,1039,-4,5,1,101325,2500,7361,509,0xf,False,0x0
1783145883.619,467,467,99941,4,1,20,10,-27,855,-1,-2,1,101325,2500,7361,515,0xf,False,0x0
1783145883.819,468,468,100141,4,1,-9,-44,-52,1105,1,-2,1,101325,2500,7360,486,0xf,False,0x0
1783145884.083,469,469,100404,4,1,-13,-14,5,1014,-2,0,-4,101325,2500,7360,493,0xf,False,0x0
1783145884.283,470,470,100605,4,1,13,-20,48,1001,5,-1,1,101325,2500,7360,515,0xf,False,0x0
1783145884.494,471,471,100816,4,1,-5,8,-36,1081,-1,-4,-3,101325,2500,7360,516,0xf,False,0x0
1783145884.734,472,472,101056,4,1,19,-4,24,1015,1,-5,2,101325,2500,7360,491,0xf,False,0x0
1783145884.944,473,473,101266,4,1,6,31,21,1096,-2,3,0,101325,2500,7360,520,0xf,False,0x0
1783145885.145,474,474,101467,4,1,-9,34,-33,949,-1,3,5,101325,2500,7360,491,0xf,False,0x0
1783145885.351,475,475,101672,4,1,18,-56,7,975,1,0,0,101325,2500,7360,511,0xf,False,0x0
1783145885.552,476,476,101874,4,1,-20,-15,-43,1118,5,3,5,101325,2500,7360,498,0xf,False,0x0
1783145885.783,477,477,102105,4,1,11,-57,-59,1037,4,1,2,101325,2500,7360,505,0xf,False,0x0
1783145885.983,478,478,102305,4,1,-13,-9,-5,1000,5,-2,-4,101325,2500,7360,493,0xf,False,0x0
1783145886.185,479,479,102506,4,1,-14,14,15,1027,-3,0,2,101325,2500,7359,491,0xf,False,0x0
1783145886.385,480,480,102707,4,1,-7,21,15,1158,-1,5,-5,101325,2500,7359,480,0xf,False,0x0
1783145886.589,481,481,102911,4,1,18,56,60,995,5,3,4,101325,2500,7359,481,0xf,False,0x0
1783145886.790,482,482,103112,4,1,5,-23,-39,870,-2,4,-2,101325,2500,7359,495,0xf,False,0x0
1783145887.015,483,483,103337,4,1,-13,34,-56,979,-4,1,0,101325,2500,7359,510,0xf,False,0x0
1783145887.215,484,484,103537,4,1,19,44,38,924,-4,1,-2,101325,2500,7359,498,0xf,False,0x0
1783145887.433,485,485,103754,4,1,-8,-25,26,1127,-5,-3,-3,101325,2500,7359,503,0xf,False,0x0
1783145887.633,486,486,103955,4,1,-12,34,56,1006,5,2,4,101325,2500,7359,483,0xf,False,0x0
1783145887.835,487,487,104156,4,1,12,-23,29,1112,-1,0,5,101325,2500,7359,489,0xf,False,0x0
1783145888.035,488,488,104357,4,1,9,-40,41,921,1,0,-3,101325,2500,7359,520,0xf,False,0x0
1783145888.236,489,489,104558,4,1,14,18,-35,1038,5,-3,0,101325,2500,7359,486,0xf,False,0x0
1783145888.449,490,490,104771,4,1,-14,-43,58,1003,-2,-2,-3,101325,2500,7359,504,0xf,False,0x0
1783145888.651,491,491,104973,4,1,11,-12,30,1089,1,1,3,101325,2500,7359,506,0xf,False,0x0
1783145888.878,492,492,105199,4,1,-18,-60,4,918,-5,4,3,101325,2500,7358,515,0xf,False,0x0
1783145889.078,493,493,105400,4,1,-14,1,37,1059,-5,4,4,101325,2500,7358,492,0xf,False,0x0
1783145889.299,494,494,105621,4,1,10,-30,15,915,-3,1,4,101325,2500,7358,504,0xf,False,0x0
1783145889.501,495,495,105823,4,1,4,49,13,1071,3,-3,2,101325,2500,7358,506,0xf,False,0x0
1783145889.761,496,496,106083,4,1,-6,25,-11,888,-1,2,1,101325,2500,7358,489,0xf,False,0x0
1783145889.962,497,497,106283,4,1,-9,44,3,932,3,3,5,101325,2500,7358,492,0xf,False,0x0
1783145890.169,498,498,106491,4,1,13,45,-54,941,3,1,3,101325,2500,7358,485,0xf,False,0x0
1783145890.369,499,499,106691,4,1,-7,46,-59,1033,-2,2,-1,101325,2500,7358,503,0xf,False,0x0
1783145890.610,500,500,106931,4,1,-20,14,41,1051,-1,-3,-2,101325,2500,7358,493,0xf,False,0x0
1783145890.810,501,501,107132,4,1,9,60,14,928,-3,-2,-5,101325,2500,7358,510,0xf,False,0x0
1783145891.010,502,502,107332,4,1,-4,-8,15,1083,5,-2,1,101325,2500,7358,507,0xf,False,0x0
1783145891.211,503,503,107533,4,1,-18,20,-14,959,4,1,-4,101325,2500,7357,514,0xf,False,0x0
1783145891.413,504,504,107735,4,1,-4,-17,59,989,0,3,-1,101325,2500,7357,493,0xf,False,0x0
1783145891.614,505,505,107936,4,1,10,26,37,967,-3,4,-4,101325,2500,7357,519,0xf,False,0x0
1783145892.015,507,507,108337,4,1,-5,-20,-42,926,2,-2,-2,101325,2500,7357,513,0xf,False,0x0
1783145892.235,508,508,108556,4,1,-2,1,13,1070,-3,0,-1,101325,2500,7357,514,0xf,False,0x0
1783145892.435,509,509,108757,4,1,-11,-12,-19,1071,0,-5,0,101325,2500,7357,502,0xf,False,0x0
1783145892.640,510,510,108962,4,1,-16,13,-16,1100,-2,-2,-4,101325,2500,7357,486,0xf,False,0x0
1783145892.841,511,511,109162,4,1,-14,32,-58,975,2,2,1,101325,2500,7357,515,0xf,False,0x0
1783145893.108,512,512,109430,4,1,-1,45,-22,919,-2,2,2,101325,2500,7357,488,0xf,False,0x0
1783145893.321,513,513,109643,4,1,13,36,2,920,2,-4,-1,101325,2500,7357,515,0xf,False,0x0
1783145893.521,514,514,109843,4,1,-2,5,-38,1051,3,3,-4,101325,2500,7357,483,0xf,False,0x0
1783145893.725,515,515,110046,4,1,-12,-36,38,1122,1,0,-5,101325,2500,7356,489,0xf,False,0x0
1783145893.925,516,516,110247,4,1,17,29,16,1085,-2,0,1,101325,2500,7356,514,0xf,False,0x0
1783145894.151,517,517,110473,4,1,1,-60,-9,1158,0,4,-3,101325,2500,7356,488,0xf,False,0x0
1783145894.352,518,518,110674,4,1,-5,-4,-3,1058,-4,-4,4,101325,2500,7356,504,0xf,False,0x0
1783145894.594,519,519,110915,4,1,-20,58,-47,1059,1,5,1,101325,2500,7356,516,0xf,False,0x0
1783145894.794,520,520,111116,4,1,-18,1,-5,930,5,2,-2,101325,2500,7356,509,0xf,False,0x0
1783145895.047,521,521,111369,4,1,12,-39,6,1081,-3,5,-3,101325,2500,7356,488,0xf,False,0x0
1783145895.249,522,522,111571,4,1,17,21,-55,1084,-4,-5,5,101325,2500,7356,509,0xf,False,0x0
1783145895.451,523,523,111773,4,1,-5,59,-60,1009,3,-5,0,101325,2500,7356,483,0xf,False,0x0
1783145895.669,524,524,111990,4,1,0,-16,-10,1105,-1,-1,2,101325,2500,7356,480,0xf,False,0x0
1783145895.869,525,525,112191,4,1,2,36,14,1071,-2,5,2,101325,2500,7356,481,0xf,False,0x0
1783145896.070,526,526,112392,4,1,-5,-27,32,1113,1,5,2,101325,2500,7356,505,0xf,False,0x0
1783145896.271,527,527,112592,4,1,-19,-44,21,1076,-4,-4,1,101325,2500,7355,480,0xf,False,0x0
1783145896.475,528,528,112797,4,1,20,-20,-54,905,5,5,4,101325,2500,7355,480,0xf,False,0x0
1783145896.675,529,529,112997,4,1,4,-35,-19,1093,1,-4,-1,101325,2500,7355,495,0xf,False,0x0
1783145896.936,530,530,113257,4,1,-19,-35,32,938,2,4,0,101325,2500,7355,488,0xf,False,0x0
1783145897.136,531,531,113458,4,1,7,-30,-30,1064,-1,0,1,101325,2500,7355,486,0xf,False,0x0
1783145897.366,532,532,113688,4,1,14,-13,11,958,-2,4,-2,101325,2500,7355,487,0xf,False,0x0
1783145897.567,533,533,113889,4,1,10,-31,-44,889,5,4,-4,101325,2500,7355,482,0xf,False,0x0
1783145897.804,534,534,114126,4,1,11,59,-33,981,0,-5,5,101325,2500,7355,515,0xf,False,0x0
1783145898.005,535,535,114326,4,1,-16,24,23,967,1,-2,1,101325,2500,7355,497,0xf,False,0x0
1783145898.249,536,536,114571,4,1,-1,48,40,890,1,-5,-2,101325,2500,7355,483,0xf,False,0x0
1783145898.449,537,537,114771,4,1,-11,16,38,1077,2,4,-5,101325,2500,7355,490,0xf,False,0x0
1783145898.691,538,538,115012,4,1,-1,-25,-3,944,3,2,-3,101325,2500,7354,499,0xf,False,0x0
1783145898.891,539,539,115213,4,1,5,-13,-57,1036,-1,0,3,101325,2500,7354,493,0xf,False,0x0
1783145899.141,540,540,115462,4,1,4,57,-1,1049,4,0,-5,101325,2500,7354,496,0xf,False,0x0
1783145899.341,541,541,115663,4,1,12,-16,-41,1084,-4,-3,3,101325,2500,7354,512,0xf,False,0x0
1783145899.593,542,542,115915,4,1,-10,-10,8,937,1,2,3,101325,2500,7354,485,0xf,False,0x0
1783145899.794,543,543,116116,4,1,9,18,-12,1018,2,-5,2,101325,2500,7354,498,0xf,False,0x0
1783145900.035,544,544,116357,4,1,17,-12,-27,1039,3,-2,1,101325,2500,7354,509,0xf,False,0x0
1783145900.236,545,545,116558,4,1,15,35,29,1025,-4,-2,-4,101325,2500,7354,493,0xf,False,0x0
1783145900.521,546,546,116842,4,1,-9,-4,14,1007,-5,4,0,101325,2500,7354,511,0xf,False,0x0
1783145900.721,547,547,117043,4,1,14,14,-14,1068,-5,-3,0,101325,2500,7354,515,0xf,False,0x0
1783145900.956,548,548,117278,4,1,3,-42,-2,963,0,-4,2,101325,2500,7354,519,0xf,False,0x0
1783145901.156,549,549,117478,4,1,-18,-14,-30,1140,0,3,0,101325,2500,7354,486,0xf,False,0x0
1783145901.396,550,550,117718,4,1,16,0,60,902,-1,-1,-3,101325,2500,7353,512,0xf,False,0x0
1783145901.596,551,551,117918,4,1,1,14,-12,939,-4,2,5,101325,2500,7353,493,0xf,False,0x0
1783145901.822,552,552,118144,4,1,10,-1,14,976,5,-5,0,101325,2500,7353,515,0xf,False,0x0
1783145902.023,553,553,118345,4,1,11,16,-55,1127,5,-3,0,101325,2500,7353,481,0xf,False,0x0
1783145902.303,554,554,118625,4,1,5,-4,13,1006,1,0,-4,101325,2500,7353,500,0xf,False,0x0
1783145902.504,555,555,118826,4,1,9,-39,-47,1102,2,-1,5,101325,2500,7353,520,0xf,False,0x0
1783145902.704,556,556,119026,4,1,5,52,39,983,4,-5,2,101325,2500,7353,507,0xf,False,0x0
1783145902.987,557,557,119309,4,1,14,-27,-10,1029,5,1,5,101325,2500,7353,482,0xf,False,0x0
1783145903.187,558,558,119509,4,1,-8,-49,-20,950,4,1,-3,101325,2500,7353,489,0xf,False,0x0
1783145903.414,559,559,119735,4,1,19,49,28,1034,5,2,2,101325,2500,7353,505,0xf,False,0x0
1783145903.614,560,560,119936,4,1,15,-42,-45,887,-3,3,0,101325,2500,7353,503,0xf,False,0x0
1783145903.897,561,561,120219,4,1,-11,-42,31,1156,0,-2,-4,101325,2500,7352,515,0xf,False,0x0
1783145904.098,562,562,120419,4,1,-1,-19,-28,1031,2,5,-5,101325,2500,7352,511,0xf,False,0x0
1783145904.357,563,563,120679,4,1,-12,-37,-11,1029,3,-2,4,101325,2500,7352,501,0xf,False,0x0
1783145904.558,564,564,120880,4,1,19,53,-57,1014,-4,4,-3,101325,2500,7352,481,0xf,False,0x0
1783145904.848,565,565,121170,4,1,-14,46,9,891,4,3,3,101325,2500,7352,480,0xf,False,0x0
1783145905.282,567,567,121604,4,1,19,48,22,1123,0,5,1,101325,2500,7352,516,0xf,False,0x0
1783145905.482,568,568,121804,4,1,-2,52,-33,992,3,1,4,101325,2500,7352,508,0xf,False,0x0
1783145905.700,569,569,122022,4,1,-17,10,-2,1096,4,3,-5,101325,2500,7352,500,0xf,False,0x0
1783145905.902,570,570,122224,4,1,-13,-5,7,996,-2,2,4,101325,2500,7352,517,0xf,False,0x0
1783145906.141,571,571,122463,4,1,14,13,32,1049,-5,5,-4,101325,2500,7352,494,0xf,False,0x0
1783145906.342,572,572,122664,4,1,13,5,37,1012,-2,-5,5,101325,2500,7351,505,0xf,False,0x0
1783145906.577,573,573,122899,4,1,20,44,39,1052,-1,-2,-2,101325,2500,7351,516,0xf,False,0x0
1783145906.777,574,574,123099,4,1,-8,0,47,957,-4,-5,5,101325,2500,7351,497,0xf,False,0x0
1783145907.044,575,575,123366,4,1,20,-32,-5,994,5,-4,5,101325,2500,7351,504,0xf,False,0x0
1783145907.244,576,576,123566,4,1,12,-5,59,1089,1,-1,1,101325,2500,7351,510,0xf,False,0x0
1783145907.509,577,577,123831,4,1,6,59,54,1132,5,2,4,101325,2500,7351,515,0xf,False,0x0
1783145907.709,578,578,124031,4,1,10,-30,-34,1091,5,0,-4,101325,2500,7351,492,0xf,False,0x0
1783145907.950,579,579,124272,4,1,-3,-3,22,1105,1,5,-1,101325,2500,7351,483,0xf,False,0x0
1783145908.151,580,580,124472,4,1,-18,-60,-54,1041,-5,2,1,101325,2500,7351,500,0xf,False,0x0
1783145908.493,581,581,124814,4,1,4,-42,26,1108,2,0,-4,101325,2500,7351,508,0xf,False,0x0
1783145908.703,582,582,125025,4,1,-1,49,58,872,1,3,-1,101325,2500,7350,520,0xf,False,0x0
1783145908.903,583,583,125225,4,1,-3,-10,-14,979,-5,4,2,101325,2500,7350,512,0xf,False,0x0
1783145909.104,584,584,125426,4,1,-13,31,-6,1087,5,2,-1,101325,2500,7350,492,0xf,False,0x0
1783145909.304,585,585,125626,4,1,4,32,30,1051,-5,2,2,101325,2500,7350,495,0xf,False,0x0
1783145909.531,586,586,125853,4,1,3,-55,-7,836,-1,-2,-3,101325,2500,7350,493,0xf,False,0x0
1783145909.733,587,587,126055,4,1,-8,37,-18,1091,-2,-4,3,101325,2500,7350,519,0xf,False,0x0
1783145909.934,588,588,126256,4,1,-16,-16,-27,982,-2,5,4,101325,2500,7350,505,0xf,False,0x0
1783145910.148,589,589,126470,4,1,-14,17,-23,1021,-1,-2,-1,101325,2500,7350,488,0xf,False,0x0
1783145910.348,590,590,126670,4,1,1,25,-19,1152,-3,1,3,101325,2500,7350,518,0xf,False,0x0
1783145910.571,591,591,126893,4,1,12,54,29,910,3,4,-1,101325,2500,7350,512,0xf,False,0x0
1783145910.772,592,592,127093,4,1,7,31,-47,958,4,5,-1,101325,2500,7350,494,0xf,False,0x0
1783145910.978,593,593,127300,4,1,-13,-44,-56,1068,3,5,4,101325,2500,7350,520,0xf,False,0x0
1783145911.178,594,594,127500,4,1,18,-52,53,924,5,4,3,101325,2500,7349,520,0xf,False,0x0
1783145911.404,595,595,127726,4,1,-12,54,42,1037,1,-3,3,101325,2500,7349,490,0xf,False,0x0
1783145911.605,596,596,127927,4,1,-10,-8,-21,917,-1,-5,-4,101325,2500,7349,514,0xf,False,0x0
1783145911.829,597,597,128151,4,1,-3,-44,49,978,-3,0,-5,101325,2500,7349,518,0xf,False,0x0
1783145912.029,598,598,128351,4,1,8,1,-16,1091,-2,2,0,101325,2500,7349,500,0xf,False,0x0
1783145912.262,599,599,128584,4,1,7,30,-60,1005,-3,-2,-1,101325,2500,7349,485,0xf,False,0x0
1783145912.462,600,600,128784,4,1,-3,-29,44,966,-2,-4,1,101325,2500,7349,486,0xf,False,0x0
1783145912.719,601,601,129040,4,1,10,30,-25,932,-1,-2,2,101325,2500,7349,513,0xf,False,0x0
1783145912.919,602,602,129241,4,1,19,48,48,1011,2,-5,0,101325,2500,7349,480,0xf,False,0x0
1783145913.158,603,603,129480,4,1,7,-17,5,975,3,2,2,101325,2500,7349,511,0xf,False,0x0
1783145913.359,604,604,129680,4,1,-11,5,36,1099,1,-3,-1,101325,2500,7349,518,0xf,False,0x0
1783145913.623,605,605,129945,4,1,20,-37,44,1134,-1,3,-5,101325,2500,7349,485,0xf,False,0x0
1783145913.824,606,606,130146,4,1,4,49,54,984,3,4,-5,101325,2500,7348,515,0xf,False,0x0
1783145914.074,607,607,130396,4,1,17,48,4,1019,-4,1,-3,101325,2500,7348,514,0xf,False,0x0
1783145914.275,608,608,130596,4,1,20,-7,-44,939,5,3,-2,101325,2500,7348,504,0xf,False,0x0
1783145914.507,609,609,130828,4,1,12,-51,54,942,2,-5,-4,101325,2500,7348,492,0xf,False,0x0
1783145914.707,610,610,131029,4,1,13,-33,-4,1120,3,2,-5,101325,2500,7348,488,0xf,False,0x0
1783145914.932,611,611,131254,4,1,-10,-10,-24,1021,-4,0,1,101325,2500,7348,486,0xf,False,0x0
1783145915.132,612,612,131454,4,1,-1,12,42,1098,0,1,-1,101325,2500,7348,519,0xf,False,0x0
1783145915.584,614,614,131906,4,1,-1,57,-21,1052,-5,1,4,101325,2500,7348,518,0xf,False,0x0
1783145915.837,615,615,132158,4,1,1,53,48,953,-2,-1,4,101325,2500,7348,506,0xf,False,0x0
1783145916.037,616,616,132359,4,1,-11,-1,46,1073,4,-1,5,101325,2500,7348,500,0xf,False,0x0
1783145916.262,617,617,132584,4,1,17,7,52,1019,-5,-2,-4,101325,2500,7347,486,0xf,False,0x0
1783145916.463,618,618,132785,4,1,-16,-54,-41,1027,4,1,0,101325,2500,7347,506,0xf,False,0x0
1783145916.886,620,620,133207,4,1,3,-7,13,997,-4,2,-3,101325,2500,7347,487,0xf,False,0x0
1783145917.110,621,621,133431,4,1,11,44,-31,959,-1,-2,-5,101325,2500,7347,512,0xf,False,0x0
1783145917.310,622,622,133632,4,1,3,9,54,1038,-2,-5,-4,101325,2500,7347,488,0xf,False,0x0
1783145917.533,623,623,133855,4,1,14,-28,3,894,-2,-3,-5,101325,2500,7347,518,0xf,False,0x0
1783145917.734,624,624,134055,4,1,-19,16,56,1021,-1,4,0,101325,2500,7347,514,0xf,False,0x0
1783145917.966,625,625,134288,4,1,11,-34,-34,1103,4,1,3,101325,2500,7347,514,0xf,False,0x0
1783145918.166,626,626,134488,4,1,9,-54,56,900,5,1,2,101325,2500,7347,498,0xf,False,0x0
1783145918.418,627,627,134740,4,1,1,-39,8,1016,5,4,-4,101325,2500,7347,520,0xf,False,0x0
1783145918.618,628,628,134940,4,1,-13,-19,34,930,3,-1,-2,101325,2500,7347,512,0xf,False,0x0
1783145918.861,629,629,135182,4,1,18,-11,-50,997,4,2,3,101325,2500,7346,515,0xf,False,0x0
1783145919.062,630,630,135383,4,1,-17,-59,9,1109,3,1,-5,101325,2500,7346,497,0xf,False,0x0
1783145919.297,631,631,135619,4,1,6,-31,48,1138,5,-1,-5,101325,2500,7346,519,0xf,False,0x0
1783145919.503,632,632,135825,4,1,-15,10,2,1107,1,-1,-3,101325,2500,7346,517,0xf,False,0x0
1783145919.904,634,634,136226,4,1,-9,-47,53,1097,-3,-5,4,101325,2500,7346,496,0xf,False,0x0
1783145920.104,635,635,136426,4,1,-18,10,50,1060,5,3,-5,101325,2500,7346,481,0xf,False,0x0
1783145920.311,636,636,136633,4,1,15,38,30,949,3,4,0,101325,2500,7346,518,0xf,False,0x0
1783145920.514,637,637,136835,4,1,-13,-34,-36,848,5,-3,1,101325,2500,7346,516,0xf,False,0x0
1783145920.716,638,638,137037,4,1,-1,-59,-45,990,-4,4,0,101325,2500,7346,508,0xf,False,0x0
1783145920.916,639,639,137238,4,1,-6,44,16,1069,3,1,4,101325,2500,7346,520,0xf,False,0x0
1783145921.117,640,640,137439,4,1,-15,-43,-35,861,-5,0,-4,101325,2500,7346,511,0xf,False,0x0
1783145921.518,642,642,137840,4,1,-10,8,37,1049,3,-4,-4,101325,2500,7345,496,0xf,False,0x0
1783145921.719,643,643,138040,4,1,1,-7,-15,1022,3,4,4,101325,2500,7345,511,0xf,False,0x0
1783145921.947,644,644,138269,4,1,16,37,11,999,-1,2,-5,101325,2500,7345,512,0xf,False,0x0
1783145922.147,645,645,138469,4,1,3,-22,21,917,5,-4,-1,101325,2500,7345,498,0xf,False,0x0
1783145922.385,646,646,138707,4,1,-1,55,1,906,0,2,-3,101325,2500,7345,489,0xf,False,0x0
1783145922.586,647,647,138908,4,1,-17,51,-45,969,5,4,-4,101325,2500,7345,511,0xf,False,0x0
1783145922.839,648,648,139160,4,1,-10,46,5,933,1,-5,3,101325,2500,7345,496,0xf,False,0x0
1783145923.039,649,649,139361,4,1,20,-41,12,1030,-2,2,-1,101325,2500,7345,496,0xf,False,0x0
1783145923.268,650,650,139590,4,1,19,23,39,991,1,4,-1,101325,2500,7345,495,0xf,False,0x0
1783145923.469,651,651,139791,4,1,13,29,-20,885,3,4,4,101325,2500,7345,507,0xf,False,0x0
1783145923.704,652,652,140025,4,1,-5,-7,36,1042,4,-5,-3,101325,2500,7344,508,0xf,False,0x0
1783145924.157,654,654,140479,4,1,-7,-30,-46,1076,1,1,4,101325,2500,7344,491,0xf,False,0x0
1783145924.358,655,655,140680,4,1,3,13,-42,1086,-3,-2,-3,101325,2500,7344,504,0xf,False,0x0
1783145924.558,656,656,140880,4,1,-17,29,4,1001,1,-1,2,101325,2500,7344,480,0xf,False,0x0
1783145924.766,657,657,141088,4,1,3,-12,-11,928,0,2,5,101325,2500,7344,504,0xf,False,0x0
1783145924.967,658,658,141289,4,1,-11,42,-36,928,5,1,5,101325,2500,7344,516,0xf,False,0x0
1783145925.171,659,659,141493,4,1,9,-54,47,894,-2,0,-2,101325,2500,7344,511,0xf,False,0x0
1783145925.371,660,660,141693,4,1,-1,34,19,932,-4,-2,4,101325,2500,7344,502,0xf,False,0x0
1783145925.578,661,661,141899,4,1,15,-14,-39,968,-4,2,-5,101325,2500,7344,513,0xf,False,0x0
1783145925.778,662,662,142100,4,1,-20,30,17,960,0,-2,0,101325,2500,7344,491,0xf,False,0x0
1783145925.994,663,663,142316,4,1,-18,2,-19,1059,-5,2,4,101325,2500,7344,497,0xf,False,0x0
1783145926.441,665,665,142763,4,1,7,36,-6,988,5,-2,2,101325,2500,7343,501,0xf,False,0x0
1783145926.642,666,666,142964,4,1,12,-29,-51,862,4,-4,5,101325,2500,7343,500,0xf,False,0x0
1783145926.874,667,667,143195,4,1,-19,-41,-52,944,-3,-2,0,101325,2500,7343,511,0xf,False,0x0
1783145927.074,668,668,143396,4,1,7,7,29,1128,-5,4,-1,101325,2500,7343,487,0xf,False,0x0
1783145927.315,669,669,143637,4,1,7,35,-60,1056,-4,-1,4,101325,2500,7343,490,0xf,False,0x0
1783145927.515,670,670,143837,4,1,-2,22,11,899,5,-4,-3,101325,2500,7343,480,0xf,False,0x0
1783145927.757,671,671,144079,4,1,5,26,-48,995,1,-4,-5,101325,2500,7343,491,0xf,False,0x0
1783145927.958,672,672,144280,4,1,-5,38,-44,1056,4,-4,-1,101325,2500,7343,501,0xf,False,0x0
1783145928.201,673,673,144523,4,1,-10,28,-32,1052,4,2,5,101325,2500,7343,507,0xf,False,0x0
1783145928.402,674,674,144723,4,1,15,41,32,936,-5,0,2,101325,2500,7343,511,0xf,False,0x0
1783145928.655,675,675,144977,4,1,15,58,30,966,-3,4,-4,101325,2500,7343,483,0xf,False,0x0
1783145928.855,676,676,145177,4,1,0,-48,14,926,1,-2,4,101325,2500,7342,510,0xf,False,0x0
1783145929.111,677,677,145433,4,1,12,57,14,1085,-3,4,-5,101325,2500,7342,509,0xf,False,0x0
1783145929.311,678,678,145633,4,1,-5,18,60,904,-3,-4,-2,101325,2500,7342,493,0xf,False,0x0
1783145929.550,679,679,145872,4,1,3,45,-51,1086,-2,-2,-5,101325,2500,7342,508,0xf,False,0x0
1783145929.816,680,680,146138,4,1,12,36,-27,1081,-4,2,4,101325,2500,7342,512,0xf,False,0x0
1783145930.017,681,681,146339,4,1,-5,38,-1,990,0,1,-5,101325,2500,7342,486,0xf,False,0x0
1783145930.227,682,682,146549,4,1,-18,55,60,1039,-3,-3,-3,101325,2500,7342,507,0xf,False,0x0
1783145930.427,683,683,146749,4,1,-17,49,35,997,-5,1,-1,101325,2500,7342,488,0xf,False,0x0
1783145930.629,684,684,146951,4,1,20,-55,14,1156,2,2,-5,101325,2500,7342,480,0xf,False,0x0
1783145930.830,685,685,147152,4,1,-14,-31,0,1070,3,-3,2,101325,2500,7342,484,0xf,False,0x0
1783145931.030,686,686,147352,4,1,0,-23,-51,1030,-1,3,-5,101325,2500,7342,495,0xf,False,0x0
1783145931.231,687,687,147553,4,1,-1,-17,-2,1061,-1,-1,-1,101325,2500,7341,502,0xf,False,0x0
1783145931.523,688,688,147844,4,1,0,56,-6,869,4,-4,-2,101325,2500,7341,515,0xf,False,0x0
1783145931.787,689,689,148108,4,1,2,-29,15,1094,3,-4,2,101325,2500,7341,514,0xf,False,0x0
1783145931.987,690,690,148309,4,1,-3,-43,60,1064,-1,-3,3,101325,2500,7341,490,0xf,False,0x0
1783145932.188,691,691,148510,4,1,7,-26,-26,940,2,1,2,101325,2500,7341,494,0xf,False,0x0
1783145932.389,692,692,148710,4,1,4,52,-41,1148,-2,0,5,101325,2500,7341,488,0xf,False,0x0
1783145932.590,693,693,148911,4,1,19,-34,-57,921,4,-2,0,101325,2500,7341,490,0xf,False,0x0
1783145932.823,694,694,149145,4,1,1,58,-40,973,-4,-4,0,101325,2500,7341,514,0xf,False,0x0
1783145933.024,695,695,149346,4,1,-5,16,-57,1032,1,-4,2,101325,2500,7341,487,0xf,False,0x0
1783145933.226,696,696,149548,4,1,-15,-47,-37,857,-4,3,-5,101325,2500,7341,519,0xf,False,0x0
1783145933.456,697,697,149778,4,1,14,-25,6,1031,-1,2,4,101325,2500,7341,510,0xf,False,0x0
1783145933.657,698,698,149978,4,1,-14,-25,-47,1029,-5,-1,-1,101325,2500,7341,494,0xf,False,0x0
1783145933.864,699,699,150185,4,1,-3,-49,-16,900,-5,4,-5,101325,2500,7340,519,0xf,False,0x0
1783145934.064,700,700,150386,4,1,13,-42,-51,938,2,-3,-2,101325,2500,7340,506,0xf,False,0x0
1783145934.280,701,701,150602,4,1,-17,-9,35,1141,-1,-4,1,101325,2500,7340,489,0xf,False,0x0
1783145934.481,702,702,150802,4,1,18,55,-60,934,-4,0,3,101325,2500,7340,489,0xf,False,0x0
1783145934.692,703,703,151014,4,1,-9,37,14,913,1,5,-5,101325,2500,7340,511,0xf,False,0x0
1783145934.893,704,704,151215,4,1,10,37,-27,952,-4,-5,-5,101325,2500,7340,512,0xf,False,0x0
1783145935.095,705,705,151416,4,1,-7,-46,-37,930,1,3,4,101325,2500,7340,495,0xf,False,0x0
1783145935.295,706,706,151617,4,1,-2,-39,17,1105,2,-1,4,101325,2500,7340,488,0xf,False,0x0
1783145935.496,707,707,151818,4,1,-19,25,-55,916,-5,-3,-3,101325,2500,7340,493,0xf,False,0x0
1783145935.697,708,708,152019,4,1,-19,59,-23,1121,0,-2,5,101325,2500,7340,519,0xf,False,0x0
1783145935.918,709,709,152240,4,1,16,60,34,934,3,-1,-1,101325,2500,7340,488,0xf,False,0x0
1783145936.119,710,710,152441,4,1,4,38,-55,946,1,-2,0,101325,2500,7340,504,0xf,False,0x0
1783145936.336,711,711,152658,4,1,-11,52,-53,1057,-5,2,4,101325,2500,7339,512,0xf,False,0x0
1783145936.549,712,712,152870,4,1,1,36,12,1063,2,4,3,101325,2500,7339,501,0xf,False,0x0
1783145936.749,713,713,153071,4,1,13,-45,-47,1074,0,-3,5,101325,2500,7339,484,0xf,False,0x0
1783145936.958,714,714,153280,4,1,-15,-19,17,989,1,-5,2,101325,2500,7339,501,0xf,False,0x0
1783145937.159,715,715,153480,4,1,5,-48,12,890,-3,-5,5,101325,2500,7339,490,0xf,False,0x0
1783145937.365,716,716,153687,4,1,-15,-33,44,945,2,-2,3,101325,2500,7339,517,0xf,False,0x0
1783145937.566,717,717,153887,4,1,-3,-47,60,964,3,-2,5,101325,2500,7339,520,0xf,False,0x0
1783145937.774,718,718,154096,4,1,-2,48,50,1114,5,2,-4,101325,2500,7339,514,0xf,False,0x0
1783145937.975,719,719,154296,4,1,-6,-25,12,1095,0,-1,-5,101325,2500,7339,489,0xf,False,0x0
1783145938.176,720,720,154498,4,1,4,-48,-15,1067,2,-4,1,101325,2500,7339,489,0xf,False,0x0
1783145938.376,721,721,154698,4,1,1,-60,-10,1121,-4,-5,0,101325,2500,7339,480,0xf,False,0x0
1783145938.580,722,722,154902,4,1,1,-5,59,1013,-5,3,1,101325,2500,7339,520,0xf,False,0x0
1783145938.781,723,723,155103,4,1,16,-56,-5,919,3,-4,0,101325,2500,7338,482,0xf,False,0x0
1783145939.049,724,724,155370,4,1,3,-37,26,991,0,3,-5,101325,2500,7338,495,0xf,False,0x0
1783145939.249,725,725,155571,4,1,18,9,-46,1003,5,-4,3,101325,2500,7338,504,0xf,False,0x0
1783145939.500,726,726,155822,4,1,16,-52,-58,911,-4,-4,0,101325,2500,7338,484,0xf,False,0x0
1783145939.700,727,727,156022,4,1,10,20,30,1109,-3,1,-2,101325,2500,7338,485,0xf,False,0x0
1783145939.947,728,728,156269,4,1,-17,31,51,932,5,0,-3,101325,2500,7338,491,0xf,False,0x0
1783145940.147,729,729,156469,4,1,14,-22,43,1074,-5,0,-2,101325,2500,7338,509,0xf,False,0x0
1783145940.395,730,730,156717,4,1,-12,-53,-27,968,1,-2,5,101325,2500,7338,484,0xf,False,0x0
1783145940.595,731,731,156917,4,1,19,-41,38,926,-1,1,-2,101325,2500,7338,503,0xf,False,0x0
1783145940.819,732,732,157141,4,1,13,-11,9,906,0,1,1,101325,2500,7338,519,0xf,False,0x0
1783145941.020,733,733,157342,4,1,9,-21,-17,934,0,-1,-1,101325,2500,7338,516,0xf,False,0x0
1783145941.275,734,734,157597,4,1,12,-29,19,1125,-3,-5,-1,101325,2500,7337,488,0xf,False,0x0
1783145941.476,735,735,157798,4,1,-5,47,-4,1039,4,3,-5,101325,2500,7337,489,0xf,False,0x0
1783145941.717,736,736,158039,4,1,3,-46,48,929,3,1,4,101325,2500,7337,482,0xf,False,0x0
1783145941.917,737,737,158239,4,1,9,29,48,874,5,1,-3,101325,2500,7337,484,0xf,False,0x0
1783145942.164,738,738,158486,4,1,16,-50,-35,1030,2,4,-2,101325,2500,7337,515,0xf,False,0x0
1783145942.365,739,739,158687,4,1,-9,-46,56,1103,-4,5,-1,101325,2500,7337,482,0xf,False,0x0
1783145942.604,740,740,158926,4,1,-2,-2,-17,1093,-5,4,-3,101325,2500,7337,512,0xf,False,0x0
1783145942.805,741,741,159126,4,1,-1,3,-14,1146,4,-2,-3,101325,2500,7337,510,0xf,False,0x0
1783145943.038,742,742,159360,4,1,17,-6,-15,1112,1,-3,5,101325,2500,7337,496,0xf,False,0x0
1783145943.239,743,743,159561,4,1,9,-15,24,1051,-3,-2,-3,101325,2500,7337,503,0xf,False,0x0
1783145943.461,744,744,159783,4,1,-1,15,-4,1105,3,4,5,101325,2500,7337,493,0xf,False,0x0
1783145943.662,745,745,159984,4,1,13,-50,45,1106,-4,-3,3,101325,2500,7337,516,0xf,False,0x0
1783145943.885,746,746,160207,4,1,-14,-29,12,853,-2,1,1,101325,2500,7336,487,0xf,False,0x0
1783145944.328,748,748,160650,4,1,-19,30,-28,998,3,-5,-2,101325,2500,7336,498,0xf,False,0x0
1783145944.529,749,749,160850,4,1,-4,36,-19,1082,0,3,3,101325,2500,7336,484,0xf,False,0x0
1783145944.768,750,750,161090,4,1,4,-45,18,1069,3,-4,-5,101325,2500,7336,498,0xf,False,0x0
1783145944.969,751,751,161291,4,1,-13,39,-33,931,-5,-4,-4,101325,2500,7336,490,0xf,False,0x0
1783145945.210,752,752,161532,4,1,-1,32,44,948,4,-5,2,101325,2500,7336,506,0xf,False,0x0
1783145945.411,753,753,161733,4,1,6,-43,32,864,3,2,1,101325,2500,7336,517,0xf,False,0x0
1783145945.631,754,754,161953,4,1,3,-57,12,966,-1,-2,4,101325,2500,7336,502,0xf,False,0x0
1783145945.832,755,755,162153,4,1,-11,-29,18,1005,-2,-5,3,101325,2500,7336,507,0xf,False,0x0
1783145946.074,756,756,162396,4,1,18,-43,59,1031,-4,4,1,101325,2500,7336,505,0xf,False,0x0
1783145946.275,757,757,162597,4,1,7,-27,-18,1101,-5,3,1,101325,2500,7335,505,0xf,False,0x0
1783145946.742,759,759,163063,4,1,14,-18,-14,927,-5,5,-3,101325,2500,7335,493,0xf,False,0x0
1783145946.942,760,760,163264,4,1,-16,12,12,1090,-4,1,-5,101325,2500,7335,511,0xf,False,0x0
1783145947.143,761,761,163465,4,1,4,46,22,1074,4,-2,-5,101325,2500,7335,508,0xf,False,0x0
1783145947.344,762,762,163665,4,1,-20,26,11,951,-4,-1,0,101325,2500,7335,495,0xf,False,0x0
1783145947.545,763,763,163866,4,1,-19,-28,-31,1059,2,-1,-4,101325,2500,7335,517,0xf,False,0x0
1783145947.745,764,764,164067,4,1,15,21,1,858,5,-3,-3,101325,2500,7335,518,0xf,False,0x0
1783145947.946,765,765,164268,4,1,-7,45,-16,1090,-3,1,5,101325,2500,7335,492,0xf,False,0x0
1783145948.147,766,766,164469,4,1,-5,-37,-19,954,0,-4,5,101325,2500,7335,510,0xf,False,0x0
1783145948.347,767,767,164669,4,1,-18,-32,48,1076,2,1,3,101325,2500,7335,485,0xf,False,0x0
1783145948.553,768,768,164875,4,1,-5,36,49,1112,-5,-2,0,101325,2500,7335,486,0xf,False,0x0
1783145948.753,769,769,165075,4,1,-2,-17,-54,1020,3,-2,0,101325,2500,7334,513,0xf,False,0x0
1783145948.969,770,770,165291,4,1,19,-33,23,1121,-3,-5,-5,101325,2500,7334,520,0xf,False,0x0
1783145949.170,771,771,165492,4,1,-11,27,-29,882,3,4,2,101325,2500,7334,514,0xf,False,0x0
1783145949.376,772,772,165698,4,1,14,41,26,976,-5,4,1,101325,2500,7334,485,0xf,False,0x0
1783145949.578,773,773,165900,4,1,8,33,-11,981,3,-3,4,101325,2500,7334,486,0xf,False,0x0
1783145949.779,774,774,166100,4,1,-3,-22,47,854,-3,3,-2,101325,2500,7334,514,0xf,False,0x0
1783145949.979,775,775,166301,4,1,-17,44,-9,1029,-1,0,-4,101325,2500,7334,484,0xf,False,0x0
1783145950.390,777,777,166712,4,1,15,56,45,936,5,-3,-3,101325,2500,7334,520,0xf,False,0x0
1783145950.610,778,778,166932,4,1,8,-51,15,909,4,-3,-1,101325,2500,7334,486,0xf,False,0x0
1783145950.811,779,779,167132,4,1,4,-11,43,944,3,-4,-3,101325,2500,7334,497,0xf,False,0x0
1783145951.040,780,780,167362,4,1,-9,28,-27,924,-1,-1,-2,101325,2500,7334,519,0xf,False,0x0
1783145951.241,781,781,167563,4,1,18,50,-54,1058,4,-1,-3,101325,2500,7333,512,0xf,False,0x0
1783145951.442,782,782,167764,4,1,17,-54,38,973,4,5,-4,101325,2500,7333,517,0xf,False,0x0
1783145951.672,783,783,167994,4,1,-11,-51,42,1142,-3,-3,-5,101325,2500,7333,499,0xf,False,0x0
1783145951.873,784,784,168195,4,1,-13,-51,55,906,-4,3,-5,101325,2500,7333,515,0xf,False,0x0
1783145952.082,785,785,168404,4,1,11,16,-44,1004,2,2,-4,101325,2500,7333,507,0xf,False,0x0
1783145952.282,786,786,168604,4,1,-3,-52,55,959,-3,2,4,101325,2500,7333,493,0xf,False,0x0
1783145952.484,787,787,168806,4,1,-6,-37,-32,975,-3,1,0,101325,2500,7333,491,0xf,False,0x0
1783145952.685,788,788,169007,4,1,7,-59,3,942,4,-2,-4,101325,2500,7333,487,0xf,False,0x0
1783145953.087,790,790,169409,4,1,-2,52,12,1031,-1,4,0,101325,2500,7333,492,0xf,False,0x0
1783145953.304,791,791,169626,4,1,-9,20,48,939,1,-1,-3,101325,2500,7333,490,0xf,False,0x0
1783145953.755,793,793,170077,4,1,-7,-26,55,1008,0,2,-2,101325,2500,7332,518,0xf,False,0x0
1783145953.956,794,794,170277,4,1,-18,31,54,920,5,-1,-3,101325,2500,7332,512,0xf,False,0x0
1783145954.226,795,795,170548,4,1,-1,27,-38,1126,-5,-4,0,101325,2500,7332,481,0xf,False,0x0
1783145954.427,796,796,170749,4,1,12,46,-45,984,-2,4,-5,101325,2500,7332,490,0xf,False,0x0
1783145954.650,797,797,170972,4,1,14,1,12,863,-4,-2,-4,101325,2500,7332,482,0xf,False,0x0
1783145954.851,798,798,171172,4,1,1,-41,3,1011,3,4,-4,101325,2500,7332,504,0xf,False,0x0
1783145955.093,799,799,171415,4,1,-6,-25,11,1044,-2,2,-4,101325,2500,7332,517,0xf,False,0x0
1783145955.293,800,800,171615,4,1,15,60,-60,902,2,-2,-5,101325,2500,7332,482,0xf,False,0x0
1783145955.544,801,801,171866,4,1,20,0,52,898,2,5,-2,101325,2500,7332,485,0xf,False,0x0
1783145955.745,802,802,172067,4,1,8,-53,9,925,4,3,2,101325,2500,7332,510,0xf,False,0x0
1783145955.999,803,803,172320,4,1,20,12,-60,999,5,4,5,101325,2500,7332,516,0xf,False,0x0
1783145956.200,804,804,172521,4,1,6,-10,19,1154,-1,0,-2,101325,2500,7331,512,0xf,False,0x0
1783145956.451,805,805,172773,4,1,-16,25,24,1016,2,0,0,101325,2500,7331,488,0xf,False,0x0
1783145956.652,806,806,172973,4,1,12,56,-50,973,-1,2,-4,101325,2500,7331,496,0xf,False,0x0
1783145956.884,807,807,173206,4,1,-7,31,-35,889,2,-3,-1,101325,2500,7331,497,0xf,False,0x0
1783145957.085,808,808,173407,4,1,-6,48,4,862,-2,0,3,101325,2500,7331,498,0xf,False,0x0
1783145957.331,809,809,173653,4,1,19,-45,-31,865,-5,-3,1,101325,2500,7331,483,0xf,False,0x0
1783145957.532,810,810,173853,4,1,-13,-6,-10,906,5,0,-5,101325,2500,7331,504,0xf,False,0x0
1783145957.774,811,811,174096,4,1,13,8,8,857,-5,-3,-4,101325,2500,7331,485,0xf,False,0x0
1783145957.975,812,812,174296,4,1,17,-54,11,914,1,-5,2,101325,2500,7331,482,0xf,False,0x0
1783145958.402,814,814,174724,4,1,3,44,29,971,-4,3,-1,101325,2500,7331,489,0xf,False,0x0
1783145958.603,815,815,174925,4,1,-7,41,33,856,0,5,0,101325,2500,7331,509,0xf,False,0x0
1783145958.820,816,816,175142,4,1,14,-43,-45,1094,-5,4,-4,101325,2500,7330,512,0xf,False,0x0
1783145959.021,817,817,175342,4,1,-12,9,-6,941,0,-4,2,101325,2500,7330,496,0xf,False,0x0
1783145959.222,818,818,175543,4,1,-16,-53,45,1009,1,1,4,101325,2500,7330,510,0xf,False,0x0
1783145959.422,819,819,175744,4,1,-4,-55,-28,1025,4,-5,0,101325,2500,7330,490,0xf,False,0x0
1783145959.823,821,821,176145,4,1,-7,-13,-60,968,4,1,1,101325,2500,7330,501,0xf,False,0x0
1783145960.050,822,822,176372,4,1,1,18,-39,968,-5,4,4,101325,2500,7330,494,0xf,False,0x0
1783145960.251,823,823,176573,4,1,-15,-23,-17,1087,4,0,0,101325,2500,7330,491,0xf,False,0x0
1783145960.517,824,824,176839,4,1,19,33,8,1117,2,-1,-5,101325,2500,7330,498,0xf,False,0x0
1783145960.718,825,825,177040,4,1,9,-18,-9,964,-4,-1,2,101325,2500,7330,511,0xf,False,0x0
1783145960.953,826,826,177275,4,1,-5,-46,22,1001,3,1,4,101325,2500,7330,491,0xf,False,0x0
1783145961.154,827,827,177476,4,1,15,-30,-54,937,3,4,-5,101325,2500,7330,487,0xf,False,0x0
1783145961.398,828,828,177720,4,1,20,37,-56,884,2,-1,-1,101325,2500,7329,503,0xf,False,0x0
1783145961.855,830,830,178177,4,1,5,50,3,990,2,4,4,101325,2500,7329,483,0xf,False,0x0
1783145962.056,831,831,178377,4,1,-7,-8,0,931,5,-4,-5,101325,2500,7329,508,0xf,False,0x0
1783145962.282,832,832,178604,4,1,-15,18,-15,985,-5,-3,-2,101325,2500,7329,483,0xf,False,0x0
1783145962.482,833,833,178804,4,1,16,27,60,993,-4,0,-2,101325,2500,7329,489,0xf,False,0x0
1783145962.738,834,834,179059,4,1,-10,51,-8,937,4,3,4,101325,2500,7329,516,0xf,False,0x0
1783145962.938,835,835,179260,4,1,-11,56,-22,990,-4,2,2,101325,2500,7329,494,0xf,False,0x0
1783145963.172,836,836,179494,4,1,12,31,32,898,-2,0,1,101325,2500,7329,510,0xf,False,0x0
1783145963.373,837,837,179695,4,1,-10,2,34,1044,5,5,4,101325,2500,7329,509,0xf,False,0x0
1783145963.625,838,838,179947,4,1,-2,34,-35,994,3,0,0,101325,2500,7329,509,0xf,False,0x0
1783145963.826,839,839,180148,4,1,19,-11,42,1140,-3,-2,-4,101325,2500,7328,520,0xf,False,0x0
1783145964.079,840,840,180401,4,1,-6,-10,55,1073,1,-4,-4,101325,2500,7328,491,0xf,False,0x0
1783145964.280,841,841,180601,4,1,19,50,48,858,-5,-3,2,101325,2500,7328,503,0xf,False,0x0
1783145964.513,842,842,180835,4,1,5,48,25,1079,2,1,1,101325,2500,7328,485,0xf,False,0x0
1783145964.714,843,843,181036,4,1,-1,-1,-43,990,-5,3,3,101325,2500,7328,492,0xf,False,0x0
1783145964.957,844,844,181279,4,1,11,57,60,1101,-5,5,1,101325,2500,7328,519,0xf,False,0x0
1783145965.158,845,845,181479,4,1,-2,28,-25,1112,-5,1,1,101325,2500,7328,487,0xf,False,0x0
1783145965.399,846,846,181720,4,1,-12,46,38,1073,-3,0,1,101325,2500,7328,485,0xf,False,0x0
1783145965.599,847,847,181921,4,1,20,-20,4,1000,0,2,2,101325,2500,7328,482,0xf,False,0x0
1783145966.053,849,849,182375,4,1,-19,-2,-43,848,0,-2,-5,101325,2500,7328,512,0xf,False,0x0
1783145966.254,850,850,182575,4,1,15,10,-57,873,0,-2,-2,101325,2500,7327,510,0xf,False,0x0
1783145966.487,851,851,182809,4,1,12,13,-39,896,3,-3,0,101325,2500,7327,518,0xf,False,0x0
1783145966.689,852,852,183011,4,1,-12,2,43,896,2,-4,4,101325,2500,7327,498,0xf,False,0x0
1783145966.939,853,853,183260,4,1,-2,9,-46,918,4,-5,5,101325,2500,7327,489,0xf,False,0x0
1783145967.352,855,855,183674,4,1,7,45,-16,960,0,4,-1,101325,2500,7327,483,0xf,False,0x0
1783145967.553,856,856,183875,4,1,1,-52,-48,1139,-2,0,-2,101325,2500,7327,501,0xf,False,0x0
1783145967.754,857,857,184075,4,1,3,-43,-20,1008,2,3,-3,101325,2500,7327,500,0xf,False,0x0
1783145967.954,858,858,184276,4,1,15,57,-54,1037,0,-1,-1,101325,2500,7327,510,0xf,False,0x0
1783145968.155,859,859,184477,4,1,-9,47,-20,1066,-4,-5,2,101325,2500,7327,484,0xf,False,0x0
1783145968.605,861,861,184927,4,1,-19,-30,58,1049,-1,-3,1,101325,2500,7327,491,0xf,False,0x0
1783145968.812,862,862,185134,4,1,-2,5,24,1005,4,1,-5,101325,2500,7326,507,0xf,False,0x0
1783145969.013,863,863,185334,4,1,-8,-41,-33,1110,0,-3,0,101325,2500,7326,491,0xf,False,0x0
1783145969.229,864,864,185551,4,1,5,-10,27,873,-3,-3,-1,101325,2500,7326,515,0xf,False,0x0
1783145969.515,865,865,185837,4,1,7,0,1,1045,-4,2,4,101325,2500,7326,504,0xf,False,0x0
1783145969.720,866,866,186042,4,1,-17,56,0,1025,1,2,5,101325,2500,7326,499,0xf,False,0x0
1783145969.920,867,867,186242,4,1,4,43,-16,961,-1,4,1,101325,2500,7326,502,0xf,False,0x0
1783145970.198,868,868,186520,4,1,-9,2,28,1039,2,5,3,101325,2500,7326,481,0xf,False,0x0
1783145970.398,869,869,186720,4,1,18,27,4,1043,-2,-5,-4,101325,2500,7326,494,0xf,False,0x0
1783145970.599,870,870,186921,4,1,-20,-40,9,1057,2,3,3,101325,2500,7326,509,0xf,False,0x0
1783145970.821,871,871,187142,4,1,-20,-23,57,923,4,3,-4,101325,2500,7326,490,0xf,False,0x0
1783145971.324,873,873,187645,4,1,-4,21,12,1128,-2,-2,3,101325,2500,7325,489,0xf,False,0x0
1783145971.527,874,874,187849,4,1,-13,-38,33,932,5,-4,2,101325,2500,7325,488,0xf,False,0x0
1783145971.728,875,875,188049,4,1,9,38,-47,1092,-4,-3,2,101325,2500,7325,497,0xf,False,0x0
1783145971.991,876,876,188313,4,1,3,-53,47,964,3,-3,5,101325,2500,7325,502,0xf,False,0x0
1783145972.191,877,877,188513,4,1,-10,51,12,988,2,4,4,101325,2500,7325,503,0xf,False,0x0
1783145972.425,878,878,188746,4,1,-15,38,-31,1058,-3,-3,5,101325,2500,7325,505,0xf,False,0x0
1783145972.626,879,879,188948,4,1,-4,15,30,1068,1,1,-2,101325,2500,7325,481,0xf,False,0x0
1783145972.826,880,880,189148,4,1,-13,-49,-43,1002,-1,0,4,101325,2500,7325,505,0xf,False,0x0
1783145973.415,881,881,189736,4,1,8,42,-27,962,4,-5,-3,101325,2500,7325,515,0xf,False,0x0
1783145973.621,882,882,189943,4,1,19,47,-49,1070,4,3,4,101325,2500,7325,486,0xf,False,0x0
1783145973.851,883,883,190173,4,1,-6,60,57,859,-4,0,4,101325,2500,7324,480,0xf,False,0x0
1783145974.068,884,884,190390,4,1,2,43,16,994,0,0,4,101325,2500,7324,514,0xf,False,0x0
1783145974.275,885,885,190596,4,1,15,48,33,859,-5,4,5,101325,2500,7324,510,0xf,False,0x0
1783145974.475,886,886,190797,4,1,10,-60,10,1064,-5,3,-3,101325,2500,7324,500,0xf,False,0x0
1783145974.682,887,887,191004,4,1,4,26,12,1098,-3,-3,-4,101325,2500,7324,493,0xf,False,0x0
1783145974.882,888,888,191204,4,1,-13,40,54,933,-4,1,-2,101325,2500,7324,486,0xf,False,0x0
1783145975.287,889,889,191609,4,1,14,51,-18,958,0,0,-2,101325,2500,7324,510,0xf,False,0x0
1783145975.488,890,890,191810,4,1,7,-56,-57,906,-5,4,3,101325,2500,7324,502,0xf,False,0x0
1783145975.742,891,891,192064,4,1,-15,10,-37,900,5,2,5,101325,2500,7324,511,0xf,False,0x0
1783145975.943,892,892,192264,4,1,-15,19,-20,993,-2,-2,-1,101325,2500,7324,512,0xf,False,0x0
1783145976.176,893,893,192498,4,1,20,-5,-56,995,5,-5,-4,101325,2500,7324,503,0xf,False,0x0
1783145976.377,894,894,192699,4,1,-13,-27,37,919,1,-4,-2,101325,2500,7323,512,0xf,False,0x0
1783145976.609,895,895,192931,4,1,-3,-58,-51,1114,-5,0,4,101325,2500,7323,500,0xf,False,0x0
1783145977.025,897,897,193347,4,1,-4,-12,-27,954,4,4,-5,101325,2500,7323,482,0xf,False,0x0
1783145977.443,899,899,193765,4,1,-8,49,-54,1017,-4,3,4,101325,2500,7323,519,0xf,False,0x0
1783145977.655,900,900,193976,4,1,18,52,42,997,-4,4,2,101325,2500,7323,513,0xf,False,0x0
1783145977.912,901,901,194234,4,1,14,-16,12,911,-3,-3,-1,101325,2500,7323,494,0xf,False,0x0
1783145978.117,902,902,194439,4,1,-4,-38,31,1136,0,2,-1,101325,2500,7323,502,0xf,False,0x0
1783145978.317,903,903,194639,4,1,-9,10,-1,953,-5,-1,-4,101325,2500,7323,485,0xf,False,0x0
1783145978.523,904,904,194845,4,1,-16,-32,52,1035,3,4,-3,101325,2500,7323,489,0xf,False,0x0
1783145978.723,905,905,195045,4,1,-15,-31,-1,1009,4,5,-1,101325,2500,7322,481,0xf,False,0x0
1783145978.924,906,906,195246,4,1,-3,-11,-59,966,2,-5,-4,101325,2500,7322,489,0xf,False,0x0
1783145979.125,907,907,195446,4,1,18,-12,-17,1114,-5,0,1,101325,2500,7322,520,0xf,False,0x0
1783145979.325,908,908,195647,4,1,17,-35,-41,1103,-3,1,-5,101325,2500,7322,508,0xf,False,0x0
1783145979.526,909,909,195848,4,1,-17,-40,11,1038,-4,0,-1,101325,2500,7322,497,0xf,False,0x0
1783145979.727,910,910,196049,4,1,-18,-12,-40,1062,-4,-5,3,101325,2500,7322,498,0xf,False,0x0
1783145979.929,911,911,196250,4,1,1,30,-51,924,-3,-2,-2,101325,2500,7322,481,0xf,False,0x0
1783145980.174,912,912,196495,4,1,-13,31,31,1039,-3,2,-1,101325,2500,7322,512,0xf,False,0x0
1783145980.374,913,913,196696,4,1,-19,-55,24,1061,1,-5,2,101325,2500,7322,498,0xf,False,0x0
1783145980.639,914,914,196961,4,1,-11,15,1,1035,4,2,1,101325,2500,7322,497,0xf,False,0x0
1783145980.839,915,915,197161,4,1,-15,15,55,1059,3,-1,-2,101325,2500,7322,485,0xf,False,0x0
1783145981.087,916,916,197409,4,1,9,-33,-33,879,-1,-3,1,101325,2500,7322,512,0xf,False,0x0
1783145981.288,917,917,197609,4,1,-3,48,-52,864,-5,-5,-3,101325,2500,7321,511,0xf,False,0x0
1783145981.536,918,918,197858,4,1,1,-52,-39,1040,-3,-5,2,101325,2500,7321,518,0xf,False,0x0
1783145981.737,919,919,198058,4,1,-9,44,-20,866,5,-4,5,101325,2500,7321,480,0xf,False,0x0
1783145981.970,920,920,198292,4,1,-13,27,-56,952,1,4,-1,101325,2500,7321,503,0xf,False,0x0
1783145982.170,921,921,198492,4,1,-17,49,2,1037,-3,2,2,101325,2500,7321,513,0xf,False,0x0
1783145982.382,922,922,198704,4,1,4,35,32,1141,3,-4,1,101325,2500,7321,485,0xf,False,0x0
1783145982.583,923,923,198904,4,1,3,59,44,925,1,0,1,101325,2500,7321,495,0xf,False,0x0
1783145982.821,924,924,199143,4,1,-13,-38,19,1010,0,4,-1,101325,2500,7321,495,0xf,False,0x0
1783145983.022,925,925,199344,4,1,-3,49,20,939,2,1,-4,101325,2500,7321,492,0xf,False,0x0
1783145983.270,926,926,199592,4,1,20,49,28,909,2,5,-1,101325,2500,7321,492,0xf,False,0x0
1783145983.470,927,927,199792,4,1,9,35,-47,1102,-2,-1,-4,101325,2500,7321,483,0xf,False,0x0
1783145983.718,928,928,200039,4,1,9,34,-14,947,5,-3,-4,101325,2500,7320,511,0xf,False,0x0
1783145983.918,929,929,200240,4,1,-11,-5,-7,855,1,1,-3,101325,2500,7320,480,0xf,False,0x0
1783145984.170,930,930,200492,4,1,17,-40,38,1013,-2,5,4,101325,2500,7320,482,0xf,False,0x0
1783145984.370,931,931,200692,4,1,15,21,20,954,1,-1,0,101325,2500,7320,498,0xf,False,0x0
1783145984.591,932,932,200913,4,1,-6,53,44,1015,-1,5,-5,101325,2500,7320,505,0xf,False,0x0
1783145984.791,933,933,201113,4,1,6,31,51,1094,-5,3,2,101325,2500,7320,492,0xf,False,0x0
1783145985.029,934,934,201351,4,1,-2,-25,-55,1078,1,-4,-2,101325,2500,7320,507,0xf,False,0x0
1783145985.230,935,935,201552,4,1,-8,-12,-24,845,3,4,2,101325,2500,7320,482,0xf,False,0x0
1783145985.480,936,936,201802,4,1,-2,52,58,916,4,-1,3,101325,2500,7320,481,0xf,False,0x0
1783145985.681,937,937,202002,4,1,-14,-57,-20,1071,-1,4,-3,101325,2500,7320,501,0xf,False,0x0
1783145985.910,938,938,202232,4,1,-5,8,-46,1064,0,-4,5,101325,2500,7320,486,0xf,False,0x0
1783145986.110,939,939,202432,4,1,0,-2,-36,1010,-4,2,-4,101325,2500,7320,483,0xf,False,0x0
1783145986.346,940,940,202668,4,1,-1,-55,-41,1032,-5,5,-1,101325,2500,7319,515,0xf,False,0x0
1783145986.547,941,941,202869,4,1,18,22,-43,951,2,1,-5,101325,2500,7319,482,0xf,False,0x0
1783145986.844,942,942,203166,4,1,4,2,17,1114,-1,-3,0,101325,2500,7319,505,0xf,False,0x0
1783145987.045,943,943,203366,4,1,17,49,16,1083,-3,3,3,101325,2500,7319,486,0xf,False,0x0
1783145987.288,944,944,203610,4,1,12,1,-27,924,2,4,3,101325,2500,7319,505,0xf,False,0x0
1783145987.491,945,945,203812,4,1,-4,-23,40,847,4,-1,1,101325,2500,7319,507,0xf,False,0x0
1783145987.748,946,946,204070,4,1,-8,-3,-47,919,-5,4,5,101325,2500,7319,495,0xf,False,0x0
1783145987.949,947,947,204271,4,1,-9,47,-31,915,0,-1,3,101325,2500,7319,487,0xf,False,0x0
1783145988.167,948,948,204489,4,1,17,-17,36,1023,-3,5,4,101325,2500,7319,502,0xf,False,0x0
1783145988.368,949,949,204689,4,1,-10,23,-46,967,4,5,1,101325,2500,7319,503,0xf,False,0x0
1783145988.625,950,950,204947,4,1,-18,-14,-40,1134,1,-5,3,101325,2500,7319,482,0xf,False,0x0
1783145988.826,951,951,205148,4,1,4,55,55,1001,2,2,1,101325,2500,7318,495,0xf,False,0x0
1783145989.068,952,952,205389,4,1,16,46,56,1035,3,-2,1,101325,2500,7318,483,0xf,False,0x0
1783145989.268,953,953,205590,4,1,6,53,56,1008,4,-4,1,101325,2500,7318,516,0xf,False,0x0
1783145989.505,954,954,205827,4,1,17,-21,-20,1008,-4,2,0,101325,2500,7318,505,0xf,False,0x0
1783145989.706,955,955,206028,4,1,-8,32,9,924,0,-5,-5,101325,2500,7318,516,0xf,False,0x0
1783145989.929,956,956,206251,4,1,-20,-46,-2,1002,-2,5,-3,101325,2500,7318,520,0xf,False,0x0
1783145990.341,958,958,206663,4,1,10,52,55,1054,4,-1,-4,101325,2500,7318,501,0xf,False,0x0
1783145990.541,959,959,206863,4,1,-16,17,41,1015,1,2,4,101325,2500,7318,480,0xf,False,0x0
1783145990.762,960,960,207084,4,1,-6,-16,1,1069,1,3,4,101325,2500,7318,491,0xf,False,0x0
1783145990.962,961,961,207284,4,1,13,-56,2,908,-2,3,-1,101325,2500,7318,504,0xf,False,0x0
1783145991.212,962,962,207534,4,1,-10,60,6,936,-2,3,1,101325,2500,7317,514,0xf,False,0x0
1783145991.413,963,963,207735,4,1,19,-2,-33,1005,-2,0,1,101325,2500,7317,495,0xf,False,0x0
1783145991.675,964,964,207997,4,1,-14,0,-29,913,-3,-2,-4,101325,2500,7317,489,0xf,False,0x0
1783145991.876,965,965,208198,4,1,8,26,21,1149,4,-2,-5,101325,2500,7317,516,0xf,False,0x0
1783145992.316,967,967,208638,4,1,7,-50,39,940,4,-2,3,101325,2500,7317,515,0xf,False,0x0
1783145992.546,968,968,208868,4,1,15,-10,-26,923,4,-2,4,101325,2500,7317,517,0xf,False,0x0
1783145992.746,969,969,209068,4,1,-12,57,60,1020,-2,2,-2,101325,2500,7317,518,0xf,False,0x0
1783145993.112,970,970,209434,4,1,-14,33,32,929,2,5,-3,101325,2500,7317,483,0xf,False,0x0
1783145993.319,971,971,209640,4,1,-9,-48,1,1034,1,1,0,101325,2500,7317,511,0xf,False,0x0
1783145993.519,972,972,209841,4,1,-12,12,52,1002,0,-5,-5,101325,2500,7317,505,0xf,False,0x0
1783145993.745,973,973,210067,4,1,2,52,-30,1041,2,-1,-4,101325,2500,7316,516,0xf,False,0x0
1783145993.946,974,974,210267,4,1,-2,13,-3,1102,4,4,5,101325,2500,7316,516,0xf,False,0x0
1783145994.162,975,975,210484,4,1,15,-29,33,996,4,3,4,101325,2500,7316,500,0xf,False,0x0
1783145994.362,976,976,210684,4,1,20,-60,-6,1038,5,-2,5,101325,2500,7316,483,0xf,False,0x0
1783145994.591,977,977,210913,4,1,-6,-51,21,1060,1,-1,4,101325,2500,7316,512,0xf,False,0x0
1783145994.791,978,978,211113,4,1,11,-6,-34,874,1,1,-5,101325,2500,7316,513,0xf,False,0x0
1783145994.993,979,979,211315,4,1,-6,10,-59,936,-3,2,2,101325,2500,7316,485,0xf,False,0x0
1783145995.195,980,980,211516,4,1,5,35,10,1065,0,1,0,101325,2500,7316,519,0xf,False,0x0
1783145995.428,981,981,211750,4,1,-9,52,-33,989,-1,-5,-1,101325,2500,7316,484,0xf,False,0x0
1783145995.628,982,982,211950,4,1,-4,39,10,983,4,0,-2,101325,2500,7316,519,0xf,False,0x0
1783145995.836,983,983,212157,4,1,-18,5,33,1056,5,1,-2,101325,2500,7316,498,0xf,False,0x0
1783145996.079,984,984,212401,4,1,2,29,47,1008,2,3,-5,101325,2500,7316,512,0xf,False,0x0
1783145996.280,985,985,212602,4,1,-7,-20,53,1091,4,-1,-3,101325,2500,7315,492,0xf,False,0x0
1783145996.480,986,986,212802,4,1,16,-8,33,945,-1,0,4,101325,2500,7315,504,0xf,False,0x0
1783145996.681,987,987,213003,4,1,-16,-7,27,1116,-3,-2,5,101325,2500,7315,506,0xf,False,0x0
1783145996.888,988,988,213209,4,1,8,-39,58,1060,2,0,-4,101325,2500,7315,520,0xf,False,0x0
1783145997.088,989,989,213410,4,1,-18,-34,-5,875,4,2,2,101325,2500,7315,498,0xf,False,0x0
1783145997.329,990,990,213651,4,1,-6,-37,43,850,-5,-1,0,101325,2500,7315,518,0xf,False,0x0
1783145997.530,991,991,213852,4,1,17,0,-14,1105,1,1,-1,101325,2500,7315,483,0xf,False,0x0
1783145997.730,992,992,214052,4,1,4,-23,-36,903,2,4,4,101325,2500,7315,489,0xf,False,0x0
1783145997.944,993,993,214266,4,1,5,46,-60,1000,-4,-5,4,101325,2500,7315,490,0xf,False,0x0
1783145998.144,994,994,214466,4,1,-3,-39,18,958,-2,-5,-1,101325,2500,7315,496,0xf,False,0x0
1783145998.350,995,995,214672,4,1,17,42,-47,986,-5,-1,2,101325,2500,7315,510,0xf,False,0x0
1783145998.551,996,996,214873,4,1,15,53,-41,1005,0,-4,-1,101325,2500,7315,503,0xf,False,0x0
1783145998.753,997,997,215074,4,1,-17,32,10,1039,-4,4,2,101325,2500,7314,493,0xf,False,0x0
1783145998.953,998,998,215275,4,1,17,-41,21,1067,-3,-3,-4,101325,2500,7314,505,0xf,False,0x0
1783145999.154,999,999,215476,4,1,7,54,-41,1006,-2,-1,3,101325,2500,7314,491,0xf,False,0x0
1783145999.355,1000,1000,215677,4,1,-9,55,-13,862,5,-5,-2,101325,2500,7314,483,0xf,False,0x0
1783145999.556,1001,1001,215877,4,1,8,-30,23,1045,-2,-1,5,101325,2500,7314,492,0xf,False,0x0
1783145999.756,1002,1002,216078,4,1,14,39,33,908,-1,-5,1,101325,2500,7314,486,0xf,False,0x0
1783145999.956,1003,1003,216278,4,1,4,29,-37,1056,-5,-4,-4,101325,2500,7314,505,0xf,False,0x0
1783146000.157,1004,1004,216478,4,1,-16,-26,-1,1080,4,1,4,101325,2500,7314,492,0xf,False,0x0
1783146000.381,1005,1005,216702,4,1,4,37,-30,915,-4,0,-2,101325,2500,7314,491,0xf,False,0x0
1783146000.581,1006,1006,216903,4,1,0,-18,-59,1019,5,5,-5,101325,2500,7314,501,0xf,False,0x0
1783146000.829,1007,1007,217151,4,1,-6,-43,48,934,-2,1,5,101325,2500,7314,490,0xf,False,0x0
1783146001.030,1008,1008,217351,4,1,1,-47,-31,937,3,-3,-2,101325,2500,7314,502,0xf,False,0x0
1783146001.286,1009,1009,217608,4,1,-18,2,11,984,0,5,-2,101325,2500,7313,486,0xf,False,0x0
1783146001.486,1010,1010,217808,4,1,-7,-13,11,927,3,-3,-1,101325,2500,7313,495,0xf,False,0x0
1783146001.717,1011,1011,218038,4,1,-4,-21,-19,908,-4,-5,2,101325,2500,7313,520,0xf,False,0x0
1783146001.917,1012,1012,218239,4,1,17,41,-47,1113,3,-2,-2,101325,2500,7313,514,0xf,False,0x0
1783146002.330,1014,1014,218652,4,1,9,-58,-15,1042,-1,-2,-3,101325,2500,7313,518,0xf,False,0x0
1783146002.563,1015,1015,218884,4,1,-4,49,33,910,-4,-3,-1,101325,2500,7313,490,0xf,False,0x0
1783146002.764,1016,1016,219086,4,1,-13,28,31,1072,-1,-5,-5,101325,2500,7313,491,0xf,False,0x0
1783146003.018,1017,1017,219339,4,1,18,-48,55,956,-3,1,5,101325,2500,7313,485,0xf,False,0x0
1783146003.218,1018,1018,219540,4,1,-16,44,7,1097,-3,4,-5,101325,2500,7313,516,0xf,False,0x0
1783146003.487,1019,1019,219809,4,1,13,-2,20,1092,-5,4,-1,101325,2500,7313,508,0xf,False,0x0
1783146003.704,1020,1020,220026,4,1,-18,16,45,899,2,-3,0,101325,2500,7312,505,0xf,False,0x0
1783146003.905,1021,1021,220227,4,1,-13,-35,51,946,2,-1,1,101325,2500,7312,485,0xf,False,0x0
1783146004.117,1022,1022,220439,4,1,-6,39,-7,924,-4,0,1,101325,2500,7312,481,0xf,False,0x0
1783146004.318,1023,1023,220640,4,1,-2,26,-59,970,5,-1,-1,101325,2500,7312,504,0xf,False,0x0
1783146004.521,1024,1024,220843,4,1,2,3,7,956,-2,-3,3,101325,2500,7312,483,0xf,False,0x0
1783146004.722,1025,1025,221043,4,1,-20,-26,55,946,2,5,1,101325,2500,7312,499,0xf,False,0x0
1783146005.138,1027,1027,221460,4,1,-1,-43,60,952,-2,2,-2,101325,2500,7312,482,0xf,False,0x0
1783146005.341,1028,1028,221663,4,1,-6,35,-30,938,-4,-1,1,101325,2500,7312,489,0xf,False,0x0
1783146005.542,1029,1029,221863,4,1,15,28,7,917,-2,3,4,101325,2500,7312,516,0xf,False,0x0
1783146005.742,1030,1030,222064,4,1,-8,-8,15,945,0,2,4,101325,2500,7312,494,0xf,False,0x0
1783146005.943,1031,1031,222264,4,1,1,50,-50,875,-3,1,-5,101325,2500,7312,483,0xf,False,0x0
1783146006.143,1032,1032,222465,4,1,4,-19,-48,985,-2,-5,2,101325,2500,7312,517,0xf,False,0x0
1783146006.344,1033,1033,222666,4,1,-17,-2,-39,1073,4,-2,-1,101325,2500,7311,516,0xf,False,0x0
1783146006.577,1034,1034,222898,4,1,11,-31,-3,964,0,3,-5,101325,2500,7311,518,0xf,False,0x0
1783146006.778,1035,1035,223099,4,1,-1,41,-59,1129,-4,5,-4,101325,2500,7311,518,0xf,False,0x0
1783146006.978,1036,1036,223300,4,1,-5,3,-44,953,-5,1,5,101325,2500,7311,496,0xf,False,0x0
1783146007.187,1037,1037,223509,4,1,-4,28,42,905,-4,5,2,101325,2500,7311,500,0xf,False,0x0
1783146007.387,1038,1038,223709,4,1,-15,39,-12,1026,3,1,-4,101325,2500,7311,498,0xf,False,0x0
1783146007.594,1039,1039,223916,4,1,-6,26,-32,986,3,-1,-2,101325,2500,7311,493,0xf,False,0x0
1783146007.795,1040,1040,224116,4,1,-8,-58,-4,1061,3,5,1,101325,2500,7311,491,0xf,False,0x0
1783146007.995,1041,1041,224317,4,1,-15,-56,-47,1020,3,-5,-4,101325,2500,7311,490,0xf,False,0x0
1783146008.195,1042,1042,224517,4,1,15,5,-30,1151,-1,-1,-2,101325,2500,7311,485,0xf,False,0x0
1783146008.396,1043,1043,224717,4,1,-10,-44,9,988,-2,-5,-1,101325,2500,7311,505,0xf,False,0x0
1783146008.596,1044,1044,224918,4,1,-12,-1,-4,881,5,2,-4,101325,2500,7311,489,0xf,False,0x0
1783146008.825,1045,1045,225147,4,1,-16,-10,26,928,-1,0,1,101325,2500,7310,506,0xf,False,0x0
1783146009.026,1046,1046,225348,4,1,1,-51,-44,962,5,-5,3,101325,2500,7310,507,0xf,False,0x0
1783146009.518,1048,1048,225839,4,1,11,32,27,1015,0,-5,-1,101325,2500,7310,494,0xf,False,0x0
1783146009.718,1049,1049,226040,4,1,15,-29,-11,1097,0,4,4,101325,2500,7310,494,0xf,False,0x0
1783146009.922,1050,1050,226244,4,1,10,-25,60,1087,-2,-2,-3,101325,2500,7310,512,0xf,False,0x0
1783146010.122,1051,1051,226444,4,1,-15,4,52,1036,-3,4,5,101325,2500,7310,498,0xf,False,0x0
1783146010.324,1052,1052,226646,4,1,-6,-15,-1,1087,4,-5,-4,101325,2500,7310,498,0xf,False,0x0
1783146010.525,1053,1053,226847,4,1,13,45,-4,992,0,0,5,101325,2500,7310,502,0xf,False,0x0
1783146010.725,1054,1054,227047,4,1,1,20,-35,918,-3,-3,3,101325,2500,7310,509,0xf,False,0x0
1783146010.952,1055,1055,227274,4,1,-8,-50,50,1145,-2,5,5,101325,2500,7310,491,0xf,False,0x0
1783146011.152,1056,1056,227474,4,1,16,-47,-39,1118,5,-1,-3,101325,2500,7310,491,0xf,False,0x0
1783146011.354,1057,1057,227675,4,1,8,-25,58,979,0,3,1,101325,2500,7309,513,0xf,False,0x0
1783146011.554,1058,1058,227876,4,1,-9,-19,-17,1013,2,3,5,101325,2500,7309,519,0xf,False,0x0
1783146011.754,1059,1059,228076,4,1,19,-31,-35,1096,1,5,-1,101325,2500,7309,492,0xf,False,0x0
1783146011.955,1060,1060,228277,4,1,8,-1,15,1124,4,-4,-1,101325,2500,7309,512,0xf,False,0x0
1783146012.193,1061,1061,228514,4,1,6,-54,-42,1069,4,3,-2,101325,2500,7309,500,0xf,False,0x0
1783146012.393,1062,1062,228715,4,1,10,-1,-7,1131,4,1,-1,101325,2500,7309,497,0xf,False,0x0
1783146012.631,1063,1063,228953,4,1,-4,-3,-34,1046,1,5,-1,101325,2500,7309,483,0xf,False,0x0
1783146012.832,1064,1064,229154,4,1,8,-41,21,1017,-4,-3,3,101325,2500,7309,519,0xf,False,0x0
1783146013.077,1065,1065,229399,4,1,-7,-18,-4,971,-3,4,4,101325,2500,7309,508,0xf,False,0x0
1783146013.278,1066,1066,229600,4,1,1,-6,57,948,-3,3,0,101325,2500,7309,512,0xf,False,0x0
1783146013.502,1067,1067,229824,4,1,-3,39,11,893,4,-2,-2,101325,2500,7309,494,0xf,False,0x0
1783146013.703,1068,1068,230024,4,1,-6,60,-16,1050,4,-5,-4,101325,2500,7308,485,0xf,False,0x0
1783146013.930,1069,1069,230251,4,1,5,-8,58,1094,-1,-1,4,101325,2500,7308,512,0xf,False,0x0
1783146014.130,1070,1070,230452,4,1,18,17,-54,998,-3,5,-5,101325,2500,7308,511,0xf,False,0x0
1783146014.377,1071,1071,230699,4,1,-6,3,38,995,-1,3,5,101325,2500,7308,480,0xf,False,0x0
1783146014.578,1072,1072,230900,4,1,18,-31,-40,971,2,1,1,101325,2500,7308,492,0xf,False,0x0
1783146014.814,1073,1073,231136,4,1,-14,-25,-36,1034,-1,-1,2,101325,2500,7308,504,0xf,False,0x0
1783146015.014,1074,1074,231336,4,1,10,-43,26,853,-4,-1,3,101325,2500,7308,493,0xf,False,0x0
1783146015.446,1076,1076,231768,4,1,-2,20,17,1097,-3,0,-5,101325,2500,7308,489,0xf,False,0x0
1783146015.696,1077,1077,232017,4,1,-16,0,35,941,-5,-3,-4,101325,2500,7308,495,0xf,False,0x0
1783146015.904,1078,1078,232226,4,1,-9,-11,59,976,1,-1,-5,101325,2500,7308,497,0xf,False,0x0
1783146016.104,1079,1079,232426,4,1,7,11,53,970,1,-5,-3,101325,2500,7308,483,0xf,False,0x0
1783146016.315,1080,1080,232637,4,1,12,37,-15,1090,0,4,-1,101325,2500,7307,514,0xf,False,0x0
1783146016.516,1081,1081,232837,4,1,4,57,36,896,-2,-5,-4,101325,2500,7307,484,0xf,False,0x0
1783146016.722,1082,1082,233044,4,1,3,-2,-46,999,1,3,1,101325,2500,7307,504,0xf,False,0x0
1783146016.922,1083,1083,233244,4,1,7,59,60,1050,-3,-5,2,101325,2500,7307,507,0xf,False,0x0
1783146017.125,1084,1084,233447,4,1,-11,59,24,971,3,2,2,101325,2500,7307,491,0xf,False,0x0
1783146017.325,1085,1085,233647,4,1,2,-13,-55,976,0,3,2,101325,2500,7307,511,0xf,False,0x0
1783146017.526,1086,1086,233848,4,1,19,-48,28,883,0,-1,-4,101325,2500,7307,519,0xf,False,0x0
1783146017.727,1087,1087,234049,4,1,3,27,-57,1129,-3,0,1,101325,2500,7307,516,0xf,False,0x0
1783146017.931,1088,1088,234252,4,1,14,-3,39,884,0,2,-3,101325,2500,7307,488,0xf,False,0x0
1783146018.131,1089,1089,234453,4,1,-9,52,-32,944,3,-5,0,101325,2500,7307,516,0xf,False,0x0
1783146018.389,1090,1090,234711,4,1,-14,49,23,1044,-3,0,-3,101325,2500,7307,509,0xf,False,0x0
1783146018.589,1091,1091,234911,4,1,-1,29,28,1044,-5,3,5,101325,2500,7307,497,0xf,False,0x0
1783146018.829,1092,1092,235151,4,1,10,1,-29,933,-2,5,-3,101325,2500,7306,490,0xf,False,0x0
1783146019.029,1093,1093,235351,4,1,-18,30,56,946,2,-1,-4,101325,2500,7306,517,0xf,False,0x0
1783146019.269,1094,1094,235591,4,1,-20,46,49,983,3,1,-3,101325,2500,7306,488,0xf,False,0x0
1783146019.470,1095,1095,235791,4,1,15,27,-59,930,0,-4,2,101325,2500,7306,494,0xf,False,0x0
1783146019.719,1096,1096,236041,4,1,-15,22,55,993,-2,2,3,101325,2500,7306,490,0xf,False,0x0
1783146019.920,1097,1097,236241,4,1,-19,-49,-33,1042,0,5,-4,101325,2500,7306,512,0xf,False,0x0
1783146020.156,1098,1098,236478,4,1,-5,-22,-17,958,-4,-1,3,101325,2500,7306,511,0xf,False,0x0
1783146020.357,1099,1099,236679,4,1,10,-22,39,963,-5,-1,-1,101325,2500,7306,514,0xf,False,0x0
1783146020.665,1100,1100,236986,4,1,-13,37,15,1062,-1,4,-4,101325,2500,7306,492,0xf,False,0x0
1783146020.865,1101,1101,237187,4,1,-2,-17,57,961,-1,-5,4,101325,2500,7306,499,0xf,False,0x0
1783146021.092,1102,1102,237414,4,1,-6,22,-22,1105,3,-2,1,101325,2500,7306,506,0xf,False,0x0
1783146021.293,1103,1103,237615,4,1,19,47,-27,1021,1,-3,-5,101325,2500,7305,491,0xf,False,0x0
1783146021.534,1104,1104,237856,4,1,4,-38,-30,998,2,-3,-2,101325,2500,7305,508,0xf,False,0x0
1783146021.735,1105,1105,238057,4,1,10,8,52,1041,4,3,3,101325,2500,7305,513,0xf,False,0x0
1783146021.980,1106,1106,238302,4,1,-16,-60,-50,1032,0,0,1,101325,2500,7305,500,0xf,False,0x0
1783146022.180,1107,1107,238502,4,1,-18,2,-23,921,-3,3,5,101325,2500,7305,503,0xf,False,0x0
1783146022.408,1108,1108,238730,4,1,-1,25,49,1080,3,-3,3,101325,2500,7305,492,0xf,False,0x0
1783146022.609,1109,1109,238931,4,1,8,46,9,1058,3,0,1,101325,2500,7305,504,0xf,False,0x0
1783146022.834,1110,1110,239156,4,1,-14,-35,36,913,-3,3,-1,101325,2500,7305,500,0xf,False,0x0
1783146023.034,1111,1111,239356,4,1,-16,-22,-32,1006,3,-4,3,101325,2500,7305,487,0xf,False,0x0
1783146023.264,1112,1112,239586,4,1,-4,39,25,1069,0,-3,2,101325,2500,7305,496,0xf,False,0x0
1783146023.476,1113,1113,239798,4,1,-17,-17,-7,855,2,1,5,101325,2500,7305,491,0xf,False,0x0
1783146023.904,1115,1115,240226,4,1,-3,-32,4,942,2,0,0,101325,2500,7304,492,0xf,False,0x0
1783146024.105,1116,1116,240426,4,1,-13,-27,49,1040,1,-4,2,101325,2500,7304,499,0xf,False,0x0
1783146024.317,1117,1117,240639,4,1,18,-9,9,1025,3,1,-2,101325,2500,7304,510,0xf,False,0x0
1783146024.518,1118,1118,240840,4,1,9,-40,-23,1049,5,-2,-5,101325,2500,7304,494,0xf,False,0x0
1783146024.719,1119,1119,241041,4,1,14,12,18,927,3,1,5,101325,2500,7304,511,0xf,False,0x0
1783146024.919,1120,1120,241241,4,1,12,29,-45,1009,5,-4,2,101325,2500,7304,489,0xf,False,0x0
1783146025.122,1121,1121,241443,4,1,-10,36,30,993,5,3,-3,101325,2500,7304,519,0xf,False,0x0
1783146025.322,1122,1122,241644,4,1,17,-29,-60,873,-1,5,2,101325,2500,7304,497,0xf,False,0x0
1783146025.562,1123,1123,241884,4,1,18,-57,-47,945,-2,4,-2,101325,2500,7304,490,0xf,False,0x0
1783146025.763,1124,1124,242085,4,1,11,8,39,1026,2,1,5,101325,2500,7304,490,0xf,False,0x0
1783146025.982,1125,1125,242304,4,1,5,-35,19,1059,5,3,4,101325,2500,7304,518,0xf,False,0x0
1783146026.191,1126,1126,242512,4,1,-12,-38,-25,1001,0,5,3,101325,2500,7303,497,0xf,False,0x0
1783146026.391,1127,1127,242713,4,1,0,23,58,1074,0,2,3,101325,2500,7303,506,0xf,False,0x0
1783146026.610,1128,1128,242932,4,1,9,-15,44,931,-5,-2,1,101325,2500,7303,485,0xf,False,0x0
1783146026.811,1129,1129,243133,4,1,1,-35,-47,879,-2,-1,-4,101325,2500,7303,517,0xf,False,0x0
1783146027.024,1130,1130,243346,4,1,1,12,-9,1088,-4,-5,1,101325,2500,7303,485,0xf,False,0x0
1783146027.225,1131,1131,243547,4,1,-1,57,55,1055,2,-5,5,101325,2500,7303,518,0xf,False,0x0
1783146027.627,1133,1133,243948,4,1,-20,25,-9,1055,-4,4,3,101325,2500,7303,482,0xf,False,0x0
1783146027.827,1134,1134,244149,4,1,-2,52,48,1062,4,-3,-3,101325,2500,7303,511,0xf,False,0x0
1783146028.234,1136,1136,244556,4,1,15,5,2,1054,4,3,-1,101325,2500,7303,487,0xf,False,0x0
1783146028.435,1137,1137,244757,4,1,5,-59,-31,1124,5,-5,2,101325,2500,7303,519,0xf,False,0x0
1783146028.659,1138,1138,244981,4,1,20,-34,34,1056,-2,-5,-4,101325,2500,7303,496,0xf,False,0x0
1783146028.859,1139,1139,245181,4,1,16,13,-8,1135,-4,-5,-5,101325,2500,7302,510,0xf,False,0x0
1783146029.100,1140,1140,245422,4,1,-11,57,-19,930,-4,2,-5,101325,2500,7302,511,0xf,False,0x0
1783146029.300,1141,1141,245622,4,1,6,41,-58,1060,-1,1,4,101325,2500,7302,482,0xf,False,0x0
1783146029.531,1142,1142,245853,4,1,-16,-28,-4,1105,2,4,-3,101325,2500,7302,492,0xf,False,0x0
1783146029.732,1143,1143,246053,4,1,15,39,59,978,-5,-2,-2,101325,2500,7302,509,0xf,False,0x0
1783146029.965,1144,1144,246287,4,1,-13,20,-8,943,-4,5,-1,101325,2500,7302,482,0xf,False,0x0
1783146030.166,1145,1145,246487,4,1,6,56,-6,962,5,-1,-5,101325,2500,7302,482,0xf,False,0x0
1783146030.406,1146,1146,246728,4,1,15,24,-27,1051,4,-3,5,101325,2500,7302,497,0xf,False,0x0
1783146030.606,1147,1147,246928,4,1,-14,29,8,950,4,5,-1,101325,2500,7302,520,0xf,False,0x0
1783146030.854,1148,1148,247175,4,1,8,-20,-2,1019,-1,0,0,101325,2500,7302,487,0xf,False,0x0
1783146031.054,1149,1149,247376,4,1,-11,48,49,912,-1,2,-2,101325,2500,7302,516,0xf,False,0x0
1783146031.294,1150,1150,247616,4,1,-7,16,11,915,5,2,5,101325,2500,7301,487,0xf,False,0x0
1783146031.495,1151,1151,247817,4,1,-5,-39,36,920,5,1,-4,101325,2500,7301,505,0xf,False,0x0
1783146031.747,1152,1152,248069,4,1,-15,14,44,1080,3,-2,-1,101325,2500,7301,490,0xf,False,0x0
1783146031.947,1153,1153,248269,4,1,-15,-16,27,1030,-4,4,3,101325,2500,7301,518,0xf,False,0x0
1783146032.183,1154,1154,248505,4,1,15,54,39,876,-4,3,-2,101325,2500,7301,504,0xf,False,0x0
1783146032.384,1155,1155,248706,4,1,-16,47,-39,983,2,3,2,101325,2500,7301,505,0xf,False,0x0
1783146032.627,1156,1156,248949,4,1,-1,44,-3,1025,0,-1,-1,101325,2500,7301,488,0xf,False,0x0
1783146032.827,1157,1157,249149,4,1,-19,36,49,907,0,4,5,101325,2500,7301,497,0xf,False,0x0
1783146033.063,1158,1158,249385,4,1,17,-21,-18,946,4,3,1,101325,2500,7301,484,0xf,False,0x0
1783146033.263,1159,1159,249585,4,1,-13,37,35,1012,0,5,-1,101325,2500,7301,502,0xf,False,0x0
1783146033.497,1160,1160,249819,4,1,-15,-49,-1,989,0,3,-5,101325,2500,7301,514,0xf,False,0x0
1783146033.698,1161,1161,250020,4,1,10,-3,-45,1112,-2,0,-1,101325,2500,7300,503,0xf,False,0x0
1783146033.927,1162,1162,250249,4,1,-11,46,54,1089,2,-4,3,101325,2500,7300,491,0xf,False,0x0
1783146034.130,1163,1163,250452,4,1,-19,-45,51,982,-4,1,4,101325,2500,7300,493,0xf,False,0x0
1783146034.331,1164,1164,250653,4,1,-12,4,-3,1082,-4,0,-5,101325,2500,7300,508,0xf,False,0x0
1783146034.579,1165,1165,250900,4,1,17,46,43,1040,-2,-3,-1,101325,2500,7300,492,0xf,False,0x0
1783146034.779,1166,1166,251101,4,1,-19,53,-5,1047,-5,2,5,101325,2500,7300,508,0xf,False,0x0
1783146035.017,1167,1167,251339,4,1,20,-9,-28,993,-3,-3,-1,101325,2500,7300,497,0xf,False,0x0
1783146035.217,1168,1168,251539,4,1,4,57,-25,1072,-4,1,0,101325,2500,7300,506,0xf,False,0x0
1783146035.468,1169,1169,251789,4,1,1,-60,-58,917,2,-5,-4,101325,2500,7300,519,0xf,False,0x0
1783146035.668,1170,1170,251990,4,1,-9,15,-37,923,3,-1,1,101325,2500,7300,515,0xf,False,0x0
1783146035.922,1171,1171,252244,4,1,-6,-28,39,1037,2,-4,-2,101325,2500,7300,497,0xf,False,0x0
1783146036.122,1172,1172,252444,4,1,0,-27,-42,1080,5,3,2,101325,2500,7300,490,0xf,False,0x0
1783146036.385,1173,1173,252707,4,1,3,31,51,1027,4,4,0,101325,2500,7299,505,0xf,False,0x0
1783146036.586,1174,1174,252908,4,1,3,-36,-12,1067,2,-2,-1,101325,2500,7299,487,0xf,False,0x0
1783146036.853,1175,1175,253175,4,1,10,-31,34,929,3,-1,-2,101325,2500,7299,517,0xf,False,0x0
1783146037.053,1176,1176,253375,4,1,12,-1,6,994,-2,5,1,101325,2500,7299,501,0xf,False,0x0
1783146037.287,1177,1177,253609,4,1,-2,-49,36,978,-5,5,4,101325,2500,7299,504,0xf,False,0x0
1783146037.488,1178,1178,253809,4,1,18,56,-44,1064,-5,-5,-5,101325,2500,7299,487,0xf,False,0x0
1783146037.718,1179,1179,254039,4,1,-20,53,-19,1045,5,-3,0,101325,2500,7299,499,0xf,False,0x0
1783146037.918,1180,1180,254240,4,1,-5,-37,41,1065,1,5,0,101325,2500,7299,486,0xf,False,0x0
1783146038.167,1181,1181,254489,4,1,-14,-60,-18,1013,4,1,-1,101325,2500,7299,500,0xf,False,0x0
1783146038.368,1182,1182,254689,4,1,-13,16,35,917,3,3,-2,101325,2500,7299,485,0xf,False,0x0
1783146038.568,1183,1183,254890,4,1,-2,-34,-12,981,-3,0,5,101325,2500,7299,486,0xf,False,0x0
1783146038.768,1184,1184,255090,4,1,-17,15,36,1076,4,3,1,101325,2500,7298,489,0xf,False,0x0
1783146038.971,1185,1185,255292,4,1,-20,22,-26,1006,-3,-1,-3,101325,2500,7298,510,0xf,False,0x0
1783146039.431,1187,1187,255753,4,1,17,-24,-58,1076,4,5,1,101325,2500,7298,499,0xf,False,0x0
1783146039.632,1188,1188,255954,4,1,-14,56,-59,1077,-2,1,2,101325,2500,7298,516,0xf,False,0x0
1783146039.839,1189,1189,256161,4,1,-20,17,57,949,-5,-5,-2,101325,2500,7298,502,0xf,False,0x0
1783146040.039,1190,1190,256361,4,1,-8,-38,57,980,-4,5,2,101325,2500,7298,520,0xf,False,0x0
1783146040.244,1191,1191,256566,4,1,0,59,43,1026,0,-2,-4,101325,2500,7298,499,0xf,False,0x0
1783146040.445,1192,1192,256766,4,1,10,-47,-42,1022,0,2,4,101325,2500,7298,483,0xf,False,0x0
1783146040.661,1193,1193,256983,4,1,-20,-60,46,868,4,-2,1,101325,2500,7298,508,0xf,False,0x0
1783146040.861,1194,1194,257183,4,1,-2,-29,27,1076,-4,0,-3,101325,2500,7298,511,0xf,False,0x0
1783146041.098,1195,1195,257420,4,1,20,-60,20,975,4,1,3,101325,2500,7298,485,0xf,False,0x0
1783146041.299,1196,1196,257620,4,1,3,49,-23,930,0,-5,1,101325,2500,7297,508,0xf,False,0x0
1783146041.509,1197,1197,257831,4,1,2,35,-20,930,5,-3,0,101325,2500,7297,506,0xf,False,0x0
1783146041.710,1198,1198,258032,4,1,-16,-58,-11,1025,4,4,5,101325,2500,7297,481,0xf,False,0x0
1783146041.961,1199,1199,258283,4,1,-10,-59,-43,1055,-3,-5,5,101325,2500,7297,503,0xf,False,0x0
1783146042.181,1200,1200,258503,4,1,4,-53,-27,984,-3,2,-1,101325,2500,7297,483,0xf,False,0x0
1783146042.382,1201,1201,258704,4,1,0,-50,34,1056,4,-1,-4,101325,2500,7297,519,0xf,False,0x0
1783146042.783,1203,1203,259105,4,1,-19,-15,-43,892,-3,-1,3,101325,2500,7297,489,0xf,False,0x0
1783146043.011,1204,1204,259333,4,1,-15,2,2,972,-3,0,-2,101325,2500,7297,510,0xf,False,0x0
1783146043.211,1205,1205,259533,4,1,-19,1,57,1046,3,-3,-4,101325,2500,7297,518,0xf,False,0x0
1783146043.463,1206,1206,259784,4,1,-11,18,6,1061,-2,-2,-2,101325,2500,7297,513,0xf,False,0x0
1783146043.663,1207,1207,259985,4,1,0,16,-4,1006,-4,2,-1,101325,2500,7297,482,0xf,False,0x0
1783146043.902,1208,1208,260224,4,1,-17,32,60,925,2,4,-4,101325,2500,7296,510,0xf,False,0x0
1783146044.105,1209,1209,260426,4,1,-4,13,50,981,0,-5,3,101325,2500,7296,513,0xf,False,0x0
1783146044.367,1210,1210,260689,4,1,3,-9,44,1098,3,1,-5,101325,2500,7296,512,0xf,False,0x0
1783146044.568,1211,1211,260889,4,1,-8,-57,-39,1060,-2,-4,0,101325,2500,7296,482,0xf,False,0x0
1783146044.791,1212,1212,261113,4,1,13,-4,56,926,-4,-5,-5,101325,2500,7296,516,0xf,False,0x0
1783146044.991,1213,1213,261313,4,1,12,25,34,1076,-2,5,-4,101325,2500,7296,520,0xf,False,0x0
1783146045.240,1214,1214,261561,4,1,-18,58,-26,1026,-2,1,1,101325,2500,7296,490,0xf,False,0x0
1783146045.440,1215,1215,261762,4,1,14,45,-49,1123,5,-2,3,101325,2500,7296,483,0xf,False,0x0
1783146045.690,1216,1216,262012,4,1,2,-22,-19,1031,0,-5,-5,101325,2500,7296,503,0xf,False,0x0
1783146045.890,1217,1217,262212,4,1,-5,-25,43,865,-1,2,5,101325,2500,7296,508,0xf,False,0x0
1783146046.130,1218,1218,262452,4,1,5,40,-24,920,-2,-1,1,101325,2500,7296,499,0xf,False,0x0
1783146046.330,1219,1219,262652,4,1,8,34,-12,1147,1,1,5,101325,2500,7295,517,0xf,False,0x0
1783146046.600,1220,1220,262922,4,1,-11,60,23,1102,1,-1,5,101325,2500,7295,505,0xf,False,0x0
1783146046.801,1221,1221,263122,4,1,6,13,51,1099,4,-1,-2,101325,2500,7295,508,0xf,False,0x0
1783146047.057,1222,1222,263379,4,1,8,25,-54,981,-2,5,-4,101325,2500,7295,481,0xf,False,0x0
1783146047.257,1223,1223,263579,4,1,14,-43,-34,1083,3,2,3,101325,2500,7295,504,0xf,False,0x0
1783146047.514,1224,1224,263836,4,1,-3,-58,38,963,5,1,-1,101325,2500,7295,514,0xf,False,0x0
1783146047.714,1225,1225,264036,4,1,-12,-59,8,1009,-1,-2,5,101325,2500,7295,507,0xf,False,0x0
1783146047.915,1226,1226,264236,4,1,-10,-54,-59,912,1,0,-3,101325,2500,7295,515,0xf,False,0x0
1783146048.115,1227,1227,264437,4,1,-1,23,-19,970,-4,4,1,101325,2500,7295,515,0xf,False,0x0
1783146048.342,1228,1228,264664,4,1,-15,17,-7,985,-1,-4,0,101325,2500,7295,514,0xf,False,0x0
1783146048.543,1229,1229,264865,4,1,-16,54,-23,859,0,-3,5,101325,2500,7295,510,0xf,False,0x0
1783146048.804,1230,1230,265126,4,1,0,-26,50,868,3,1,3,101325,2500,7294,508,0xf,False,0x0
1783146049.004,1231,1231,265326,4,1,-18,47,-37,1120,-3,-2,5,101325,2500,7294,484,0xf,False,0x0
1783146049.250,1232,1232,265572,4,1,1,-12,44,1047,2,2,5,101325,2500,7294,492,0xf,False,0x0
1783146049.451,1233,1233,265773,4,1,16,-24,38,838,3,-1,-4,101325,2500,7294,482,0xf,False,0x0
1783146049.724,1234,1234,266046,4,1,18,-9,23,1041,-5,2,1,101325,2500,7294,515,0xf,False,0x0
1783146049.925,1235,1235,266246,4,1,-1,28,-49,972,-4,2,5,101325,2500,7294,497,0xf,False,0x0
1783146050.178,1236,1236,266499,4,1,-4,-48,-40,974,0,3,-5,101325,2500,7294,506,0xf,False,0x0
1783146050.378,1237,1237,266700,4,1,11,32,16,1127,-2,-5,-3,101325,2500,7294,511,0xf,False,0x0
1783146050.622,1238,1238,266944,4,1,-8,12,20,955,-2,3,-3,101325,2500,7294,515,0xf,False,0x0
1783146051.031,1240,1240,267353,4,1,-18,38,21,867,2,-3,-1,101325,2500,7294,499,0xf,False,0x0
1783146051.231,1241,1241,267553,4,1,3,-41,-7,993,2,-3,-1,101325,2500,7293,486,0xf,False,0x0
1783146051.432,1242,1242,267754,4,1,-11,19,-45,917,-2,-4,0,101325,2500,7293,510,0xf,False,0x0
1783146051.632,1243,1243,267954,4,1,2,-60,-2,1080,-5,3,4,101325,2500,7293,519,0xf,False,0x0
1783146051.857,1244,1244,268179,4,1,-11,-45,53,1157,0,5,4,101325,2500,7293,485,0xf,False,0x0
1783146052.058,1245,1245,268380,4,1,-4,4,25,982,-4,-1,2,101325,2500,7293,493,0xf,False,0x0
1783146052.286,1246,1246,268608,4,1,-10,-49,-11,883,1,4,1,101325,2500,7293,484,0xf,False,0x0
1783146052.487,1247,1247,268809,4,1,4,-30,27,978,-2,-3,0,101325,2500,7293,515,0xf,False,0x0
1783146052.729,1248,1248,269050,4,1,-13,-59,3,1112,0,-3,0,101325,2500,7293,513,0xf,False,0x0
1783146052.929,1249,1249,269251,4,1,-11,-16,19,1024,-1,3,4,101325,2500,7293,497,0xf,False,0x0
1783146053.161,1250,1250,269483,4,1,3,2,32,871,5,-3,-1,101325,2500,7293,515,0xf,False,0x0
1783146053.362,1251,1251,269684,4,1,17,41,-45,1029,2,-3,-4,101325,2500,7293,505,0xf,False,0x0
1783146053.615,1252,1252,269937,4,1,1,-1,50,954,2,-3,1,101325,2500,7293,489,0xf,False,0x0
1783146053.816,1253,1253,270138,4,1,15,49,8,1033,0,-4,4,101325,2500,7292,504,0xf,False,0x0
1783146054.096,1254,1254,270418,4,1,17,-7,60,946,-3,-5,2,101325,2500,7292,494,0xf,False,0x0
1783146054.297,1255,1255,270618,4,1,20,58,-10,1048,5,-1,-1,101325,2500,7292,491,0xf,False,0x0
1783146054.542,1256,1256,270864,4,1,11,-32,59,1144,-2,2,3,101325,2500,7292,499,0xf,False,0x0
1783146054.806,1257,1257,271128,4,1,-10,23,-48,1019,-5,-2,2,101325,2500,7292,486,0xf,False,0x0
1783146055.006,1258,1258,271328,4,1,-6,44,-13,1143,4,2,-2,101325,2500,7292,510,0xf,False,0x0
1783146055.211,1259,1259,271532,4,1,-18,-4,-53,840,5,3,1,101325,2500,7292,520,0xf,False,0x0
1783146055.411,1260,1260,271733,4,1,3,16,-53,892,0,-1,-3,101325,2500,7292,514,0xf,False,0x0
1783146055.618,1261,1261,271940,4,1,-5,-44,52,967,-2,-5,1,101325,2500,7292,482,0xf,False,0x0
1783146055.819,1262,1262,272140,4,1,-2,-26,57,913,-2,5,0,101325,2500,7292,507,0xf,False,0x0
1783146056.022,1263,1263,272344,4,1,-9,-48,-47,914,-2,-4,3,101325,2500,7292,480,0xf,False,0x0
1783146056.223,1264,1264,272544,4,1,14,34,-19,883,-2,0,5,101325,2500,7291,502,0xf,False,0x0
1783146056.624,1266,1266,272945,4,1,-1,35,-6,972,3,-5,-3,101325,2500,7291,501,0xf,False,0x0
1783146056.824,1267,1267,273146,4,1,-5,54,-48,949,5,-2,2,101325,2500,7291,519,0xf,False,0x0
1783146057.025,1268,1268,273346,4,1,1,-53,-38,1018,-5,-3,-1,101325,2500,7291,492,0xf,False,0x0
1783146057.255,1269,1269,273577,4,1,0,-58,-9,902,4,-2,-3,101325,2500,7291,515,0xf,False,0x0
1783146057.455,1270,1270,273777,4,1,3,23,52,854,2,-2,-3,101325,2500,7291,510,0xf,False,0x0
1783146057.717,1271,1271,274039,4,1,18,-7,10,847,1,4,-1,101325,2500,7291,485,0xf,False,0x0
1783146057.917,1272,1272,274239,4,1,17,-57,-18,1104,5,-4,3,101325,2500,7291,485,0xf,False,0x0
1783146058.143,1273,1273,274465,4,1,-10,-24,-29,1021,1,-3,-4,101325,2500,7291,499,0xf,False,0x0
1783146058.344,1274,1274,274665,4,1,13,2,-28,890,5,-4,-4,101325,2500,7291,518,0xf,False,0x0
1783146058.545,1275,1275,274867,4,1,4,-35,-24,1135,5,3,-3,101325,2500,7291,520,0xf,False,0x0
1783146058.745,1276,1276,275067,4,1,-19,43,-28,1148,0,5,-4,101325,2500,7290,481,0xf,False,0x0
1783146058.965,1277,1277,275287,4,1,-1,5,-6,969,-1,-2,-3,101325,2500,7290,481,0xf,False,0x0
1783146059.166,1278,1278,275487,4,1,-15,35,30,1072,-2,1,-2,101325,2500,7290,490,0xf,False,0x0
1783146059.381,1279,1279,275703,4,1,14,-1,53,1048,3,2,-1,101325,2500,7290,488,0xf,False,0x0
1783146059.582,1280,1280,275904,4,1,16,33,57,968,-4,-1,1,101325,2500,7290,514,0xf,False,0x0
1783146059.918,1281,1281,276240,4,1,-13,-46,30,1007,2,-5,4,101325,2500,7290,517,0xf,False,0x0
1783146060.133,1282,1282,276455,4,1,14,31,59,1071,-2,-1,1,101325,2500,7290,502,0xf,False,0x0
1783146060.333,1283,1283,276655,4,1,4,-30,-55,1069,-2,-5,1,101325,2500,7290,494,0xf,False,0x0
1783146060.534,1284,1284,276856,4,1,2,28,-13,1071,0,0,5,101325,2500,7290,507,0xf,False,0x0
1783146060.735,1285,1285,277056,4,1,-16,20,-3,1109,4,3,-4,101325,2500,7290,482,0xf,False,0x0
1783146060.939,1286,1286,277260,4,1,-10,-38,-43,1028,-5,-3,-2,101325,2500,7290,500,0xf,False,0x0
1783146061.139,1287,1287,277461,4,1,2,-36,32,896,3,2,-2,101325,2500,7290,495,0xf,False,0x0
1783146061.340,1288,1288,277662,4,1,-18,37,56,1080,1,-3,-5,101325,2500,7289,489,0xf,False,0x0
1783146061.961,1291,1291,278283,4,1,10,-6,2,1033,0,1,2,101325,2500,7289,520,0xf,False,0x0
1783146062.192,1292,1292,278514,4,1,-8,29,31,1014,5,0,0,101325,2500,7289,480,0xf,False,0x0
1783146062.392,1293,1293,278714,4,1,-14,3,-53,897,5,0,4,101325,2500,7289,520,0xf,False,0x0
1783146062.623,1294,1294,278945,4,1,-18,-45,6,980,-1,-1,-1,101325,2500,7289,511,0xf,False,0x0
1783146062.823,1295,1295,279145,4,1,-7,-54,-5,1053,-2,-3,-5,101325,2500,7289,491,0xf,False,0x0
1783146063.084,1296,1296,279406,4,1,-10,13,14,995,-1,-3,0,101325,2500,7289,517,0xf,False,0x0
1783146063.285,1297,1297,279606,4,1,12,39,-42,942,4,3,1,101325,2500,7289,481,0xf,False,0x0
1783146063.514,1298,1298,279835,4,1,-15,1,-1,1051,-4,-3,3,101325,2500,7289,489,0xf,False,0x0
1783146063.714,1299,1299,280036,4,1,-14,-26,21,986,1,-4,-1,101325,2500,7288,502,0xf,False,0x0
1783146063.944,1300,1300,280266,4,1,19,1,-56,981,-5,1,-5,101325,2500,7288,509,0xf,False,0x0
1783146064.182,1301,1301,280504,4,1,-5,53,53,845,3,5,2,101325,2500,7288,502,0xf,False,0x0
1783146064.382,1302,1302,280704,4,1,5,18,-7,961,-2,-1,3,101325,2500,7288,493,0xf,False,0x0
1783146064.583,1303,1303,280904,4,1,-6,9,25,954,0,-2,4,101325,2500,7288,520,0xf,False,0x0
1783146064.798,1304,1304,281120,4,1,-8,-7,-12,912,0,0,-4,101325,2500,7288,517,0xf,False,0x0
1783146064.999,1305,1305,281321,4,1,-15,-26,-57,978,3,1,1,101325,2500,7288,481,0xf,False,0x0
1783146065.200,1306,1306,281522,4,1,15,21,0,998,5,5,-3,101325,2500,7288,509,0xf,False,0x0
1783146065.400,1307,1307,281722,4,1,8,50,48,962,-4,-5,-1,101325,2500,7288,495,0xf,False,0x0
1783146065.634,1308,1308,281956,4,1,-19,-42,6,1098,5,-3,-2,101325,2500,7288,485,0xf,False,0x0
1783146066.066,1310,1310,282388,4,1,19,-12,-38,1119,2,0,5,101325,2500,7288,503,0xf,False,0x0
1783146066.267,1311,1311,282588,4,1,-7,-29,-25,919,3,-4,-2,101325,2500,7287,514,0xf,False,0x0
1783146066.505,1312,1312,282827,4,1,-10,51,57,1015,0,1,0,101325,2500,7287,513,0xf,False,0x0
1783146066.706,1313,1313,283027,4,1,-14,-47,7,1098,-5,0,1,101325,2500,7287,507,0xf,False,0x0
1783146066.947,1314,1314,283269,4,1,8,30,-52,1053,2,-1,1,101325,2500,7287,490,0xf,False,0x0
1783146067.148,1315,1315,283469,4,1,-13,48,23,1022,-5,4,0,101325,2500,7287,485,0xf,False,0x0
1783146067.386,1316,1316,283708,4,1,-9,-59,-57,895,1,1,5,101325,2500,7287,499,0xf,False,0x0
1783146067.586,1317,1317,283908,4,1,16,-9,17,1029,-2,2,-2,101325,2500,7287,498,0xf,False,0x0
1783146067.821,1318,1318,284143,4,1,2,-56,-53,953,-1,2,-5,101325,2500,7287,516,0xf,False,0x0
1783146068.021,1319,1319,284343,4,1,2,30,60,1003,-1,-5,0,101325,2500,7287,507,0xf,False,0x0
1783146068.268,1320,1320,284589,4,1,-11,21,-38,988,-1,5,-2,101325,2500,7287,481,0xf,False,0x0
1783146068.470,1321,1321,284792,4,1,4,-21,-17,1092,1,3,-4,101325,2500,7287,483,0xf,False,0x0
1783146068.672,1322,1322,284994,4,1,0,56,60,884,-1,-1,-5,101325,2500,7287,506,0xf,False,0x0
1783146068.977,1323,1323,285299,4,1,-10,-58,60,1082,-5,4,3,101325,2500,7286,482,0xf,False,0x0
1783146069.216,1324,1324,285538,4,1,12,31,-10,962,-4,-1,-2,101325,2500,7286,518,0xf,False,0x0
1783146069.418,1325,1325,285740,4,1,18,-44,-53,1011,-4,4,-4,101325,2500,7286,495,0xf,False,0x0
1783146069.622,1326,1326,285944,4,1,-20,-6,-53,886,2,-3,-1,101325,2500,7286,511,0xf,False,0x0
1783146070.051,1328,1328,286373,4,1,14,11,51,991,4,3,-4,101325,2500,7286,511,0xf,False,0x0
1783146070.251,1329,1329,286573,4,1,7,55,-25,1084,5,2,2,101325,2500,7286,518,0xf,False,0x0
1783146070.484,1330,1330,286806,4,1,-18,17,34,993,-5,-5,-3,101325,2500,7286,494,0xf,False,0x0
1783146070.685,1331,1331,287007,4,1,6,7,-51,922,1,3,-4,101325,2500,7286,504,0xf,False,0x0
1783146070.898,1332,1332,287220,4,1,-15,29,43,1083,-3,0,3,101325,2500,7286,495,0xf,False,0x0
1783146071.136,1333,1333,287458,4,1,19,-57,47,930,1,-1,-5,101325,2500,7286,492,0xf,False,0x0
1783146071.399,1334,1334,287721,4,1,3,13,-36,935,-5,4,0,101325,2500,7285,511,0xf,False,0x0
1783146071.912,1335,1335,288234,4,1,18,47,4,885,1,1,-1,101325,2500,7285,489,0xf,False,0x0
1783146072.112,1336,1336,288434,4,1,1,33,52,1049,-1,-5,5,101325,2500,7285,504,0xf,False,0x0
1783146072.313,1337,1337,288635,4,1,2,-36,20,992,5,1,-1,101325,2500,7285,511,0xf,False,0x0
1783146072.514,1338,1338,288835,4,1,1,50,-20,887,4,0,-2,101325,2500,7285,498,0xf,False,0x0
1783146072.715,1339,1339,289037,4,1,-7,-27,-24,1054,1,4,5,101325,2500,7285,492,0xf,False,0x0
1783146072.915,1340,1340,289237,4,1,6,35,-6,978,-5,5,3,101325,2500,7285,511,0xf,False,0x0
1783146073.125,1341,1341,289447,4,1,-13,44,31,922,2,4,-4,101325,2500,7285,484,0xf,False,0x0
1783146073.325,1342,1342,289647,4,1,-5,25,11,1101,1,-3,3,101325,2500,7285,510,0xf,False,0x0
1783146073.728,1344,1344,290050,4,1,0,-58,29,1124,-3,-1,2,101325,2500,7284,490,0xf,False,0x0
1783146073.941,1345,1345,290262,4,1,4,27,38,1033,4,1,4,101325,2500,7284,492,0xf,False,0x0
1783146074.141,1346,1346,290463,4,1,12,-13,49,1062,2,-1,-3,101325,2500,7284,501,0xf,False,0x0
1783146074.353,1347,1347,290675,4,1,13,-19,14,932,5,-5,-4,101325,2500,7284,514,0xf,False,0x0
1783146074.554,1348,1348,290876,4,1,4,-36,12,857,3,-3,-5,101325,2500,7284,482,0xf,False,0x0
1783146074.763,1349,1349,291085,4,1,-9,-55,-15,916,-3,-1,0,101325,2500,7284,513,0xf,False,0x0
1783146075.167,1351,1351,291489,4,1,-6,5,50,1138,-2,4,2,101325,2500,7284,501,0xf,False,0x0
1783146075.368,1352,1352,291690,4,1,-6,6,2,1048,-2,4,0,101325,2500,7284,515,0xf,False,0x0
1783146075.568,1353,1353,291890,4,1,4,-28,26,951,-5,-4,3,101325,2500,7284,484,0xf,False,0x0
1783146075.769,1354,1354,292091,4,1,4,-16,-34,1040,4,1,5,101325,2500,7284,497,0xf,False,0x0
1783146075.970,1355,1355,292292,4,1,-4,54,31,925,-2,-3,-5,101325,2500,7284,513,0xf,False,0x0
1783146076.170,1356,1356,292492,4,1,-9,36,-26,1053,-4,-5,-5,101325,2500,7284,490,0xf,False,0x0
1783146076.391,1357,1357,292713,4,1,5,29,33,1080,-1,2,4,101325,2500,7283,513,0xf,False,0x0
1783146076.591,1358,1358,292913,4,1,-12,51,-14,1070,2,1,4,101325,2500,7283,496,0xf,False,0x0
1783146076.837,1359,1359,293159,4,1,-16,55,12,1080,-5,3,-5,101325,2500,7283,513,0xf,False,0x0
1783146077.037,1360,1360,293359,4,1,15,-42,1,991,3,0,-3,101325,2500,7283,490,0xf,False,0x0
1783146077.440,1362,1362,293762,4,1,-12,-49,-58,1064,-3,-2,0,101325,2500,7283,491,0xf,False,0x0
1783146077.641,1363,1363,293963,4,1,7,-7,-54,963,3,5,1,101325,2500,7283,505,0xf,False,0x0
1783146077.849,1364,1364,294171,4,1,-18,-34,-3,1103,-5,2,2,101325,2500,7283,505,0xf,False,0x0
1783146078.049,1365,1365,294371,4,1,-8,34,31,903,-1,-3,2,101325,2500,7283,519,0xf,False,0x0
1783146078.452,1367,1367,294773,4,1,-13,47,-30,1038,3,-5,-3,101325,2500,7283,501,0xf,False,0x0
1783146078.652,1368,1368,294974,4,1,-9,-33,52,1045,2,0,0,101325,2500,7283,517,0xf,False,0x0
1783146078.853,1369,1369,295175,4,1,7,18,30,977,-3,4,3,101325,2500,7282,508,0xf,False,0x0
1783146079.073,1370,1370,295395,4,1,-5,44,-3,1031,0,-1,3,101325,2500,7282,512,0xf,False,0x0
1783146079.274,1371,1371,295596,4,1,9,-51,-5,1067,1,5,-4,101325,2500,7282,504,0xf,False,0x0
1783146079.495,1372,1372,295817,4,1,9,-3,-17,1043,4,0,3,101325,2500,7282,483,0xf,False,0x0
1783146079.695,1373,1373,296017,4,1,-4,-16,8,1148,-2,-2,0,101325,2500,7282,518,0xf,False,0x0
1783146080.114,1375,1375,296436,4,1,-12,-8,51,1051,4,5,-4,101325,2500,7282,509,0xf,False,0x0
1783146080.342,1376,1376,296663,4,1,-8,60,-22,1017,2,2,3,101325,2500,7282,504,0xf,False,0x0
1783146080.542,1377,1377,296864,4,1,9,25,4,1040,3,-3,5,101325,2500,7282,496,0xf,False,0x0
1783146080.771,1378,1378,297093,4,1,-1,44,-57,933,1,5,-5,101325,2500,7282,504,0xf,False,0x0
1783146080.972,1379,1379,297294,4,1,-1,-53,37,1139,1,3,-4,101325,2500,7282,515,0xf,False,0x0
1783146081.712,1380,1380,298034,4,1,8,18,-35,926,2,-1,-5,101325,2500,7281,500,0xf,False,0x0
1783146081.922,1381,1381,298244,4,1,-16,29,54,936,3,1,0,101325,2500,7281,483,0xf,False,0x0
1783146082.123,1382,1382,298444,4,1,-4,-16,-11,1006,-1,-2,0,101325,2500,7281,489,0xf,False,0x0
1783146082.536,1384,1384,298857,4,1,-6,39,-40,1113,3,4,4,101325,2500,7281,504,0xf,False,0x0
1783146082.742,1385,1385,299064,4,1,-19,27,-5,1043,2,-2,-5,101325,2500,7281,493,0xf,False,0x0
1783146082.943,1386,1386,299265,4,1,5,-18,-52,1005,-5,-3,1,101325,2500,7281,498,0xf,False,0x0
1783146083.152,1387,1387,299473,4,1,-7,12,60,932,-5,3,4,101325,2500,7281,501,0xf,False,0x0
1783146083.352,1388,1388,299674,4,1,14,-54,35,958,-5,-3,-3,101325,2500,7281,503,0xf,False,0x0
1783146083.557,1389,1389,299879,4,1,18,-33,47,949,-4,3,-5,101325,2500,7281,515,0xf,False,0x0
1783146083.757,1390,1390,300079,4,1,1,-9,51,859,4,3,5,101325,2500,7280,517,0xf,False,0x0
1783146083.958,1391,1391,300280,4,1,20,-35,59,947,0,3,4,101325,2500,7280,515,0xf,False,0x0
1783146084.194,1392,1392,300516,4,1,-7,24,-58,940,2,-5,-3,101325,2500,7280,490,0xf,False,0x0
1783146084.394,1393,1393,300716,4,1,1,-11,-21,938,-2,5,-2,101325,2500,7280,509,0xf,False,0x0
1783146084.595,1394,1394,300917,4,1,8,-54,46,861,-1,4,3,101325,2500,7280,502,0xf,False,0x0
1783146084.796,1395,1395,301117,4,1,14,-2,-2,1066,0,-5,-3,101325,2500,7280,495,0xf,False,0x0
1783146084.996,1396,1396,301318,4,1,-1,19,-30,895,-1,0,-2,101325,2500,7280,507,0xf,False,0x0
1783146085.197,1397,1397,301519,4,1,2,-23,36,1094,-2,0,0,101325,2500,7280,506,0xf,False,0x0
1783146085.620,1399,1399,301942,4,1,-20,31,-58,962,2,-4,-3,101325,2500,7280,487,0xf,False,0x0
1783146085.843,1400,1400,302165,4,1,20,-42,49,984,-5,-3,5,101325,2500,7280,516,0xf,False,0x0
1783146086.044,1401,1401,302365,4,1,13,18,-26,1069,4,2,3,101325,2500,7280,497,0xf,False,0x0
1783146086.505,1403,1403,302826,4,1,14,-46,-37,896,-3,3,-4,101325,2500,7279,516,0xf,False,0x0
1783146086.712,1404,1404,303034,4,1,-8,46,37,890,0,5,-2,101325,2500,7279,515,0xf,False,0x0
1783146086.912,1405,1405,303234,4,1,20,-15,27,1075,4,-1,0,101325,2500,7279,501,0xf,False,0x0
1783146087.387,1407,1407,303709,4,1,8,20,-5,1143,-3,-4,1,101325,2500,7279,488,0xf,False,0x0
1783146087.588,1408,1408,303909,4,1,-15,-17,-17,855,-3,1,-5,101325,2500,7279,511,0xf,False,0x0
1783146087.788,1409,1409,304110,4,1,-11,15,16,965,2,5,-2,101325,2500,7279,496,0xf,False,0x0
1783146088.004,1410,1410,304326,4,1,3,42,37,910,-3,3,3,101325,2500,7279,518,0xf,False,0x0
1783146088.204,1411,1411,304526,4,1,12,34,16,955,-4,-1,0,101325,2500,7279,504,0xf,False,0x0
1783146088.465,1412,1412,304787,4,1,10,-47,15,960,4,-5,-1,101325,2500,7279,493,0xf,False,0x0
1783146088.666,1413,1413,304987,4,1,-8,59,16,1021,-1,-5,4,101325,2500,7279,502,0xf,False,0x0
1783146088.901,1414,1414,305222,4,1,19,31,-41,872,-1,-5,0,101325,2500,7278,496,0xf,False,0x0
1783146089.101,1415,1415,305423,4,1,-20,51,40,866,-1,-5,5,101325,2500,7278,506,0xf,False,0x0
1783146089.306,1416,1416,305628,4,1,19,11,12,1000,-3,-3,-3,101325,2500,7278,515,0xf,False,0x0
1783146089.507,1417,1417,305828,4,1,-4,-9,-47,1044,5,4,5,101325,2500,7278,488,0xf,False,0x0
1783146089.737,1418,1418,306059,4,1,-19,-35,38,1027,-5,-4,-3,101325,2500,7278,499,0xf,False,0x0
1783146089.937,1419,1419,306259,4,1,-17,12,29,1101,4,3,0,101325,2500,7278,507,0xf,False,0x0
1783146090.244,1420,1420,306566,4,1,-8,44,24,1049,5,0,4,101325,2500,7278,500,0xf,False,0x0
1783146090.445,1421,1421,306766,4,1,20,45,-25,919,4,3,5,101325,2500,7278,492,0xf,False,0x0
1783146090.707,1422,1422,307029,4,1,6,59,-16,954,5,0,0,101325,2500,7278,482,0xf,False,0x0
1783146090.908,1423,1423,307230,4,1,1,54,-5,905,0,-1,-2,101325,2500,7278,512,0xf,False,0x0
1783146091.157,1424,1424,307479,4,1,5,43,-2,1026,5,1,2,101325,2500,7278,509,0xf,False,0x0
1783146091.770,1425,1425,308091,4,1,-12,-57,22,895,5,4,1,101325,2500,7277,498,0xf,False,0x0
1783146091.970,1426,1426,308292,4,1,-12,12,-33,918,0,3,3,101325,2500,7277,486,0xf,False,0x0
1783146092.285,1427,1427,308607,4,1,16,22,-57,885,2,1,-2,101325,2500,7277,489,0xf,False,0x0
1783146092.494,1428,1428,308816,4,1,9,-6,-9,882,3,4,4,101325,2500,7277,505,0xf,False,0x0
1783146092.723,1429,1429,309045,4,1,-15,41,-10,1030,0,-4,2,101325,2500,7277,513,0xf,False,0x0
1783146092.923,1430,1430,309245,4,1,-20,9,26,963,3,-1,-3,101325,2500,7277,499,0xf,False,0x0
1783146093.135,1431,1431,309457,4,1,-15,52,6,991,5,2,3,101325,2500,7277,504,0xf,False,0x0
1783146093.336,1432,1432,309658,4,1,9,27,19,1051,1,-1,4,101325,2500,7277,504,0xf,False,0x0
1783146093.536,1433,1433,309858,4,1,-10,51,-16,898,1,-1,-2,101325,2500,7277,493,0xf,False,0x0
1783146093.782,1434,1434,310104,4,1,-8,-39,33,1056,5,-2,-4,101325,2500,7276,481,0xf,False,0x0
1783146093.983,1435,1435,310305,4,1,-5,-34,-51,1083,-1,-3,2,101325,2500,7276,496,0xf,False,0x0
1783146094.183,1436,1436,310505,4,1,-15,-59,-8,913,-2,-5,3,101325,2500,7276,508,0xf,False,0x0
1783146094.384,1437,1437,310706,4,1,6,27,-36,1067,-1,1,2,101325,2500,7276,482,0xf,False,0x0
1783146094.595,1438,1438,310917,4,1,2,6,24,1024,0,-4,-5,101325,2500,7276,500,0xf,False,0x0
1783146094.795,1439,1439,311117,4,1,1,-16,6,945,-3,-2,4,101325,2500,7276,503,0xf,False,0x0
1783146094.996,1440,1440,311318,4,1,-2,-20,-51,952,0,-5,0,101325,2500,7276,508,0xf,False,0x0
1783146095.260,1441,1441,311582,4,1,1,6,-37,987,5,0,-5,101325,2500,7276,515,0xf,False,0x0
1783146095.460,1442,1442,311782,4,1,-13,21,36,960,-1,3,3,101325,2500,7276,518,0xf,False,0x0
1783146095.677,1443,1443,311999,4,1,17,-6,43,1112,-1,3,1,101325,2500,7276,504,0xf,False,0x0
1783146095.877,1444,1444,312199,4,1,5,28,-16,1042,-2,-4,-3,101325,2500,7276,500,0xf,False,0x0
1783146096.099,1445,1445,312420,4,1,-8,-56,27,1038,5,3,4,101325,2500,7276,482,0xf,False,0x0
1783146096.299,1446,1446,312621,4,1,-5,55,-59,1149,3,1,-4,101325,2500,7275,495,0xf,False,0x0
1783146096.514,1447,1447,312836,4,1,14,-52,-18,1024,-3,-3,2,101325,2500,7275,486,0xf,False,0x0
1783146096.715,1448,1448,313037,4,1,-13,17,-50,948,-2,-2,5,101325,2500,7275,490,0xf,False,0x0
1783146096.915,1449,1449,313237,4,1,-4,-30,-29,1096,1,-2,-2,101325,2500,7275,510,0xf,False,0x0
1783146097.365,1451,1451,313687,4,1,-9,38,-46,887,-3,-5,1,101325,2500,7275,514,0xf,False,0x0
1783146097.572,1452,1452,313894,4,1,-17,25,-49,992,5,2,1,101325,2500,7275,496,0xf,False,0x0
1783146097.772,1453,1453,314094,4,1,-12,0,51,984,0,3,-5,101325,2500,7275,499,0xf,False,0x0
1783146097.974,1454,1454,314295,4,1,10,-42,42,895,-4,2,-4,101325,2500,7275,502,0xf,False,0x0
1783146098.174,1455,1455,314496,4,1,13,-32,60,1010,1,4,1,101325,2500,7275,499,0xf,False,0x0
1783146098.429,1456,1456,314751,4,1,-12,37,-47,1018,3,-2,0,101325,2500,7275,482,0xf,False,0x0
1783146098.629,1457,1457,314951,4,1,2,-1,-2,896,-4,5,3,101325,2500,7275,513,0xf,False,0x0
1783146098.867,1458,1458,315189,4,1,-1,-56,-53,1050,-5,-5,5,101325,2500,7274,504,0xf,False,0x0
1783146099.068,1459,1459,315390,4,1,2,47,6,1087,1,-3,1,101325,2500,7274,499,0xf,False,0x0
1783146099.277,1460,1460,315598,4,1,2,-45,32,1065,4,-2,3,101325,2500,7274,510,0xf,False,0x0
1783146099.477,1461,1461,315799,4,1,-5,10,-57,899,-2,5,-2,101325,2500,7274,487,0xf,False,0x0
1783146099.901,1463,1463,316222,4,1,-3,-10,26,948,-3,-2,3,101325,2500,7274,507,0xf,False,0x0
1783146100.120,1464,1464,316442,4,1,-11,31,55,994,4,2,-5,101325,2500,7274,483,0xf,False,0x0
1783146100.563,1466,1466,316884,4,1,-9,-13,-17,919,-5,-4,-5,101325,2500,7274,499,0xf,False,0x0
1783146100.763,1467,1467,317085,4,1,7,8,23,1054,5,-1,5,101325,2500,7274,507,0xf,False,0x0
1783146100.997,1468,1468,317319,4,1,7,-31,-33,996,4,1,5,101325,2500,7274,512,0xf,False,0x0
1783146101.198,1469,1469,317520,4,1,-2,7,26,1017,1,1,-5,101325,2500,7273,520,0xf,False,0x0
1783146101.408,1470,1470,317730,4,1,-8,23,-3,956,-5,-2,5,101325,2500,7273,497,0xf,False,0x0
1783146101.609,1471,1471,317931,4,1,8,-18,-2,1063,4,2,2,101325,2500,7273,489,0xf,False,0x0
1783146101.823,1472,1472,318145,4,1,1,-57,22,1026,0,-5,-1,101325,2500,7273,508,0xf,False,0x0
1783146102.024,1473,1473,318346,4,1,-8,18,28,1024,0,3,3,101325,2500,7273,489,0xf,False,0x0
1783146102.252,1474,1474,318574,4,1,-10,-32,39,968,5,-2,3,101325,2500,7273,502,0xf,False,0x0
1783146102.682,1476,1476,319004,4,1,-6,51,34,909,-2,-2,1,101325,2500,7273,493,0xf,False,0x0
1783146102.883,1477,1477,319204,4,1,11,-53,-52,1113,3,2,3,101325,2500,7273,496,0xf,False,0x0
1783146103.115,1478,1478,319437,4,1,2,-20,-12,1034,5,-4,1,101325,2500,7273,515,0xf,False,0x0
1783146103.315,1479,1479,319637,4,1,16,12,50,1067,-4,1,-4,101325,2500,7273,483,0xf,False,0x0
1783146103.542,1480,1480,319863,4,1,-4,-50,-37,988,0,2,-1,101325,2500,7273,502,0xf,False,0x0
1783146103.742,1481,1481,320064,4,1,15,45,31,1156,4,-2,2,101325,2500,7272,485,0xf,False,0x0
1783146103.949,1482,1482,320271,4,1,15,-35,48,976,-4,0,0,101325,2500,7272,503,0xf,False,0x0
1783146104.150,1483,1483,320472,4,1,4,-22,-28,1106,2,4,4,101325,2500,7272,496,0xf,False,0x0
1783146104.361,1484,1484,320683,4,1,-20,-54,-5,1127,-4,-5,-2,101325,2500,7272,495,0xf,False,0x0
1783146104.562,1485,1485,320884,4,1,5,23,49,930,4,2,-3,101325,2500,7272,503,0xf,False,0x0
1783146104.784,1486,1486,321105,4,1,-4,-51,60,1004,4,2,-2,101325,2500,7272,487,0xf,False,0x0
1783146104.984,1487,1487,321306,4,1,6,-6,11,868,3,-5,0,101325,2500,7272,491,0xf,False,0x0
1783146105.198,1488,1488,321520,4,1,8,-51,53,966,3,-3,-4,101325,2500,7272,501,0xf,False,0x0
1783146105.399,1489,1489,321721,4,1,-15,-11,-43,950,1,-4,1,101325,2500,7272,515,0xf,False,0x0
1783146105.600,1490,1490,321922,4,1,-7,49,-44,1071,-1,0,2,101325,2500,7272,482,0xf,False,0x0
1783146105.807,1491,1491,322129,4,1,13,45,-58,997,5,-3,0,101325,2500,7272,518,0xf,False,0x0
1783146106.008,1492,1492,322330,4,1,-8,55,41,998,1,-1,-5,101325,2500,7272,519,0xf,False,0x0
1783146106.209,1493,1493,322530,4,1,11,-15,-55,1135,-1,-2,-5,101325,2500,7271,502,0xf,False,0x0
1783146106.409,1494,1494,322731,4,1,-10,-29,-41,1030,-2,4,3,101325,2500,7271,507,0xf,False,0x0
1783146106.619,1495,1495,322941,4,1,7,-26,-18,980,1,1,0,101325,2500,7271,487,0xf,False,0x0
1783146106.828,1496,1496,323150,4,1,20,38,23,1134,-3,-1,-3,101325,2500,7271,499,0xf,False,0x0
1783146107.029,1497,1497,323351,4,1,5,39,-60,888,-1,1,-4,101325,2500,7271,490,0xf,False,0x0
1783146107.239,1498,1498,323561,4,1,8,0,30,1036,-1,2,1,101325,2500,7271,497,0xf,False,0x0
1783146107.673,1500,1500,323995,4,1,7,-8,8,1095,-1,3,-2,101325,2500,7271,487,0xf,False,0x0
1783146107.874,1501,1501,324195,4,1,16,20,-7,1069,-5,4,3,101325,2500,7271,485,0xf,False,0x0
1783146108.103,1502,1502,324425,4,1,-11,13,-53,958,-1,-3,5,101325,2500,7271,498,0xf,False,0x0
1783146108.304,1503,1503,324625,4,1,-6,22,-29,928,3,4,1,101325,2500,7271,520,0xf,False,0x0
1783146108.520,1504,1504,324842,4,1,14,29,-17,960,5,1,5,101325,2500,7271,496,0xf,False,0x0
1783146108.721,1505,1505,325042,4,1,14,-60,-25,891,0,4,-4,101325,2500,7270,519,0xf,False,0x0
1783146108.961,1506,1506,325283,4,1,-6,-41,-11,1109,1,-2,0,101325,2500,7270,519,0xf,False,0x0
1783146109.161,1507,1507,325483,4,1,5,17,-57,964,-2,-1,-5,101325,2500,7270,480,0xf,False,0x0
1783146109.379,1508,1508,325700,4,1,-1,45,-24,927,5,0,-5,101325,2500,7270,516,0xf,False,0x0
1783146109.580,1509,1509,325901,4,1,-6,-60,35,980,4,3,-4,101325,2500,7270,504,0xf,False,0x0
1783146109.799,1510,1510,326121,4,1,-2,-56,42,1069,-2,-2,-3,101325,2500,7270,504,0xf,False,0x0
1783146110.000,1511,1511,326322,4,1,16,-4,-51,1115,-3,1,1,101325,2500,7270,487,0xf,False,0x0
1783146110.216,1512,1512,326538,4,1,12,23,-16,1046,1,-2,5,101325,2500,7270,480,0xf,False,0x0
1783146110.417,1513,1513,326738,4,1,-8,47,5,900,3,1,2,101325,2500,7270,481,0xf,False,0x0
1783146110.631,1514,1514,326953,4,1,-8,-35,31,975,-4,2,-3,101325,2500,7270,490,0xf,False,0x0
1783146110.832,1515,1515,327154,4,1,-5,-4,-30,1037,0,4,1,101325,2500,7270,494,0xf,False,0x0
1783146111.072,1516,1516,327394,4,1,-11,-8,-9,995,-3,-5,-1,101325,2500,7270,506,0xf,False,0x0
1783146111.273,1517,1517,327595,4,1,-6,17,-19,1029,-5,5,4,101325,2500,7269,495,0xf,False,0x0
1783146111.496,1518,1518,327818,4,1,0,5,-40,965,2,2,4,101325,2500,7269,499,0xf,False,0x0
1783146111.697,1519,1519,328019,4,1,19,52,1,965,-3,4,1,101325,2500,7269,489,0xf,False,0x0
1783146111.906,1520,1520,328227,4,1,2,15,5,1112,5,-5,0,101325,2500,7269,483,0xf,False,0x0
1783146112.106,1521,1521,328428,4,1,15,7,-15,1069,-3,5,-3,101325,2500,7269,490,0xf,False,0x0
1783146112.309,1522,1522,328631,4,1,-12,-7,-41,1083,-2,1,-2,101325,2500,7269,499,0xf,False,0x0
1783146112.510,1523,1523,328832,4,1,-11,17,33,1027,-1,5,0,101325,2500,7269,498,0xf,False,0x0
1783146112.758,1524,1524,329079,4,1,14,-50,44,1102,1,-3,-3,101325,2500,7269,497,0xf,False,0x0
1783146112.958,1525,1525,329280,4,1,-4,16,31,905,0,-3,-1,101325,2500,7269,508,0xf,False,0x0
1783146113.186,1526,1526,329508,4,1,10,-4,-57,1069,4,-1,2,101325,2500,7269,518,0xf,False,0x0
1783146113.624,1528,1528,329946,4,1,3,40,-33,901,3,1,-1,101325,2500,7269,480,0xf,False,0x0
1783146113.825,1529,1529,330147,4,1,17,29,15,1125,-2,5,0,101325,2500,7268,491,0xf,False,0x0
1783146114.028,1530,1530,330350,4,1,14,-20,47,988,1,-5,5,101325,2500,7268,514,0xf,False,0x0
1783146114.229,1531,1531,330551,4,1,18,-34,-23,1023,2,5,-1,101325,2500,7268,483,0xf,False,0x0
1783146114.458,1532,1532,330779,4,1,0,-1,-1,877,0,-1,2,101325,2500,7268,501,0xf,False,0x0
1783146114.659,1533,1533,330980,4,1,-7,-8,35,961,-4,-1,5,101325,2500,7268,514,0xf,False,0x0
1783146114.890,1534,1534,331212,4,1,-16,20,3,1038,-3,2,1,101325,2500,7268,491,0xf,False,0x0
1783146115.091,1535,1535,331413,4,1,-10,-5,-55,1047,-3,0,1,101325,2500,7268,481,0xf,False,0x0
1783146115.309,1536,1536,331631,4,1,-18,35,60,1021,-5,0,3,101325,2500,7268,497,0xf,False,0x0
1783146115.509,1537,1537,331831,4,1,3,46,1,1027,-5,-1,5,101325,2500,7268,493,0xf,False,0x0
1783146115.760,1538,1538,332082,4,1,-2,24,-33,1032,-4,4,0,101325,2500,7268,488,0xf,False,0x0
1783146115.961,1539,1539,332283,4,1,-9,-24,41,1117,2,-3,3,101325,2500,7268,481,0xf,False,0x0
1783146116.191,1540,1540,332513,4,1,-13,-41,53,1073,-1,-1,1,101325,2500,7267,487,0xf,False,0x0
1783146116.392,1541,1541,332714,4,1,12,20,-20,964,2,-3,3,101325,2500,7267,504,0xf,False,0x0
1783146116.622,1542,1542,332944,4,1,-18,2,0,1102,0,-4,-1,101325,2500,7267,515,0xf,False,0x0
1783146116.834,1543,1543,333156,4,1,-8,-2,-29,948,-2,-4,-4,101325,2500,7267,509,0xf,False,0x0
1783146117.035,1544,1544,333356,4,1,7,-45,19,932,2,4,0,101325,2500,7267,503,0xf,False,0x0
1783146117.242,1545,1545,333564,4,1,-14,22,46,978,3,-3,1,101325,2500,7267,503,0xf,False,0x0
1783146117.443,1546,1546,333764,4,1,13,-57,-31,1080,-2,4,1,101325,2500,7267,491,0xf,False,0x0
1783146117.647,1547,1547,333969,4,1,-6,6,-29,944,5,-5,4,101325,2500,7267,487,0xf,False,0x0
1783146117.848,1548,1548,334170,4,1,20,35,-25,956,5,5,4,101325,2500,7267,497,0xf,False,0x0
1783146118.058,1549,1549,334380,4,1,-9,14,14,1052,5,2,-1,101325,2500,7267,487,0xf,False,0x0
1783146118.258,1550,1550,334580,4,1,-19,-42,22,991,0,4,-3,101325,2500,7267,504,0xf,False,0x0
1783146118.461,1551,1551,334783,4,1,-8,-6,-22,1083,2,1,-4,101325,2500,7267,497,0xf,False,0x0
1783146118.662,1552,1552,334984,4,1,-7,-21,-25,965,1,1,-2,101325,2500,7267,504,0xf,False,0x0
1783146118.863,1553,1553,335185,4,1,12,36,41,950,-3,1,-1,101325,2500,7266,480,0xf,False,0x0
1783146119.063,1554,1554,335385,4,1,17,47,27,1044,-5,-5,-4,101325,2500,7266,502,0xf,False,0x0
1783146119.288,1555,1555,335610,4,1,-8,-17,47,1100,-2,5,2,101325,2500,7266,501,0xf,False,0x0
1783146119.489,1556,1556,335811,4,1,-2,37,29,940,-4,5,-3,101325,2500,7266,496,0xf,False,0x0
1783146119.708,1557,1557,336030,4,1,8,2,26,1077,0,-4,1,101325,2500,7266,499,0xf,False,0x0
1783146119.909,1558,1558,336231,4,1,15,-55,7,1024,-3,-4,4,101325,2500,7266,509,0xf,False,0x0
1783146120.118,1559,1559,336440,4,1,3,37,46,981,3,-2,1,101325,2500,7266,495,0xf,False,0x0
1783146120.319,1560,1560,336641,4,1,-17,15,-27,939,-2,1,5,101325,2500,7266,493,0xf,False,0x0
1783146120.549,1561,1561,336871,4,1,-8,34,-59,903,-3,5,1,101325,2500,7266,516,0xf,False,0x0
1783146120.750,1562,1562,337072,4,1,-18,-22,58,932,-5,-4,-2,101325,2500,7266,480,0xf,False,0x0
1783146120.962,1563,1563,337284,4,1,-5,-42,-42,1035,4,-3,4,101325,2500,7266,484,0xf,False,0x0
1783146121.163,1564,1564,337485,4,1,0,41,29,1112,3,-2,0,101325,2500,7266,491,0xf,False,0x0
1783146121.381,1565,1565,337702,4,1,2,11,8,983,-5,4,-2,101325,2500,7265,501,0xf,False,0x0
1783146121.813,1567,1567,338135,4,1,5,-42,38,1021,-5,2,-2,101325,2500,7265,490,0xf,False,0x0
1783146122.014,1568,1568,338336,4,1,9,18,50,939,2,-1,-2,101325,2500,7265,519,0xf,False,0x0
1783146122.217,1569,1569,338539,4,1,10,49,7,966,-1,-2,-5,101325,2500,7265,516,0xf,False,0x0
1783146122.417,1570,1570,338739,4,1,4,17,-17,1037,4,-4,-2,101325,2500,7265,512,0xf,False,0x0
1783146122.640,1571,1571,338962,4,1,11,53,53,1069,-5,-1,-1,101325,2500,7265,495,0xf,False,0x0
1783146122.840,1572,1572,339162,4,1,-5,-6,37,1044,-2,1,-4,101325,2500,7265,487,0xf,False,0x0
1783146123.081,1573,1573,339402,4,1,-20,-52,-12,1026,-1,2,-5,101325,2500,7265,496,0xf,False,0x0
1783146123.281,1574,1574,339603,4,1,-5,18,59,1022,4,1,3,101325,2500,7265,517,0xf,False,0x0
1783146123.500,1575,1575,339822,4,1,-1,-47,8,1117,-4,3,-1,101325,2500,7265,486,0xf,False,0x0
1783146123.766,1576,1576,340088,4,1,-6,-23,-35,983,0,4,-3,101325,2500,7264,510,0xf,False,0x0
1783146124.167,1578,1578,340489,4,1,18,-9,-27,977,-4,-2,3,101325,2500,7264,483,0xf,False,0x0
1783146124.368,1579,1579,340690,4,1,0,18,49,957,-3,0,-1,101325,2500,7264,480,0xf,False,0x0
1783146124.574,1580,1580,340895,4,1,-16,-36,-10,936,-4,-1,4,101325,2500,7264,515,0xf,False,0x0
1783146124.775,1581,1581,341097,4,1,1,42,12,920,3,3,3,101325,2500,7264,501,0xf,False,0x0
1783146124.992,1582,1582,341313,4,1,-20,4,-38,1006,2,-2,-2,101325,2500,7264,492,0xf,False,0x0
1783146125.192,1583,1583,341514,4,1,12,13,-15,1119,4,0,3,101325,2500,7264,493,0xf,False,0x0
1783146125.402,1584,1584,341723,4,1,2,52,49,1062,4,-5,-4,101325,2500,7264,519,0xf,False,0x0
1783146125.602,1585,1585,341924,4,1,-6,-8,46,975,3,1,-3,101325,2500,7264,482,0xf,False,0x0
1783146125.804,1586,1586,342126,4,1,-8,56,43,1100,-5,-5,-2,101325,2500,7264,498,0xf,False,0x0
1783146126.005,1587,1587,342327,4,1,-8,-46,34,1038,3,-1,4,101325,2500,7264,512,0xf,False,0x0
1783146126.296,1588,1588,342618,4,1,7,-4,-10,1084,4,-3,5,101325,2500,7263,503,0xf,False,0x0
1783146126.497,1589,1589,342818,4,1,-11,46,60,1074,-4,-4,0,101325,2500,7263,487,0xf,False,0x0
1783146126.742,1590,1590,343064,4,1,10,43,-36,1134,0,2,-2,101325,2500,7263,520,0xf,False,0x0
1783146126.943,1591,1591,343264,4,1,-1,53,14,915,1,5,2,101325,2500,7263,495,0xf,False,0x0
1783146127.174,1592,1592,343496,4,1,-5,-35,19,1067,-4,-2,-2,101325,2500,7263,508,0xf,False,0x0
1783146127.375,1593,1593,343697,4,1,17,-31,-33,1001,-5,3,1,101325,2500,7263,485,0xf,False,0x0
1783146127.588,1594,1594,343910,4,1,-13,-25,60,1001,4,-3,-3,101325,2500,7263,519,0xf,False,0x0
1783146127.789,1595,1595,344111,4,1,-15,39,23,964,4,-4,4,101325,2500,7263,500,0xf,False,0x0
1783146128.255,1597,1597,344577,4,1,-18,-15,-35,856,3,-3,4,101325,2500,7263,499,0xf,False,0x0
1783146128.455,1598,1598,344777,4,1,11,-33,-23,959,0,3,-3,101325,2500,7263,513,0xf,False,0x0
1783146128.671,1599,1599,344993,4,1,17,-14,-11,1093,-3,4,1,101325,2500,7263,511,0xf,False,0x0
1783146128.871,1600,1600,345193,4,1,-13,45,-59,1087,-2,-4,5,101325,2500,7262,505,0xf,False,0x0
1783146129.085,1601,1601,345406,4,1,-6,0,-58,1062,-4,-5,-4,101325,2500,7262,484,0xf,False,0x0
1783146129.285,1602,1602,345607,4,1,-20,-41,-43,1087,1,3,2,101325,2500,7262,519,0xf,False,0x0
1783146129.497,1603,1603,345819,4,1,2,-34,52,1038,-3,-1,-4,101325,2500,7262,519,0xf,False,0x0
1783146129.698,1604,1604,346020,4,1,-4,51,-4,1023,1,-4,3,101325,2500,7262,506,0xf,False,0x0
1783146129.899,1605,1605,346221,4,1,7,-39,-10,880,3,-3,-4,101325,2500,7262,508,0xf,False,0x0
1783146130.100,1606,1606,346422,4,1,-4,-14,-18,1132,4,1,5,101325,2500,7262,480,0xf,False,0x0
1783146130.300,1607,1607,346622,4,1,-10,60,-59,979,-2,1,-4,101325,2500,7262,507,0xf,False,0x0
1783146130.501,1608,1608,346823,4,1,-17,56,-5,1127,3,4,3,101325,2500,7262,496,0xf,False,0x0
1783146130.701,1609,1609,347023,4,1,14,-25,-4,1132,1,-3,-4,101325,2500,7262,501,0xf,False,0x0
1783146130.904,1610,1610,347226,4,1,18,-5,26,1053,4,5,5,101325,2500,7262,480,0xf,False,0x0
1783146131.105,1611,1611,347426,4,1,-17,-55,-11,1019,3,-4,2,101325,2500,7262,481,0xf,False,0x0
1783146131.334,1612,1612,347656,4,1,19,-18,-45,901,1,-4,1,101325,2500,7261,491,0xf,False,0x0
1783146131.535,1613,1613,347856,4,1,-16,49,-9,892,1,2,-4,101325,2500,7261,510,0xf,False,0x0
1783146131.773,1614,1614,348095,4,1,6,0,-13,863,3,-4,5,101325,2500,7261,507,0xf,False,0x0
1783146131.973,1615,1615,348295,4,1,-17,-36,56,1064,1,2,-4,101325,2500,7261,491,0xf,False,0x0
1783146132.210,1616,1616,348532,4,1,16,-28,57,974,2,-3,2,101325,2500,7261,500,0xf,False,0x0
1783146132.411,1617,1617,348733,4,1,-13,-47,7,991,3,-5,2,101325,2500,7261,501,0xf,False,0x0
1783146132.671,1618,1618,348993,4,1,3,-36,-13,874,0,2,-2,101325,2500,7261,488,0xf,False,0x0
1783146132.872,1619,1619,349194,4,1,-7,-48,-54,925,0,4,-1,101325,2500,7261,509,0xf,False,0x0
1783146133.105,1620,1620,349427,4,1,9,10,-3,883,3,4,2,101325,2500,7261,489,0xf,False,0x0
1783146133.305,1621,1621,349627,4,1,8,-43,-49,1054,-4,0,2,101325,2500,7261,503,0xf,False,0x0
1783146133.519,1622,1622,349841,4,1,-17,21,22,1042,-5,-1,-4,101325,2500,7261,486,0xf,False,0x0
1783146133.719,1623,1623,350041,4,1,2,-14,-14,1059,1,2,3,101325,2500,7260,499,0xf,False,0x0
1783146133.948,1624,1624,350269,4,1,-15,-27,-47,910,1,-2,1,101325,2500,7260,495,0xf,False,0x0
1783146134.148,1625,1625,350470,4,1,2,54,43,1130,4,0,-2,101325,2500,7260,507,0xf,False,0x0
1783146134.349,1626,1626,350671,4,1,17,-57,2,988,3,-5,-2,101325,2500,7260,507,0xf,False,0x0
1783146134.550,1627,1627,350872,4,1,4,-42,37,981,4,-5,4,101325,2500,7260,514,0xf,False,0x0
1783146134.750,1628,1628,351072,4,1,-19,-38,0,862,-2,-1,2,101325,2500,7260,481,0xf,False,0x0
1783146134.951,1629,1629,351273,4,1,-18,-4,1,1096,-3,-4,-4,101325,2500,7260,495,0xf,False,0x0
1783146135.154,1630,1630,351476,4,1,-1,-27,32,939,1,4,-4,101325,2500,7260,508,0xf,False,0x0
1783146135.355,1631,1631,351677,4,1,-5,-31,39,1030,0,1,-2,101325,2500,7260,513,0xf,False,0x0
1783146135.576,1632,1632,351898,4,1,-5,-34,47,911,1,1,0,101325,2500,7260,504,0xf,False,0x0
1783146135.777,1633,1633,352099,4,1,4,13,-18,903,-4,1,5,101325,2500,7260,481,0xf,False,0x0
1783146136.019,1634,1634,352341,4,1,-11,41,-55,1020,3,-5,-5,101325,2500,7260,488,0xf,False,0x0
1783146136.220,1635,1635,352542,4,1,-17,49,-3,1063,5,-4,-5,101325,2500,7259,514,0xf,False,0x0
1783146136.446,1636,1636,352768,4,1,-14,-36,28,1025,-4,-1,1,101325,2500,7259,496,0xf,False,0x0
1783146136.647,1637,1637,352969,4,1,7,30,-2,946,2,-5,3,101325,2500,7259,512,0xf,False,0x0
1783146136.868,1638,1638,353190,4,1,-3,17,-7,1107,-4,-3,-1,101325,2500,7259,489,0xf,False,0x0
1783146137.069,1639,1639,353391,4,1,-14,-51,45,939,0,-2,4,101325,2500,7259,501,0xf,False,0x0
1783146137.315,1640,1640,353637,4,1,1,21,6,1036,5,2,-5,101325,2500,7259,488,0xf,False,0x0
1783146137.515,1641,1641,353837,4,1,-9,-52,18,1049,-3,5,2,101325,2500,7259,518,0xf,False,0x0
1783146137.757,1642,1642,354079,4,1,15,53,-15,1112,-4,0,-1,101325,2500,7259,482,0xf,False,0x0
1783146137.957,1643,1643,354279,4,1,-10,1,9,1101,-4,-3,-5,101325,2500,7259,495,0xf,False,0x0
1783146138.176,1644,1644,354498,4,1,-11,-37,31,922,-3,4,4,101325,2500,7259,483,0xf,False,0x0
1783146138.377,1645,1645,354698,4,1,-13,-59,47,989,2,-3,-3,101325,2500,7259,503,0xf,False,0x0
1783146138.824,1647,1647,355146,4,1,-7,-11,15,1041,0,4,-5,101325,2500,7258,495,0xf,False,0x0
1783146139.050,1648,1648,355371,4,1,15,9,-57,974,-2,4,3,101325,2500,7258,500,0xf,False,0x0
1783146139.251,1649,1649,355572,4,1,15,-39,15,943,-4,3,1,101325,2500,7258,480,0xf,False,0x0
1783146139.472,1650,1650,355794,4,1,-4,-31,-51,964,-1,1,-5,101325,2500,7258,488,0xf,False,0x0
1783146139.674,1651,1651,355995,4,1,-8,-58,51,958,-1,4,-4,101325,2500,7258,487,0xf,False,0x0
1783146139.917,1652,1652,356239,4,1,6,53,42,964,4,-3,-3,101325,2500,7258,489,0xf,False,0x0
1783146140.118,1653,1653,356439,4,1,11,-43,-9,897,1,1,2,101325,2500,7258,487,0xf,False,0x0
1783146140.349,1654,1654,356671,4,1,-14,-20,3,927,-4,1,3,101325,2500,7258,515,0xf,False,0x0
1783146140.550,1655,1655,356871,4,1,-16,-15,-42,1080,2,0,5,101325,2500,7258,511,0xf,False,0x0
1783146140.769,1656,1656,357091,4,1,2,-18,-52,975,2,-3,4,101325,2500,7258,487,0xf,False,0x0
1783146140.970,1657,1657,357292,4,1,-14,2,-2,965,-2,5,-3,101325,2500,7258,502,0xf,False,0x0
1783146141.198,1658,1658,357520,4,1,6,57,-41,1073,-5,2,4,101325,2500,7257,493,0xf,False,0x0
1783146141.399,1659,1659,357720,4,1,7,-6,-52,881,4,1,-5,101325,2500,7257,506,0xf,False,0x0
1783146141.700,1660,1660,358022,4,1,-15,44,-31,849,3,1,0,101325,2500,7257,514,0xf,False,0x0
1783146141.901,1661,1661,358223,4,1,-11,-1,18,1026,5,4,3,101325,2500,7257,517,0xf,False,0x0
1783146142.110,1662,1662,358431,4,1,-5,-52,-40,950,-2,1,-4,101325,2500,7257,483,0xf,False,0x0
1783146142.310,1663,1663,358632,4,1,-12,-54,12,922,-5,1,-5,101325,2500,7257,503,0xf,False,0x0
1783146142.561,1664,1664,358883,4,1,19,-44,-18,1049,-4,-4,4,101325,2500,7257,490,0xf,False,0x0
1783146142.762,1665,1665,359084,4,1,-2,-19,-51,1010,1,-4,-3,101325,2500,7257,500,0xf,False,0x0
1783146142.990,1666,1666,359312,4,1,-17,60,3,917,-2,-3,-1,101325,2500,7257,487,0xf,False,0x0
1783146143.190,1667,1667,359512,4,1,-2,31,59,1093,2,1,4,101325,2500,7257,508,0xf,False,0x0
1783146143.426,1668,1668,359747,4,1,-19,6,35,896,0,5,-2,101325,2500,7257,508,0xf,False,0x0
1783146143.626,1669,1669,359948,4,1,-15,-15,1,1080,-3,-3,3,101325,2500,7257,481,0xf,False,0x0
1783146143.883,1670,1670,360204,4,1,-7,16,40,1058,0,-1,-5,101325,2500,7256,513,0xf,False,0x0
1783146144.083,1671,1671,360405,4,1,13,-39,25,1026,0,-5,-3,101325,2500,7256,486,0xf,False,0x0
1783146144.307,1672,1672,360629,4,1,-15,47,-44,939,5,-5,1,101325,2500,7256,485,0xf,False,0x0
1783146144.507,1673,1673,360829,4,1,-3,-9,-31,985,-4,2,-5,101325,2500,7256,488,0xf,False,0x0
1783146144.760,1674,1674,361082,4,1,17,-51,-8,949,0,3,3,101325,2500,7256,495,0xf,False,0x0
1783146144.961,1675,1675,361282,4,1,5,7,33,1040,4,1,3,101325,2500,7256,495,0xf,False,0x0
1783146145.167,1676,1676,361489,4,1,-10,60,-55,1115,-4,-5,2,101325,2500,7256,518,0xf,False,0x0
1783146145.368,1677,1677,361689,4,1,-17,-31,-19,1072,-5,2,-1,101325,2500,7256,512,0xf,False,0x0
1783146145.580,1678,1678,361902,4,1,15,5,-40,1035,2,-3,-2,101325,2500,7256,512,0xf,False,0x0
1783146145.781,1679,1679,362102,4,1,7,42,-7,1116,0,-2,2,101325,2500,7256,515,0xf,False,0x0
1783146145.988,1680,1680,362310,4,1,20,22,-29,840,-2,5,-2,101325,2500,7256,517,0xf,False,0x0
1783146146.189,1681,1681,362510,4,1,-15,29,27,1055,4,0,4,101325,2500,7255,488,0xf,False,0x0
1783146146.420,1682,1682,362741,4,1,-16,-58,0,1059,5,-2,-4,101325,2500,7255,510,0xf,False,0x0
1783146146.620,1683,1683,362942,4,1,18,-12,-46,1018,-3,-2,4,101325,2500,7255,507,0xf,False,0x0
1783146146.843,1684,1684,363165,4,1,15,-36,-38,993,5,-3,-1,101325,2500,7255,494,0xf,False,0x0
1783146147.044,1685,1685,363365,4,1,-5,-37,-35,882,4,1,0,101325,2500,7255,493,0xf,False,0x0
1783146147.267,1686,1686,363589,4,1,14,-60,4,992,2,5,-4,101325,2500,7255,511,0xf,False,0x0
1783146147.468,1687,1687,363789,4,1,-5,38,50,890,2,-4,-3,101325,2500,7255,503,0xf,False,0x0
1783146147.684,1688,1688,364006,4,1,-20,-7,3,1069,-4,2,-1,101325,2500,7255,513,0xf,False,0x0
1783146147.884,1689,1689,364206,4,1,17,9,20,966,1,4,-3,101325,2500,7255,503,0xf,False,0x0
1783146148.097,1690,1690,364419,4,1,14,53,-3,880,-1,4,-1,101325,2500,7255,498,0xf,False,0x0
1783146148.298,1691,1691,364619,4,1,4,55,11,965,0,2,4,101325,2500,7255,510,0xf,False,0x0
1783146148.514,1692,1692,364835,4,1,12,45,-17,996,2,-5,1,101325,2500,7255,517,0xf,False,0x0
1783146148.719,1693,1693,365041,4,1,13,33,-6,962,3,-1,2,101325,2500,7254,514,0xf,False,0x0
1783146148.920,1694,1694,365241,4,1,-7,44,-5,894,0,5,-3,101325,2500,7254,492,0xf,False,0x0
1783146149.128,1695,1695,365450,4,1,-8,13,6,1054,-5,3,-4,101325,2500,7254,500,0xf,False,0x0
1783146149.330,1696,1696,365652,4,1,-14,-12,-49,910,2,1,5,101325,2500,7254,480,0xf,False,0x0
1783146149.565,1697,1697,365887,4,1,15,-32,56,935,4,5,-5,101325,2500,7254,484,0xf,False,0x0
1783146149.766,1698,1698,366087,4,1,-9,-12,-19,959,-1,3,-4,101325,2500,7254,503,0xf,False,0x0
1783146149.980,1699,1699,366302,4,1,-17,-4,-27,1014,3,-4,2,101325,2500,7254,487,0xf,False,0x0
1783146150.180,1700,1700,366502,4,1,-18,6,-41,997,-2,-2,-3,101325,2500,7254,487,0xf,False,0x0
1783146150.392,1701,1701,366714,4,1,10,0,-4,887,-5,4,3,101325,2500,7254,513,0xf,False,0x0
1783146150.592,1702,1702,366914,4,1,-10,-36,-29,893,-4,1,0,101325,2500,7254,515,0xf,False,0x0
1783146150.801,1703,1703,367122,4,1,1,22,25,1019,-5,3,4,101325,2500,7254,502,0xf,False,0x0
1783146151.001,1704,1704,367323,4,1,2,-32,-21,1127,4,-3,-4,101325,2500,7254,504,0xf,False,0x0
1783146151.214,1705,1705,367536,4,1,-16,-53,-10,989,4,-1,2,101325,2500,7253,520,0xf,False,0x0
1783146151.415,1706,1706,367736,4,1,-4,6,7,979,-1,-2,2,101325,2500,7253,506,0xf,False,0x0
1783146151.622,1707,1707,367944,4,1,-3,19,-42,1092,4,5,1,101325,2500,7253,512,0xf,False,0x0
1783146151.822,1708,1708,368144,4,1,-16,4,36,977,-4,1,-3,101325,2500,7253,514,0xf,False,0x0
1783146152.031,1709,1709,368353,4,1,-2,17,-8,1063,5,-2,1,101325,2500,7253,507,0xf,False,0x0
1783146152.231,1710,1710,368553,4,1,19,-19,35,1022,4,5,5,101325,2500,7253,511,0xf,False,0x0
1783146152.432,1711,1711,368754,4,1,-16,36,11,1000,5,-5,-1,101325,2500,7253,484,0xf,False,0x0
1783146152.640,1712,1712,368962,4,1,-3,-7,28,944,3,-4,4,101325,2500,7253,509,0xf,False,0x0
1783146152.841,1713,1713,369162,4,1,11,33,3,837,-2,4,3,101325,2500,7253,492,0xf,False,0x0
1783146153.041,1714,1714,369363,4,1,-10,-20,-36,1007,-3,0,3,101325,2500,7253,500,0xf,False,0x0
1783146153.253,1715,1715,369575,4,1,-7,1,59,1069,-4,-4,-5,101325,2500,7253,494,0xf,False,0x0
1783146153.453,1716,1716,369775,4,1,7,1,43,1045,-3,0,0,101325,2500,7253,484,0xf,False,0x0
1783146153.684,1717,1717,370006,4,1,-4,30,38,965,3,1,-5,101325,2500,7252,491,0xf,False,0x0
1783146153.884,1718,1718,370206,4,1,20,39,-40,916,4,5,-4,101325,2500,7252,496,0xf,False,0x0
1783146154.087,1719,1719,370409,4,1,-12,42,6,1138,3,0,-4,101325,2500,7252,487,0xf,False,0x0
1783146154.351,1720,1720,370673,4,1,5,-27,-14,944,-1,0,4,101325,2500,7252,519,0xf,False,0x0
1783146154.552,1721,1721,370873,4,1,13,8,-9,1026,4,5,-1,101325,2500,7252,513,0xf,False,0x0
1783146154.753,1722,1722,371075,4,1,8,-40,-31,895,0,0,-3,101325,2500,7252,510,0xf,False,0x0
1783146154.954,1723,1723,371276,4,1,-2,-6,55,994,-1,4,0,101325,2500,7252,485,0xf,False,0x0
1783146155.154,1724,1724,371476,4,1,1,-44,-6,987,-4,1,4,101325,2500,7252,480,0xf,False,0x0
1783146155.354,1725,1725,371676,4,1,-15,-57,19,1148,-5,1,-4,101325,2500,7252,488,0xf,False,0x0
1783146155.555,1726,1726,371876,4,1,-13,-35,-15,1026,4,5,-1,101325,2500,7252,514,0xf,False,0x0
1783146155.761,1727,1727,372083,4,1,-5,-26,51,1028,3,-1,-5,101325,2500,7252,504,0xf,False,0x0
1783146155.962,1728,1728,372283,4,1,2,-37,46,913,2,-5,1,101325,2500,7252,520,0xf,False,0x0
1783146156.162,1729,1729,372484,4,1,-9,-12,48,1149,-2,3,0,101325,2500,7252,513,0xf,False,0x0
1783146156.363,1730,1730,372684,4,1,20,-6,-45,1104,1,-3,-4,101325,2500,7251,503,0xf,False,0x0
1783146156.565,1731,1731,372886,4,1,8,-15,16,921,-5,5,-4,101325,2500,7251,493,0xf,False,0x0
1783146156.821,1732,1732,373143,4,1,20,9,41,1079,0,5,-1,101325,2500,7251,512,0xf,False,0x0
1783146157.021,1733,1733,373343,4,1,8,-51,54,1056,-5,-2,4,101325,2500,7251,508,0xf,False,0x0
1783146157.292,1734,1734,373613,4,1,-16,-27,7,1026,1,4,4,101325,2500,7251,488,0xf,False,0x0
1783146157.496,1735,1735,373817,4,1,-5,-47,55,1086,-4,4,-3,101325,2500,7251,517,0xf,False,0x0
1783146157.696,1736,1736,374018,4,1,20,24,24,988,-1,-1,1,101325,2500,7251,519,0xf,False,0x0
1783146157.926,1737,1737,374248,4,1,11,-35,32,998,5,3,5,101325,2500,7251,520,0xf,False,0x0
1783146158.126,1738,1738,374448,4,1,-14,36,-7,1133,-5,-3,-5,101325,2500,7251,480,0xf,False,0x0
1783146158.331,1739,1739,374653,4,1,9,-15,-31,1081,-5,5,-5,101325,2500,7251,519,0xf,False,0x0
1783146158.532,1740,1740,374854,4,1,15,-42,43,999,1,4,2,101325,2500,7251,512,0xf,False,0x0
1783146158.758,1741,1741,375080,4,1,0,-2,53,1076,5,-4,2,101325,2500,7250,503,0xf,False,0x0
1783146158.964,1742,1742,375286,4,1,-11,-31,-5,1096,-4,-5,2,101325,2500,7250,514,0xf,False,0x0
1783146159.165,1743,1743,375487,4,1,-13,1,37,963,-3,5,-5,101325,2500,7250,509,0xf,False,0x0
1783146159.370,1744,1744,375691,4,1,6,31,-13,1091,4,5,-4,101325,2500,7250,485,0xf,False,0x0
1783146159.772,1746,1746,376093,4,1,15,-13,-43,1137,5,1,-1,101325,2500,7250,499,0xf,False,0x0
1783146159.972,1747,1747,376294,4,1,-4,10,-15,844,-3,3,-3,101325,2500,7250,513,0xf,False,0x0
1783146160.179,1748,1748,376501,4,1,17,42,-2,1034,-1,-5,1,101325,2500,7250,520,0xf,False,0x0
1783146160.380,1749,1749,376702,4,1,15,18,-27,1097,3,-5,0,101325,2500,7250,490,0xf,False,0x0
1783146160.605,1750,1750,376927,4,1,1,34,44,1062,-1,-2,4,101325,2500,7250,492,0xf,False,0x0
1783146160.806,1751,1751,377128,4,1,14,-24,37,1065,2,-5,-1,101325,2500,7250,485,0xf,False,0x0
1783146161.010,1752,1752,377332,4,1,17,10,4,1031,-5,-2,4,101325,2500,7250,493,0xf,False,0x0
1783146161.210,1753,1753,377532,4,1,1,18,32,994,-1,-5,3,101325,2500,7249,520,0xf,False,0x0
1783146161.415,1754,1754,377737,4,1,7,-38,-20,948,0,2,1,101325,2500,7249,502,0xf,False,0x0
1783146161.616,1755,1755,377937,4,1,-12,48,-44,953,5,5,0,101325,2500,7249,481,0xf,False,0x0
1783146161.817,1756,1756,378139,4,1,-13,16,52,929,5,-4,2,101325,2500,7249,506,0xf,False,0x0
1783146162.017,1757,1757,378339,4,1,19,21,8,1116,5,4,-5,101325,2500,7249,489,0xf,False,0x0
1783146162.324,1758,1758,378646,4,1,8,35,43,936,-5,-4,2,101325,2500,7249,515,0xf,False,0x0
1783146162.526,1759,1759,378847,4,1,5,-39,-14,853,-1,-4,-2,101325,2500,7249,518,0xf,False,0x0
1783146162.741,1760,1760,379063,4,1,-3,22,48,919,-5,-2,1,101325,2500,7249,486,0xf,False,0x0
1783146162.941,1761,1761,379263,4,1,-8,-48,24,997,3,-4,2,101325,2500,7249,482,0xf,False,0x0
1783146163.144,1762,1762,379466,4,1,20,-56,33,1019,-3,5,3,101325,2500,7249,482,0xf,False,0x0
1783146163.345,1763,1763,379667,4,1,13,22,-60,957,-3,4,-4,101325,2500,7249,512,0xf,False,0x0
1783146163.546,1764,1764,379868,4,1,1,-11,43,1037,4,4,5,101325,2500,7249,504,0xf,False,0x0
1783146163.747,1765,1765,380068,4,1,13,-15,48,1050,4,-1,-4,101325,2500,7248,511,0xf,False,0x0
1783146163.947,1766,1766,380269,4,1,-5,-28,-5,875,-2,0,5,101325,2500,7248,517,0xf,False,0x0
1783146164.148,1767,1767,380469,4,1,-7,-38,46,1077,5,1,-2,101325,2500,7248,504,0xf,False,0x0
1783146164.348,1768,1768,380670,4,1,15,-40,-21,949,3,2,-1,101325,2500,7248,483,0xf,False,0x0
1783146164.549,1769,1769,380870,4,1,-16,-41,-15,1031,4,2,-2,101325,2500,7248,480,0xf,False,0x0
1783146164.756,1770,1770,381078,4,1,-7,58,37,910,-3,1,3,101325,2500,7248,517,0xf,False,0x0
1783146164.991,1771,1771,381313,4,1,-13,58,44,859,-2,5,-1,101325,2500,7248,496,0xf,False,0x0
1783146165.191,1772,1772,381513,4,1,18,2,55,951,5,-1,0,101325,2500,7248,506,0xf,False,0x0
1783146165.422,1773,1773,381743,4,1,2,-51,46,957,-1,-5,0,101325,2500,7248,494,0xf,False,0x0
1783146165.622,1774,1774,381944,4,1,2,-11,14,1062,-1,-5,2,101325,2500,7248,499,0xf,False,0x0
1783146165.828,1775,1775,382150,4,1,-4,-10,10,1004,0,4,0,101325,2500,7248,511,0xf,False,0x0
1783146166.028,1776,1776,382350,4,1,-20,-31,42,962,5,5,4,101325,2500,7248,497,0xf,False,0x0
1783146166.234,1777,1777,382556,4,1,3,-26,0,1105,1,2,-1,101325,2500,7247,516,0xf,False,0x0
1783146166.434,1778,1778,382756,4,1,9,-50,37,1073,5,3,2,101325,2500,7247,503,0xf,False,0x0
1783146166.642,1779,1779,382964,4,1,-13,36,-52,873,-5,3,-3,101325,2500,7247,507,0xf,False,0x0
1783146166.842,1780,1780,383164,4,1,-18,60,-17,979,-3,0,3,101325,2500,7247,513,0xf,False,0x0
1783146167.047,1781,1781,383369,4,1,19,54,-57,935,3,-5,-2,101325,2500,7247,509,0xf,False,0x0
1783146167.452,1783,1783,383774,4,1,6,-19,-1,950,-2,1,-2,101325,2500,7247,505,0xf,False,0x0
1783146167.653,1784,1784,383974,4,1,11,49,-20,1061,-1,-3,5,101325,2500,7247,492,0xf,False,0x0
1783146167.860,1785,1785,384181,4,1,16,-55,-50,988,0,3,-4,101325,2500,7247,483,0xf,False,0x0
1783146168.060,1786,1786,384382,4,1,0,-29,-14,1060,-2,1,-1,101325,2500,7247,517,0xf,False,0x0
1783146168.260,1787,1787,384582,4,1,1,7,-33,954,3,-4,-4,101325,2500,7247,492,0xf,False,0x0
1783146168.460,1788,1788,384782,4,1,-2,58,12,1014,-3,5,4,101325,2500,7247,482,0xf,False,0x0
1783146168.661,1789,1789,384983,4,1,-6,47,-3,946,-1,4,3,101325,2500,7247,497,0xf,False,0x0
1783146168.861,1790,1790,385183,4,1,-2,-26,-1,913,-1,5,5,101325,2500,7246,500,0xf,False,0x0
1783146169.067,1791,1791,385389,4,1,1,-10,-10,979,-2,-3,-4,101325,2500,7246,512,0xf,False,0x0
1783146169.267,1792,1792,385589,4,1,1,32,-43,943,-4,5,0,101325,2500,7246,483,0xf,False,0x0
1783146169.523,1793,1793,385845,4,1,18,-22,28,887,-2,-5,-2,101325,2500,7246,512,0xf,False,0x0
1783146169.724,1794,1794,386046,4,1,-18,-15,-3,1098,4,2,0,101325,2500,7246,489,0xf,False,0x0
1783146169.929,1795,1795,386251,4,1,5,34,2,1076,1,2,4,101325,2500,7246,502,0xf,False,0x0
1783146170.335,1797,1797,386656,4,1,-3,32,-34,1061,-3,5,0,101325,2500,7246,510,0xf,False,0x0
1783146170.535,1798,1798,386857,4,1,9,14,-46,981,1,5,1,101325,2500,7246,493,0xf,False,0x0
1783146170.737,1799,1799,387059,4,1,-19,-37,-39,934,2,1,-3,101325,2500,7246,505,0xf,False,0x0
1783146170.938,1800,1800,387260,4,1,-7,-11,-21,943,-3,0,-1,101325,2500,7246,502,0xf,False,0x0
1783146171.158,1801,1801,387480,4,1,14,-42,49,983,-2,-4,1,101325,2500,7246,490,0xf,False,0x0
1783146171.358,1802,1802,387680,4,1,3,44,15,925,2,4,-5,101325,2500,7245,491,0xf,False,0x0
1783146171.611,1803,1803,387933,4,1,-15,7,-6,898,5,0,-2,101325,2500,7245,498,0xf,False,0x0
1783146171.815,1804,1804,388137,4,1,-5,15,33,1078,2,-2,-3,101325,2500,7245,496,0xf,False,0x0
1783146172.016,1805,1805,388337,4,1,0,14,37,1110,0,4,-1,101325,2500,7245,493,0xf,False,0x0
1783146172.227,1806,1806,388549,4,1,4,34,-42,1010,1,4,-1,101325,2500,7245,488,0xf,False,0x0
1783146172.428,1807,1807,388749,4,1,-17,-49,-57,1066,-2,4,2,101325,2500,7245,519,0xf,False,0x0
1783146172.629,1808,1808,388951,4,1,-10,53,38,1105,-4,-3,2,101325,2500,7245,493,0xf,False,0x0
1783146172.830,1809,1809,389152,4,1,13,-30,38,937,-2,0,-1,101325,2500,7245,500,0xf,False,0x0
1783146173.036,1810,1810,389357,4,1,-18,-16,50,1031,-1,-2,3,101325,2500,7245,481,0xf,False,0x0
1783146173.236,1811,1811,389558,4,1,-12,-37,-24,1086,2,5,5,101325,2500,7245,499,0xf,False,0x0
1783146173.443,1812,1812,389765,4,1,-1,-6,-5,996,-5,1,-2,101325,2500,7245,516,0xf,False,0x0
1783146173.643,1813,1813,389965,4,1,-11,-8,-44,911,-1,0,0,101325,2500,7245,506,0xf,False,0x0
1783146173.846,1814,1814,390168,4,1,15,28,-24,966,4,-5,-2,101325,2500,7244,511,0xf,False,0x0
1783146174.247,1816,1816,390569,4,1,-1,-14,-40,930,5,-5,-1,101325,2500,7244,517,0xf,False,0x0
1783146174.448,1817,1817,390770,4,1,5,-10,-58,998,-3,5,-3,101325,2500,7244,499,0xf,False,0x0
1783146174.652,1818,1818,390974,4,1,14,-54,45,970,-1,-5,3,101325,2500,7244,513,0xf,False,0x0
1783146174.853,1819,1819,391175,4,1,-5,-40,-59,1088,-1,3,3,101325,2500,7244,498,0xf,False,0x0
1783146175.057,1820,1820,391379,4,1,-4,47,-15,938,-3,-4,3,101325,2500,7244,497,0xf,False,0x0
1783146175.258,1821,1821,391580,4,1,12,-40,-57,945,5,3,-3,101325,2500,7244,487,0xf,False,0x0
1783146175.505,1822,1822,391827,4,1,-4,-39,48,902,-5,-3,1,101325,2500,7244,496,0xf,False,0x0
1783146175.706,1823,1823,392028,4,1,13,-47,-34,1068,3,-3,-4,101325,2500,7244,504,0xf,False,0x0
1783146175.949,1824,1824,392271,4,1,3,-10,2,1009,2,3,-4,101325,2500,7244,490,0xf,False,0x0
1783146176.149,1825,1825,392471,4,1,-3,-41,11,889,-1,-5,-1,101325,2500,7244,485,0xf,False,0x0
1783146176.367,1826,1826,392689,4,1,-16,-34,49,961,2,-3,-1,101325,2500,7243,502,0xf,False,0x0
1783146176.567,1827,1827,392889,4,1,19,49,-22,894,4,-2,-4,101325,2500,7243,516,0xf,False,0x0
1783146176.809,1828,1828,393131,4,1,1,-46,51,955,5,-1,-2,101325,2500,7243,499,0xf,False,0x0
1783146177.009,1829,1829,393331,4,1,-5,-55,17,1057,3,2,-2,101325,2500,7243,503,0xf,False,0x0
1783146177.237,1830,1830,393559,4,1,-7,-44,46,1087,1,-2,3,101325,2500,7243,493,0xf,False,0x0
1783146177.437,1831,1831,393759,4,1,16,-19,-15,907,5,-1,0,101325,2500,7243,514,0xf,False,0x0
1783146177.674,1832,1832,393996,4,1,-3,14,-49,925,-3,-2,-2,101325,2500,7243,516,0xf,False,0x0
1783146177.875,1833,1833,394197,4,1,4,-54,-45,1024,-1,-5,1,101325,2500,7243,497,0xf,False,0x0
1783146178.117,1834,1834,394439,4,1,-16,40,-9,946,4,3,-2,101325,2500,7243,516,0xf,False,0x0
1783146178.317,1835,1835,394639,4,1,10,37,-1,1042,-1,-4,-1,101325,2500,7243,481,0xf,False,0x0
1783146178.560,1836,1836,394881,4,1,8,-13,60,1116,-5,2,-1,101325,2500,7243,480,0xf,False,0x0
1783146178.760,1837,1837,395082,4,1,10,53,-47,1068,-4,-1,1,101325,2500,7242,514,0xf,False,0x0
1783146178.980,1838,1838,395302,4,1,-8,-49,-42,1035,-2,-5,3,101325,2500,7242,514,0xf,False,0x0
1783146179.181,1839,1839,395503,4,1,16,17,11,1076,-2,2,0,101325,2500,7242,504,0xf,False,0x0
1783146179.429,1840,1840,395750,4,1,10,0,-22,1037,0,5,-4,101325,2500,7242,500,0xf,False,0x0
1783146179.630,1841,1841,395951,4,1,-3,-14,-21,984,-3,1,4,101325,2500,7242,506,0xf,False,0x0
1783146179.835,1842,1842,396157,4,1,-13,31,28,1038,5,3,-4,101325,2500,7242,502,0xf,False,0x0
1783146180.035,1843,1843,396357,4,1,-19,-35,-36,907,4,-4,4,101325,2500,7242,499,0xf,False,0x0
1783146180.440,1845,1845,396762,4,1,8,-42,-29,1027,-2,1,2,101325,2500,7242,492,0xf,False,0x0
1783146180.661,1846,1846,396983,4,1,-3,-46,36,1067,2,4,5,101325,2500,7242,510,0xf,False,0x0
1783146180.862,1847,1847,397183,4,1,-8,-13,15,1150,-1,-1,-2,101325,2500,7242,481,0xf,False,0x0
1783146181.182,1848,1848,397504,4,1,12,31,-36,1104,-4,3,5,101325,2500,7241,512,0xf,False,0x0
1783146181.382,1849,1849,397704,4,1,15,-27,-32,1107,5,-4,3,101325,2500,7241,503,0xf,False,0x0
1783146181.608,1850,1850,397930,4,1,-10,17,37,1020,4,-1,5,101325,2500,7241,508,0xf,False,0x0
1783146181.808,1851,1851,398130,4,1,4,12,-26,923,0,5,2,101325,2500,7241,516,0xf,False,0x0
1783146182.077,1852,1852,398398,4,1,-3,-42,8,910,-3,2,5,101325,2500,7241,482,0xf,False,0x0
1783146182.277,1853,1853,398599,4,1,20,-15,-1,992,-4,3,4,101325,2500,7241,484,0xf,False,0x0
1783146182.678,1855,1855,399000,4,1,16,18,22,988,-4,-5,0,101325,2500,7241,492,0xf,False,0x0
1783146182.878,1856,1856,399200,4,1,11,-39,-56,1049,3,-1,1,101325,2500,7241,480,0xf,False,0x0
1783146183.079,1857,1857,399401,4,1,1,-40,3,911,2,1,-5,101325,2500,7241,518,0xf,False,0x0
1783146183.288,1858,1858,399610,4,1,18,56,58,1074,1,3,1,101325,2500,7241,511,0xf,False,0x0
1783146183.488,1859,1859,399810,4,1,-8,9,2,921,-5,1,4,101325,2500,7241,495,0xf,False,0x0
1783146183.708,1860,1860,400029,4,1,-18,-42,14,996,-4,1,0,101325,2500,7240,495,0xf,False,0x0
1783146183.909,1861,1861,400230,4,1,3,-22,-51,1044,2,-2,4,101325,2500,7240,494,0xf,False,0x0
1783146184.135,1862,1862,400456,4,1,2,-43,-42,1056,-1,-3,4,101325,2500,7240,487,0xf,False,0x0
1783146184.336,1863,1863,400657,4,1,11,36,-54,952,1,-5,-4,101325,2500,7240,511,0xf,False,0x0
1783146184.542,1864,1864,400863,4,1,1,38,-9,1071,-2,1,0,101325,2500,7240,515,0xf,False,0x0
1783146184.742,1865,1865,401064,4,1,3,59,-34,1058,-3,-2,-2,101325,2500,7240,487,0xf,False,0x0
1783146185.002,1866,1866,401323,4,1,-12,28,43,995,5,1,3,101325,2500,7240,501,0xf,False,0x0
1783146185.203,1867,1867,401525,4,1,8,-20,-25,981,5,-3,-2,101325,2500,7240,518,0xf,False,0x0
1783146185.448,1868,1868,401770,4,1,-12,37,-48,1102,-3,5,1,101325,2500,7240,516,0xf,False,0x0
1783146185.649,1869,1869,401971,4,1,-1,-7,26,1092,4,4,4,101325,2500,7240,494,0xf,False,0x0
1783146185.875,1870,1870,402196,4,1,-14,58,-12,966,5,0,5,101325,2500,7240,506,0xf,False,0x0
1783146186.075,1871,1871,402397,4,1,19,20,-2,1118,-1,4,-4,101325,2500,7240,487,0xf,False,0x0
1783146186.293,1872,1872,402615,4,1,6,5,30,1035,3,-3,5,101325,2500,7239,513,0xf,False,0x0
1783146186.493,1873,1873,402815,4,1,7,-22,-15,1079,-2,-2,-5,101325,2500,7239,511,0xf,False,0x0
1783146186.704,1874,1874,403026,4,1,-20,-1,-25,1110,2,-2,-5,101325,2500,7239,481,0xf,False,0x0
1783146186.905,1875,1875,403227,4,1,-16,-51,-48,955,-2,-5,-2,101325,2500,7239,494,0xf,False,0x0
1783146187.106,1876,1876,403428,4,1,-8,3,-58,1157,-2,0,-5,101325,2500,7239,498,0xf,False,0x0
1783146187.307,1877,1877,403629,4,1,-9,-27,-1,1028,1,-1,5,101325,2500,7239,516,0xf,False,0x0
1783146187.508,1878,1878,403829,4,1,13,49,48,950,1,-4,-5,101325,2500,7239,499,0xf,False,0x0
1783146187.709,1879,1879,404031,4,1,-2,2,54,1076,-1,-3,3,101325,2500,7239,499,0xf,False,0x0
1783146187.910,1880,1880,404231,4,1,-8,-27,38,904,2,1,2,101325,2500,7239,490,0xf,False,0x0
1783146188.133,1881,1881,404454,4,1,-12,-13,-36,957,-3,-5,0,101325,2500,7239,509,0xf,False,0x0
1783146188.333,1882,1882,404655,4,1,10,-45,36,1126,-4,2,1,101325,2500,7239,499,0xf,False,0x0
1783146188.593,1883,1883,404915,4,1,6,48,-48,938,4,-2,4,101325,2500,7239,485,0xf,False,0x0
1783146188.793,1884,1884,405115,4,1,5,-37,7,953,-2,0,-4,101325,2500,7238,507,0xf,False,0x0
1783146189.048,1885,1885,405370,4,1,-20,6,12,1112,-3,-4,5,101325,2500,7238,513,0xf,False,0x0
1783146189.249,1886,1886,405571,4,1,-16,13,-43,990,-2,4,-4,101325,2500,7238,520,0xf,False,0x0
1783146189.463,1887,1887,405784,4,1,-19,-10,54,949,-5,3,-4,101325,2500,7238,502,0xf,False,0x0
1783146189.663,1888,1888,405985,4,1,17,57,25,1013,4,-2,1,101325,2500,7238,506,0xf,False,0x0
1783146189.871,1889,1889,406193,4,1,-10,32,46,957,2,-2,2,101325,2500,7238,500,0xf,False,0x0
1783146190.071,1890,1890,406393,4,1,19,40,14,1022,1,-5,3,101325,2500,7238,509,0xf,False,0x0
1783146190.483,1892,1892,406805,4,1,-2,19,28,988,3,4,-2,101325,2500,7238,500,0xf,False,0x0
1783146190.703,1893,1893,407025,4,1,13,39,5,1116,-2,4,-5,101325,2500,7238,495,0xf,False,0x0
1783146190.904,1894,1894,407226,4,1,-1,50,-58,965,-5,-3,1,101325,2500,7238,513,0xf,False,0x0
1783146191.143,1895,1895,407465,4,1,6,16,21,916,-2,1,-3,101325,2500,7238,519,0xf,False,0x0
1783146191.343,1896,1896,407665,4,1,-13,34,-27,937,1,-2,-1,101325,2500,7237,504,0xf,False,0x0
1783146191.597,1897,1897,407919,4,1,-13,26,33,1058,-1,3,-3,101325,2500,7237,508,0xf,False,0x0
1783146191.798,1898,1898,408120,4,1,20,-35,-51,1115,0,1,5,101325,2500,7237,509,0xf,False,0x0
1783146192.010,1899,1899,408332,4,1,-10,-4,44,1079,-2,-2,-1,101325,2500,7237,495,0xf,False,0x0
1783146192.223,1900,1900,408545,4,1,14,-56,22,968,0,5,3,101325,2500,7237,502,0xf,False,0x0
1783146192.424,1901,1901,408746,4,1,7,29,23,983,-4,-4,1,101325,2500,7237,509,0xf,False,0x0
1783146192.625,1902,1902,408946,4,1,18,45,-13,851,-1,3,-5,101325,2500,7237,486,0xf,False,0x0
1783146192.825,1903,1903,409147,4,1,20,-14,-43,935,0,-3,5,101325,2500,7237,494,0xf,False,0x0
1783146193.026,1904,1904,409347,4,1,-6,-14,2,1003,2,4,1,101325,2500,7237,498,0xf,False,0x0
1783146193.226,1905,1905,409548,4,1,-11,-37,27,964,1,5,0,101325,2500,7237,492,0xf,False,0x0
1783146193.427,1906,1906,409749,4,1,16,-53,37,900,4,2,1,101325,2500,7237,490,0xf,False,0x0
1783146193.628,1907,1907,409950,4,1,15,-36,-16,967,5,-3,5,101325,2500,7237,480,0xf,False,0x0
1783146193.828,1908,1908,410150,4,1,20,-21,-15,1023,-4,-5,3,101325,2500,7236,501,0xf,False,0x0
1783146194.029,1909,1909,410351,4,1,-15,-39,-53,1104,-5,1,-2,101325,2500,7236,508,0xf,False,0x0
1783146194.230,1910,1910,410552,4,1,6,-27,-18,861,-1,-2,4,101325,2500,7236,487,0xf,False,0x0
1783146194.431,1911,1911,410753,4,1,-2,48,-58,925,2,5,4,101325,2500,7236,511,0xf,False,0x0
1783146194.652,1912,1912,410974,4,1,8,9,33,865,5,5,-5,101325,2500,7236,510,0xf,False,0x0
1783146194.854,1913,1913,411175,4,1,3,-2,52,888,0,-2,0,101325,2500,7236,486,0xf,False,0x0
1783146195.088,1914,1914,411410,4,1,17,25,10,1132,-2,-5,1,101325,2500,7236,497,0xf,False,0x0
1783146195.289,1915,1915,411611,4,1,-14,-31,-7,881,-5,1,-2,101325,2500,7236,493,0xf,False,0x0
1783146195.511,1916,1916,411832,4,1,11,59,21,959,-5,2,-4,101325,2500,7236,499,0xf,False,0x0
1783146195.711,1917,1917,412033,4,1,-6,37,54,1025,-4,-1,0,101325,2500,7236,482,0xf,False,0x0
1783146195.936,1918,1918,412257,4,1,14,-3,-6,908,2,2,2,101325,2500,7236,509,0xf,False,0x0
1783146196.351,1920,1920,412673,4,1,-8,-34,37,1111,-3,-4,-3,101325,2500,7235,509,0xf,False,0x0
1783146196.552,1921,1921,412873,4,1,3,-9,-5,1060,-4,0,0,101325,2500,7235,518,0xf,False,0x0
1783146196.763,1922,1922,413085,4,1,15,1,-8,1026,2,1,2,101325,2500,7235,483,0xf,False,0x0
1783146196.964,1923,1923,413285,4,1,-6,5,-24,1010,-2,1,5,101325,2500,7235,510,0xf,False,0x0
1783146197.176,1924,1924,413497,4,1,-20,37,-18,1009,5,5,-5,101325,2500,7235,519,0xf,False,0x0
1783146197.601,1926,1926,413922,4,1,-8,-34,-43,1031,5,5,0,101325,2500,7235,520,0xf,False,0x0
1783146197.801,1927,1927,414123,4,1,-3,-38,0,1002,-5,-2,5,101325,2500,7235,507,0xf,False,0x0
1783146198.018,1928,1928,414340,4,1,-1,-58,-39,981,-3,1,1,101325,2500,7235,488,0xf,False,0x0
1783146198.219,1929,1929,414541,4,1,17,30,-50,956,3,-3,2,101325,2500,7235,491,0xf,False,0x0
1783146198.469,1930,1930,414791,4,1,6,47,31,967,2,-2,0,101325,2500,7235,509,0xf,False,0x0
1783146198.670,1931,1931,414992,4,1,11,2,27,846,0,-3,5,101325,2500,7235,512,0xf,False,0x0
1783146198.904,1932,1932,415226,4,1,2,13,-14,1142,1,1,5,101325,2500,7234,494,0xf,False,0x0
1783146199.104,1933,1933,415426,4,1,-15,-51,60,992,2,1,-1,101325,2500,7234,489,0xf,False,0x0
1783146199.348,1934,1934,415670,4,1,19,21,-33,950,-1,-5,0,101325,2500,7234,516,0xf,False,0x0
1783146199.549,1935,1935,415871,4,1,-10,0,-3,1154,1,5,-2,101325,2500,7234,515,0xf,False,0x0
1783146199.793,1936,1936,416115,4,1,-6,-23,36,1124,-1,2,-2,101325,2500,7234,511,0xf,False,0x0
1783146199.993,1937,1937,416315,4,1,-11,-51,-57,1040,0,-2,1,101325,2500,7234,520,0xf,False,0x0
1783146200.408,1939,1939,416730,4,1,18,22,-38,1162,-4,-1,1,101325,2500,7234,514,0xf,False,0x0
1783146200.643,1940,1940,416965,4,1,8,-31,-24,1050,5,0,4,101325,2500,7234,482,0xf,False,0x0
1783146201.063,1942,1942,417385,4,1,8,44,37,1108,1,5,-5,101325,2500,7234,493,0xf,False,0x0
1783146201.359,1943,1943,417681,4,1,18,-58,28,886,1,-2,-4,101325,2500,7233,487,0xf,False,0x0
1783146201.560,1944,1944,417882,4,1,-13,-34,-3,952,-4,4,1,101325,2500,7233,515,0xf,False,0x0
1783146201.761,1945,1945,418083,4,1,5,-6,-53,1034,2,4,5,101325,2500,7233,512,0xf,False,0x0
1783146201.962,1946,1946,418284,4,1,-3,-15,45,928,-2,1,-1,101325,2500,7233,481,0xf,False,0x0
1783146202.168,1947,1947,418490,4,1,18,23,30,1061,-1,2,0,101325,2500,7233,501,0xf,False,0x0
1783146202.368,1948,1948,418690,4,1,-15,-57,39,899,4,0,3,101325,2500,7233,500,0xf,False,0x0
1783146202.577,1949,1949,418899,4,1,-18,54,-48,1053,2,-4,3,101325,2500,7233,494,0xf,False,0x0
1783146202.778,1950,1950,419100,4,1,10,55,26,1091,-1,-1,-2,101325,2500,7233,512,0xf,False,0x0
1783146202.982,1951,1951,419304,4,1,14,60,31,896,2,4,0,101325,2500,7233,494,0xf,False,0x0
1783146203.183,1952,1952,419505,4,1,11,1,-51,900,-5,-1,-5,101325,2500,7233,509,0xf,False,0x0
1783146203.389,1953,1953,419711,4,1,3,-12,-35,970,1,-4,-1,101325,2500,7233,514,0xf,False,0x0
1783146203.590,1954,1954,419912,4,1,8,-58,36,903,1,-4,-4,101325,2500,7233,503,0xf,False,0x0
1783146203.791,1955,1955,420113,4,1,-1,-6,20,974,0,5,5,101325,2500,7232,502,0xf,False,0x0
1783146203.992,1956,1956,420313,4,1,14,-31,42,979,-5,-1,-5,101325,2500,7232,502,0xf,False,0x0
1783146204.196,1957,1957,420518,4,1,-5,-59,46,995,1,0,-2,101325,2500,7232,515,0xf,False,0x0
1783146204.397,1958,1958,420718,4,1,-17,-21,-52,1029,1,-3,-3,101325,2500,7232,515,0xf,False,0x0
1783146204.609,1959,1959,420931,4,1,1,-41,-11,993,-5,4,-5,101325,2500,7232,486,0xf,False,0x0
1783146204.810,1960,1960,421132,4,1,-2,-48,0,1083,0,-4,0,101325,2500,7232,503,0xf,False,0x0
1783146205.011,1961,1961,421332,4,1,4,-36,3,960,2,-4,2,101325,2500,7232,496,0xf,False,0x0
1783146205.217,1962,1962,421539,4,1,-8,-14,-16,1104,-1,3,-2,101325,2500,7232,491,0xf,False,0x0
1783146205.418,1963,1963,421740,4,1,-19,0,6,935,-3,2,2,101325,2500,7232,510,0xf,False,0x0
1783146205.620,1964,1964,421942,4,1,8,11,19,1134,1,1,1,101325,2500,7232,505,0xf,False,0x0
1783146205.821,1965,1965,422143,4,1,-18,12,27,855,1,3,-5,101325,2500,7232,510,0xf,False,0x0
1783146206.022,1966,1966,422344,4,1,6,-47,-48,886,-3,1,5,101325,2500,7232,485,0xf,False,0x0
1783146206.228,1967,1967,422550,4,1,14,-37,-49,878,4,-2,-1,101325,2500,7231,496,0xf,False,0x0
1783146206.429,1968,1968,422751,4,1,17,44,-24,921,-3,2,-4,101325,2500,7231,507,0xf,False,0x0
1783146206.630,1969,1969,422951,4,1,1,37,-58,977,-2,0,-3,101325,2500,7231,499,0xf,False,0x0
1783146206.872,1970,1970,423193,4,1,18,28,-20,1124,4,4,-3,101325,2500,7231,504,0xf,False,0x0
1783146207.073,1971,1971,423395,4,1,6,-21,50,894,-4,0,0,101325,2500,7231,493,0xf,False,0x0
1783146207.299,1972,1972,423621,4,1,-11,-60,-50,850,3,-5,-3,101325,2500,7231,491,0xf,False,0x0
1783146207.500,1973,1973,423822,4,1,14,-28,6,1153,-4,-1,-1,101325,2500,7231,512,0xf,False,0x0
1783146207.724,1974,1974,424045,4,1,-4,-30,-56,976,5,0,4,101325,2500,7231,482,0xf,False,0x0
1783146207.924,1975,1975,424246,4,1,20,-32,3,991,4,3,3,101325,2500,7231,516,0xf,False,0x0
1783146208.159,1976,1976,424481,4,1,-16,21,-23,949,2,-5,0,101325,2500,7231,481,0xf,False,0x0
1783146208.359,1977,1977,424681,4,1,2,-43,-16,1090,-2,-5,-4,101325,2500,7231,480,0xf,False,0x0
1783146208.560,1978,1978,424881,4,1,-4,49,-41,1002,-5,-4,-3,101325,2500,7231,490,0xf,False,0x0
1783146208.760,1979,1979,425082,4,1,4,59,37,1053,1,4,5,101325,2500,7230,493,0xf,False,0x0
1783146208.961,1980,1980,425282,4,1,6,-60,49,1059,5,4,-1,101325,2500,7230,511,0xf,False,0x0
1783146209.161,1981,1981,425483,4,1,12,-24,58,1051,3,4,-5,101325,2500,7230,515,0xf,False,0x0
1783146209.361,1982,1982,425683,4,1,14,-39,55,1037,1,4,-3,101325,2500,7230,492,0xf,False,0x0
1783146209.578,1983,1983,425900,4,1,14,26,-33,1110,-4,2,-5,101325,2500,7230,495,0xf,False,0x0
1783146209.778,1984,1984,426100,4,1,-11,27,-45,1130,-5,-2,5,101325,2500,7230,509,0xf,False,0x0
1783146209.982,1985,1985,426304,4,1,14,-11,31,949,1,-3,1,101325,2500,7230,509,0xf,False,0x0
1783146210.183,1986,1986,426505,4,1,18,-41,11,881,0,-3,-3,101325,2500,7230,516,0xf,False,0x0
1783146210.394,1987,1987,426715,4,1,19,-42,-56,997,1,4,-1,101325,2500,7230,509,0xf,False,0x0
1783146210.594,1988,1988,426916,4,1,-3,23,-44,937,0,0,4,101325,2500,7230,511,0xf,False,0x0
1783146210.796,1989,1989,427118,4,1,14,-59,23,839,5,3,-4,101325,2500,7230,480,0xf,False,0x0
1783146210.997,1990,1990,427318,4,1,-20,26,-57,963,3,5,-1,101325,2500,7230,515,0xf,False,0x0
1783146211.197,1991,1991,427519,4,1,4,17,-57,920,-1,2,3,101325,2500,7229,509,0xf,False,0x0
1783146211.398,1992,1992,427720,4,1,18,-34,24,898,2,0,1,101325,2500,7229,507,0xf,False,0x0
1783146211.620,1993,1993,427942,4,1,-17,-47,43,1138,1,4,5,101325,2500,7229,500,0xf,False,0x0
1783146211.820,1994,1994,428142,4,1,14,-40,43,925,-2,2,2,101325,2500,7229,500,0xf,False,0x0
1783146212.068,1995,1995,428390,4,1,13,19,-7,999,-3,2,-2,101325,2500,7229,505,0xf,False,0x0
1783146212.269,1996,1996,428591,4,1,-2,20,-9,878,2,5,4,101325,2500,7229,512,0xf,False,0x0
1783146212.526,1997,1997,428848,4,1,1,32,-50,1060,-5,1,5,101325,2500,7229,514,0xf,False,0x0
1783146212.727,1998,1998,429048,4,1,17,16,-5,1032,-4,4,-1,101325,2500,7229,515,0xf,False,0x0
1783146212.961,1999,1999,429283,4,1,-19,37,1,957,-3,-3,-2,101325,2500,7229,511,0xf,False,0x0
1783146213.162,2000,2000,429483,4,1,-10,-44,-25,993,3,3,3,101325,2500,7229,518,0xf,False,0x0
1783146213.378,2001,2001,429700,4,1,0,30,14,880,-2,4,-5,101325,2500,7229,490,0xf,False,0x0
1783146213.579,2002,2002,429901,4,1,16,-16,-60,1036,-1,1,-5,101325,2500,7229,497,0xf,False,0x0
1783146213.799,2003,2003,430121,4,1,-8,7,20,891,-5,5,-2,101325,2500,7228,515,0xf,False,0x0
1783146214.000,2004,2004,430321,4,1,-13,37,-46,984,5,0,-1,101325,2500,7228,490,0xf,False,0x0
1783146214.240,2005,2005,430562,4,1,3,16,-7,1085,2,-4,-2,101325,2500,7228,514,0xf,False,0x0
1783146214.441,2006,2006,430763,4,1,10,-19,9,1128,-2,5,3,101325,2500,7228,498,0xf,False,0x0
1783146214.673,2007,2007,430995,4,1,-5,56,-19,965,-2,-4,4,101325,2500,7228,512,0xf,False,0x0
1783146214.881,2008,2008,431202,4,1,5,21,-11,921,2,0,0,101325,2500,7228,500,0xf,False,0x0
1783146215.081,2009,2009,431403,4,1,-5,-27,54,928,3,-5,3,101325,2500,7228,488,0xf,False,0x0
1783146215.292,2010,2010,431613,4,1,-6,26,-52,1020,2,1,-3,101325,2500,7228,502,0xf,False,0x0
1783146215.492,2011,2011,431814,4,1,17,53,-17,1043,1,-5,1,101325,2500,7228,487,0xf,False,0x0
1783146215.693,2012,2012,432015,4,1,16,51,41,1083,2,5,0,101325,2500,7228,508,0xf,False,0x0
1783146215.893,2013,2013,432215,4,1,-14,-23,33,1075,-1,-1,-4,101325,2500,7228,500,0xf,False,0x0
1783146216.095,2014,2014,432417,4,1,-19,20,-26,867,4,5,-5,101325,2500,7228,494,0xf,False,0x0
1783146216.295,2015,2015,432617,4,1,-8,21,-33,1022,2,-3,-1,101325,2500,7227,498,0xf,False,0x0
1783146216.496,2016,2016,432817,4,1,-5,-5,0,1057,-4,0,-1,101325,2500,7227,507,0xf,False,0x0
1783146216.696,2017,2017,433018,4,1,7,58,-49,1016,0,2,4,101325,2500,7227,506,0xf,False,0x0
1783146216.905,2018,2018,433227,4,1,-9,7,-28,1094,4,-4,-3,101325,2500,7227,508,0xf,False,0x0
1783146217.105,2019,2019,433427,4,1,-15,22,1,1027,5,2,0,101325,2500,7227,495,0xf,False,0x0
1783146217.330,2020,2020,433652,4,1,1,-40,-26,972,3,3,-1,101325,2500,7227,483,0xf,False,0x0
1783146217.530,2021,2021,433852,4,1,-11,-57,50,1036,-2,-3,4,101325,2500,7227,480,0xf,False,0x0
1783146217.762,2022,2022,434084,4,1,19,46,3,1064,-2,-5,-4,101325,2500,7227,503,0xf,False,0x0
1783146217.963,2023,2023,434285,4,1,17,55,-12,971,-5,1,5,101325,2500,7227,497,0xf,False,0x0
1783146218.178,2024,2024,434500,4,1,-20,28,23,1055,0,2,-4,101325,2500,7227,496,0xf,False,0x0
1783146218.378,2025,2025,434700,4,1,-13,-9,-54,1003,-4,-1,-1,101325,2500,7227,489,0xf,False,0x0
1783146218.611,2026,2026,434933,4,1,9,4,-27,897,3,-1,-2,101325,2500,7227,498,0xf,False,0x0
1783146218.812,2027,2027,435133,4,1,17,37,35,891,-1,-3,5,101325,2500,7226,507,0xf,False,0x0
1783146219.048,2028,2028,435370,4,1,-2,6,-50,881,3,0,3,101325,2500,7226,497,0xf,False,0x0
1783146219.248,2029,2029,435570,4,1,-11,-7,31,1048,-2,3,5,101325,2500,7226,482,0xf,False,0x0
1783146219.473,2030,2030,435795,4,1,7,58,36,911,-4,-5,0,101325,2500,7226,490,0xf,False,0x0
1783146219.674,2031,2031,435995,4,1,12,-58,-1,905,0,4,-1,101325,2500,7226,519,0xf,False,0x0
1783146219.947,2032,2032,436269,4,1,3,-26,40,870,-1,0,0,101325,2500,7226,516,0xf,False,0x0
1783146220.147,2033,2033,436469,4,1,1,-30,-2,1004,2,5,3,101325,2500,7226,500,0xf,False,0x0
1783146220.360,2034,2034,436682,4,1,-9,7,-43,1075,0,4,0,101325,2500,7226,516,0xf,False,0x0
1783146220.561,2035,2035,436883,4,1,-5,20,-52,936,-2,-2,4,101325,2500,7226,505,0xf,False,0x0
1783146220.794,2036,2036,437116,4,1,-19,-54,-48,884,-2,1,-1,101325,2500,7226,513,0xf,False,0x0
1783146220.995,2037,2037,437317,4,1,0,-9,-54,1005,1,0,4,101325,2500,7226,495,0xf,False,0x0
1783146221.427,2039,2039,437749,4,1,3,-8,29,987,-1,0,5,101325,2500,7225,505,0xf,False,0x0
1783146221.662,2040,2040,437983,4,1,-8,7,32,1078,3,0,-5,101325,2500,7225,502,0xf,False,0x0
1783146222.082,2042,2042,438404,4,1,-4,15,9,1154,-5,4,-2,101325,2500,7225,488,0xf,False,0x0
1783146222.293,2043,2043,438614,4,1,-16,24,-21,963,-2,-4,-4,101325,2500,7225,513,0xf,False,0x0
1783146222.504,2044,2044,438825,4,1,15,-28,-57,1073,0,1,-3,101325,2500,7225,495,0xf,False,0x0
1783146222.704,2045,2045,439026,4,1,-19,11,-53,1013,2,-1,0,101325,2500,7225,519,0xf,False,0x0
1783146222.919,2046,2046,439241,4,1,-20,46,27,968,-1,5,1,101325,2500,7225,515,0xf,False,0x0
1783146223.120,2047,2047,439442,4,1,15,39,-26,1004,4,5,0,101325,2500,7225,481,0xf,False,0x0
1783146223.320,2048,2048,439642,4,1,1,-30,-8,908,3,-3,4,101325,2500,7225,492,0xf,False,0x0
1783146223.522,2049,2049,439844,4,1,-1,27,33,1073,1,-5,1,101325,2500,7225,518,0xf,False,0x0
1783146223.723,2050,2050,440044,4,1,-6,18,12,997,-5,1,2,101325,2500,7224,508,0xf,False,0x0
1783146223.923,2051,2051,440245,4,1,-1,48,18,1010,-3,1,-5,101325,2500,7224,496,0xf,False,0x0
1783146224.127,2052,2052,440449,4,1,-15,36,28,970,3,4,4,101325,2500,7224,505,0xf,False,0x0
1783146224.328,2053,2053,440650,4,1,-19,9,33,1133,-3,-4,1,101325,2500,7224,513,0xf,False,0x0
1783146224.550,2054,2054,440872,4,1,-2,-43,28,1111,-2,2,-3,101325,2500,7224,498,0xf,False,0x0
1783146224.750,2055,2055,441072,4,1,-3,17,-14,999,-3,0,1,101325,2500,7224,520,0xf,False,0x0
1783146224.981,2056,2056,441303,4,1,-4,40,-53,869,1,3,-1,101325,2500,7224,519,0xf,False,0x0
1783146225.182,2057,2057,441504,4,1,13,-12,-18,971,4,-1,0,101325,2500,7224,494,0xf,False,0x0
1783146225.410,2058,2058,441732,4,1,2,-1,51,1041,4,1,-3,101325,2500,7224,499,0xf,False,0x0
1783146225.612,2059,2059,441933,4,1,-10,-30,14,1002,0,3,-2,101325,2500,7224,494,0xf,False,0x0
1783146225.836,2060,2060,442158,4,1,-16,41,46,856,3,-2,-4,101325,2500,7224,519,0xf,False,0x0
1783146226.037,2061,2061,442358,4,1,-15,-47,-32,968,-1,0,3,101325,2500,7224,482,0xf,False,0x0
1783146226.247,2062,2062,442569,4,1,7,39,14,998,-3,-3,2,101325,2500,7223,498,0xf,False,0x0
1783146226.447,2063,2063,442769,4,1,-10,56,17,975,5,-3,-4,101325,2500,7223,503,0xf,False,0x0
1783146226.680,2064,2064,443002,4,1,20,11,-48,945,-1,2,-1,101325,2500,7223,512,0xf,False,0x0
1783146226.881,2065,2065,443203,4,1,-14,-50,-39,1007,-4,-2,-4,101325,2500,7223,486,0xf,False,0x0
1783146227.101,2066,2066,443423,4,1,-16,51,-60,980,5,1,2,101325,2500,7223,481,0xf,False,0x0
1783146227.301,2067,2067,443623,4,1,20,32,13,904,-1,0,2,101325,2500,7223,505,0xf,False,0x0
1783146227.510,2068,2068,443832,4,1,-5,34,19,934,4,4,-2,101325,2500,7223,488,0xf,False,0x0
1783146227.710,2069,2069,444032,4,1,-19,13,-7,1040,1,-2,-2,101325,2500,7223,490,0xf,False,0x0
1783146227.931,2070,2070,444253,4,1,8,-34,-56,976,-2,2,3,101325,2500,7223,488,0xf,False,0x0
1783146228.132,2071,2071,444454,4,1,-16,-37,-55,1042,4,-5,-5,101325,2500,7223,495,0xf,False,0x0
1783146228.354,2072,2072,444675,4,1,19,19,-50,1059,2,2,5,101325,2500,7223,502,0xf,False,0x0
1783146228.554,2073,2073,444876,4,1,8,-31,-27,1155,3,5,0,101325,2500,7223,487,0xf,False,0x0
1783146228.783,2074,2074,445105,4,1,-14,-12,-56,1065,4,-3,-3,101325,2500,7222,513,0xf,False,0x0
1783146228.984,2075,2075,445306,4,1,6,24,-6,1153,-5,4,0,101325,2500,7222,515,0xf,False,0x0
1783146229.191,2076,2076,445513,4,1,-1,-30,43,914,3,-2,3,101325,2500,7222,503,0xf,False,0x0
1783146229.393,2077,2077,445714,4,1,-4,31,-47,1086,5,-2,-2,101325,2500,7222,481,0xf,False,0x0
1783146229.593,2078,2078,445915,4,1,-9,-34,37,1025,5,1,-2,101325,2500,7222,510,0xf,False,0x0
1783146229.996,2080,2080,446317,4,1,2,-14,40,1048,-2,0,4,101325,2500,7222,480,0xf,False,0x0
1783146230.208,2081,2081,446530,4,1,9,-19,2,1050,-3,5,-3,101325,2500,7222,520,0xf,False,0x0
1783146230.409,2082,2082,446730,4,1,20,32,4,986,-2,3,3,101325,2500,7222,514,0xf,False,0x0
1783146230.623,2083,2083,446944,4,1,19,6,-42,974,-5,-4,3,101325,2500,7222,501,0xf,False,0x0
1783146230.823,2084,2084,447145,4,1,-13,2,44,914,-1,-3,-5,101325,2500,7222,490,0xf,False,0x0
1783146231.424,2087,2087,447746,4,1,-3,-27,11,955,-5,0,-1,101325,2500,7221,497,0xf,False,0x0
1783146231.625,2088,2088,447947,4,1,6,-7,2,965,-5,2,1,101325,2500,7221,492,0xf,False,0x0
1783146231.840,2089,2089,448162,4,1,10,-39,-37,1042,5,-3,-3,101325,2500,7221,511,0xf,False,0x0
1783146232.047,2090,2090,448369,4,1,4,15,-23,1041,4,-4,-1,101325,2500,7221,487,0xf,False,0x0
1783146232.254,2091,2091,448576,4,1,1,14,50,887,4,5,5,101325,2500,7221,516,0xf,False,0x0
1783146232.455,2092,2092,448776,4,1,-5,-57,15,993,0,-5,3,101325,2500,7221,511,0xf,False,0x0
1783146232.666,2093,2093,448988,4,1,16,39,22,973,1,1,4,101325,2500,7221,507,0xf,False,0x0
1783146233.074,2095,2095,449396,4,1,2,-50,29,1007,3,-3,-1,101325,2500,7221,486,0xf,False,0x0
1783146233.274,2096,2096,449596,4,1,-18,-41,-51,913,-2,1,1,101325,2500,7221,484,0xf,False,0x0
1783146233.475,2097,2097,449797,4,1,-11,-3,-54,1033,4,-5,3,101325,2500,7221,491,0xf,False,0x0
1783146233.676,2098,2098,449997,4,1,20,-53,-42,1003,-3,-4,1,101325,2500,7221,498,0xf,False,0x0
1783146233.877,2099,2099,450199,4,1,-6,-2,7,997,5,2,-4,101325,2500,7220,490,0xf,False,0x0
1783146234.077,2100,2100,450399,4,1,18,-18,36,976,-1,0,1,101325,2500,7220,511,0xf,False,0x0
1783146234.314,2101,2101,450636,4,1,11,-12,57,1015,-3,2,-4,101325,2500,7220,508,0xf,False,0x0
1783146234.514,2102,2102,450836,4,1,-3,30,31,1086,-4,-5,-5,101325,2500,7220,512,0xf,False,0x0
1783146234.739,2103,2103,451061,4,1,-18,-10,-1,1162,-5,3,5,101325,2500,7220,484,0xf,False,0x0
1783146235.018,2104,2104,451339,4,1,-2,55,-1,958,4,-2,0,101325,2500,7220,484,0xf,False,0x0
1783146235.218,2105,2105,451540,4,1,1,-55,27,1107,1,-1,3,101325,2500,7220,502,0xf,False,0x0
1783146235.419,2106,2106,451741,4,1,-15,-5,58,884,2,2,-1,101325,2500,7220,497,0xf,False,0x0
1783146235.619,2107,2107,451941,4,1,4,-6,-43,1070,2,1,-5,101325,2500,7220,507,0xf,False,0x0
1783146235.820,2108,2108,452141,4,1,-15,-23,26,954,-3,1,-4,101325,2500,7220,500,0xf,False,0x0
1783146236.026,2109,2109,452348,4,1,-19,6,53,937,4,-3,0,101325,2500,7220,488,0xf,False,0x0
1783146236.227,2110,2110,452549,4,1,-20,42,-5,1110,-5,0,-5,101325,2500,7219,517,0xf,False,0x0
1783146236.456,2111,2111,452778,4,1,0,30,53,1097,0,5,3,101325,2500,7219,518,0xf,False,0x0
1783146236.657,2112,2112,452979,4,1,-1,19,25,911,-1,5,3,101325,2500,7219,520,0xf,False,0x0
1783146236.883,2113,2113,453205,4,1,-1,57,-33,953,2,2,2,101325,2500,7219,493,0xf,False,0x0
1783146237.084,2114,2114,453406,4,1,11,-20,8,1148,5,-3,2,101325,2500,7219,520,0xf,False,0x0
1783146237.285,2115,2115,453607,4,1,14,-22,-14,1101,-3,1,0,101325,2500,7219,494,0xf,False,0x0
1783146237.488,2116,2116,453810,4,1,16,11,44,1105,4,0,2,101325,2500,7219,488,0xf,False,0x0
1783146237.689,2117,2117,454011,4,1,-17,20,-33,1092,-4,-4,-4,101325,2500,7219,491,0xf,False,0x0
1783146237.897,2118,2118,454219,4,1,3,-51,-56,1019,-1,-2,-3,101325,2500,7219,500,0xf,False,0x0
1783146238.305,2120,2120,454627,4,1,0,54,-9,848,-2,2,0,101325,2500,7219,519,0xf,False,0x0
1783146238.508,2121,2121,454829,4,1,10,-28,-49,976,5,-2,5,101325,2500,7219,511,0xf,False,0x0
1783146238.848,2122,2122,455170,4,1,-15,38,-12,969,2,-3,4,101325,2500,7218,518,0xf,False,0x0
1783146239.048,2123,2123,455370,4,1,-8,-27,29,942,2,-2,0,101325,2500,7218,497,0xf,False,0x0
1783146239.250,2124,2124,455572,4,1,-2,42,-7,1021,-4,-1,0,101325,2500,7218,520,0xf,False,0x0
1783146239.660,2126,2126,455982,4,1,14,-25,8,954,-3,-1,0,101325,2500,7218,484,0xf,False,0x0
1783146239.861,2127,2127,456183,4,1,-6,48,-6,924,-1,-2,0,101325,2500,7218,486,0xf,False,0x0
1783146240.103,2128,2128,456425,4,1,-13,37,49,1044,5,1,-2,101325,2500,7218,520,0xf,False,0x0
1783146240.304,2129,2129,456626,4,1,-5,54,-57,1107,-2,-4,5,101325,2500,7218,481,0xf,False,0x0
1783146240.562,2130,2130,456884,4,1,-13,-11,46,1038,3,-4,-4,101325,2500,7218,480,0xf,False,0x0
1783146240.763,2131,2131,457085,4,1,6,30,-8,973,-5,-1,1,101325,2500,7218,500,0xf,False,0x0
1783146240.987,2132,2132,457309,4,1,-8,-7,-3,1039,1,5,-4,101325,2500,7218,494,0xf,False,0x0
1783146241.189,2133,2133,457511,4,1,6,-32,-12,1008,-3,0,-3,101325,2500,7217,485,0xf,False,0x0
1783146241.403,2134,2134,457725,4,1,-13,-12,7,922,3,2,4,101325,2500,7217,513,0xf,False,0x0
1783146241.603,2135,2135,457925,4,1,2,-2,-13,962,1,0,1,101325,2500,7217,516,0xf,False,0x0
1783146241.811,2136,2136,458133,4,1,-8,-38,-13,1083,-5,0,-5,101325,2500,7217,498,0xf,False,0x0
1783146242.012,2137,2137,458333,4,1,4,52,16,853,-1,0,-2,101325,2500,7217,504,0xf,False,0x0
1783146242.672,2140,2140,458993,4,1,-18,-22,-58,999,3,0,-4,101325,2500,7217,516,0xf,False,0x0
1783146242.872,2141,2141,459194,4,1,11,-9,10,902,5,0,3,101325,2500,7217,494,0xf,False,0x0
1783146243.183,2142,2142,459505,4,1,13,-45,-9,1049,0,2,-2,101325,2500,7217,483,0xf,False,0x0
1783146243.389,2143,2143,459711,4,1,0,-53,20,923,1,-4,1,101325,2500,7217,503,0xf,False,0x0
1783146243.594,2144,2144,459915,4,1,4,44,-58,1083,-2,2,-3,101325,2500,7217,487,0xf,False,0x0
1783146243.794,2145,2145,460116,4,1,-6,33,55,920,4,-1,-2,101325,2500,7216,518,0xf,False,0x0
1783146244.017,2146,2146,460338,4,1,-16,1,50,904,-3,2,-1,101325,2500,7216,517,0xf,False,0x0
1783146244.217,2147,2147,460539,4,1,-6,53,18,975,2,5,0,101325,2500,7216,499,0xf,False,0x0
1783146244.441,2148,2148,460763,4,1,4,-44,35,897,-3,-4,-4,101325,2500,7216,513,0xf,False,0x0
1783146244.641,2149,2149,460963,4,1,14,-5,-11,1132,-1,-4,-1,101325,2500,7216,513,0xf,False,0x0
1783146244.852,2150,2150,461174,4,1,-1,39,-32,1068,-3,-3,-5,101325,2500,7216,491,0xf,False,0x0
1783146245.052,2151,2151,461374,4,1,4,-52,-21,1018,0,-2,2,101325,2500,7216,482,0xf,False,0x0
1783146245.280,2152,2152,461602,4,1,-3,-54,41,864,-3,4,3,101325,2500,7216,487,0xf,False,0x0
1783146245.481,2153,2153,461802,4,1,-6,32,-12,1088,-4,4,-2,101325,2500,7216,482,0xf,False,0x0
1783146245.719,2154,2154,462041,4,1,8,-36,-24,961,-1,1,2,101325,2500,7216,512,0xf,False,0x0
1783146245.920,2155,2155,462242,4,1,-7,39,-9,1066,-3,-2,1,101325,2500,7216,498,0xf,False,0x0
1783146246.166,2156,2156,462488,4,1,2,-23,-53,1091,5,-5,-3,101325,2500,7216,505,0xf,False,0x0
1783146246.367,2157,2157,462689,4,1,9,30,-39,1071,1,-2,0,101325,2500,7215,490,0xf,False,0x0
1783146246.603,2158,2158,462924,4,1,8,-26,-23,1001,0,4,-1,101325,2500,7215,501,0xf,False,0x0
1783146247.044,2160,2160,463366,4,1,-20,-56,9,972,-5,-4,4,101325,2500,7215,482,0xf,False,0x0
1783146247.244,2161,2161,463566,4,1,12,50,2,864,-3,3,3,101325,2500,7215,484,0xf,False,0x0
1783146247.486,2162,2162,463808,4,1,10,54,-9,996,-3,5,1,101325,2500,7215,497,0xf,False,0x0
1783146247.687,2163,2163,464009,4,1,-15,-24,36,1025,5,-4,-2,101325,2500,7215,489,0xf,False,0x0
1783146247.914,2164,2164,464236,4,1,3,-21,-30,1078,4,0,3,101325,2500,7215,516,0xf,False,0x0
1783146248.114,2165,2165,464436,4,1,-19,-5,-47,1090,-3,-2,-2,101325,2500,7215,515,0xf,False,0x0
1783146248.337,2166,2166,464659,4,1,11,-13,-47,1067,-2,4,-5,101325,2500,7215,484,0xf,False,0x0
1783146248.537,2167,2167,464859,4,1,-5,51,-9,1039,3,5,0,101325,2500,7215,499,0xf,False,0x0
1783146248.762,2168,2168,465084,4,1,0,-48,60,1086,1,-1,-2,101325,2500,7214,508,0xf,False,0x0
1783146248.962,2169,2169,465284,4,1,10,-41,45,842,5,-1,-1,101325,2500,7214,496,0xf,False,0x0
1783146249.222,2170,2170,465544,4,1,17,59,-56,1048,0,-3,5,101325,2500,7214,498,0xf,False,0x0
1783146249.423,2171,2171,465745,4,1,6,4,26,1075,5,-3,-4,101325,2500,7214,492,0xf,False,0x0
1783146249.669,2172,2172,465991,4,1,-2,60,49,1004,-3,-5,0,101325,2500,7214,488,0xf,False,0x0
1783146249.869,2173,2173,466191,4,1,2,55,-27,890,3,2,3,101325,2500,7214,499,0xf,False,0x0
1783146250.110,2174,2174,466432,4,1,-5,50,34,877,0,3,4,101325,2500,7214,491,0xf,False,0x0
1783146250.310,2175,2175,466632,4,1,-18,38,15,940,-1,-2,2,101325,2500,7214,514,0xf,False,0x0
1783146250.531,2176,2176,466853,4,1,17,5,-22,985,-2,3,-3,101325,2500,7214,500,0xf,False,0x0
1783146250.731,2177,2177,467053,4,1,16,46,13,894,2,1,0,101325,2500,7214,494,0xf,False,0x0
1783146250.947,2178,2178,467269,4,1,16,37,26,923,-2,1,-4,101325,2500,7214,490,0xf,False,0x0
1783146251.147,2179,2179,467469,4,1,17,5,-58,995,1,-2,5,101325,2500,7214,509,0xf,False,0x0
1783146251.398,2180,2180,467720,4,1,-18,-33,-47,1013,4,-5,-4,101325,2500,7213,515,0xf,False,0x0
1783146251.598,2181,2181,467920,4,1,-8,39,16,1024,3,2,2,101325,2500,7213,482,0xf,False,0x0
1783146251.829,2182,2182,468150,4,1,3,-18,22,947,3,1,5,101325,2500,7213,504,0xf,False,0x0
1783146252.029,2183,2183,468351,4,1,-5,-58,-43,1000,2,-3,-1,101325,2500,7213,480,0xf,False,0x0
1783146252.256,2184,2184,468578,4,1,17,-49,-21,937,-3,1,-3,101325,2500,7213,495,0xf,False,0x0
1783146252.457,2185,2185,468778,4,1,-8,-45,-49,970,-2,5,-1,101325,2500,7213,481,0xf,False,0x0
1783146252.687,2186,2186,469009,4,1,-13,0,46,952,-3,5,-2,101325,2500,7213,503,0xf,False,0x0
1783146253.115,2188,2188,469437,4,1,20,-34,-19,1003,-1,-1,4,101325,2500,7213,492,0xf,False,0x0
1783146253.316,2189,2189,469638,4,1,-11,49,40,930,-4,-1,-1,101325,2500,7213,486,0xf,False,0x0
1783146253.517,2190,2190,469839,4,1,4,-9,56,1134,4,4,-2,101325,2500,7213,519,0xf,False,0x0
1783146253.718,2191,2191,470040,4,1,10,51,6,866,-2,5,0,101325,2500,7212,501,0xf,False,0x0
1783146253.920,2192,2192,470242,4,1,7,23,-22,881,1,1,3,101325,2500,7212,481,0xf,False,0x0
1783146254.120,2193,2193,470442,4,1,-14,11,36,925,2,5,-5,101325,2500,7212,498,0xf,False,0x0
1783146254.368,2194,2194,470690,4,1,-16,-44,26,967,-2,-2,2,101325,2500,7212,505,0xf,False,0x0
1783146254.568,2195,2195,470890,4,1,-1,-23,47,1012,1,1,3,101325,2500,7212,512,0xf,False,0x0
1783146254.791,2196,2196,471112,4,1,4,39,1,999,4,4,-2,101325,2500,7212,508,0xf,False,0x0
1783146254.991,2197,2197,471313,4,1,11,-34,38,1070,4,0,0,101325,2500,7212,520,0xf,False,0x0
1783146255.203,2198,2198,471525,4,1,9,2,33,935,2,-4,-1,101325,2500,7212,514,0xf,False,0x0
1783146255.403,2199,2199,471725,4,1,-5,52,11,1145,-1,-2,-5,101325,2500,7212,519,0xf,False,0x0
1783146255.812,2201,2201,472134,4,1,10,-56,-23,972,-4,-1,1,101325,2500,7212,518,0xf,False,0x0
1783146256.214,2203,2203,472536,4,1,9,28,-16,1017,2,3,3,101325,2500,7211,482,0xf,False,0x0
1783146256.415,2204,2204,472736,4,1,-4,-58,-38,1078,1,-1,1,101325,2500,7211,520,0xf,False,0x0
1783146256.819,2206,2206,473141,4,1,-2,19,-36,1033,-2,5,-3,101325,2500,7211,519,0xf,False,0x0
1783146257.019,2207,2207,473341,4,1,-19,-5,-47,1077,2,3,-5,101325,2500,7211,517,0xf,False,0x0
1783146257.220,2208,2208,473542,4,1,-20,12,-57,1090,-2,2,2,101325,2500,7211,508,0xf,False,0x0
1783146257.421,2209,2209,473743,4,1,14,1,34,891,5,-5,1,101325,2500,7211,488,0xf,False,0x0
1783146257.621,2210,2210,473943,4,1,13,-59,52,1008,-4,0,2,101325,2500,7211,503,0xf,False,0x0
1783146257.822,2211,2211,474144,4,1,20,-5,-58,853,-5,1,-5,101325,2500,7211,484,0xf,False,0x0
1783146258.029,2212,2212,474351,4,1,5,27,3,1058,0,0,-4,101325,2500,7211,504,0xf,False,0x0
1783146258.229,2213,2213,474551,4,1,-7,20,-42,945,2,4,0,101325,2500,7211,500,0xf,False,0x0
1783146258.439,2214,2214,474761,4,1,12,13,-23,1079,1,5,1,101325,2500,7211,495,0xf,False,0x0
1783146258.640,2215,2215,474961,4,1,-9,-46,21,920,1,5,-3,101325,2500,7211,504,0xf,False,0x0
1783146258.888,2216,2216,475210,4,1,15,-46,-5,1000,0,-2,-2,101325,2500,7210,489,0xf,False,0x0
1783146259.089,2217,2217,475411,4,1,19,-30,13,1049,2,0,1,101325,2500,7210,517,0xf,False,0x0
1783146259.290,2218,2218,475612,4,1,-1,-10,-54,1087,-5,1,-4,101325,2500,7210,487,0xf,False,0x0
1783146259.691,2220,2220,476013,4,1,13,-34,50,899,1,1,3,101325,2500,7210,519,0xf,False,0x0
1783146259.898,2221,2221,476220,4,1,-20,3,-1,981,-1,2,0,101325,2500,7210,518,0xf,False,0x0
1783146260.099,2222,2222,476420,4,1,5,28,15,928,5,-4,-5,101325,2500,7210,508,0xf,False,0x0
1783146260.334,2223,2223,476656,4,1,8,-19,-25,1000,-3,0,4,101325,2500,7210,510,0xf,False,0x0
1783146260.535,2224,2224,476857,4,1,-11,-43,-4,1010,2,-1,2,101325,2500,7210,494,0xf,False,0x0
1783146260.776,2225,2225,477098,4,1,-10,-23,-28,1080,5,-1,2,101325,2500,7210,506,0xf,False,0x0
1783146260.977,2226,2226,477299,4,1,-11,47,-29,931,4,5,-4,101325,2500,7210,513,0xf,False,0x0
1783146261.201,2227,2227,477523,4,1,19,-28,24,910,1,-4,-5,101325,2500,7209,502,0xf,False,0x0
1783146261.470,2228,2228,477792,4,1,-7,-42,34,882,1,-4,-3,101325,2500,7209,520,0xf,False,0x0
1783146261.670,2229,2229,477992,4,1,-12,-35,-30,973,-1,-4,-4,101325,2500,7209,492,0xf,False,0x0
1783146261.900,2230,2230,478222,4,1,0,-44,-39,1109,2,5,-4,101325,2500,7209,518,0xf,False,0x0
1783146262.101,2231,2231,478423,4,1,20,7,-44,871,0,-3,4,101325,2500,7209,480,0xf,False,0x0
1783146262.315,2232,2232,478636,4,1,-11,-30,-20,1081,0,-2,-5,101325,2500,7209,480,0xf,False,0x0
1783146262.731,2234,2234,479053,4,1,18,-52,55,935,4,-1,3,101325,2500,7209,501,0xf,False,0x0
1783146262.931,2235,2235,479253,4,1,-5,33,38,1074,1,5,1,101325,2500,7209,496,0xf,False,0x0
1783146263.133,2236,2236,479454,4,1,17,-21,-52,1035,2,1,4,101325,2500,7209,514,0xf,False,0x0
1783146263.333,2237,2237,479655,4,1,6,-30,-8,936,2,3,0,101325,2500,7209,498,0xf,False,0x0
1783146263.534,2238,2238,479855,4,1,-19,3,-46,1091,0,1,2,101325,2500,7209,480,0xf,False,0x0
1783146263.734,2239,2239,480056,4,1,9,-46,-50,1076,0,1,-4,101325,2500,7208,500,0xf,False,0x0
1783146263.936,2240,2240,480257,4,1,-20,57,-33,1120,-3,5,3,101325,2500,7208,494,0xf,False,0x0
1783146264.140,2241,2241,480461,4,1,-6,50,9,1142,0,-4,0,101325,2500,7208,513,0xf,False,0x0
1783146264.340,2242,2242,480662,4,1,-16,-44,57,890,-4,-4,3,101325,2500,7208,495,0xf,False,0x0
1783146264.568,2243,2243,480889,4,1,15,-30,44,927,2,-3,2,101325,2500,7208,507,0xf,False,0x0
1783146264.769,2244,2244,481090,4,1,-7,36,1,1060,-5,0,-2,101325,2500,7208,519,0xf,False,0x0
1783146264.974,2245,2245,481296,4,1,-5,-55,-8,934,5,-3,3,101325,2500,7208,506,0xf,False,0x0
1783146265.174,2246,2246,481496,4,1,11,-33,-13,910,-5,-3,1,101325,2500,7208,514,0xf,False,0x0
1783146265.375,2247,2247,481697,4,1,-18,14,-60,957,2,-5,2,101325,2500,7208,500,0xf,False,0x0
1783146265.576,2248,2248,481898,4,1,5,23,48,1066,-5,-4,3,101325,2500,7208,507,0xf,False,0x0
1783146265.776,2249,2249,482098,4,1,11,-16,3,1017,-5,-5,3,101325,2500,7208,512,0xf,False,0x0
1783146266.199,2251,2251,482521,4,1,-15,52,25,929,0,-4,-4,101325,2500,7207,503,0xf,False,0x0
1783146266.409,2252,2252,482731,4,1,-19,49,-7,908,-2,0,5,101325,2500,7207,514,0xf,False,0x0
1783146266.609,2253,2253,482931,4,1,-18,-50,-6,960,4,2,5,101325,2500,7207,490,0xf,False,0x0
1783146266.810,2254,2254,483131,4,1,14,-22,1,981,-2,4,5,101325,2500,7207,520,0xf,False,0x0
1783146267.010,2255,2255,483332,4,1,-18,28,7,1095,0,4,-4,101325,2500,7207,519,0xf,False,0x0
1783146267.243,2256,2256,483565,4,1,-3,-2,-41,999,4,-4,4,101325,2500,7207,490,0xf,False,0x0
1783146267.443,2257,2257,483765,4,1,-10,-30,0,1013,-2,-5,-3,101325,2500,7207,496,0xf,False,0x0
1783146267.683,2258,2258,484004,4,1,3,-24,12,972,-3,5,4,101325,2500,7207,506,0xf,False,0x0
1783146267.883,2259,2259,484205,4,1,15,23,35,887,-2,2,-1,101325,2500,7207,481,0xf,False,0x0
1783146268.301,2261,2261,484623,4,1,9,-34,-22,970,5,-5,1,101325,2500,7207,509,0xf,False,0x0
1783146268.553,2262,2262,484875,4,1,-3,59,56,1077,-4,-3,-5,101325,2500,7207,509,0xf,False,0x0
1783146269.047,2264,2264,485368,4,1,6,-49,-58,938,2,0,-4,101325,2500,7206,497,0xf,False,0x0
1783146269.271,2265,2265,485593,4,1,-17,-19,20,1048,2,-2,-3,101325,2500,7206,489,0xf,False,0x0
1783146269.471,2266,2266,485793,4,1,8,60,-37,995,4,0,4,101325,2500,7206,500,0xf,False,0x0
1783146269.672,2267,2267,485994,4,1,13,50,-55,1014,5,5,-3,101325,2500,7206,509,0xf,False,0x0
1783146269.873,2268,2268,486195,4,1,17,-59,-14,942,5,-5,-4,101325,2500,7206,499,0xf,False,0x0
1783146270.075,2269,2269,486397,4,1,-8,-48,13,1020,0,-4,-1,101325,2500,7206,481,0xf,False,0x0
1783146270.275,2270,2270,486597,4,1,-14,-55,50,924,-3,-2,-5,101325,2500,7206,507,0xf,False,0x0
1783146270.505,2271,2271,486826,4,1,-20,-25,-30,934,-3,-5,-1,101325,2500,7206,497,0xf,False,0x0
1783146270.705,2272,2272,487027,4,1,1,12,16,1095,5,-3,5,101325,2500,7206,515,0xf,False,0x0
1783146271.146,2274,2274,487468,4,1,-16,-36,-22,1068,-2,-3,0,101325,2500,7206,486,0xf,False,0x0
1783146271.350,2275,2275,487672,4,1,5,20,-3,1086,3,-3,-2,101325,2500,7205,492,0xf,False,0x0
1783146271.557,2276,2276,487879,4,1,-15,-29,32,866,-1,5,-3,101325,2500,7205,481,0xf,False,0x0
1783146271.759,2277,2277,488080,4,1,-5,-59,13,862,2,-4,3,101325,2500,7205,501,0xf,False,0x0
1783146271.966,2278,2278,488288,4,1,10,-37,33,1066,3,-2,-4,101325,2500,7205,502,0xf,False,0x0
1783146272.166,2279,2279,488488,4,1,-4,30,19,1096,1,5,-1,101325,2500,7205,516,0xf,False,0x0
1783146272.367,2280,2280,488689,4,1,15,60,33,1058,-1,-2,2,101325,2500,7205,513,0xf,False,0x0
1783146272.567,2281,2281,488889,4,1,10,47,-17,1024,-5,-4,-3,101325,2500,7205,501,0xf,False,0x0
1783146272.768,2282,2282,489090,4,1,11,-17,-41,1045,-1,0,2,101325,2500,7205,507,0xf,False,0x0
1783146272.969,2283,2283,489291,4,1,-3,8,31,1119,-4,3,5,101325,2500,7205,517,0xf,False,0x0
1783146273.169,2284,2284,489491,4,1,-14,40,-50,1034,-1,0,4,101325,2500,7205,508,0xf,False,0x0
1783146273.370,2285,2285,489692,4,1,-3,-48,11,862,2,1,-3,101325,2500,7205,516,0xf,False,0x0
1783146273.580,2286,2286,489902,4,1,-20,21,-50,981,3,2,0,101325,2500,7205,519,0xf,False,0x0
1783146273.781,2287,2287,490103,4,1,7,38,-8,937,2,-4,-4,101325,2500,7204,512,0xf,False,0x0
1783146274.108,2288,2288,490429,4,1,-17,49,24,998,-5,-2,1,101325,2500,7204,501,0xf,False,0x0
1783146274.542,2290,2290,490864,4,1,-15,-5,-53,935,-3,5,-1,101325,2500,7204,513,0xf,False,0x0
1783146274.743,2291,2291,491064,4,1,-5,30,-4,1046,-3,-2,-4,101325,2500,7204,501,0xf,False,0x0
1783146274.989,2292,2292,491311,4,1,18,-19,11,995,-2,0,-3,101325,2500,7204,480,0xf,False,0x0
1783146275.190,2293,2293,491511,4,1,-7,-32,53,1100,0,4,4,101325,2500,7204,508,0xf,False,0x0
1783146275.403,2294,2294,491724,4,1,-1,-28,-8,877,-3,0,-1,101325,2500,7204,508,0xf,False,0x0
1783146275.845,2296,2296,492167,4,1,18,19,-7,927,2,-2,3,101325,2500,7204,492,0xf,False,0x0
1783146276.046,2297,2297,492368,4,1,-11,-9,-57,939,-2,-5,-1,101325,2500,7204,499,0xf,False,0x0
1783146276.250,2298,2298,492572,4,1,16,27,-56,898,-4,-4,-2,101325,2500,7203,480,0xf,False,0x0
1783146276.451,2299,2299,492773,4,1,17,-21,15,1073,-5,0,4,101325,2500,7203,499,0xf,False,0x0
1783146276.677,2300,2300,492999,4,1,-7,-59,-37,969,0,-2,-5,101325,2500,7203,500,0xf,False,0x0
1783146277.103,2302,2302,493425,4,1,-4,-54,-24,1095,5,2,-4,101325,2500,7203,519,0xf,False,0x0
1783146277.303,2303,2303,493625,4,1,11,-35,59,894,-4,-4,-1,101325,2500,7203,494,0xf,False,0x0
1783146277.526,2304,2304,493848,4,1,17,45,42,886,5,3,-3,101325,2500,7203,517,0xf,False,0x0
1783146277.727,2305,2305,494049,4,1,-13,-25,15,1035,-2,-5,5,101325,2500,7203,482,0xf,False,0x0
1783146277.945,2306,2306,494267,4,1,8,-48,35,990,-1,5,-5,101325,2500,7203,487,0xf,False,0x0
1783146278.146,2307,2307,494468,4,1,-14,-12,-27,1022,0,3,1,101325,2500,7203,509,0xf,False,0x0
1783146278.403,2308,2308,494725,4,1,18,4,-45,1109,1,-5,-1,101325,2500,7203,515,0xf,False,0x0
1783146278.604,2309,2309,494926,4,1,4,3,-45,863,-4,-1,-2,101325,2500,7203,482,0xf,False,0x0
1783146278.836,2310,2310,495158,4,1,11,-19,-20,860,2,2,0,101325,2500,7202,493,0xf,False,0x0
1783146279.036,2311,2311,495358,4,1,-20,-45,-39,1078,2,1,0,101325,2500,7202,514,0xf,False,0x0
1783146279.267,2312,2312,495589,4,1,-5,13,-12,1019,5,1,5,101325,2500,7202,485,0xf,False,0x0
1783146279.468,2313,2313,495789,4,1,13,26,27,941,-3,4,-3,101325,2500,7202,482,0xf,False,0x0
1783146279.885,2315,2315,496207,4,1,-6,-33,-38,1036,-1,4,-4,101325,2500,7202,520,0xf,False,0x0
1783146280.126,2316,2316,496447,4,1,-9,0,30,1075,4,5,2,101325,2500,7202,493,0xf,False,0x0
1783146280.327,2317,2317,496649,4,1,19,34,-27,1003,5,5,0,101325,2500,7202,517,0xf,False,0x0
1783146280.548,2318,2318,496870,4,1,-3,23,18,1084,5,1,-1,101325,2500,7202,514,0xf,False,0x0
1783146281.183,2321,2321,497505,4,1,12,40,-34,1103,2,-2,4,101325,2500,7201,495,0xf,False,0x0
1783146281.411,2322,2322,497733,4,1,11,46,36,942,-4,-1,2,101325,2500,7201,509,0xf,False,0x0
1783146281.612,2323,2323,497934,4,1,-6,-39,49,913,1,3,1,101325,2500,7201,503,0xf,False,0x0
1783146281.840,2324,2324,498162,4,1,16,2,4,1059,-3,4,-3,101325,2500,7201,494,0xf,False,0x0
1783146282.041,2325,2325,498362,4,1,-12,43,30,981,5,-3,-2,101325,2500,7201,508,0xf,False,0x0
1783146282.276,2326,2326,498598,4,1,-6,58,28,1149,1,0,-4,101325,2500,7201,510,0xf,False,0x0
1783146282.476,2327,2327,498798,4,1,13,-18,-29,1046,1,-5,5,101325,2500,7201,494,0xf,False,0x0
1783146282.704,2328,2328,499026,4,1,2,-1,7,929,-5,-1,-4,101325,2500,7201,481,0xf,False,0x0
1783146282.905,2329,2329,499226,4,1,9,-2,22,939,5,5,0,101325,2500,7201,500,0xf,False,0x0
1783146283.132,2330,2330,499454,4,1,0,-37,23,1079,3,1,-5,101325,2500,7201,520,0xf,False,0x0
1783146283.333,2331,2331,499655,4,1,3,-44,-33,1075,-4,3,2,101325,2500,7201,520,0xf,False,0x0
1783146283.564,2332,2332,499885,4,1,-20,5,17,1081,-2,-4,-1,101325,2500,7201,514,0xf,False,0x0
1783146283.764,2333,2333,500086,4,1,2,14,-19,1081,-3,-4,5,101325,2500,7200,507,0xf,False,0x0
1783146283.987,2334,2334,500309,4,1,2,27,27,1084,-1,-5,1,101325,2500,7200,480,0xf,False,0x0
1783146284.188,2335,2335,500510,4,1,14,44,-39,1080,-4,-4,3,101325,2500,7200,502,0xf,False,0x0
1783146284.393,2336,2336,500715,4,1,-3,3,-16,1085,3,-3,-1,101325,2500,7200,484,0xf,False,0x0
1783146284.593,2337,2337,500915,4,1,-15,-55,35,1001,-1,3,1,101325,2500,7200,498,0xf,False,0x0
1783146284.852,2338,2338,501173,4,1,2,8,17,1021,2,-5,5,101325,2500,7200,493,0xf,False,0x0
1783146285.052,2339,2339,501374,4,1,16,-48,36,1051,1,-1,-4,101325,2500,7200,512,0xf,False,0x0
1783146285.270,2340,2340,501592,4,1,11,21,-7,916,-5,2,5,101325,2500,7200,507,0xf,False,0x0
1783146285.471,2341,2341,501793,4,1,-20,4,31,863,3,-5,1,101325,2500,7200,504,0xf,False,0x0
1783146285.719,2342,2342,502041,4,1,20,11,-41,1033,-4,4,1,101325,2500,7200,513,0xf,False,0x0
1783146286.146,2344,2344,502468,4,1,17,8,-30,909,-1,4,3,101325,2500,7200,500,0xf,False,0x0
1783146286.346,2345,2345,502668,4,1,1,-57,45,952,-1,-1,3,101325,2500,7199,484,0xf,False,0x0
1783146286.548,2346,2346,502869,4,1,6,22,46,986,-3,-3,0,101325,2500,7199,509,0xf,False,0x0
1783146286.749,2347,2347,503071,4,1,-7,29,-22,1053,-4,1,-5,101325,2500,7199,487,0xf,False,0x0
1783146286.964,2348,2348,503286,4,1,-2,16,24,996,4,1,1,101325,2500,7199,504,0xf,False,0x0
1783146287.166,2349,2349,503487,4,1,12,-25,-43,914,-1,0,5,101325,2500,7199,501,0xf,False,0x0
1783146287.391,2350,2350,503713,4,1,2,-47,-24,1089,5,2,4,101325,2500,7199,495,0xf,False,0x0
1783146287.591,2351,2351,503913,4,1,13,6,-11,1105,2,3,1,101325,2500,7199,480,0xf,False,0x0
1783146287.818,2352,2352,504140,4,1,-15,27,-33,959,-5,-5,-3,101325,2500,7199,500,0xf,False,0x0
1783146288.025,2353,2353,504347,4,1,15,-15,51,1118,5,2,-5,101325,2500,7199,504,0xf,False,0x0
1783146288.225,2354,2354,504547,4,1,7,-60,-15,1104,3,-1,5,101325,2500,7199,518,0xf,False,0x0
1783146288.426,2355,2355,504748,4,1,-20,22,-55,927,5,3,2,101325,2500,7199,511,0xf,False,0x0
1783146288.627,2356,2356,504949,4,1,-8,-21,46,1085,-2,-4,2,101325,2500,7199,501,0xf,False,0x0
1783146288.827,2357,2357,505149,4,1,16,-32,48,906,3,2,0,101325,2500,7198,514,0xf,False,0x0
1783146289.028,2358,2358,505350,4,1,-9,26,54,948,1,1,-5,101325,2500,7198,500,0xf,False,0x0
1783146289.231,2359,2359,505552,4,1,17,24,-1,1101,-2,2,-5,101325,2500,7198,508,0xf,False,0x0
1783146289.431,2360,2360,505753,4,1,-1,-22,-48,1046,-1,1,-1,101325,2500,7198,511,0xf,False,0x0
1783146289.642,2361,2361,505963,4,1,-17,56,24,1093,3,-3,4,101325,2500,7198,514,0xf,False,0x0
1783146289.842,2362,2362,506164,4,1,-2,39,40,841,-1,5,-4,101325,2500,7198,498,0xf,False,0x0
1783146290.244,2364,2364,506566,4,1,4,21,22,1003,0,-1,-3,101325,2500,7198,488,0xf,False,0x0
1783146290.451,2365,2365,506773,4,1,10,51,-31,1004,0,3,-4,101325,2500,7198,501,0xf,False,0x0
1783146290.651,2366,2366,506973,4,1,15,-20,0,991,2,-1,-4,101325,2500,7198,497,0xf,False,0x0
1783146290.908,2367,2367,507230,4,1,10,-37,55,1135,-5,4,2,101325,2500,7198,487,0xf,False,0x0
1783146291.109,2368,2368,507430,4,1,-18,-2,-9,1057,-4,1,5,101325,2500,7198,506,0xf,False,0x0
1783146291.328,2369,2369,507650,4,1,-12,-50,-30,986,-4,-2,4,101325,2500,7197,518,0xf,False,0x0
1783146291.528,2370,2370,507850,4,1,-15,34,44,1013,-3,1,-3,101325,2500,7197,488,0xf,False,0x0
1783146291.753,2371,2371,508075,4,1,8,-5,57,999,-5,1,-1,101325,2500,7197,502,0xf,False,0x0
1783146291.953,2372,2372,508275,4,1,12,58,8,1000,2,3,-5,101325,2500,7197,488,0xf,False,0x0
1783146292.176,2373,2373,508498,4,1,3,-59,12,947,4,-3,-2,101325,2500,7197,517,0xf,False,0x0
1783146292.376,2374,2374,508698,4,1,-7,47,40,1039,-3,0,-5,101325,2500,7197,513,0xf,False,0x0
1783146292.602,2375,2375,508924,4,1,7,8,55,903,4,2,-5,101325,2500,7197,489,0xf,False,0x0
1783146292.803,2376,2376,509125,4,1,-11,-55,13,969,2,-5,4,101325,2500,7197,515,0xf,False,0x0
1783146293.037,2377,2377,509359,4,1,9,-48,-46,904,3,0,-5,101325,2500,7197,494,0xf,False,0x0
1783146293.237,2378,2378,509559,4,1,-1,-43,54,1027,2,-4,-3,101325,2500,7197,504,0xf,False,0x0
1783146293.466,2379,2379,509788,4,1,-12,-51,50,1055,4,-3,-5,101325,2500,7197,515,0xf,False,0x0
1783146293.666,2380,2380,509988,4,1,3,54,9,915,-1,-3,-1,101325,2500,7197,501,0xf,False,0x0
1783146293.902,2381,2381,510224,4,1,8,-43,47,1082,-3,-1,-3,101325,2500,7196,495,0xf,False,0x0
1783146294.103,2382,2382,510425,4,1,-12,-27,5,967,2,-4,-1,101325,2500,7196,494,0xf,False,0x0
1783146294.316,2383,2383,510637,4,1,8,59,8,950,1,-1,2,101325,2500,7196,486,0xf,False,0x0
1783146294.516,2384,2384,510838,4,1,5,36,25,1060,1,0,-3,101325,2500,7196,493,0xf,False,0x0
1783146294.757,2385,2385,511078,4,1,-1,35,59,973,5,2,-2,101325,2500,7196,516,0xf,False,0x0
1783146294.957,2386,2386,511279,4,1,-4,-24,-31,943,2,5,2,101325,2500,7196,520,0xf,False,0x0
1783146295.177,2387,2387,511499,4,1,20,-41,17,1159,-3,4,-2,101325,2500,7196,510,0xf,False,0x0
1783146295.413,2388,2388,511735,4,1,-16,-49,-10,878,-5,-1,0,101325,2500,7196,517,0xf,False,0x0
1783146295.642,2389,2389,511964,4,1,1,-26,-29,1000,4,-1,5,101325,2500,7196,520,0xf,False,0x0
1783146296.064,2391,2391,512386,4,1,16,-24,-8,1030,-1,0,-4,101325,2500,7196,519,0xf,False,0x0
1783146296.265,2392,2392,512587,4,1,-14,-22,2,1001,4,0,3,101325,2500,7195,496,0xf,False,0x0
1783146296.488,2393,2393,512810,4,1,6,-29,32,967,2,-4,-1,101325,2500,7195,512,0xf,False,0x0
1783146296.689,2394,2394,513011,4,1,-14,-2,-43,879,0,-3,4,101325,2500,7195,483,0xf,False,0x0
1783146296.918,2395,2395,513240,4,1,3,43,47,1057,-3,3,0,101325,2500,7195,512,0xf,False,0x0
1783146297.119,2396,2396,513441,4,1,-6,49,-25,866,2,-2,0,101325,2500,7195,517,0xf,False,0x0
1783146297.352,2397,2397,513674,4,1,-19,-22,-20,1041,-1,0,-5,101325,2500,7195,481,0xf,False,0x0
1783146297.553,2398,2398,513875,4,1,16,54,-39,916,0,0,2,101325,2500,7195,510,0xf,False,0x0
1783146297.770,2399,2399,514092,4,1,5,-25,38,1036,-5,-3,-2,101325,2500,7195,480,0xf,False,0x0
1783146297.970,2400,2400,514292,4,1,-15,-49,-36,975,1,5,4,101325,2500,7195,516,0xf,False,0x0
1783146298.186,2401,2401,514507,4,1,-13,-33,-2,1034,4,0,-4,101325,2500,7195,480,0xf,False,0x0
1783146298.386,2402,2402,514708,4,1,-19,50,-35,1022,3,5,-5,101325,2500,7195,485,0xf,False,0x0
1783146298.615,2403,2403,514936,4,1,-8,60,-11,978,-4,-1,1,101325,2500,7195,496,0xf,False,0x0
1783146298.815,2404,2404,515137,4,1,-3,41,39,928,-5,1,2,101325,2500,7194,483,0xf,False,0x0
1783146299.041,2405,2405,515363,4,1,14,15,15,908,-4,-5,2,101325,2500,7194,517,0xf,False,0x0
1783146299.242,2406,2406,515564,4,1,-19,-2,4,1012,-3,-1,5,101325,2500,7194,488,0xf,False,0x0
1783146299.473,2407,2407,515794,4,1,15,-28,-55,1010,0,2,3,101325,2500,7194,489,0xf,False,0x0
1783146299.673,2408,2408,515995,4,1,12,58,25,1001,1,-5,-5,101325,2500,7194,505,0xf,False,0x0
1783146299.883,2409,2409,516205,4,1,8,-44,35,909,2,1,1,101325,2500,7194,506,0xf,False,0x0
1783146300.084,2410,2410,516406,4,1,13,58,18,1114,-2,5,4,101325,2500,7194,500,0xf,False,0x0
1783146300.332,2411,2411,516654,4,1,14,-45,-46,1114,-3,4,5,101325,2500,7194,508,0xf,False,0x0
1783146300.533,2412,2412,516855,4,1,18,56,21,1067,2,4,1,101325,2500,7194,482,0xf,False,0x0
1783146300.768,2413,2413,517090,4,1,2,20,-52,1061,-4,4,-5,101325,2500,7194,488,0xf,False,0x0
1783146301.027,2414,2414,517348,4,1,-1,41,-28,958,4,5,1,101325,2500,7194,500,0xf,False,0x0
1783146301.227,2415,2415,517549,4,1,12,-45,-45,967,-2,-4,-1,101325,2500,7193,481,0xf,False,0x0
1783146301.428,2416,2416,517749,4,1,-10,-51,23,1026,-4,3,4,101325,2500,7193,490,0xf,False,0x0
1783146301.640,2417,2417,517962,4,1,-13,55,40,936,3,-1,-4,101325,2500,7193,482,0xf,False,0x0
1783146301.840,2418,2418,518162,4,1,3,51,-37,1003,1,-4,-2,101325,2500,7193,518,0xf,False,0x0
1783146302.062,2419,2419,518383,4,1,-8,-12,-4,1142,3,4,-4,101325,2500,7193,510,0xf,False,0x0
1783146302.262,2420,2420,518584,4,1,3,5,54,1016,-1,1,-2,101325,2500,7193,480,0xf,False,0x0
1783146302.683,2422,2422,519005,4,1,-16,-9,48,927,1,-1,0,101325,2500,7193,508,0xf,False,0x0
1783146302.883,2423,2423,519205,4,1,-8,23,15,883,2,-4,0,101325,2500,7193,520,0xf,False,0x0
1783146303.084,2424,2424,519406,4,1,-9,32,47,923,4,0,5,101325,2500,7193,496,0xf,False,0x0
1783146303.290,2425,2425,519611,4,1,13,37,-10,869,3,-1,-2,101325,2500,7193,518,0xf,False,0x0
1783146303.490,2426,2426,519812,4,1,-15,-10,-46,1070,-1,3,-4,101325,2500,7193,488,0xf,False,0x0
1783146303.728,2427,2427,520050,4,1,-17,-26,51,925,2,4,-4,101325,2500,7192,495,0xf,False,0x0
1783146304.012,2428,2428,520334,4,1,-12,-4,23,952,4,2,3,101325,2500,7192,498,0xf,False,0x0
1783146304.213,2429,2429,520534,4,1,15,-18,32,1094,-2,1,-1,101325,2500,7192,503,0xf,False,0x0
1783146304.427,2430,2430,520748,4,1,-19,25,14,920,1,-2,-1,101325,2500,7192,498,0xf,False,0x0
1783146304.627,2431,2431,520949,4,1,7,-28,23,1046,4,-5,1,101325,2500,7192,507,0xf,False,0x0
1783146304.829,2432,2432,521151,4,1,-8,52,-20,1084,0,4,4,101325,2500,7192,496,0xf,False,0x0
1783146305.029,2433,2433,521351,4,1,6,-24,-23,860,2,5,1,101325,2500,7192,511,0xf,False,0x0
1783146305.231,2434,2434,521553,4,1,14,-16,-28,1029,-3,2,-5,101325,2500,7192,510,0xf,False,0x0
1783146305.432,2435,2435,521753,4,1,-14,-6,-20,939,3,0,-4,101325,2500,7192,485,0xf,False,0x0
1783146305.658,2436,2436,521980,4,1,9,-26,31,971,-5,1,-4,101325,2500,7192,504,0xf,False,0x0
1783146305.859,2437,2437,522181,4,1,1,-14,12,1068,1,-2,-1,101325,2500,7192,487,0xf,False,0x0
1783146306.071,2438,2438,522392,4,1,17,45,47,866,-4,-2,0,101325,2500,7192,491,0xf,False,0x0
1783146306.271,2439,2439,522593,4,1,-3,26,-39,970,-2,0,-1,101325,2500,7191,491,0xf,False,0x0
1783146306.477,2440,2440,522799,4,1,14,28,-31,915,4,2,-4,101325,2500,7191,502,0xf,False,0x0
1783146306.677,2441,2441,522999,4,1,11,28,24,1001,-4,-2,5,101325,2500,7191,517,0xf,False,0x0
1783146306.893,2442,2442,523215,4,1,13,34,-25,997,3,5,4,101325,2500,7191,480,0xf,False,0x0
1783146307.094,2443,2443,523416,4,1,2,36,-34,924,-3,2,-4,101325,2500,7191,483,0xf,False,0x0
1783146307.320,2444,2444,523642,4,1,10,-17,-55,1024,-1,2,5,101325,2500,7191,511,0xf,False,0x0
1783146307.521,2445,2445,523843,4,1,20,-37,4,996,-1,4,0,101325,2500,7191,517,0xf,False,0x0
1783146307.761,2446,2446,524082,4,1,1,-5,-3,891,1,-1,0,101325,2500,7191,517,0xf,False,0x0
1783146307.961,2447,2447,524283,4,1,-10,-23,33,1005,-3,-2,-5,101325,2500,7191,480,0xf,False,0x0
1783146308.212,2448,2448,524533,4,1,2,26,26,974,2,5,1,101325,2500,7191,487,0xf,False,0x0
1783146308.413,2449,2449,524735,4,1,-10,41,38,889,5,1,-3,101325,2500,7191,515,0xf,False,0x0
1783146308.635,2450,2450,524956,4,1,17,36,-22,1056,-1,0,3,101325,2500,7191,520,0xf,False,0x0
1783146308.835,2451,2451,525157,4,1,17,-36,-34,1057,-3,5,3,101325,2500,7190,506,0xf,False,0x0
1783146309.059,2452,2452,525381,4,1,-17,-45,18,986,4,-5,0,101325,2500,7190,518,0xf,False,0x0
1783146309.364,2453,2453,525685,4,1,12,-19,-15,1061,-5,1,5,101325,2500,7190,495,0xf,False,0x0
1783146309.564,2454,2454,525886,4,1,3,48,-9,968,3,-5,0,101325,2500,7190,484,0xf,False,0x0
1783146309.764,2455,2455,526086,4,1,-17,-53,52,1027,-4,-4,-3,101325,2500,7190,509,0xf,False,0x0
1783146309.965,2456,2456,526287,4,1,-3,-15,52,1117,-1,0,-4,101325,2500,7190,509,0xf,False,0x0
1783146310.166,2457,2457,526487,4,1,-14,22,35,1028,-4,-4,2,101325,2500,7190,491,0xf,False,0x0
1783146310.366,2458,2458,526688,4,1,5,47,-9,977,1,4,-1,101325,2500,7190,482,0xf,False,0x0
1783146310.577,2459,2459,526899,4,1,-10,-9,0,1079,1,-5,4,101325,2500,7190,492,0xf,False,0x0
1783146310.778,2460,2460,527099,4,1,7,-7,-24,1027,5,-4,3,101325,2500,7190,483,0xf,False,0x0
1783146310.984,2461,2461,527306,4,1,19,48,-53,966,4,-2,-1,101325,2500,7190,494,0xf,False,0x0
1783146311.185,2462,2462,527507,4,1,3,-29,54,1024,2,0,-5,101325,2500,7189,501,0xf,False,0x0
1783146311.389,2463,2463,527711,4,1,-19,26,2,1023,-4,2,2,101325,2500,7189,491,0xf,False,0x0
1783146311.590,2464,2464,527911,4,1,-7,13,57,945,-3,2,1,101325,2500,7189,483,0xf,False,0x0
1783146311.826,2465,2465,528148,4,1,13,48,40,1043,2,2,-5,101325,2500,7189,512,0xf,False,0x0
1783146312.026,2466,2466,528348,4,1,7,3,-44,1089,0,-4,-4,101325,2500,7189,495,0xf,False,0x0
1783146312.261,2467,2467,528583,4,1,-14,-42,22,987,-3,-4,5,101325,2500,7189,484,0xf,False,0x0
1783146312.462,2468,2468,528784,4,1,-2,11,9,1070,5,0,1,101325,2500,7189,487,0xf,False,0x0
1783146312.692,2469,2469,529014,4,1,0,-56,-50,909,5,4,-5,101325,2500,7189,516,0xf,False,0x0
1783146312.893,2470,2470,529214,4,1,-11,11,55,962,5,-4,0,101325,2500,7189,507,0xf,False,0x0
1783146313.119,2471,2471,529441,4,1,-20,58,35,1048,0,2,5,101325,2500,7189,490,0xf,False,0x0
1783146313.552,2473,2473,529873,4,1,-20,-27,-21,945,0,-1,3,101325,2500,7189,488,0xf,False,0x0
1783146313.824,2474,2474,530146,4,1,2,-53,5,984,2,3,3,101325,2500,7188,513,0xf,False,0x0
1783146314.024,2475,2475,530346,4,1,-15,42,6,1080,1,3,-4,101325,2500,7188,493,0xf,False,0x0
1783146314.225,2476,2476,530546,4,1,-8,-28,-14,965,0,-3,-4,101325,2500,7188,519,0xf,False,0x0
1783146314.425,2477,2477,530747,4,1,-4,-20,22,1021,-2,1,4,101325,2500,7188,487,0xf,False,0x0
1783146314.626,2478,2478,530947,4,1,-11,8,-43,913,2,4,-2,101325,2500,7188,499,0xf,False,0x0
1783146314.832,2479,2479,531154,4,1,18,5,-51,978,3,-4,-1,101325,2500,7188,514,0xf,False,0x0
1783146315.032,2480,2480,531354,4,1,3,30,26,956,3,3,0,101325,2500,7188,505,0xf,False,0x0
1783146315.268,2481,2481,531589,4,1,12,-48,28,942,1,1,-2,101325,2500,7188,508,0xf,False,0x0
1783146315.468,2482,2482,531790,4,1,7,6,52,1054,3,4,-4,101325,2500,7188,505,0xf,False,0x0
1783146315.711,2483,2483,532033,4,1,9,5,15,912,-1,0,4,101325,2500,7188,520,0xf,False,0x0
1783146315.912,2484,2484,532234,4,1,14,37,23,1056,0,-5,4,101325,2500,7188,485,0xf,False,0x0
1783146316.155,2485,2485,532477,4,1,-1,-26,47,1146,3,-5,3,101325,2500,7188,496,0xf,False,0x0
1783146316.355,2486,2486,532677,4,1,11,37,-18,1003,1,5,-1,101325,2500,7187,514,0xf,False,0x0
1783146316.593,2487,2487,532914,4,1,16,48,-41,923,1,-3,5,101325,2500,7187,484,0xf,False,0x0
1783146316.793,2488,2488,533115,4,1,6,-8,-24,933,4,3,3,101325,2500,7187,496,0xf,False,0x0
1783146317.243,2490,2490,533565,4,1,-10,-17,-32,971,3,5,-1,101325,2500,7187,482,0xf,False,0x0
1783146317.665,2492,2492,533986,4,1,10,54,57,907,4,-2,-1,101325,2500,7187,488,0xf,False,0x0
1783146318.104,2494,2494,534426,4,1,-17,55,15,919,-3,0,5,101325,2500,7187,486,0xf,False,0x0
1783146318.357,2495,2495,534678,4,1,2,21,57,985,-2,-3,4,101325,2500,7187,489,0xf,False,0x0
1783146318.557,2496,2496,534879,4,1,9,27,-54,1067,1,5,3,101325,2500,7187,481,0xf,False,0x0
1783146318.805,2497,2497,535127,4,1,3,-19,-26,963,-1,-5,3,101325,2500,7186,492,0xf,False,0x0
1783146319.006,2498,2498,535327,4,1,18,-38,-17,1049,4,4,2,101325,2500,7186,485,0xf,False,0x0
1783146319.239,2499,2499,535561,4,1,-5,-42,-26,889,-2,-3,-2,101325,2500,7186,491,0xf,False,0x0
1783146319.439,2500,2500,535761,4,1,17,-43,28,1033,-3,-3,4,101325,2500,7186,520,0xf,False,0x0
1783146319.900,2502,2502,536222,4,1,20,-2,-24,1076,-1,5,1,101325,2500,7186,490,0xf,False,0x0
1783146320.313,2504,2504,536635,4,1,17,48,-31,1080,-1,-1,1,101325,2500,7186,485,0xf,False,0x0
1783146320.543,2505,2505,536865,4,1,-20,22,-27,992,5,5,0,101325,2500,7186,515,0xf,False,0x0
1783146320.744,2506,2506,537066,4,1,20,44,-7,904,-2,0,0,101325,2500,7186,494,0xf,False,0x0
1783146320.968,2507,2507,537290,4,1,-14,-23,-53,1082,-3,-1,2,101325,2500,7186,518,0xf,False,0x0
1783146321.169,2508,2508,537490,4,1,5,40,-23,975,-2,-3,-5,101325,2500,7186,482,0xf,False,0x0
1783146321.402,2509,2509,537724,4,1,-2,17,-50,934,-5,-4,-2,101325,2500,7185,510,0xf,False,0x0
1783146321.603,2510,2510,537925,4,1,-16,48,-32,1094,2,1,4,101325,2500,7185,513,0xf,False,0x0
1783146321.822,2511,2511,538144,4,1,-19,-37,-26,921,-4,1,-1,101325,2500,7185,516,0xf,False,0x0
1783146322.023,2512,2512,538344,4,1,-18,43,16,1047,5,1,-5,101325,2500,7185,517,0xf,False,0x0
1783146322.268,2513,2513,538590,4,1,-8,49,12,1013,3,3,-5,101325,2500,7185,501,0xf,False,0x0
1783146322.676,2515,2515,538997,4,1,16,-35,-58,1056,-2,4,-5,101325,2500,7185,492,0xf,False,0x0
1783146323.078,2517,2517,539400,4,1,0,-33,-38,918,-4,-1,-3,101325,2500,7185,497,0xf,False,0x0
1783146323.279,2518,2518,539600,4,1,-10,-58,-55,868,2,1,-1,101325,2500,7185,515,0xf,False,0x0
1783146323.486,2519,2519,539808,4,1,20,-13,-13,984,-1,1,-1,101325,2500,7185,492,0xf,False,0x0
1783146323.687,2520,2520,540009,4,1,3,-1,-2,1122,0,-5,3,101325,2500,7184,515,0xf,False,0x0
1783146323.910,2521,2521,540232,4,1,6,-26,-21,1050,0,2,4,101325,2500,7184,515,0xf,False,0x0
1783146324.111,2522,2522,540432,4,1,-4,-58,-47,1074,-1,5,5,101325,2500,7184,485,0xf,False,0x0
1783146324.342,2523,2523,540664,4,1,2,-57,11,986,-5,-2,5,101325,2500,7184,519,0xf,False,0x0
1783146324.774,2525,2525,541096,4,1,20,-30,-38,940,1,0,-3,101325,2500,7184,492,0xf,False,0x0
1783146324.975,2526,2526,541297,4,1,-13,48,-22,910,-3,3,-5,101325,2500,7184,490,0xf,False,0x0
1783146325.187,2527,2527,541509,4,1,18,-45,-36,972,1,1,-4,101325,2500,7184,506,0xf,False,0x0
1783146325.388,2528,2528,541710,4,1,7,-43,-31,959,5,-4,1,101325,2500,7184,496,0xf,False,0x0
1783146325.589,2529,2529,541910,4,1,20,5,17,1098,-3,0,2,101325,2500,7184,515,0xf,False,0x0
1783146325.793,2530,2530,542115,4,1,-18,56,-50,1006,0,-3,-2,101325,2500,7184,516,0xf,False,0x0
1783146325.993,2531,2531,542315,4,1,11,45,-59,909,4,-1,-5,101325,2500,7184,488,0xf,False,0x0
1783146326.202,2532,2532,542524,4,1,16,-18,8,966,2,2,5,101325,2500,7183,506,0xf,False,0x0
1783146326.403,2533,2533,542725,4,1,14,-25,7,1044,4,-1,-1,101325,2500,7183,507,0xf,False,0x0
1783146326.604,2534,2534,542926,4,1,10,40,34,1009,0,-5,0,101325,2500,7183,486,0xf,False,0x0
1783146326.825,2535,2535,543147,4,1,16,51,-5,1041,2,2,1,101325,2500,7183,509,0xf,False,0x0
1783146327.026,2536,2536,543348,4,1,-10,-43,34,895,1,3,-5,101325,2500,7183,482,0xf,False,0x0
1783146327.230,2537,2537,543552,4,1,-6,-5,4,1077,3,2,4,101325,2500,7183,491,0xf,False,0x0
1783146327.430,2538,2538,543752,4,1,0,-9,57,997,1,4,-5,101325,2500,7183,491,0xf,False,0x0
1783146327.631,2539,2539,543952,4,1,-2,-5,-48,984,-4,5,-3,101325,2500,7183,509,0xf,False,0x0
1783146327.831,2540,2540,544153,4,1,2,11,4,889,-2,1,5,101325,2500,7183,507,0xf,False,0x0
1783146328.032,2541,2541,544353,4,1,0,-21,20,1027,1,-4,3,101325,2500,7183,507,0xf,False,0x0
1783146328.232,2542,2542,544554,4,1,-13,33,57,894,1,-5,2,101325,2500,7183,504,0xf,False,0x0
1783146328.463,2543,2543,544785,4,1,17,20,41,968,-1,5,3,101325,2500,7183,493,0xf,False,0x0
1783146328.664,2544,2544,544985,4,1,9,47,5,1086,-3,2,-4,101325,2500,7183,493,0xf,False,0x0
1783146328.867,2545,2545,545189,4,1,-3,22,-1,978,-1,-3,-4,101325,2500,7182,516,0xf,False,0x0
1783146329.068,2546,2546,545390,4,1,-8,-26,-54,940,-1,1,0,101325,2500,7182,514,0xf,False,0x0
1783146329.470,2548,2548,545792,4,1,3,-45,12,938,1,-2,3,101325,2500,7182,494,0xf,False,0x0
1783146329.670,2549,2549,545992,4,1,-15,-35,-37,908,1,3,-1,101325,2500,7182,496,0xf,False,0x0
1783146329.871,2550,2550,546193,4,1,17,36,-57,1090,-2,-4,5,101325,2500,7182,496,0xf,False,0x0
1783146330.071,2551,2551,546393,4,1,17,16,-43,985,-1,0,1,101325,2500,7182,480,0xf,False,0x0
1783146330.272,2552,2552,546593,4,1,19,-13,0,1081,-5,-2,5,101325,2500,7182,491,0xf,False,0x0
1783146330.497,2553,2553,546819,4,1,-18,37,-25,983,1,2,-3,101325,2500,7182,484,0xf,False,0x0
1783146330.698,2554,2554,547020,4,1,9,31,1,1064,2,5,5,101325,2500,7182,484,0xf,False,0x0
1783146330.898,2555,2555,547220,4,1,-6,-24,53,832,5,5,3,101325,2500,7182,516,0xf,False,0x0
1783146331.099,2556,2556,547421,4,1,10,13,-37,1130,-2,-1,5,101325,2500,7182,502,0xf,False,0x0
1783146331.300,2557,2557,547622,4,1,-7,55,36,1080,-2,0,-2,101325,2500,7181,514,0xf,False,0x0
1783146331.528,2558,2558,547850,4,1,-13,-13,-33,1066,2,-2,-1,101325,2500,7181,482,0xf,False,0x0
1783146331.729,2559,2559,548051,4,1,7,53,51,949,-5,5,-2,101325,2500,7181,490,0xf,False,0x0
1783146331.931,2560,2560,548253,4,1,1,8,-51,1042,0,0,0,101325,2500,7181,496,0xf,False,0x0
1783146332.131,2561,2561,548453,4,1,-19,-33,-39,979,-2,5,4,101325,2500,7181,517,0xf,False,0x0
1783146332.332,2562,2562,548653,4,1,-10,15,19,1117,-1,1,5,101325,2500,7181,482,0xf,False,0x0
1783146332.538,2563,2563,548860,4,1,-12,23,55,919,2,-4,3,101325,2500,7181,485,0xf,False,0x0
1783146332.739,2564,2564,549061,4,1,-3,10,-51,950,3,0,-2,101325,2500,7181,520,0xf,False,0x0
1783146332.969,2565,2565,549291,4,1,-19,-2,21,1079,1,2,5,101325,2500,7181,506,0xf,False,0x0
1783146333.170,2566,2566,549492,4,1,-5,-59,-34,943,-1,-3,-2,101325,2500,7181,502,0xf,False,0x0
1783146333.373,2567,2567,549695,4,1,16,3,-36,855,-4,4,-3,101325,2500,7181,485,0xf,False,0x0
1783146333.574,2568,2568,549896,4,1,3,-17,-8,1078,-3,2,1,101325,2500,7181,486,0xf,False,0x0
1783146333.775,2569,2569,550097,4,1,-5,-16,16,1025,5,2,4,101325,2500,7180,506,0xf,False,0x0
1783146333.975,2570,2570,550297,4,1,-4,-15,1,990,2,-4,-5,101325,2500,7180,507,0xf,False,0x0
1783146334.176,2571,2571,550498,4,1,-5,13,10,1051,4,5,-3,101325,2500,7180,493,0xf,False,0x0
1783146334.376,2572,2572,550698,4,1,-20,2,-30,976,-1,-4,4,101325,2500,7180,488,0xf,False,0x0
1783146334.606,2573,2573,550928,4,1,17,-40,8,971,0,-3,3,101325,2500,7180,490,0xf,False,0x0
