rx_time,seq,pkt_no,ms,flight_mode,eject_state,altitude_cm,acc_x,acc_y,acc_z,gyro_x,gyro_y,gyro_z,pressure,bmp_temp,voltage_mv,current_ma,system_status,ack_received,crc16
1783144604.678,1,1,1,0,0,1,51,57,1005,5,4,1,101325,2500,7400,501,0xf,False,0x0
1783144604.878,2,2,201,0,0,-3,-21,28,1007,0,-2,1,101325,2500,7400,493,0xf,False,0x0
1783144605.081,3,3,403,0,0,-3,-29,-36,968,-2,-5,2,101325,2500,7400,487,0xf,False,0x0
1783144605.282,4,4,604,0,0,5,-4,-4,953,4,-1,2,101325,2500,7400,492,0xf,False,0x0
1783144605.482,5,5,805,0,0,6,50,36,1014,5,2,-2,101325,2500,7400,512,0xf,False,0x0
1783144605.689,6,6,1012,0,0,14,47,-38,1001,4,3,2,101325,2500,7400,506,0xf,False,0x0
1783144605.922,7,7,1244,0,0,11,-58,-52,1009,2,5,-4,101325,2500,7400,499,0xf,False,0x0
1783144606.122,8,8,1445,0,0,14,-45,60,987,1,-4,-2,101325,2500,7400,516,0xf,False,0x0
1783144606.323,9,9,1645,0,0,20,-30,46,1008,-4,5,2,101325,2500,7400,491,0xf,False,0x0
1783144606.523,10,10,1846,0,0,16,-22,0,1042,2,2,3,101325,2500,7400,499,0xf,False,0x0
1783144606.737,11,11,2060,0,0,-20,21,46,970,0,3,5,101325,2500,7400,482,0xf,False,0x0
1783144606.938,12,12,2260,0,0,-5,-34,58,957,-4,5,0,101325,2500,7400,507,0xf,False,0x0
1783144607.153,13,13,2476,0,0,4,24,-18,1034,3,3,1,101325,2500,7400,499,0xf,False,0x0
1783144607.353,14,14,2676,0,0,9,-59,60,960,5,-4,-1,101325,2500,7399,491,0xf,False,0x0
1783144607.554,15,15,2876,0,0,20,-52,-47,986,-2,-2,-1,101325,2500,7399,499,0xf,False,0x0
1783144607.754,16,16,3077,0,0,-14,-24,16,993,5,2,0,101325,2500,7399,489,0xf,False,0x0
1783144608.156,18,18,3478,0,0,11,-5,-57,1020,-3,-5,5,101325,2500,7399,503,0xf,False,0x0
1783144608.356,19,19,3679,0,0,8,-37,-6,988,-2,-2,4,101325,2500,7399,503,0xf,False,0x0
1783144608.556,20,20,3879,0,0,-10,37,-32,1009,2,-2,-5,101325,2500,7399,485,0xf,False,0x0
1783144608.757,21,21,4080,0,0,-16,-33,-11,1001,4,3,-2,101325,2500,7399,496,0xf,False,0x0
1783144608.958,22,22,4280,0,0,-18,29,17,971,3,-4,-2,101325,2500,7399,502,0xf,False,0x0
1783144609.160,23,23,4482,0,0,2,6,45,1024,-2,1,5,101325,2500,7399,505,0xf,False,0x0
1783144609.360,24,24,4683,0,0,-20,29,-14,1018,-2,-1,1,101325,2500,7399,488,0xf,False,0x0
1783144609.561,25,25,4883,0,0,10,-23,-46,1024,-1,-5,-1,101325,2500,7399,480,0xf,False,0x0
1783144609.764,26,26,5086,1,0,13,-5,60,1033,0,-3,-5,101325,2500,7398,493,0xf,False,0x0
1783144609.964,27,27,5287,1,0,-8,4,46,1013,-1,0,-1,101325,2500,7398,519,0xf,False,0x0
1783144610.165,28,28,5487,1,0,2,40,33,1033,-2,-5,-5,101325,2500,7398,505,0xf,False,0x0
1783144610.386,29,29,5708,1,0,-15,-46,-44,962,4,-5,-2,101325,2500,7398,481,0xf,False,0x0
1783144610.586,30,30,5909,1,0,-17,-29,-42,1039,1,1,-2,101325,2500,7398,494,0xf,False,0x0
1783144610.787,31,31,6109,1,0,8,23,1,1004,-3,-4,-3,101325,2500,7398,518,0xf,False,0x0
1783144611.022,32,32,6344,1,0,-2,-11,-56,958,5,3,-2,101325,2500,7398,494,0xf,False,0x0
1783144611.222,33,33,6544,1,0,8,-40,40,996,5,-4,0,101325,2500,7398,517,0xf,False,0x0
1783144611.422,34,34,6745,1,0,1,-5,3,1023,1,2,3,101325,2500,7398,514,0xf,False,0x0
1783144611.627,35,35,6949,1,0,1,11,28,1017,1,2,-1,101325,2500,7398,488,0xf,False,0x0
1783144611.827,36,36,7150,1,0,-20,5,33,1035,3,-5,-1,101325,2500,7398,504,0xf,False,0x0
1783144612.028,37,37,7350,1,0,19,36,-8,981,3,-4,-3,101325,2500,7398,481,0xf,False,0x0
1783144612.228,38,38,7551,1,0,-19,-38,-47,1014,-5,1,-4,101325,2500,7397,495,0xf,False,0x0
1783144612.429,39,39,7751,1,0,-9,33,28,1037,1,4,-1,101325,2500,7397,483,0xf,False,0x0
1783144612.861,41,41,8183,1,0,11,59,-8,1025,0,0,2,101325,2500,7397,512,0xf,False,0x0
1783144613.062,42,42,8384,1,0,2,-24,3,956,2,-2,-4,101325,2500,7397,498,0xf,False,0x0
1783144613.262,43,43,8584,1,0,10,-49,-47,1029,5,3,-3,101325,2500,7397,515,0xf,False,0x0
1783144613.463,44,44,8786,1,0,-2,-52,-41,1050,-5,-1,-3,101325,2500,7397,497,0xf,False,0x0
1783144613.664,45,45,8986,1,0,18,42,58,956,-1,2,1,101325,2500,7397,510,0xf,False,0x0
1783144613.864,46,46,9187,1,0,2,-47,-8,1004,-2,2,4,101325,2500,7397,515,0xf,False,0x0
1783144614.065,47,47,9387,1,0,6,13,-44,978,-4,5,-4,101325,2500,7397,496,0xf,False,0x0
1783144614.265,48,48,9588,1,0,14,16,-40,959,2,-5,-5,101325,2500,7397,499,0xf,False,0x0
1783144614.466,49,49,9788,1,0,-5,45,27,986,-5,-5,-1,101325,2500,7397,517,0xf,False,0x0
1783144614.668,50,50,9991,1,0,-13,-57,6,1024,-2,3,-4,101325,2500,7397,517,0xf,False,0x0
1783144614.868,51,51,10191,2,0,1223,43,-25,1309,3,1,0,101177,2492,7396,503,0xf,False,0x0
1783144615.069,52,52,10392,2,0,2457,-44,-35,1622,-3,-1,2,101027,2484,7396,487,0xf,False,0x0
1783144615.283,53,53,10606,2,0,3712,-58,53,1938,4,3,0,100870,2475,7396,509,0xf,False,0x0
1783144615.484,54,54,10806,2,0,4890,-43,16,2218,-1,-4,3,100727,2468,7396,483,0xf,False,0x0
1783144615.684,55,55,11007,2,0,6026,-12,-60,2457,-4,5,-4,100588,2460,7396,488,0xf,False,0x0
1783144615.896,56,56,11218,2,0,7208,-54,40,2682,1,-4,-4,100445,2453,7396,487,0xf,False,0x0
1783144616.096,57,57,11419,2,0,8305,-34,-25,2940,-3,-4,-4,100314,2446,7396,484,0xf,False,0x0
1783144616.297,58,58,11619,2,0,9336,-15,11,3092,0,4,-2,100186,2439,7396,504,0xf,False,0x0
1783144616.512,59,59,11835,2,0,10409,-17,46,3269,2,-5,-3,100052,2432,7396,518,0xf,False,0x0
1783144616.714,60,60,12037,2,0,11437,45,-16,3425,-3,5,1,99931,2425,7396,484,0xf,False,0x0
1783144616.914,61,61,12237,2,0,12375,32,-8,3418,-4,-3,0,99815,2419,7396,519,0xf,False,0x0
1783144617.117,62,62,12440,2,0,13299,49,52,3451,-4,-3,-4,99700,2413,7396,502,0xf,False,0x0
1783144617.318,63,63,12640,2,0,14192,38,-45,3466,-3,0,4,99591,2407,7395,514,0xf,False,0x0
1783144617.518,64,64,12841,2,0,15057,-5,-60,3484,5,1,2,99485,2402,7395,501,0xf,False,0x0
1783144617.720,65,65,13043,2,0,15931,10,-24,3379,4,0,5,99383,2396,7395,490,0xf,False,0x0
1783144617.920,66,66,13243,2,0,16708,-5,-18,3277,3,4,3,99285,2391,7395,480,0xf,False,0x0
1783144618.121,67,67,13444,2,0,17514,-40,-14,3089,1,-1,-2,99190,2386,7395,497,0xf,False,0x0
1783144618.334,68,68,13657,2,0,18292,-38,-41,2837,-4,-5,2,99093,2381,7395,519,0xf,False,0x0
1783144618.535,69,69,13857,2,0,19021,-47,57,2649,-2,-4,2,99006,2376,7395,498,0xf,False,0x0
1783144618.736,70,70,14058,2,0,19679,-21,27,2440,-4,-3,5,98923,2372,7395,518,0xf,False,0x0
1783144618.980,71,71,14303,2,0,20481,-35,-11,2042,2,-1,1,98826,2366,7395,517,0xf,False,0x0
1783144619.181,72,72,14503,2,0,21081,-4,-19,1755,-5,3,-3,98751,2362,7395,486,0xf,False,0x0
1783144619.381,73,73,14704,2,0,21676,-40,14,1488,1,2,-3,98679,2359,7395,506,0xf,False,0x0
1783144619.614,74,74,14937,2,0,22313,10,43,1121,3,2,4,98601,2354,7395,510,0xf,False,0x0
1783144619.815,75,75,15137,2,0,22851,-23,11,-187,-1,-2,-4,98538,2351,7394,508,0xf,False,0x0
1783144620.015,76,76,15338,2,0,23327,-26,49,-263,1,3,5,98478,2348,7394,495,0xf,False,0x0
1783144620.219,77,77,15542,2,0,23791,-45,-8,-281,-5,3,-1,98420,2345,7394,515,0xf,False,0x0
1783144620.420,78,78,15742,2,0,24231,53,5,-275,-5,1,0,98368,2342,7394,509,0xf,False,0x0
1783144620.621,79,79,15943,2,0,24639,44,-43,-288,3,-5,3,98319,2339,7394,491,0xf,False,0x0
1783144620.830,80,80,16153,2,0,25034,3,-57,-250,0,4,-3,98272,2337,7394,517,0xf,False,0x0
1783144621.031,81,81,16354,2,0,25340,20,0,-321,0,1,-4,98230,2335,7394,517,0xf,False,0x0
1783144621.232,82,82,16554,2,0,25659,46,50,-373,-5,-1,5,98193,2333,7394,493,0xf,False,0x0
1783144621.448,83,83,16770,2,0,25986,13,-23,-360,2,-1,-1,98156,2331,7394,502,0xf,False,0x0
1783144621.650,84,84,16973,2,0,26204,-34,-58,-331,-4,-3,1,98126,2329,7394,500,0xf,False,0x0
1783144621.850,85,85,17173,2,0,26447,28,48,-403,-4,-1,4,98100,2328,7394,491,0xf,False,0x0
1783144622.051,86,86,17374,2,0,26609,32,-2,-421,3,-5,1,98077,2326,7394,510,0xf,False,0x0
1783144622.252,87,87,17574,2,0,26759,49,-39,-428,-2,1,-5,98058,2325,7393,480,0xf,False,0x0
1783144622.452,88,88,17775,2,0,26902,41,-23,-463,5,2,1,98043,2325,7393,512,0xf,False,0x0
1783144622.656,89,89,17979,2,0,26993,-16,-26,-406,1,-5,1,98031,2324,7393,483,0xf,False,0x0
1783144622.857,90,90,18179,2,0,27069,-19,-41,-432,-1,4,3,98023,2324,7393,506,0xf,False,0x0
1783144623.271,92,92,18594,3,1,27088,-36,58,-95,5,4,5,98021,2323,7393,506,0xf,False,0x0
1783144623.472,93,93,18794,3,1,27014,16,0,-60,-3,-2,-2,98027,2324,7393,496,0xf,False,0x0
1783144623.673,94,94,18995,3,1,26993,4,35,-84,-5,-3,-1,98033,2324,7393,484,0xf,False,0x0
1783144623.895,95,95,19218,3,1,26914,-21,44,-73,0,-3,-5,98040,2325,7393,505,0xf,False,0x0
1783144624.095,96,96,19418,3,1,26880,51,-22,-53,5,0,-3,98046,2325,7393,519,0xf,False,0x0
1783144624.296,97,97,19618,3,1,26807,-18,50,-77,2,-3,-5,98052,2325,7393,494,0xf,False,0x0
1783144624.511,98,98,19834,3,1,26777,-3,59,-147,1,-1,3,98059,2326,7393,502,0xf,False,0x0
1783144624.711,99,99,20034,3,1,26701,-30,-13,-115,5,0,-1,98065,2326,7392,501,0xf,False,0x0
1783144624.912,100,100,20235,3,1,26645,52,-28,-80,0,5,5,98071,2326,7392,492,0xf,False,0x0
1783144625.129,101,101,20452,3,1,26615,26,50,-86,-1,1,4,98078,2327,7392,511,0xf,False,0x0
1783144625.329,102,102,20652,3,1,26569,-35,-47,-89,2,1,-3,98084,2327,7392,505,0xf,False,0x0
1783144625.530,103,103,20852,3,1,26512,-36,-51,-69,4,1,0,98091,2327,7392,502,0xf,False,0x0
1783144625.744,104,104,21067,3,1,26470,-58,-40,-135,2,5,5,98097,2328,7392,483,0xf,False,0x0
1783144625.945,105,105,21267,3,1,26394,27,-10,-132,0,0,4,98103,2328,7392,482,0xf,False,0x0
1783144626.145,106,106,21468,3,1,26359,1,-9,-126,1,-5,0,98110,2328,7392,508,0xf,False,0x0
1783144626.388,107,107,21711,3,1,26291,60,28,-88,1,-4,1,98117,2329,7392,484,0xf,False,0x0
1783144626.589,108,108,21911,3,1,26242,-9,-5,-126,1,-5,5,98124,2329,7392,510,0xf,False,0x0
1783144626.789,109,109,22112,3,1,26190,33,5,-130,2,0,-3,98130,2329,7392,488,0xf,False,0x0
1783144627.027,110,110,22350,3,1,26137,-17,-31,-73,3,-3,4,98137,2330,7392,489,0xf,False,0x0
1783144627.228,111,111,22550,3,1,26053,12,-40,-56,-1,4,2,98144,2330,7391,503,0xf,False,0x0
1783144627.428,112,112,22751,3,1,26036,-20,-53,-76,3,5,-2,98150,2330,7391,507,0xf,False,0x0
1783144627.629,113,113,22951,3,1,25950,-40,8,-75,-2,-3,-1,98156,2331,7391,511,0xf,False,0x0
1783144627.829,114,114,23152,3,1,25917,-17,49,-60,2,1,2,98163,2331,7391,497,0xf,False,0x0
1783144628.030,115,115,23352,3,1,25875,-55,-19,-130,-2,2,4,98169,2331,7391,515,0xf,False,0x0
1783144628.251,116,116,23573,3,1,25818,-48,-25,-51,-1,-5,-5,98176,2332,7391,504,0xf,False,0x0
1783144628.451,117,117,23774,3,1,25741,-49,55,-133,-5,-2,-2,98183,2332,7391,519,0xf,False,0x0
1783144628.652,118,118,23975,3,1,25695,-53,-2,-134,4,-1,0,98189,2332,7391,498,0xf,False,0x0
1783144628.888,119,119,24210,3,1,25626,-29,23,-114,-4,-2,0,98196,2333,7391,519,0xf,False,0x0
1783144629.088,120,120,24411,3,1,25604,25,-15,-72,5,0,0,98203,2333,7391,494,0xf,False,0x0
1783144629.289,121,121,24611,3,1,25553,-1,0,-85,5,5,-1,98209,2334,7391,485,0xf,False,0x0
1783144629.505,122,122,24828,3,1,25481,-41,1,-142,2,2,-1,98216,2334,7391,489,0xf,False,0x0
1783144629.706,123,123,25028,3,1,25422,-44,23,-93,-4,-5,-2,98223,2334,7390,515,0xf,False,0x0
1783144629.907,124,124,25230,3,1,25388,-1,36,-43,-1,1,-3,98229,2335,7390,511,0xf,False,0x0
1783144630.135,125,125,25458,3,1,25312,-55,22,-124,0,-5,-3,98237,2335,7390,509,0xf,False,0x0
1783144630.337,126,126,25659,3,1,25269,59,54,-104,0,2,0,98243,2335,7390,512,0xf,False,0x0
1783144630.537,127,127,25860,3,1,25193,-50,43,-79,-2,-4,3,98250,2336,7390,496,0xf,False,0x0
1783144630.742,128,128,26064,3,1,25146,29,-32,-95,-4,2,-1,98256,2336,7390,502,0xf,False,0x0
1783144630.942,129,129,26265,3,1,25086,-53,-20,-113,5,5,1,98263,2336,7390,515,0xf,False,0x0
1783144631.143,130,130,26465,3,1,25044,-9,-18,-100,1,-2,2,98269,2337,7390,484,0xf,False,0x0
1783144631.396,131,131,26718,3,1,24986,-45,-11,-65,-2,-3,4,98278,2337,7390,487,0xf,False,0x0
1783144631.596,132,132,26919,3,1,24934,-28,19,-129,5,-5,-4,98284,2338,7390,491,0xf,False,0x0
1783144631.797,133,133,27119,3,1,24853,-40,52,-122,5,-2,-2,98291,2338,7390,518,0xf,False,0x0
1783144632.009,134,134,27331,3,1,24798,-54,29,-75,4,3,-4,98298,2338,7390,519,0xf,False,0x0
1783144632.210,135,135,27532,3,1,24751,-17,20,-129,-1,2,-1,98304,2339,7389,512,0xf,False,0x0
1783144632.410,136,136,27733,3,1,24705,22,30,-51,2,5,-2,98311,2339,7389,516,0xf,False,0x0
1783144632.650,137,137,27973,3,1,24627,26,-17,-41,4,-3,-1,98319,2339,7389,518,0xf,False,0x0
1783144633.078,139,139,28401,3,1,24535,-52,-4,-50,-1,0,5,98333,2340,7389,496,0xf,False,0x0
1783144633.279,140,140,28601,3,1,24458,-35,-35,-83,-3,1,3,98340,2340,7389,493,0xf,False,0x0
1783144633.480,141,141,28802,3,1,24410,31,57,-112,-5,-1,-5,98346,2341,7389,499,0xf,False,0x0
1783144633.720,142,142,29042,3,1,24340,45,-43,-77,4,5,4,98354,2341,7389,486,0xf,False,0x0
1783144633.920,143,143,29243,3,1,24291,0,-33,-122,4,4,3,98361,2342,7389,497,0xf,False,0x0
1783144634.123,144,144,29446,3,1,24233,49,-19,-136,-4,1,4,98368,2342,7389,509,0xf,False,0x0
1783144634.324,145,145,29646,3,1,24168,23,-22,-74,-2,1,-4,98375,2342,7389,486,0xf,False,0x0
1783144634.528,146,146,29850,3,1,24136,28,-1,-116,-3,2,4,98381,2343,7389,496,0xf,False,0x0
1783144634.728,147,147,30051,3,1,24055,49,40,-130,4,3,4,98388,2343,7388,493,0xf,False,0x0
1783144634.931,148,148,30253,3,1,24023,43,-49,-46,1,4,1,98395,2343,7388,502,0xf,False,0x0
1783144635.131,149,149,30453,3,1,23964,45,-20,-139,-1,4,-1,98402,2344,7388,496,0xf,False,0x0
1783144635.331,150,150,30654,3,1,23920,15,-6,-101,3,-4,3,98408,2344,7388,483,0xf,False,0x0
1783144635.532,151,151,30854,3,1,23847,-36,-34,-91,-2,4,4,98415,2345,7388,480,0xf,False,0x0
1783144635.732,152,152,31055,3,1,23785,31,-12,-82,-5,-2,-5,98422,2345,7388,507,0xf,False,0x0
1783144635.956,153,153,31278,3,1,23732,-60,-1,-99,3,-1,-3,98430,2345,7388,497,0xf,False,0x0
1783144636.156,154,154,31479,3,1,23672,36,-18,-101,-5,0,3,98437,2346,7388,497,0xf,False,0x0
1783144636.371,155,155,31693,3,1,23622,-7,-39,-130,4,1,-5,98444,2346,7388,486,0xf,False,0x0
1783144636.578,156,156,31901,3,1,23565,46,56,-80,-1,-1,-3,98451,2346,7388,516,0xf,False,0x0
1783144636.779,157,157,32102,3,1,23485,45,45,-64,1,3,-4,98458,2347,7388,492,0xf,False,0x0
1783144636.980,158,158,32302,3,1,23455,35,24,-98,2,5,4,98465,2347,7388,519,0xf,False,0x0
1783144637.180,159,159,32503,3,1,23380,-56,-57,-107,5,2,-1,98472,2348,7387,516,0xf,False,0x0
1783144637.603,161,161,32926,3,1,23250,18,-4,-126,4,-1,3,98486,2348,7387,515,0xf,False,0x0
1783144637.804,162,162,33126,3,1,23196,-54,28,-77,1,0,1,98493,2349,7387,518,0xf,False,0x0
1783144638.009,163,163,33332,3,1,23162,-18,6,-63,-3,3,4,98500,2349,7387,487,0xf,False,0x0
1783144638.209,164,164,33532,3,1,23108,16,-2,-66,2,1,-2,98507,2349,7387,495,0xf,False,0x0
1783144638.409,165,165,33732,3,1,23033,4,-7,-52,-1,2,-5,98514,2350,7387,501,0xf,False,0x0
1783144638.610,166,166,33933,3,1,22962,17,10,-81,3,4,5,98521,2350,7387,518,0xf,False,0x0
1783144638.811,167,167,34133,3,1,22903,-45,31,-87,0,0,-2,98528,2351,7387,493,0xf,False,0x0
1783144639.011,168,168,34334,3,1,22878,-51,-38,-101,-2,3,-2,98535,2351,7387,511,0xf,False,0x0
1783144639.214,169,169,34536,3,1,22790,-23,-22,-107,-2,-3,-1,98543,2351,7387,486,0xf,False,0x0
1783144639.414,170,170,34737,3,1,22758,59,-38,-92,5,-5,-3,98550,2352,7387,485,0xf,False,0x0
1783144639.615,171,171,34937,3,1,22706,-47,-25,-103,0,5,-3,98557,2352,7387,509,0xf,False,0x0
1783144639.829,172,172,35152,3,1,22610,-35,-4,-64,-4,5,-5,98564,2352,7386,486,0xf,False,0x0
1783144640.031,173,173,35353,3,1,22546,-10,-1,-88,5,5,4,98571,2353,7386,484,0xf,False,0x0
1783144640.231,174,174,35554,3,1,22505,16,-35,-134,-2,-1,-4,98579,2353,7386,503,0xf,False,0x0
1783144640.438,175,175,35761,3,1,22455,-11,55,-109,3,-4,4,98586,2354,7386,499,0xf,False,0x0
1783144640.639,176,176,35961,3,1,22383,27,-60,-67,-3,-3,-5,98593,2354,7386,493,0xf,False,0x0
1783144640.844,177,177,36166,3,1,22346,-1,-12,-77,2,5,0,98600,2354,7386,492,0xf,False,0x0
1783144641.044,178,178,36366,3,1,22269,10,-22,-106,3,-4,-4,98608,2355,7386,505,0xf,False,0x0
1783144641.250,179,179,36572,3,1,22215,44,24,-115,-2,2,1,98615,2355,7386,501,0xf,False,0x0
1783144641.451,180,180,36774,3,1,22163,52,-51,-59,3,-5,3,98622,2356,7386,517,0xf,False,0x0
1783144641.655,181,181,36978,3,1,22095,13,50,-31,-2,-2,1,98630,2356,7386,505,0xf,False,0x0
1783144641.856,182,182,37178,3,1,22044,54,-5,-129,-1,5,1,98637,2356,7386,490,0xf,False,0x0
1783144642.059,183,183,37382,3,1,21986,-34,33,-149,0,4,0,98644,2357,7386,516,0xf,False,0x0
1783144642.260,184,184,37582,3,1,21925,-53,21,-133,-1,1,5,98652,2357,7385,496,0xf,False,0x0
1783144642.460,185,185,37783,3,1,21833,51,-45,-89,-4,1,-1,98659,2357,7385,492,0xf,False,0x0
1783144642.673,186,186,37996,3,1,21804,-26,15,-68,5,-2,-3,98667,2358,7385,505,0xf,False,0x0
1783144642.874,187,187,38196,3,1,21728,28,-38,-75,4,0,-4,98674,2358,7385,489,0xf,False,0x0
1783144643.077,188,188,38399,3,1,21670,-28,-53,-66,-3,2,1,98681,2359,7385,482,0xf,False,0x0
1783144643.278,189,189,38600,3,1,21606,-47,-55,-84,1,-3,-5,98689,2359,7385,512,0xf,False,0x0
1783144643.479,190,190,38801,3,1,21536,40,49,-98,2,-3,-5,98696,2359,7385,500,0xf,False,0x0
1783144643.679,191,191,39002,3,1,21470,-50,14,-124,-5,5,3,98704,2360,7385,516,0xf,False,0x0
1783144643.880,192,192,39203,3,1,21427,39,-1,-89,3,-4,-4,98711,2360,7385,490,0xf,False,0x0
1783144644.287,194,194,39609,3,1,21304,-31,8,-100,4,3,-3,98726,2361,7385,520,0xf,False,0x0
1783144644.489,195,195,39811,3,1,21255,-50,11,-32,0,-5,0,98734,2361,7385,492,0xf,False,0x0
1783144644.695,196,196,40017,3,1,21153,38,-21,-140,-4,5,-4,98741,2362,7384,513,0xf,False,0x0
1783144644.895,197,197,40218,3,1,21127,-32,44,-91,-2,3,-5,98749,2362,7384,512,0xf,False,0x0
1783144645.096,198,198,40418,3,1,21069,9,26,-44,-3,-2,-5,98756,2363,7384,500,0xf,False,0x0
1783144645.320,199,199,40643,3,1,20976,-25,-11,-80,-1,-1,4,98765,2363,7384,498,0xf,False,0x0
1783144645.521,200,200,40843,3,1,20934,51,12,-140,-5,0,-5,98772,2364,7384,504,0xf,False,0x0
1783144645.734,201,201,41057,3,1,20854,7,25,-46,5,-4,3,98780,2364,7384,488,0xf,False,0x0
1783144645.949,202,202,41271,3,1,20801,-41,-4,-105,3,-1,4,98789,2364,7384,502,0xf,False,0x0
1783144646.166,203,203,41489,3,1,20718,-38,51,-126,-1,5,-3,98797,2365,7384,482,0xf,False,0x0
1783144646.367,204,204,41690,3,1,20659,57,60,-104,-3,0,0,98805,2365,7384,507,0xf,False,0x0
1783144646.808,206,206,42131,3,1,20512,-38,24,-71,-4,2,3,98821,2366,7384,520,0xf,False,0x0
1783144647.009,207,207,42331,3,1,20446,-56,41,-126,-4,-5,1,98829,2367,7384,488,0xf,False,0x0
1783144647.210,208,208,42533,3,1,20372,32,-41,-84,3,3,4,98837,2367,7383,491,0xf,False,0x0
1783144647.411,209,209,42734,3,1,20345,-1,31,-74,-2,3,-3,98845,2367,7383,493,0xf,False,0x0
1783144647.691,210,210,43014,3,1,20226,-40,-28,-80,4,2,-1,98855,2368,7383,505,0xf,False,0x0
1783144647.891,211,211,43214,3,1,20163,-20,-1,-109,-3,-5,-4,98863,2368,7383,519,0xf,False,0x0
1783144648.094,212,212,43416,3,1,20121,18,48,-98,0,0,-2,98871,2369,7383,506,0xf,False,0x0
1783144648.508,214,214,43831,3,1,19971,46,27,-124,2,-1,3,98887,2370,7383,515,0xf,False,0x0
1783144648.709,215,215,44031,3,1,19912,-48,-26,-120,-5,3,-5,98895,2370,7383,511,0xf,False,0x0
1783144648.910,216,216,44232,3,1,19863,-44,-10,-103,-1,2,-3,98903,2370,7383,486,0xf,False,0x0
1783144649.154,217,217,44476,3,1,19753,36,21,-147,-5,-3,0,98913,2371,7383,495,0xf,False,0x0
1783144649.355,218,218,44677,3,1,19690,-41,20,-130,5,-1,3,98921,2371,7383,519,0xf,False,0x0
1783144649.559,219,219,44881,3,1,19622,-19,52,-62,5,-2,-2,98929,2372,7383,497,0xf,False,0x0
1783144649.759,220,220,45082,3,1,19572,57,-58,-50,-5,1,3,98937,2372,7382,507,0xf,False,0x0
1783144649.960,221,221,45282,3,1,19515,10,48,-107,3,-2,-2,98945,2373,7382,487,0xf,False,0x0
1783144650.160,222,222,45483,3,1,19457,-31,17,-151,-1,0,2,98953,2373,7382,495,0xf,False,0x0
1783144650.366,223,223,45688,3,1,19363,41,16,-102,-1,1,1,98961,2374,7382,509,0xf,False,0x0
1783144650.566,224,224,45889,3,1,19294,40,33,-95,4,-3,-3,98969,2374,7382,514,0xf,False,0x0
1783144650.770,225,225,46091,3,1,19254,55,-60,-90,-5,5,-4,98977,2374,7382,517,0xf,False,0x0
1783144651.012,226,226,46335,3,1,19168,-24,57,-133,3,-1,2,98987,2375,7382,498,0xf,False,0x0
1783144651.213,227,227,46536,3,1,19071,-30,38,-75,0,5,0,98995,2375,7382,491,0xf,False,0x0
1783144651.432,228,228,46755,3,1,18999,-20,8,-135,5,5,4,99004,2376,7382,487,0xf,False,0x0
1783144651.633,229,229,46956,3,1,18944,-37,-33,-117,1,0,5,99013,2376,7382,518,0xf,False,0x0
1783144651.834,230,230,47156,3,1,18871,56,-56,-64,1,-1,-1,99021,2377,7382,496,0xf,False,0x0
1783144652.083,231,231,47405,3,1,18799,59,-60,-81,-3,-5,4,99031,2377,7382,511,0xf,False,0x0
1783144652.283,232,232,47606,3,1,18726,-54,-38,-54,-1,-4,-2,99039,2378,7381,512,0xf,False,0x0
1783144652.485,233,233,47808,3,1,18663,50,57,-63,-3,-3,0,99048,2378,7381,489,0xf,False,0x0
1783144652.686,234,234,48008,3,1,18595,1,37,-62,-1,5,-1,99056,2379,7381,493,0xf,False,0x0
1783144652.897,235,235,48220,3,1,18535,47,-58,-81,-3,-1,4,99065,2379,7381,489,0xf,False,0x0
1783144653.097,236,236,48420,3,1,18468,-13,26,-100,2,4,3,99073,2380,7381,510,0xf,False,0x0
1783144653.306,237,237,48629,3,1,18384,-12,-58,-73,1,4,5,99082,2380,7381,517,0xf,False,0x0
1783144653.507,238,238,48830,3,1,18323,-19,-27,-71,-2,5,5,99090,2380,7381,499,0xf,False,0x0
1783144653.708,239,239,49031,3,1,18260,-9,22,-131,-5,3,3,99099,2381,7381,487,0xf,False,0x0
1783144653.909,240,240,49231,3,1,18162,4,36,-57,-3,1,5,99107,2381,7381,502,0xf,False,0x0
1783144654.109,241,241,49432,3,1,18084,-59,36,-91,-2,0,4,99116,2382,7381,482,0xf,False,0x0
1783144654.310,242,242,49632,3,1,18029,39,10,-95,-4,-3,-2,99124,2382,7381,514,0xf,False,0x0
1783144654.799,244,244,50121,3,1,17853,-36,-8,-126,-5,3,-4,99145,2383,7380,487,0xf,False,0x0
1783144655.001,245,245,50323,3,1,17775,-18,28,-125,-3,-5,-2,99154,2384,7380,498,0xf,False,0x0
1783144655.201,246,246,50524,3,1,17699,57,12,-75,-2,1,1,99163,2384,7380,482,0xf,False,0x0
1783144655.402,247,247,50724,3,1,17654,-54,-52,-62,-2,-3,3,99171,2385,7380,480,0xf,False,0x0
1783144655.640,248,248,50963,3,1,17570,53,-36,-49,1,3,-4,99182,2385,7380,499,0xf,False,0x0
1783144655.841,249,249,51163,3,1,17483,-33,-53,-110,-2,-1,-1,99191,2386,7380,496,0xf,False,0x0
1783144656.043,250,250,51366,3,1,17403,-43,-32,-95,4,0,-4,99199,2386,7380,504,0xf,False,0x0
1783144656.244,251,251,51566,3,1,17343,-23,-41,-122,2,-2,1,99208,2387,7380,492,0xf,False,0x0
1783144656.457,252,252,51780,3,1,17255,-28,-42,-88,-4,1,-1,99218,2387,7380,490,0xf,False,0x0
1783144656.658,253,253,51980,3,1,17190,1,-14,-107,2,4,3,99227,2388,7380,505,0xf,False,0x0
1783144656.859,254,254,52181,3,1,17134,-14,-30,-79,0,4,0,99235,2388,7380,481,0xf,False,0x0
1783144657.060,255,255,52382,3,1,17067,2,48,-60,4,-4,1,99244,2389,7380,488,0xf,False,0x0
1783144657.260,256,256,52583,3,1,16969,38,-6,-62,0,0,2,99253,2389,7379,496,0xf,False,0x0
1783144657.501,257,257,52824,3,1,16892,-16,-30,-84,-4,0,-5,99264,2390,7379,504,0xf,False,0x0
1783144657.702,258,258,53024,3,1,16822,-50,-38,-63,1,-1,-5,99273,2390,7379,482,0xf,False,0x0
1783144657.903,259,259,53225,3,1,16754,-46,4,-107,-4,0,4,99282,2391,7379,511,0xf,False,0x0
1783144658.104,260,260,53426,3,1,16653,35,-42,-110,-2,-5,5,99291,2391,7379,484,0xf,False,0x0
1783144658.310,261,261,53633,3,1,16605,25,-53,-131,3,3,-4,99301,2392,7379,481,0xf,False,0x0
1783144658.510,262,262,53833,3,1,16497,26,-32,-75,5,5,1,99310,2392,7379,504,0xf,False,0x0
1783144658.967,264,264,54290,3,1,16342,-44,-11,-91,5,5,-5,99331,2393,7379,498,0xf,False,0x0
1783144659.168,265,265,54490,3,1,16265,9,-17,-65,2,2,2,99340,2394,7379,519,0xf,False,0x0
1783144659.374,266,266,54697,3,1,16197,46,43,-90,-2,-2,-1,99350,2394,7379,510,0xf,False,0x0
1783144659.575,267,267,54897,3,1,16089,21,-39,-54,4,4,-2,99359,2395,7379,520,0xf,False,0x0
1783144659.776,268,268,55099,3,1,16017,11,50,-112,-5,0,3,99369,2395,7378,512,0xf,False,0x0
1783144659.977,269,269,55299,3,1,15972,-40,-15,-131,-3,-3,3,99378,2396,7378,490,0xf,False,0x0
1783144660.184,270,270,55506,3,1,15885,-42,-16,-72,-4,0,-5,99388,2396,7378,492,0xf,False,0x0
1783144660.385,271,271,55707,3,1,15791,20,-46,-70,4,-3,-2,99398,2397,7378,496,0xf,False,0x0
1783144660.585,272,272,55908,3,1,15729,-42,10,-118,-1,5,5,99407,2397,7378,506,0xf,False,0x0
1783144660.852,273,273,56174,3,1,15602,-35,-25,-65,2,2,-4,99420,2398,7378,515,0xf,False,0x0
1783144661.052,274,274,56375,3,1,15520,-11,23,-77,-5,-4,5,99430,2399,7378,507,0xf,False,0x0
1783144661.253,275,275,56575,3,1,15463,47,29,-117,-4,0,5,99439,2399,7378,503,0xf,False,0x0
1783144661.454,276,276,56776,3,1,15388,47,0,-82,1,-1,0,99449,2400,7378,512,0xf,False,0x0
1783144661.655,277,277,56977,3,1,15291,-34,-42,-79,-1,2,-1,99459,2400,7378,511,0xf,False,0x0
1783144661.855,278,278,57178,3,1,15193,-24,36,-101,1,-5,-3,99469,2401,7378,514,0xf,False,0x0
1783144662.056,279,279,57379,3,1,15140,18,18,-55,0,3,-1,99478,2401,7378,506,0xf,False,0x0
1783144662.257,280,280,57580,3,1,15051,45,-24,-59,-4,-3,-5,99488,2402,7377,511,0xf,False,0x0
1783144662.459,281,281,57781,3,1,14951,-20,9,-78,2,5,0,99498,2402,7377,490,0xf,False,0x0
1783144662.673,282,282,57995,3,1,14891,28,-36,-112,2,-1,-2,99509,2403,7377,490,0xf,False,0x0
1783144662.874,283,283,58196,3,1,14808,-8,30,-131,5,4,-3,99519,2403,7377,489,0xf,False,0x0
1783144663.083,284,284,58405,3,1,14728,60,-44,-76,3,-1,2,99530,2404,7377,487,0xf,False,0x0
1783144663.283,285,285,58606,3,1,14648,-48,-59,-150,0,-3,0,99540,2404,7377,488,0xf,False,0x0
1783144663.491,286,286,58813,3,1,14562,-53,-50,-77,4,-1,1,99550,2405,7377,500,0xf,False,0x0
1783144663.691,287,287,59014,3,1,14472,42,16,-143,2,-2,1,99560,2406,7377,496,0xf,False,0x0
1783144663.895,288,288,59218,3,1,14362,-25,-60,-150,-1,-1,0,99571,2406,7377,490,0xf,False,0x0
1783144664.096,289,289,59418,3,1,14276,-37,-48,-44,5,2,1,99581,2407,7377,517,0xf,False,0x0
1783144664.312,290,290,59635,3,1,14178,11,35,-54,5,1,-4,99592,2407,7377,517,0xf,False,0x0
1783144664.513,291,291,59836,3,1,14113,-33,55,-115,2,0,0,99603,2408,7377,501,0xf,False,0x0
1783144664.715,292,292,60038,3,1,14030,17,-11,-141,4,0,2,99613,2408,7376,487,0xf,False,0x0
1783144664.916,293,293,60238,3,1,13938,26,-41,-42,0,-5,1,99624,2409,7376,500,0xf,False,0x0
1783144665.128,294,294,60451,3,1,13857,3,-9,-121,4,1,-3,99635,2409,7376,481,0xf,False,0x0
1783144665.329,295,295,60651,3,1,13763,-25,-23,-106,3,0,5,99646,2410,7376,482,0xf,False,0x0
1783144665.556,296,296,60878,3,1,13676,-22,24,-37,1,-1,2,99658,2411,7376,487,0xf,False,0x0
1783144665.756,297,297,61079,3,1,13567,-55,57,-82,5,-5,0,99669,2411,7376,500,0xf,False,0x0
1783144665.957,298,298,61279,3,1,13478,-37,-49,-82,2,0,3,99679,2412,7376,485,0xf,False,0x0
1783144666.233,299,299,61556,3,1,13370,-14,5,-39,-2,4,5,99695,2413,7376,488,0xf,False,0x0
1783144666.435,300,300,61757,3,1,13251,-16,30,-150,2,3,2,99706,2413,7376,507,0xf,False,0x0
1783144666.667,301,301,61989,3,1,13167,-50,27,-112,3,1,-1,99718,2414,7376,507,0xf,False,0x0
1783144666.867,302,302,62190,3,1,13067,23,38,-124,-2,0,1,99729,2415,7376,503,0xf,False,0x0
1783144667.075,303,303,62397,3,1,12972,-36,-28,-117,5,-4,3,99741,2415,7376,509,0xf,False,0x0
1783144667.275,304,304,62598,3,1,12889,58,-11,-120,-5,1,1,99752,2416,7375,496,0xf,False,0x0
1783144667.477,305,305,62799,3,1,12787,25,-33,-79,-4,3,0,99764,2416,7375,517,0xf,False,0x0
1783144667.678,306,306,63000,3,1,12697,48,-35,-111,4,-5,-4,99775,2417,7375,481,0xf,False,0x0
1783144668.087,308,308,63409,3,1,12506,-11,28,-122,4,4,-2,99798,2418,7375,490,0xf,False,0x0
1783144668.287,309,309,63610,3,1,12428,21,-8,-68,-1,-2,0,99810,2419,7375,484,0xf,False,0x0
1783144668.490,310,310,63813,3,1,12300,35,35,-91,3,-1,0,99822,2419,7375,485,0xf,False,0x0
1783144668.700,311,311,64023,3,1,12228,57,-54,-80,2,3,1,99834,2420,7375,514,0xf,False,0x0
1783144668.902,312,312,64225,3,1,12109,17,4,-82,1,4,3,99846,2421,7375,494,0xf,False,0x0
1783144669.112,313,313,64435,3,1,12015,-39,17,-111,3,-4,0,99858,2421,7375,487,0xf,False,0x0
1783144669.313,314,314,64635,3,1,11935,53,33,-134,-1,-1,-1,99870,2422,7375,485,0xf,False,0x0
1783144669.516,315,315,64839,3,1,11814,35,-31,-61,4,-5,-2,99882,2423,7375,496,0xf,False,0x0
1783144669.718,316,316,65040,3,1,11731,59,53,-122,-1,5,-3,99895,2423,7374,487,0xf,False,0x0
1783144669.927,317,317,65250,3,1,11604,13,52,-82,-4,-5,1,99907,2424,7374,508,0xf,False,0x0
1783144670.127,318,318,65450,3,1,11511,-20,-12,-52,3,-1,-2,99920,2425,7374,493,0xf,False,0x0
1783144670.351,319,319,65673,3,1,11421,-55,32,-134,0,0,-2,99933,2425,7374,496,0xf,False,0x0
1783144670.551,320,320,65874,3,1,11313,-32,41,-98,-2,1,3,99946,2426,7374,505,0xf,False,0x0
1783144670.752,321,321,66075,3,1,11194,-41,15,-94,4,-4,-2,99959,2427,7374,495,0xf,False,0x0
1783144670.953,322,322,66275,3,1,11087,-43,-29,-99,-1,-3,1,99971,2427,7374,518,0xf,False,0x0
1783144671.164,323,323,66486,3,1,10980,-22,-31,-69,-1,1,5,99985,2428,7374,500,0xf,False,0x0
1783144671.364,324,324,66687,3,1,10859,-27,1,-133,4,-1,5,99998,2429,7374,494,0xf,False,0x0
1783144671.569,325,325,66891,3,1,10786,-25,-3,-108,-4,4,2,100011,2430,7374,520,0xf,False,0x0
1783144671.769,326,326,67092,3,1,10670,11,36,-151,0,-4,3,100024,2430,7374,513,0xf,False,0x0
1783144671.984,327,327,67306,3,1,10532,-38,-35,-76,2,-1,-1,100038,2431,7374,520,0xf,False,0x0
1783144672.184,328,328,67507,3,1,10443,47,16,-86,2,-3,3,100051,2432,7373,501,0xf,False,0x0
1783144672.392,329,329,67715,3,1,10324,52,10,-56,-4,3,-4,100065,2432,7373,484,0xf,False,0x0
1783144672.593,330,330,67915,3,1,10221,-47,-56,-65,-2,-1,-5,100079,2433,7373,480,0xf,False,0x0
1783144672.849,331,331,68171,3,1,10063,-30,4,-75,5,3,-2,100096,2434,7373,497,0xf,False,0x0
1783144673.049,332,332,68372,3,1,9972,-14,30,-56,-4,5,-4,100110,2435,7373,481,0xf,False,0x0
1783144673.256,333,333,68579,3,1,9851,60,29,-128,-4,5,-1,100125,2436,7373,487,0xf,False,0x0
1783144673.457,334,334,68780,3,1,9719,18,33,-57,1,-3,-4,100139,2436,7373,481,0xf,False,0x0
1783144673.676,335,335,68998,3,1,9572,-22,-34,-48,1,-2,2,100154,2437,7373,493,0xf,False,0x0
1783144673.876,336,336,69199,3,1,9470,-24,-56,-133,5,-3,3,100169,2438,7373,489,0xf,False,0x0
1783144674.085,337,337,69407,3,1,9344,4,48,-47,-3,4,2,100184,2439,7373,493,0xf,False,0x0
1783144674.285,338,338,69608,3,1,9210,38,59,-60,2,-3,-4,100199,2440,7373,509,0xf,False,0x0
1783144674.488,339,339,69811,3,1,9110,12,32,-131,5,-4,-4,100214,2440,7373,491,0xf,False,0x0
1783144674.688,340,340,70011,3,1,8988,-12,53,-147,-5,1,-3,100229,2441,7372,511,0xf,False,0x0
1783144674.914,341,341,70237,3,1,8837,15,-55,-133,1,-3,-5,100246,2442,7372,509,0xf,False,0x0
1783144675.114,342,342,70437,3,1,8697,15,26,-108,1,3,-4,100261,2443,7372,520,0xf,False,0x0
1783144675.346,343,343,70668,3,1,8558,-48,-44,-95,2,4,-5,100279,2444,7372,488,0xf,False,0x0
1783144675.546,344,344,70869,3,1,8434,42,7,-79,-3,3,0,100295,2445,7372,480,0xf,False,0x0
1783144675.752,345,345,71074,3,1,8317,-48,-12,-133,-2,-1,3,100311,2446,7372,493,0xf,False,0x0
1783144675.952,346,346,71275,3,1,8177,-20,32,-136,5,0,1,100328,2446,7372,499,0xf,False,0x0
1783144676.155,347,347,71477,3,1,8039,41,50,-131,2,-2,-3,100344,2447,7372,508,0xf,False,0x0
1783144676.355,348,348,71677,3,1,7885,-30,-56,-102,3,2,3,100361,2448,7372,512,0xf,False,0x0
1783144676.560,349,349,71883,3,1,7772,31,-15,-154,5,2,0,100378,2449,7372,492,0xf,False,0x0
1783144676.762,350,350,72084,3,1,7603,-25,-14,-57,4,1,-5,100396,2450,7372,507,0xf,False,0x0
1783144676.962,351,351,72285,3,1,7483,-20,-56,-84,3,-1,2,100413,2451,7372,513,0xf,False,0x0
1783144677.239,352,352,72561,3,1,7261,-49,-43,-108,0,-2,3,100438,2452,7371,480,0xf,False,0x0
1783144677.439,353,353,72761,3,1,7127,-36,-9,-85,3,-4,-2,100456,2453,7371,492,0xf,False,0x0
1783144677.659,354,354,72982,3,1,6966,48,-45,-107,-5,-4,1,100476,2454,7371,498,0xf,False,0x0
1783144677.860,355,355,73182,3,1,6813,-37,32,-87,1,0,0,100495,2455,7371,493,0xf,False,0x0
1783144678.065,356,356,73388,3,1,6627,-9,-5,-56,1,0,5,100514,2456,7371,485,0xf,False,0x0
1783144678.266,357,357,73589,3,1,6478,-19,29,-146,-2,3,-1,100534,2457,7371,512,0xf,False,0x0
1783144678.467,358,358,73790,3,1,6321,-19,-29,-144,-2,-2,3,100554,2458,7371,519,0xf,False,0x0
1783144678.668,359,359,73990,3,1,6160,-17,44,-77,5,1,2,100575,2460,7371,508,0xf,False,0x0
1783144678.875,360,360,74197,3,1,5953,45,28,-82,5,2,-2,100596,2461,7371,480,0xf,False,0x0
1783144679.075,361,361,74398,3,1,5813,-33,41,-96,-3,1,-2,100617,2462,7371,500,0xf,False,0x0
1783144679.290,362,362,74612,3,1,5622,-53,28,-58,-3,-5,4,100641,2463,7371,520,0xf,False,0x0
1783144679.490,363,363,74813,3,1,5436,6,-44,-113,2,-3,-2,100663,2464,7371,497,0xf,False,0x0
1783144679.942,365,365,75264,3,1,4975,-31,-52,-86,0,-2,-1,100717,2467,7370,504,0xf,False,0x0
1783144680.143,366,366,75466,3,1,4785,-28,23,-103,1,2,-2,100742,2468,7370,499,0xf,False,0x0
1783144680.344,367,367,75666,3,1,4554,-50,39,-97,-5,4,5,100768,2470,7370,518,0xf,False,0x0
1783144680.545,368,368,75867,3,1,4326,35,56,-129,-5,4,4,100795,2471,7370,496,0xf,False,0x0
1783144680.749,369,369,76072,3,1,4096,-20,-60,1057,3,4,-1,100823,2473,7370,519,0xf,False,0x0
1783144680.966,370,370,76289,3,1,3846,25,30,1017,0,3,-2,100855,2474,7370,515,0xf,False,0x0
1783144681.167,371,371,76490,3,1,3581,24,-15,1005,0,1,0,100886,2476,7370,485,0xf,False,0x0
1783144681.370,372,372,76692,3,1,3301,-23,2,1022,-3,-1,-3,100920,2478,7370,513,0xf,False,0x0
1783144681.570,373,373,76893,3,1,3019,-27,59,1001,-1,1,-4,100955,2480,7370,488,0xf,False,0x0
1783144681.775,374,374,77098,3,1,2705,43,-20,951,-3,-2,-3,100994,2482,7370,484,0xf,False,0x0
1783144681.980,375,375,77302,3,1,2342,59,56,905,4,-5,3,101038,2484,7370,507,0xf,False,0x0
1783144682.180,376,376,77503,3,1,1949,-52,-27,1058,-1,-2,5,101087,2487,7369,500,0xf,False,0x0
1783144682.381,377,377,77704,3,1,1450,-49,-29,1100,-5,5,0,101146,2490,7369,484,0xf,False,0x0
1783144682.582,378,378,77904,3,1,806,8,-18,994,-1,-1,0,101229,2494,7369,511,0xf,False,0x0
1783144682.782,379,379,78104,4,1,-18,18,-37,969,-1,5,-1,101325,2500,7369,499,0xf,False,0x0
1783144682.985,380,380,78308,4,1,7,-57,44,877,2,-3,1,101325,2500,7369,500,0xf,False,0x0
1783144683.186,381,381,78508,4,1,-19,-38,-12,1065,-2,2,5,101325,2500,7369,481,0xf,False,0x0
1783144683.389,382,382,78711,4,1,-13,18,-17,858,4,-3,-3,101325,2500,7369,491,0xf,False,0x0
1783144683.589,383,383,78912,4,1,16,-19,8,1022,2,4,5,101325,2500,7369,520,0xf,False,0x0
1783144683.796,384,384,79119,4,1,19,33,16,1085,-4,4,0,101325,2500,7369,505,0xf,False,0x0
1783144683.997,385,385,79319,4,1,-14,-44,15,1053,-1,-5,4,101325,2500,7369,504,0xf,False,0x0
1783144684.205,386,386,79528,4,1,-16,-21,-36,874,5,-1,5,101325,2500,7369,508,0xf,False,0x0
1783144684.405,387,387,79728,4,1,1,-11,-35,924,2,1,1,101325,2500,7369,502,0xf,False,0x0
1783144684.610,388,388,79932,4,1,12,0,22,1004,-4,1,-5,101325,2500,7369,496,0xf,False,0x0
1783144684.810,389,389,80133,4,1,3,-18,54,1022,-1,1,3,101325,2500,7368,494,0xf,False,0x0
1783144685.270,391,391,80592,4,1,19,-27,17,930,1,0,3,101325,2500,7368,518,0xf,False,0x0
1783144685.470,392,392,80793,4,1,15,-37,-45,1121,4,-4,5,101325,2500,7368,486,0xf,False,0x0
1783144685.673,393,393,80995,4,1,-6,-52,58,1077,1,0,1,101325,2500,7368,508,0xf,False,0x0
1783144686.094,395,395,81417,4,1,2,28,-39,1026,-5,-3,5,101325,2500,7368,503,0xf,False,0x0
1783144686.496,397,397,81819,4,1,-19,-25,-15,1018,-5,3,-2,101325,2500,7368,513,0xf,False,0x0
1783144686.698,398,398,82020,4,1,2,37,50,1114,2,3,-1,101325,2500,7368,511,0xf,False,0x0
1783144686.898,399,399,82221,4,1,20,38,54,913,-1,4,0,101325,2500,7368,480,0xf,False,0x0
1783144687.099,400,400,82422,4,1,-5,-13,17,1123,-1,5,1,101325,2500,7368,485,0xf,False,0x0
1783144687.332,401,401,82655,4,1,19,-19,43,845,-2,4,-3,101325,2500,7367,503,0xf,False,0x0
1783144687.533,402,402,82856,4,1,-7,-40,-26,1064,1,-5,-4,101325,2500,7367,506,0xf,False,0x0
1783144687.743,403,403,83065,4,1,-8,26,32,963,-5,0,-5,101325,2500,7367,518,0xf,False,0x0
1783144687.943,404,404,83266,4,1,7,-25,-25,926,-3,-1,-5,101325,2500,7367,510,0xf,False,0x0
1783144688.144,405,405,83466,4,1,4,-44,-22,947,0,-3,-3,101325,2500,7367,485,0xf,False,0x0
1783144688.344,406,406,83667,4,1,16,33,51,1059,4,-1,-4,101325,2500,7367,510,0xf,False,0x0
1783144688.546,407,407,83868,4,1,-5,-13,-52,906,1,-1,2,101325,2500,7367,497,0xf,False,0x0
1783144688.746,408,408,84069,4,1,-16,20,-9,950,-1,3,3,101325,2500,7367,489,0xf,False,0x0
1783144688.947,409,409,84269,4,1,-12,26,-6,1017,4,5,3,101325,2500,7367,517,0xf,False,0x0
1783144689.156,410,410,84478,4,1,-1,60,9,1058,-3,-5,1,101325,2500,7367,483,0xf,False,0x0
1783144689.559,412,412,84882,4,1,-19,-54,15,1144,0,-5,-1,101325,2500,7367,508,0xf,False,0x0
1783144689.760,413,413,85082,4,1,15,-16,36,994,2,1,2,101325,2500,7366,510,0xf,False,0x0
1783144689.960,414,414,85283,4,1,9,47,46,1066,5,2,1,101325,2500,7366,480,0xf,False,0x0
1783144690.176,415,415,85498,4,1,-18,-36,-19,949,-4,5,-3,101325,2500,7366,501,0xf,False,0x0
1783144690.376,416,416,85699,4,1,-3,-48,46,910,-4,-4,2,101325,2500,7366,514,0xf,False,0x0
1783144690.590,417,417,85913,4,1,7,37,59,983,-2,-3,2,101325,2500,7366,506,0xf,False,0x0
1783144690.791,418,418,86113,4,1,-7,12,46,1024,4,0,3,101325,2500,7366,510,0xf,False,0x0
1783144690.996,419,419,86318,4,1,14,18,-41,1017,-5,-4,-4,101325,2500,7366,511,0xf,False,0x0
1783144691.196,420,420,86519,4,1,-8,40,48,1072,1,5,-3,101325,2500,7366,483,0xf,False,0x0
1783144691.401,421,421,86723,4,1,-20,-25,-13,1081,-1,5,3,101325,2500,7366,491,0xf,False,0x0
1783144691.601,422,422,86924,4,1,-5,46,28,1042,-1,4,3,101325,2500,7366,485,0xf,False,0x0
1783144691.802,423,423,87124,4,1,14,41,-5,969,3,-4,1,101325,2500,7366,520,0xf,False,0x0
1783144692.004,424,424,87326,4,1,-1,-29,-21,982,2,0,3,101325,2500,7366,513,0xf,False,0x0
1783144692.204,425,425,87527,4,1,-16,-39,30,950,4,-5,-4,101325,2500,7365,518,0xf,False,0x0
1783144692.473,426,426,87796,4,1,2,5,38,901,-2,-5,0,101325,2500,7365,488,0xf,False,0x0
1783144692.675,427,427,87997,4,1,20,13,33,946,-3,1,-5,101325,2500,7365,488,0xf,False,0x0
1783144692.884,428,428,88206,4,1,19,-17,10,1038,4,4,1,101325,2500,7365,491,0xf,False,0x0
1783144693.084,429,429,88406,4,1,18,22,7,1013,-2,1,0,101325,2500,7365,505,0xf,False,0x0
1783144693.292,430,430,88614,4,1,-14,32,6,962,-1,5,5,101325,2500,7365,493,0xf,False,0x0
1783144693.492,431,431,88815,4,1,20,55,-53,1155,2,4,4,101325,2500,7365,494,0xf,False,0x0
1783144693.693,432,432,89016,4,1,-1,42,26,839,-5,-5,3,101325,2500,7365,509,0xf,False,0x0
1783144693.894,433,433,89216,4,1,14,-59,-30,1114,2,-3,-2,101325,2500,7365,510,0xf,False,0x0
1783144694.094,434,434,89417,4,1,17,-15,35,902,4,-5,-4,101325,2500,7365,487,0xf,False,0x0
1783144694.352,435,435,89674,4,1,-11,19,-35,1058,2,-4,0,101325,2500,7365,488,0xf,False,0x0
1783144694.552,436,436,89875,4,1,14,5,-56,907,-3,-3,0,101325,2500,7365,514,0xf,False,0x0
1783144694.755,437,437,90078,4,1,9,48,31,979,-2,1,3,101325,2500,7364,514,0xf,False,0x0
1783144694.955,438,438,90278,4,1,-11,-14,-36,982,3,-1,-1,101325,2500,7364,518,0xf,False,0x0
1783144695.164,439,439,90487,4,1,18,43,-20,845,4,-4,2,101325,2500,7364,498,0xf,False,0x0
1783144695.365,440,440,90687,4,1,-7,-2,25,1048,-5,4,-1,101325,2500,7364,516,0xf,False,0x0
1783144695.587,441,441,90910,4,1,1,-14,-46,854,3,5,1,101325,2500,7364,500,0xf,False,0x0
1783144695.788,442,442,91110,4,1,-17,-23,14,1058,1,2,-4,101325,2500,7364,512,0xf,False,0x0
1783144695.989,443,443,91312,4,1,-17,-34,-9,1059,5,2,0,101325,2500,7364,501,0xf,False,0x0
1783144696.190,444,444,91512,4,1,-5,16,-5,924,-3,0,-5,101325,2500,7364,515,0xf,False,0x0
1783144696.595,446,446,91918,4,1,-5,-3,-55,1074,2,-5,1,101325,2500,7364,483,0xf,False,0x0
1783144696.796,447,447,92118,4,1,-18,28,36,883,-4,2,-2,101325,2500,7364,510,0xf,False,0x0
1783144697.039,448,448,92362,4,1,-15,-54,-35,876,-1,1,1,101325,2500,7364,480,0xf,False,0x0
1783144697.240,449,449,92563,4,1,-12,28,-43,892,-3,3,1,101325,2500,7363,497,0xf,False,0x0
1783144697.445,450,450,92767,4,1,-20,-40,-23,1040,4,4,-4,101325,2500,7363,516,0xf,False,0x0
1783144697.646,451,451,92969,4,1,-6,51,28,906,-2,-4,0,101325,2500,7363,511,0xf,False,0x0
1783144697.851,452,452,93173,4,1,10,-28,-58,1023,-2,-4,5,101325,2500,7363,506,0xf,False,0x0
1783144698.051,453,453,93373,4,1,-16,49,14,935,-5,4,-5,101325,2500,7363,504,0xf,False,0x0
1783144698.319,454,454,93642,4,1,-17,23,60,977,-1,-5,5,101325,2500,7363,499,0xf,False,0x0
1783144698.523,455,455,93845,4,1,-15,56,42,1022,-5,0,2,101325,2500,7363,480,0xf,True,0x0
1783144698.735,456,456,94057,4,1,-9,-30,-2,1076,3,2,-2,101325,2500,7363,486,0xf,False,0x0
1783144698.935,457,457,94258,4,1,-17,4,-42,946,0,4,-3,101325,2500,7363,482,0xf,False,0x0
1783144699.141,458,458,94463,4,1,-8,-54,-22,980,5,2,-1,101325,2500,7363,492,0xf,False,0x0
1783144699.341,459,459,94663,4,1,0,32,-19,1073,-4,3,-4,101325,2500,7363,496,0xf,False,0x0
1783144699.546,460,460,94868,4,1,13,3,-48,998,-2,4,-3,101325,2500,7363,508,0xf,False,0x0
1783144699.746,461,461,95069,4,1,1,-53,-34,873,-2,1,-1,101325,2500,7362,486,0xf,False,0x0
1783144699.947,462,462,95269,4,1,-18,-52,38,1024,-4,1,-3,101325,2500,7362,496,0xf,False,0x0
1783144700.201,463,463,95524,4,1,-15,-43,31,1007,3,-5,-3,101325,2500,7362,482,0xf,False,0x0
1783144700.402,464,464,95724,4,1,11,51,-52,1067,-4,2,-5,101325,2500,7362,500,0xf,False,0x0
1783144700.603,465,465,95925,4,1,13,-53,43,991,5,-5,-5,101325,2500,7362,507,0xf,False,0x0
1783144700.803,466,466,96126,4,1,1,16,30,1039,0,5,-1,101325,2500,7362,508,0xf,False,0x0
1783144701.005,467,467,96327,4,1,19,27,-17,1110,-5,-3,1,101325,2500,7362,490,0xf,False,0x0
1783144701.206,468,468,96528,4,1,4,49,60,1059,-1,-4,2,101325,2500,7362,510,0xf,False,0x0
1783144701.419,469,469,96742,4,1,6,54,29,1106,-5,-1,-3,101325,2500,7362,500,0xf,False,0x0
1783144701.620,470,470,96942,4,1,13,30,-24,1060,-3,-4,0,101325,2500,7362,482,0xf,False,0x0
1783144701.852,471,471,97174,4,1,14,-29,-55,875,-3,-1,3,101325,2500,7362,502,0xf,False,0x0
1783144702.052,472,472,97375,4,1,-4,39,29,941,-4,-5,2,101325,2500,7362,512,0xf,False,0x0
1783144702.253,473,473,97576,4,1,-3,17,-52,1125,5,0,4,101325,2500,7361,494,0xf,False,0x0
1783144702.454,474,474,97776,4,1,-19,-56,51,996,3,5,3,101325,2500,7361,495,0xf,False,0x0
1783144702.654,475,475,97977,4,1,3,11,59,1104,2,-3,3,101325,2500,7361,493,0xf,False,0x0
1783144702.906,476,476,98228,4,1,-6,-26,-56,1130,-1,-1,5,101325,2500,7361,519,0xf,False,0x0
1783144703.106,477,477,98429,4,1,18,-40,41,1029,4,1,4,101325,2500,7361,506,0xf,False,0x0
1783144703.307,478,478,98629,4,1,-4,27,31,1115,-3,0,0,101325,2500,7361,495,0xf,False,0x0
1783144703.507,479,479,98830,4,1,11,-14,-4,1105,-1,0,4,101325,2500,7361,506,0xf,False,0x0
1783144703.709,480,480,99032,4,1,-6,17,-28,880,-1,0,-4,101325,2500,7361,491,0xf,False,0x0
1783144703.911,481,481,99233,4,1,-16,-16,-24,967,1,1,4,101325,2500,7361,499,0xf,False,0x0
1783144704.112,482,482,99434,4,1,-3,-53,22,930,0,1,-3,101325,2500,7361,503,0xf,False,0x0
1783144704.312,483,483,99635,4,1,9,18,-37,997,3,5,5,101325,2500,7361,492,0xf,False,0x0
1783144704.518,484,484,99841,4,1,16,59,-42,1055,4,1,2,101325,2500,7361,501,0xf,False,0x0
1783144704.719,485,485,100041,4,1,4,-25,37,961,0,4,-5,101325,2500,7360,486,0xf,False,0x0
1783144705.173,487,487,100495,4,1,-13,34,58,1020,-4,1,1,101325,2500,7360,517,0xf,False,0x0
1783144705.377,488,488,100699,4,1,-3,-53,-26,1044,-1,1,-4,101325,2500,7360,519,0xf,False,0x0
1783144705.577,489,489,100900,4,1,-5,-35,-6,914,0,-1,3,101325,2500,7360,504,0xf,False,0x0
1783144705.784,490,490,101107,4,1,-17,-56,-3,1132,5,-4,-4,101325,2500,7360,484,0xf,False,0x0
1783144705.985,491,491,101307,4,1,-9,13,15,985,2,5,-2,101325,2500,7360,506,0xf,False,0x0
1783144706.189,492,492,101511,4,1,-9,-25,8,1104,-3,-5,-1,101325,2500,7360,512,0xf,False,0x0
1783144706.390,493,493,101712,4,1,-9,12,-35,886,3,2,-1,101325,2500,7360,507,0xf,False,0x0
1783144706.592,494,494,101914,4,1,-3,55,-53,875,5,-3,4,101325,2500,7360,509,0xf,False,0x0
1783144706.792,495,495,102115,4,1,-11,44,15,941,-2,3,5,101325,2500,7360,498,0xf,False,0x0
1783144707.041,496,496,102363,4,1,-15,-15,-51,1057,-2,3,5,101325,2500,7360,516,0xf,False,0x0
1783144707.242,497,497,102564,4,1,-7,-41,-40,858,-3,1,-3,101325,2500,7359,484,0xf,False,0x0
1783144707.494,498,498,102817,4,1,19,23,-31,922,-1,4,-5,101325,2500,7359,516,0xf,False,0x0
1783144707.695,499,499,103017,4,1,-7,20,-8,924,-2,-5,0,101325,2500,7359,513,0xf,False,0x0
1783144707.896,500,500,103218,4,1,1,4,-6,1105,5,3,0,101325,2500,7359,500,0xf,False,0x0
1783144708.096,501,501,103419,4,1,-13,-59,40,974,-2,0,-4,101325,2500,7359,512,0xf,False,0x0
1783144708.328,502,502,103651,4,1,-2,-3,0,914,3,-5,-1,101325,2500,7359,498,0xf,False,0x0
1783144708.529,503,503,103851,4,1,11,-26,-34,881,5,0,5,101325,2500,7359,519,0xf,False,0x0
1783144708.735,504,504,104058,4,1,4,33,-10,871,3,4,0,101325,2500,7359,492,0xf,False,0x0
1783144708.936,505,505,104258,4,1,5,19,39,911,4,-1,3,101325,2500,7359,513,0xf,False,0x0
1783144709.138,506,506,104461,4,1,20,-59,-51,974,3,4,-3,101325,2500,7359,510,0xf,False,0x0
1783144709.338,507,507,104661,4,1,-3,3,20,981,-5,-5,-2,101325,2500,7359,517,0xf,False,0x0
1783144709.539,508,508,104861,4,1,-6,51,51,1049,-4,4,0,101325,2500,7359,511,0xf,False,0x0
1783144709.805,509,509,105127,4,1,13,-55,-22,865,-1,2,5,101325,2500,7358,484,0xf,False,0x0
1783144710.005,510,510,105328,4,1,5,-12,-4,961,5,4,-2,101325,2500,7358,484,0xf,False,0x0
1783144710.252,511,511,105575,4,1,17,10,-24,1000,-2,-1,5,101325,2500,7358,511,0xf,False,0x0
1783144710.452,512,512,105775,4,1,-5,32,49,1002,-2,1,-4,101325,2500,7358,488,0xf,False,0x0
1783144710.666,513,513,105988,4,1,-12,-22,53,977,2,5,4,101325,2500,7358,499,0xf,False,0x0
1783144710.866,514,514,106189,4,1,-14,12,-15,935,-1,-3,-1,101325,2500,7358,496,0xf,False,0x0
1783144711.072,515,515,106395,4,1,11,25,-53,986,0,-2,2,101325,2500,7358,505,0xf,False,0x0
1783144711.273,516,516,106595,4,1,13,47,32,1033,3,4,-5,101325,2500,7358,519,0xf,False,0x0
1783144711.525,517,517,106848,4,1,-17,-18,25,1015,0,-1,3,101325,2500,7358,508,0xf,False,0x0
1783144711.726,518,518,107048,4,1,-20,-32,48,920,4,5,-3,101325,2500,7358,514,0xf,False,0x0
1783144711.929,519,519,107252,4,1,-17,49,-55,917,-1,1,3,101325,2500,7358,498,0xf,False,0x0
1783144712.130,520,520,107452,4,1,-5,-49,-54,1067,-4,1,0,101325,2500,7358,496,0xf,False,0x0
1783144712.330,521,521,107653,4,1,18,-21,56,944,-2,0,1,101325,2500,7357,492,0xf,False,0x0
1783144712.593,522,522,107915,4,1,4,16,-30,950,-2,5,3,101325,2500,7357,496,0xf,False,0x0
1783144712.794,523,523,108117,4,1,18,19,43,1025,-3,1,4,101325,2500,7357,494,0xf,False,0x0
1783144712.995,524,524,108317,4,1,-11,26,22,1057,1,4,0,101325,2500,7357,492,0xf,False,0x0
1783144713.201,525,525,108523,4,1,9,-53,3,1044,4,-5,0,101325,2500,7357,496,0xf,False,0x0
1783144713.402,526,526,108725,4,1,-16,29,11,1069,2,5,0,101325,2500,7357,495,0xf,False,0x0
1783144713.603,527,527,108926,4,1,-12,-50,22,849,-4,5,1,101325,2500,7357,490,0xf,False,0x0
1783144713.805,528,528,109128,4,1,13,-26,21,929,-3,1,-3,101325,2500,7357,508,0xf,False,0x0
1783144714.006,529,529,109328,4,1,17,29,27,1059,5,0,3,101325,2500,7357,480,0xf,False,0x0
1783144714.207,530,530,109530,4,1,15,43,57,897,2,-2,1,101325,2500,7357,496,0xf,False,0x0
1783144714.408,531,531,109731,4,1,-10,0,-51,1081,2,-5,4,101325,2500,7357,499,0xf,False,0x0
1783144714.609,532,532,109931,4,1,-3,22,-45,1043,1,-4,0,101325,2500,7357,500,0xf,False,0x0
1783144714.831,533,533,110154,4,1,15,-22,40,994,0,-2,4,101325,2500,7356,480,0xf,False,0x0
1783144715.031,534,534,110354,4,1,0,19,-58,942,3,5,1,101325,2500,7356,505,0xf,False,0x0
1783144715.234,535,535,110556,4,1,-20,18,30,966,0,-3,-4,101325,2500,7356,503,0xf,False,0x0
1783144715.434,536,536,110757,4,1,-3,-14,-50,951,-5,5,-4,101325,2500,7356,510,0xf,False,0x0
1783144715.655,537,537,110977,4,1,16,-8,4,968,-3,3,5,101325,2500,7356,490,0xf,False,0x0
1783144715.856,538,538,111178,4,1,-5,-50,-51,926,1,-5,2,101325,2500,7356,487,0xf,False,0x0
1783144716.062,539,539,111384,4,1,16,36,4,970,5,4,1,101325,2500,7356,503,0xf,False,0x0
1783144716.263,540,540,111585,4,1,7,-18,-4,933,2,-2,-3,101325,2500,7356,490,0xf,False,0x0
1783144716.463,541,541,111786,4,1,-14,48,10,1069,-5,-1,5,101325,2500,7356,511,0xf,False,0x0
1783144716.664,542,542,111986,4,1,-13,58,11,1054,-3,0,-3,101325,2500,7356,490,0xf,False,0x0
1783144716.864,543,543,112187,4,1,-2,5,1,920,-1,1,4,101325,2500,7356,507,0xf,False,0x0
1783144717.125,544,544,112448,4,1,20,0,-10,844,-1,0,-1,101325,2500,7356,513,0xf,False,0x0
1783144717.326,545,545,112648,4,1,-5,39,-3,952,-2,0,5,101325,2500,7355,495,0xf,False,0x0
1783144717.527,546,546,112849,4,1,-8,-54,-25,1098,3,1,-4,101325,2500,7355,494,0xf,False,0x0
1783144717.728,547,547,113051,4,1,2,-53,52,957,0,-1,-5,101325,2500,7355,483,0xf,False,0x0
1783144717.936,548,548,113258,4,1,6,5,19,919,3,5,1,101325,2500,7355,506,0xf,False,0x0
1783144718.136,549,549,113458,4,1,3,-29,19,994,-5,2,2,101325,2500,7355,501,0xf,False,0x0
1783144718.340,550,550,113663,4,1,12,-29,-39,1100,-2,-1,3,101325,2500,7355,484,0xf,False,0x0
1783144718.542,551,551,113864,4,1,-12,-48,54,1047,2,-1,-1,101325,2500,7355,506,0xf,False,0x0
1783144718.750,552,552,114072,4,1,18,-30,18,1119,-5,4,-2,101325,2500,7355,489,0xf,False,0x0
1783144718.950,553,553,114272,4,1,-20,-9,-43,986,-5,-1,1,101325,2500,7355,486,0xf,False,0x0
1783144719.151,554,554,114473,4,1,8,-5,-52,1069,1,4,2,101325,2500,7355,481,0xf,False,0x0
1783144719.351,555,555,114673,4,1,-19,25,-23,937,-5,-5,5,101325,2500,7355,499,0xf,False,0x0
1783144719.551,556,556,114874,4,1,-16,-51,-56,1017,4,2,2,101325,2500,7355,483,0xf,False,0x0
1783144719.752,557,557,115074,4,1,17,-12,-27,1051,-1,-4,4,101325,2500,7354,482,0xf,False,0x0
1783144719.952,558,558,115275,4,1,14,-54,-56,973,-1,0,-3,101325,2500,7354,520,0xf,False,0x0
1783144720.172,559,559,115495,4,1,16,1,-58,968,-3,-2,-3,101325,2500,7354,493,0xf,False,0x0
1783144720.374,560,560,115696,4,1,6,31,41,1093,5,-1,-3,101325,2500,7354,511,0xf,False,0x0
1783144720.612,561,561,115934,4,1,-6,-26,15,1102,-3,2,3,101325,2500,7354,514,0xf,False,0x0
1783144720.814,562,562,116137,4,1,3,-43,31,1036,-3,-2,-4,101325,2500,7354,502,0xf,False,0x0
1783144721.015,563,563,116338,4,1,14,-34,26,1085,4,1,3,101325,2500,7354,498,0xf,False,0x0
1783144721.216,564,564,116538,4,1,-12,-6,45,967,0,-2,-4,101325,2500,7354,490,0xf,False,0x0
1783144721.418,565,565,116741,4,1,-15,36,1,1089,-1,2,-2,101325,2500,7354,493,0xf,False,0x0
1783144721.619,566,566,116941,4,1,16,31,-33,960,3,2,5,101325,2500,7354,500,0xf,False,0x0
1783144721.819,567,567,117142,4,1,12,-46,48,1051,1,4,-5,101325,2500,7354,485,0xf,False,0x0
1783144722.043,568,568,117365,4,1,7,-45,-16,1024,4,4,4,101325,2500,7354,490,0xf,False,0x0
1783144722.461,570,570,117784,4,1,-8,-46,12,1066,4,1,-2,101325,2500,7353,507,0xf,False,0x0
1783144722.661,571,571,117984,4,1,13,-50,-33,1098,4,-3,1,101325,2500,7353,497,0xf,False,0x0
1783144722.873,572,572,118195,4,1,-19,-53,-46,909,-2,3,3,101325,2500,7353,495,0xf,False,0x0
1783144723.073,573,573,118395,4,1,2,-26,-16,848,2,-1,1,101325,2500,7353,520,0xf,False,0x0
1783144723.279,574,574,118602,4,1,-13,59,59,990,4,3,1,101325,2500,7353,507,0xf,False,0x0
1783144723.479,575,575,118802,4,1,2,49,-39,862,0,-5,-5,101325,2500,7353,518,0xf,True,0x0
1783144723.721,576,576,119043,4,1,20,23,-51,941,1,-4,-5,101325,2500,7353,483,0xf,False,0x0
1783144723.921,577,577,119244,4,1,10,-26,-22,926,4,-5,0,101325,2500,7353,509,0xf,False,0x0
1783144724.122,578,578,119444,4,1,-10,-53,25,949,-3,3,5,101325,2500,7353,488,0xf,False,0x0
1783144724.322,579,579,119645,4,1,-14,53,-13,1058,-4,-3,5,101325,2500,7353,509,0xf,False,0x0
1783144724.523,580,580,119846,4,1,-11,18,26,988,-1,1,3,101325,2500,7353,516,0xf,False,0x0
1783144724.724,581,581,120046,4,1,-1,-60,-34,986,-5,-1,-5,101325,2500,7352,518,0xf,False,0x0
1783144724.930,582,582,120252,4,1,-18,-22,-39,840,-2,0,-3,101325,2500,7352,499,0xf,False,0x0
1783144725.130,583,583,120453,4,1,5,57,-22,1113,-5,0,2,101325,2500,7352,481,0xf,False,0x0
1783144725.333,584,584,120655,4,1,5,34,-35,1071,-2,3,3,101325,2500,7352,498,0xf,False,0x0
1783144725.533,585,585,120855,4,1,10,-13,18,1013,2,-5,-1,101325,2500,7352,507,0xf,False,0x0
1783144725.739,586,586,121062,4,1,-17,-35,37,1014,1,-4,-4,101325,2500,7352,510,0xf,False,0x0
1783144725.939,587,587,121262,4,1,-11,32,15,1058,4,1,-4,101325,2500,7352,499,0xf,False,0x0
1783144726.140,588,588,121463,4,1,-7,15,42,928,2,3,5,101325,2500,7352,491,0xf,False,0x0
1783144726.341,589,589,121663,4,1,1,-37,-16,906,4,4,-5,101325,2500,7352,484,0xf,False,0x0
1783144726.542,590,590,121865,4,1,20,-12,-15,1010,-4,3,-1,101325,2500,7352,502,0xf,False,0x0
1783144726.742,591,591,122065,4,1,-10,-48,0,1096,-2,3,2,101325,2500,7352,519,0xf,False,0x0
1783144726.943,592,592,122266,4,1,20,-33,12,973,-5,2,3,101325,2500,7352,504,0xf,False,0x0
1783144727.403,594,594,122726,4,1,10,-11,-19,1086,-3,-3,3,101325,2500,7351,502,0xf,False,0x0
1783144727.610,595,595,122932,4,1,7,-34,20,875,2,5,0,101325,2500,7351,483,0xf,False,0x0
1783144727.810,596,596,123133,4,1,-12,50,-52,1153,-1,4,-5,101325,2500,7351,492,0xf,False,0x0
1783144728.013,597,597,123336,4,1,11,-51,-9,968,2,5,1,101325,2500,7351,490,0xf,False,0x0
1783144728.213,598,598,123536,4,1,4,-12,-49,1038,2,-3,1,101325,2500,7351,501,0xf,False,0x0
1783144728.418,599,599,123741,4,1,2,-30,-2,1045,1,-4,1,101325,2500,7351,490,0xf,False,0x0
1783144728.619,600,600,123941,4,1,-16,32,34,1083,4,-1,2,101325,2500,7351,483,0xf,False,0x0
1783144728.820,601,601,124142,4,1,-19,-31,8,883,4,2,1,101325,2500,7351,520,0xf,False,0x0
1783144729.020,602,602,124343,4,1,5,43,-4,1044,5,5,2,101325,2500,7351,508,0xf,False,0x0
1783144729.221,603,603,124543,4,1,15,41,3,891,2,-1,-2,101325,2500,7351,510,0xf,False,0x0
1783144729.468,604,604,124790,4,1,7,-52,0,962,-3,-2,2,101325,2500,7351,500,0xf,False,0x0
1783144729.668,605,605,124991,4,1,-6,-53,12,1132,-1,3,1,101325,2500,7351,488,0xf,False,0x0
1783144729.877,606,606,125200,4,1,2,28,19,1019,-5,5,-2,101325,2500,7350,496,0xf,False,0x0
1783144730.078,607,607,125400,4,1,-8,55,-4,987,-1,-2,-3,101325,2500,7350,514,0xf,False,0x0
1783144730.375,608,608,125697,4,1,-11,-34,32,844,5,4,4,101325,2500,7350,499,0xf,False,0x0
1783144730.593,609,609,125915,4,1,15,-39,20,1005,2,-2,4,101325,2500,7350,496,0xf,False,0x0
1783144730.793,610,610,126115,4,1,13,-52,-36,1045,-4,1,4,101325,2500,7350,519,0xf,False,0x0
1783144730.994,611,611,126317,4,1,15,-3,-2,1105,4,1,2,101325,2500,7350,488,0xf,False,0x0
1783144731.195,612,612,126517,4,1,7,-46,-2,1068,0,5,1,101325,2500,7350,488,0xf,False,0x0
1783144731.395,613,613,126718,4,1,19,8,56,1018,-4,-1,4,101325,2500,7350,480,0xf,False,0x0
1783144731.671,614,614,126993,4,1,-10,-21,-7,953,-3,-4,4,101325,2500,7350,488,0xf,False,0x0
1783144731.882,615,615,127204,4,1,-5,-57,-39,1012,4,5,-5,101325,2500,7350,492,0xf,False,0x0
1783144732.082,616,616,127405,4,1,7,-52,20,1089,-4,-1,3,101325,2500,7350,518,0xf,False,0x0
1783144732.288,617,617,127611,4,1,-9,-26,-24,1036,1,2,3,101325,2500,7349,499,0xf,False,0x0
1783144732.488,618,618,127811,4,1,-15,38,-57,1105,1,0,3,101325,2500,7349,515,0xf,False,0x0
1783144732.689,619,619,128012,4,1,-16,-36,11,947,0,-2,2,101325,2500,7349,501,0xf,False,0x0
1783144733.093,620,620,128415,4,1,1,60,17,1097,5,0,-5,101325,2500,7349,508,0xf,False,0x0
1783144733.293,621,621,128616,4,1,-14,-55,8,879,-2,1,-2,101325,2500,7349,490,0xf,False,0x0
1783144733.495,622,622,128818,4,1,-14,-39,-7,1003,-4,-3,-2,101325,2500,7349,494,0xf,False,0x0
1783144733.696,623,623,129018,4,1,10,19,32,1084,-5,-4,-3,101325,2500,7349,500,0xf,False,0x0
1783144733.898,624,624,129220,4,1,3,60,60,982,-5,5,2,101325,2500,7349,488,0xf,False,0x0
1783144734.098,625,625,129421,4,1,19,-18,-22,1008,4,-5,2,101325,2500,7349,499,0xf,False,0x0
1783144734.302,626,626,129624,4,1,-11,6,-30,1047,2,0,-5,101325,2500,7349,514,0xf,False,0x0
1783144734.519,627,627,129842,4,1,0,35,34,929,-1,2,-4,101325,2500,7349,520,0xf,False,0x0
1783144734.786,628,628,130109,4,1,3,23,-57,960,-1,-5,3,101325,2500,7348,497,0xf,False,0x0
1783144734.999,629,629,130321,4,1,7,29,33,1010,-3,-2,-5,101325,2500,7348,501,0xf,False,0x0
1783144735.200,630,630,130523,4,1,-10,32,32,949,-5,2,-2,101325,2500,7348,515,0xf,False,0x0
1783144735.453,631,631,130776,4,1,1,-8,9,1106,2,4,-2,101325,2500,7348,501,0xf,False,0x0
1783144735.654,632,632,130977,4,1,11,34,24,1046,-5,1,3,101325,2500,7348,492,0xf,False,0x0
1783144735.854,633,633,131177,4,1,-16,46,7,1011,1,3,3,101325,2500,7348,481,0xf,False,0x0
1783144736.055,634,634,131378,4,1,13,-60,-4,972,2,1,-3,101325,2500,7348,520,0xf,False,0x0
1783144736.263,635,635,131585,4,1,20,6,-21,1032,-3,-5,-2,101325,2500,7348,506,0xf,False,0x0
1783144736.464,636,636,131786,4,1,-13,26,20,1011,-5,-1,-5,101325,2500,7348,493,0xf,False,0x0
1783144736.678,637,637,132000,4,1,-20,4,16,972,-2,2,5,101325,2500,7348,497,0xf,False,0x0
1783144736.878,638,638,132201,4,1,8,58,45,997,-5,-1,-3,101325,2500,7348,492,0xf,False,0x0
1783144737.140,639,639,132462,4,1,11,8,52,1150,-3,-4,-3,101325,2500,7348,516,0xf,False,0x0
1783144737.340,640,640,132663,4,1,0,-34,6,1125,4,2,1,101325,2500,7347,494,0xf,False,0x0
1783144737.565,641,641,132888,4,1,-8,-45,-32,889,3,5,4,101325,2500,7347,500,0xf,False,0x0
1783144737.814,642,642,133136,4,1,-9,-50,47,1017,-3,0,0,101325,2500,7347,508,0xf,False,0x0
1783144738.103,643,643,133426,4,1,-5,32,-2,1063,3,-1,4,101325,2500,7347,481,0xf,False,0x0
1783144738.366,644,644,133689,4,1,18,10,-27,1056,-5,-2,3,101325,2500,7347,502,0xf,False,0x0
1783144738.567,645,645,133889,4,1,14,-55,-58,1063,-2,-5,3,101325,2500,7347,486,0xf,False,0x0
1783144739.062,646,646,134384,4,1,-11,-38,60,1073,-4,-3,-2,101325,2500,7347,507,0xf,False,0x0
1783144739.281,647,647,134603,4,1,11,9,-27,924,1,-4,-3,101325,2500,7347,501,0xf,False,0x0
1783144739.482,648,648,134804,4,1,12,-53,-53,891,2,-2,3,101325,2500,7347,507,0xf,False,0x0
1783144739.685,649,649,135007,4,1,-5,-19,8,1027,-1,-4,-4,101325,2500,7346,481,0xf,False,0x0
1783144739.886,650,650,135208,4,1,-5,-6,9,1043,-2,-5,2,101325,2500,7346,511,0xf,False,0x0
1783144740.089,651,651,135412,4,1,-3,29,48,1154,-1,5,2,101325,2500,7346,513,0xf,False,0x0
1783144740.290,652,652,135612,4,1,0,60,33,1046,3,5,4,101325,2500,7346,481,0xf,False,0x0
1783144740.491,653,653,135814,4,1,-17,12,-48,1121,0,0,3,101325,2500,7346,514,0xf,False,0x0
1783144740.692,654,654,136015,4,1,-2,55,-16,920,5,1,-4,101325,2500,7346,495,0xf,False,0x0
1783144740.893,655,655,136215,4,1,12,-14,57,1088,0,-4,4,101325,2500,7346,480,0xf,False,0x0
1783144741.141,656,656,136463,4,1,5,48,26,989,4,5,4,101325,2500,7346,505,0xf,False,0x0
1783144741.341,657,657,136664,4,1,-19,46,-26,1029,4,2,5,101325,2500,7346,495,0xf,False,0x0
1783144741.545,658,658,136868,4,1,-10,7,16,1096,0,-1,-1,101325,2500,7346,490,0xf,False,0x0
1783144741.745,659,659,137068,4,1,-14,-26,44,950,5,2,0,101325,2500,7346,488,0xf,False,0x0
1783144741.946,660,660,137269,4,1,16,-34,51,1034,-4,-2,0,101325,2500,7346,519,0xf,False,0x0
1783144742.147,661,661,137470,4,1,0,-11,32,1107,-4,1,2,101325,2500,7346,487,0xf,False,0x0
1783144742.365,662,662,137687,4,1,4,-17,-19,903,-5,4,-2,101325,2500,7345,489,0xf,False,0x0
1783144742.565,663,663,137888,4,1,20,34,28,1109,-4,-1,-5,101325,2500,7345,493,0xf,False,0x0
1783144742.783,664,664,138105,4,1,5,20,-16,984,-3,3,-5,101325,2500,7345,511,0xf,False,0x0
1783144743.037,665,665,138360,4,1,9,-55,6,996,2,-2,-4,101325,2500,7345,487,0xf,False,0x0
1783144743.253,666,666,138575,4,1,1,-9,52,1156,-2,3,-2,101325,2500,7345,487,0xf,False,0x0
1783144743.453,667,667,138776,4,1,12,28,56,955,-5,-3,4,101325,2500,7345,490,0xf,False,0x0
1783144743.661,668,668,138984,4,1,-2,52,-1,1052,-4,-4,5,101325,2500,7345,509,0xf,False,0x0
1783144743.862,669,669,139184,4,1,-16,41,-10,1049,-3,-5,5,101325,2500,7345,491,0xf,False,0x0
1783144744.101,670,670,139423,4,1,12,41,-30,939,-4,-3,3,101325,2500,7345,492,0xf,False,0x0
1783144744.301,671,671,139624,4,1,0,-51,18,967,-3,-3,0,101325,2500,7345,502,0xf,False,0x0
1783144744.527,672,672,139849,4,1,5,-20,-44,866,-3,-5,-3,101325,2500,7345,485,0xf,False,0x0
1783144744.727,673,673,140050,4,1,4,-27,54,1017,2,-2,-5,101325,2500,7344,515,0xf,False,0x0
1783144744.931,674,674,140253,4,1,-5,-50,-56,963,-3,1,2,101325,2500,7344,506,0xf,False,0x0
1783144745.133,675,675,140456,4,1,-2,-46,-44,1001,3,-3,3,101325,2500,7344,500,0xf,False,0x0
1783144745.406,676,676,140729,4,1,4,-36,-35,938,2,3,-1,101325,2500,7344,483,0xf,False,0x0
1783144745.643,677,677,140965,4,1,-18,-48,59,948,3,-2,0,101325,2500,7344,510,0xf,False,0x0
1783144745.946,678,678,141268,4,1,-12,-7,-34,976,1,-4,3,101325,2500,7344,493,0xf,False,0x0
1783144746.148,679,679,141470,4,1,9,-2,-17,1016,0,1,-4,101325,2500,7344,519,0xf,False,0x0
1783144746.395,680,680,141718,4,1,14,54,41,1096,-4,0,1,101325,2500,7344,485,0xf,False,0x0
1783144746.609,681,681,141932,4,1,-16,-25,-29,873,-4,-3,-1,101325,2500,7344,492,0xf,False,0x0
1783144746.810,682,682,142132,4,1,10,53,18,874,2,-1,-3,101325,2500,7344,503,0xf,False,0x0
1783144747.035,683,683,142357,4,1,20,-55,-23,898,1,0,-3,101325,2500,7344,489,0xf,False,0x0
1783144747.236,684,684,142558,4,1,13,-15,-18,1071,0,-5,-3,101325,2500,7343,499,0xf,False,0x0
1783144747.442,685,685,142764,4,1,9,49,-32,909,-1,4,5,101325,2500,7343,509,0xf,False,0x0
1783144747.642,686,686,142965,4,1,-13,52,29,930,2,3,1,101325,2500,7343,511,0xf,False,0x0
1783144747.845,687,687,143168,4,1,-2,-10,23,1092,-4,4,-3,101325,2500,7343,511,0xf,False,0x0
1783144748.046,688,688,143368,4,1,-11,-27,2,1025,-3,-5,1,101325,2500,7343,502,0xf,False,0x0
1783144748.249,689,689,143572,4,1,7,22,-56,1056,-1,2,0,101325,2500,7343,480,0xf,False,0x0
1783144748.450,690,690,143772,4,1,19,15,11,1104,-3,-3,-1,101325,2500,7343,519,0xf,False,0x0
1783144748.738,691,691,144061,4,1,-2,-18,44,1075,-4,-3,-4,101325,2500,7343,491,0xf,False,0x0
1783144748.939,692,692,144261,4,1,16,33,25,976,1,5,-4,101325,2500,7343,485,0xf,False,0x0
1783144749.162,693,693,144484,4,1,-17,-17,-11,951,3,-2,-1,101325,2500,7343,487,0xf,False,0x0
1783144749.362,694,694,144685,4,1,20,40,12,871,5,-5,3,101325,2500,7343,504,0xf,False,0x0
1783144749.594,695,695,144917,4,1,-6,-47,45,1059,-1,-5,-2,101325,2500,7343,512,0xf,False,0x0
1783144749.795,696,696,145118,4,1,4,-46,-3,926,0,4,1,101325,2500,7342,487,0xf,False,0x0
1783144750.155,697,697,145478,4,1,-3,9,24,986,-3,3,-4,101325,2500,7342,507,0xf,False,0x0
1783144750.356,698,698,145679,4,1,-10,-41,-53,1052,3,-5,-1,101325,2500,7342,491,0xf,False,0x0
1783144750.564,699,699,145887,4,1,7,43,-39,973,5,-3,2,101325,2500,7342,491,0xf,False,0x0
1783144750.765,700,700,146087,4,1,17,27,-36,1009,5,0,1,101325,2500,7342,491,0xf,False,0x0
1783144750.984,701,701,146306,4,1,14,-17,-17,1037,4,-4,-1,101325,2500,7342,487,0xf,False,0x0
1783144751.193,702,702,146516,4,1,-19,-22,-10,921,-2,-1,0,101325,2500,7342,503,0xf,False,0x0
1783144751.598,704,704,146921,4,1,8,30,-34,1052,-3,-5,5,101325,2500,7342,520,0xf,False,0x0
1783144751.799,705,705,147122,4,1,11,17,41,1072,1,0,0,101325,2500,7342,499,0xf,False,0x0
1783144752.004,706,706,147326,4,1,10,31,-4,869,-3,-5,4,101325,2500,7342,494,0xf,False,0x0
1783144752.204,707,707,147527,4,1,-19,36,45,916,0,-5,-3,101325,2500,7341,513,0xf,False,0x0
1783144752.417,708,708,147739,4,1,-4,46,0,1038,3,-4,1,101325,2500,7341,492,0xf,False,0x0
1783144752.617,709,709,147940,4,1,12,54,-36,876,-5,0,4,101325,2500,7341,487,0xf,False,0x0
1783144752.827,710,710,148150,4,1,-12,-42,47,1092,1,0,2,101325,2500,7341,514,0xf,False,0x0
1783144753.028,711,711,148351,4,1,10,53,31,859,5,-2,5,101325,2500,7341,483,0xf,False,0x0
1783144753.233,712,712,148555,4,1,11,39,51,1073,-1,-4,-4,101325,2500,7341,507,0xf,False,0x0
1783144753.433,713,713,148756,4,1,12,37,3,909,-3,-5,-5,101325,2500,7341,495,0xf,False,0x0
1783144753.743,714,714,149066,4,1,-2,3,11,861,-5,-1,-4,101325,2500,7341,492,0xf,False,0x0
1783144753.947,715,715,149270,4,1,11,56,2,892,-2,5,-3,101325,2500,7341,507,0xf,False,0x0
1783144754.359,717,717,149681,4,1,-16,7,-30,1014,-4,-5,5,101325,2500,7341,513,0xf,False,0x0
1783144754.569,718,718,149892,4,1,14,-4,-11,934,-3,-5,-4,101325,2500,7341,483,0xf,False,0x0
1783144754.770,719,719,150093,4,1,16,38,1,1050,0,-3,-2,101325,2500,7340,508,0xf,False,0x0
1783144754.972,720,720,150294,4,1,14,5,14,1064,-4,5,2,101325,2500,7340,510,0xf,False,0x0
1783144755.172,721,721,150495,4,1,20,60,-18,919,4,1,-2,101325,2500,7340,520,0xf,False,0x0
1783144755.376,722,722,150699,4,1,8,6,24,1062,-5,-4,-3,101325,2500,7340,480,0xf,False,0x0
1783144755.577,723,723,150899,4,1,-2,30,-50,907,5,1,4,101325,2500,7340,487,0xf,False,0x0
1783144755.779,724,724,151102,4,1,16,4,-1,1100,0,-4,-2,101325,2500,7340,513,0xf,False,0x0
1783144755.980,725,725,151303,4,1,-2,42,19,935,0,3,-1,101325,2500,7340,515,0xf,False,0x0
1783144756.181,726,726,151504,4,1,-1,52,12,1061,2,3,-2,101325,2500,7340,507,0xf,False,0x0
1783144756.441,727,727,151764,4,1,1,30,-46,932,1,0,2,101325,2500,7340,487,0xf,False,0x0
1783144756.645,728,728,151968,4,1,0,-49,1,931,5,-2,3,101325,2500,7340,511,0xf,False,0x0
1783144756.846,729,729,152168,4,1,13,-4,15,857,2,2,-5,101325,2500,7340,486,0xf,False,0x0
1783144757.069,730,730,152391,4,1,-8,38,15,864,-5,-5,-4,101325,2500,7340,496,0xf,False,0x0
1783144757.271,731,731,152593,4,1,12,37,40,1096,-5,-2,-2,101325,2500,7339,481,0xf,False,0x0
1783144757.472,732,732,152794,4,1,-12,5,-5,1055,0,-5,-5,101325,2500,7339,485,0xf,False,0x0
1783144757.672,733,733,152995,4,1,18,-43,38,1140,1,-2,-2,101325,2500,7339,503,0xf,False,0x0
1783144758.104,735,735,153426,4,1,9,50,-8,937,-3,3,-2,101325,2500,7339,498,0xf,False,0x0
1783144758.305,736,736,153627,4,1,3,-23,6,922,2,-5,-4,101325,2500,7339,490,0xf,False,0x0
1783144758.505,737,737,153828,4,1,-20,31,46,866,-3,-3,-3,101325,2500,7339,513,0xf,False,0x0
1783144758.722,738,738,154044,4,1,-15,45,-21,1074,5,3,2,101325,2500,7339,489,0xf,False,0x0
1783144758.922,739,739,154245,4,1,18,-31,9,885,-4,0,4,101325,2500,7339,515,0xf,False,0x0
1783144759.217,740,740,154539,4,1,7,8,-58,979,-1,2,1,101325,2500,7339,488,0xf,False,0x0
1783144759.543,741,741,154865,4,1,16,48,25,994,0,4,2,101325,2500,7339,504,0xf,False,0x0
1783144759.786,742,742,155108,4,1,9,53,-22,1059,1,0,-2,101325,2500,7338,511,0xf,False,0x0
1783144760.055,743,743,155378,4,1,4,34,-7,1012,-2,-2,-3,101325,2500,7338,519,0xf,False,0x0
1783144760.255,744,744,155578,4,1,1,-56,-39,1034,-1,3,0,101325,2500,7338,481,0xf,False,0x0
1783144760.708,745,745,156031,4,1,15,28,-60,958,-5,2,-5,101325,2500,7338,497,0xf,False,0x0
1783144760.950,746,746,156272,4,1,-14,13,3,891,2,-1,-2,101325,2500,7338,508,0xf,False,0x0
1783144761.152,747,747,156474,4,1,-19,-43,-34,888,2,-4,-2,101325,2500,7338,495,0xf,False,0x0
1783144761.415,748,748,156738,4,1,-12,50,20,1037,3,4,3,101325,2500,7338,507,0xf,False,0x0
1783144761.615,749,749,156938,4,1,-1,1,18,1024,-2,0,4,101325,2500,7338,518,0xf,False,0x0
1783144761.820,750,750,157143,4,1,-9,41,-50,864,-2,3,-1,101325,2500,7338,485,0xf,False,0x0
1783144762.069,751,751,157391,4,1,9,-42,38,1021,3,2,5,101325,2500,7338,508,0xf,False,0x0
1783144762.406,752,752,157728,4,1,12,-56,60,902,-3,0,5,101325,2500,7337,489,0xf,False,0x0
1783144762.614,753,753,157937,4,1,20,45,9,1057,4,-5,1,101325,2500,7337,503,0xf,False,0x0
1783144762.815,754,754,158138,4,1,-13,-52,-6,883,4,-4,3,101325,2500,7337,489,0xf,False,0x0
1783144763.030,755,755,158353,4,1,-13,31,49,1047,-2,-1,3,101325,2500,7337,488,0xf,False,0x0
1783144763.231,756,756,158553,4,1,-1,-16,58,965,-4,5,-5,101325,2500,7337,498,0xf,False,0x0
1783144763.637,758,758,158960,4,1,-9,5,-32,1138,1,1,4,101325,2500,7337,488,0xf,False,0x0
1783144763.846,759,759,159168,4,1,14,-51,21,1077,-3,-3,-3,101325,2500,7337,499,0xf,False,0x0
1783144764.046,760,760,159369,4,1,10,-43,23,892,-2,1,-1,101325,2500,7337,518,0xf,False,0x0
1783144764.250,761,761,159573,4,1,-16,32,-3,1125,-3,4,5,101325,2500,7337,505,0xf,False,0x0
1783144764.741,763,763,160064,4,1,17,18,-12,1042,-2,5,2,101325,2500,7336,481,0xf,False,0x0
1783144765.037,764,764,160360,4,1,-8,-57,14,933,-1,1,-5,101325,2500,7336,507,0xf,False,0x0
1783144765.251,765,765,160574,4,1,7,-52,4,848,1,-3,0,101325,2500,7336,480,0xf,False,0x0
1783144765.621,766,766,160944,4,1,-2,-7,-7,1108,4,1,4,101325,2500,7336,487,0xf,False,0x0
1783144765.849,767,767,161171,4,1,-7,56,-25,1076,4,1,-5,101325,2500,7336,514,0xf,False,0x0
1783144766.050,768,768,161372,4,1,-4,-52,3,845,2,-2,-1,101325,2500,7336,496,0xf,False,0x0
1783144766.258,769,769,161580,4,1,-2,-39,-39,966,-5,-3,4,101325,2500,7336,499,0xf,False,0x0
1783144766.458,770,770,161781,4,1,15,26,5,1043,0,1,-5,101325,2500,7336,480,0xf,False,0x0
1783144766.747,771,771,162069,4,1,6,8,-52,1011,-4,-2,0,101325,2500,7336,484,0xf,False,0x0
1783144766.947,772,772,162270,4,1,5,-45,35,1063,-2,4,-4,101325,2500,7336,509,0xf,False,0x0
1783144767.148,773,773,162470,4,1,-11,11,7,1095,-4,1,-5,101325,2500,7336,497,0xf,False,0x0
1783144767.403,774,774,162726,4,1,3,-60,-21,986,-2,-3,-2,101325,2500,7335,498,0xf,False,0x0
1783144767.605,775,775,162927,4,1,-20,-56,2,908,-3,-4,5,101325,2500,7335,511,0xf,False,0x0
1783144767.887,776,776,163210,4,1,11,21,-10,938,-3,4,5,101325,2500,7335,501,0xf,False,0x0
1783144768.088,777,777,163410,4,1,11,21,50,1044,5,0,3,101325,2500,7335,517,0xf,False,0x0
1783144768.289,778,778,163612,4,1,4,-49,23,1027,1,-3,-4,101325,2500,7335,489,0xf,False,0x0
1783144768.490,779,779,163813,4,1,-15,48,-58,875,-2,1,0,101325,2500,7335,498,0xf,False,0x0
1783144768.693,780,780,164015,4,1,6,9,33,1016,-5,2,-1,101325,2500,7335,490,0xf,False,0x0
1783144768.894,781,781,164216,4,1,-2,30,42,1037,3,-2,-1,101325,2500,7335,495,0xf,False,0x0
1783144769.101,782,782,164423,4,1,-5,-6,31,972,3,-1,-3,101325,2500,7335,491,0xf,False,0x0
1783144769.302,783,783,164625,4,1,-4,16,-20,944,-3,3,0,101325,2500,7335,509,0xf,False,0x0
1783144769.503,784,784,164826,4,1,-7,59,38,1071,3,-1,-4,101325,2500,7335,507,0xf,False,0x0
1783144769.915,786,786,165237,4,1,18,-35,42,1026,-2,-3,1,101325,2500,7334,488,0xf,False,0x0
1783144770.179,787,787,165501,4,1,17,15,15,1041,-1,4,-4,101325,2500,7334,508,0xf,False,0x0
1783144770.705,789,789,166028,4,1,-1,32,1,970,-3,-5,4,101325,2500,7334,508,0xf,False,0x0
1783144770.954,790,790,166277,4,1,1,37,45,993,3,-5,-2,101325,2500,7334,518,0xf,False,0x0
1783144771.155,791,791,166478,4,1,8,3,-26,1001,-5,-3,0,101325,2500,7334,491,0xf,False,0x0
1783144771.358,792,792,166681,4,1,-12,-18,38,1087,-2,4,-2,101325,2500,7334,512,0xf,False,0x0
1783144771.559,793,793,166881,4,1,9,-56,-44,1059,-5,3,0,101325,2500,7334,490,0xf,False,0x0
1783144771.770,794,794,167092,4,1,13,56,57,861,4,-1,-3,101325,2500,7334,495,0xf,False,0x0
1783144772.040,795,795,167362,4,1,7,-51,51,994,4,2,-3,101325,2500,7334,512,0xf,False,0x0
1783144772.243,796,796,167565,4,1,9,-10,-5,989,1,-2,-1,101325,2500,7333,497,0xf,False,0x0
1783144772.461,797,797,167784,4,1,0,-49,1,871,1,-5,-3,101325,2500,7333,497,0xf,False,0x0
1783144772.678,798,798,168000,4,1,-5,-9,-12,865,2,-3,4,101325,2500,7333,502,0xf,False,0x0
1783144773.148,799,799,168470,4,1,12,18,30,970,-4,-5,4,101325,2500,7333,514,0xf,False,0x0
1783144773.348,800,800,168671,4,1,-6,55,-21,1106,1,2,1,101325,2500,7333,499,0xf,False,0x0
1783144773.550,801,801,168872,4,1,20,-9,35,912,5,5,5,101325,2500,7333,514,0xf,False,0x0
1783144773.751,802,802,169073,4,1,12,16,37,1109,5,-5,-4,101325,2500,7333,497,0xf,False,0x0
1783144773.962,803,803,169285,4,1,-8,-59,56,960,0,5,3,101325,2500,7333,482,0xf,False,0x0
1783144774.163,804,804,169485,4,1,-11,46,46,1002,5,2,-4,101325,2500,7333,501,0xf,False,0x0
1783144774.369,805,805,169692,4,1,18,-26,49,898,2,-5,5,101325,2500,7333,497,0xf,False,0x0
1783144774.570,806,806,169892,4,1,-14,-2,-41,1107,4,-5,-4,101325,2500,7333,495,0xf,False,0x0
1783144774.782,807,807,170105,4,1,-17,5,24,977,5,2,4,101325,2500,7332,507,0xf,False,0x0
1783144774.983,808,808,170305,4,1,6,-38,-15,1033,2,2,-4,101325,2500,7332,511,0xf,False,0x0
1783144775.236,809,809,170558,4,1,4,-36,50,981,-4,-1,1,101325,2500,7332,500,0xf,False,0x0
1783144775.444,810,810,170767,4,1,13,-42,-8,1006,3,-5,-4,101325,2500,7332,489,0xf,False,0x0
1783144775.645,811,811,170967,4,1,-10,56,-10,950,1,-3,-2,101325,2500,7332,494,0xf,False,0x0
1783144775.846,812,812,171169,4,1,-18,0,54,965,-1,0,4,101325,2500,7332,512,0xf,False,0x0
1783144776.047,813,813,171369,4,1,9,14,48,1042,-3,4,0,101325,2500,7332,487,0xf,False,0x0
1783144776.249,814,814,171572,4,1,20,11,-50,968,-1,-3,-3,101325,2500,7332,520,0xf,False,0x0
1783144776.451,815,815,171773,4,1,-12,-8,-29,932,-1,-3,-1,101325,2500,7332,487,0xf,False,0x0
1783144776.949,816,816,172271,4,1,2,-53,13,1001,4,1,-1,101325,2500,7332,502,0xf,False,0x0
1783144777.149,817,817,172472,4,1,-4,60,-29,917,3,-3,0,101325,2500,7332,518,0xf,False,0x0
1783144777.752,820,820,173075,4,1,-13,-26,-44,1010,-4,2,2,101325,2500,7331,508,0xf,False,0x0
1783144777.953,821,821,173276,4,1,15,-11,54,1026,0,0,1,101325,2500,7331,489,0xf,False,0x0
1783144778.157,822,822,173480,4,1,18,32,-35,922,-5,4,3,101325,2500,7331,491,0xf,False,0x0
1783144778.359,823,823,173681,4,1,-18,0,31,1031,-2,-4,5,101325,2500,7331,481,0xf,False,0x0
1783144778.580,824,824,173903,4,1,-18,31,-35,1069,5,2,-5,101325,2500,7331,506,0xf,False,0x0
1783144778.781,825,825,174104,4,1,-17,54,20,1095,0,-1,-4,101325,2500,7331,496,0xf,False,0x0
1783144778.982,826,826,174305,4,1,-5,48,36,1030,4,3,-1,101325,2500,7331,502,0xf,False,0x0
1783144779.183,827,827,174505,4,1,17,7,-39,898,-4,-4,-1,101325,2500,7331,499,0xf,False,0x0
1783144779.398,828,828,174720,4,1,7,-37,-7,1050,4,3,3,101325,2500,7331,488,0xf,False,0x0
1783144779.601,829,829,174924,4,1,4,37,-45,942,-5,5,5,101325,2500,7331,519,0xf,False,0x0
1783144780.184,830,830,175506,4,1,16,37,-12,934,-1,-1,-2,101325,2500,7330,502,0xf,False,0x0
1783144780.402,831,831,175725,4,1,6,35,52,932,1,0,4,101325,2500,7330,497,0xf,False,0x0
1783144780.603,832,832,175925,4,1,-20,-4,-52,995,-2,2,0,101325,2500,7330,520,0xf,False,0x0
1783144780.805,833,833,176128,4,1,11,49,-50,964,-4,-5,-4,101325,2500,7330,510,0xf,False,0x0
1783144781.008,834,834,176331,4,1,15,39,1,1125,4,2,2,101325,2500,7330,509,0xf,False,0x0
1783144781.262,835,835,176585,4,1,8,-7,-6,1100,4,-1,1,101325,2500,7330,481,0xf,False,0x0
1783144781.463,836,836,176785,4,1,9,25,-38,1016,-5,1,2,101325,2500,7330,515,0xf,False,0x0
1783144781.690,837,837,177012,4,1,11,53,-13,1107,3,1,-5,101325,2500,7330,503,0xf,False,0x0
1783144781.897,838,838,177220,4,1,-1,52,-6,1051,5,-1,5,101325,2500,7330,481,0xf,False,0x0
1783144782.099,839,839,177421,4,1,-5,4,52,932,-1,4,2,101325,2500,7330,487,0xf,False,0x0
1783144782.496,840,840,177819,4,1,3,-59,12,956,-3,-5,-3,101325,2500,7329,509,0xf,False,0x0
1783144782.701,841,841,178024,4,1,-8,-60,-47,1070,3,5,3,101325,2500,7329,501,0xf,False,0x0
1783144782.901,842,842,178224,4,1,5,44,42,1117,5,-5,1,101325,2500,7329,502,0xf,False,0x0
1783144783.106,843,843,178429,4,1,-20,-6,31,943,5,-1,-4,101325,2500,7329,501,0xf,False,0x0
1783144783.307,844,844,178629,4,1,16,6,9,991,-3,1,0,101325,2500,7329,507,0xf,False,0x0
1783144783.509,845,845,178832,4,1,-4,-58,56,1115,2,2,0,101325,2500,7329,507,0xf,False,0x0
1783144783.709,846,846,179032,4,1,-13,-29,-12,1092,-1,4,3,101325,2500,7329,492,0xf,False,0x0
1783144783.912,847,847,179235,4,1,-7,-17,-1,892,-2,-3,0,101325,2500,7329,492,0xf,False,0x0
1783144784.314,849,849,179637,4,1,10,11,-27,934,3,-5,5,101325,2500,7329,485,0xf,False,0x0
1783144784.515,850,850,179837,4,1,2,5,-26,1101,-4,0,-4,101325,2500,7329,497,0xf,False,0x0
1783144784.718,851,851,180041,4,1,-13,-43,-49,858,3,0,2,101325,2500,7328,514,0xf,False,0x0
1783144784.919,852,852,180241,4,1,-13,-43,-35,1031,-1,-1,2,101325,2500,7328,518,0xf,False,0x0
1783144785.224,853,853,180547,4,1,1,17,38,1031,1,-2,-5,101325,2500,7328,504,0xf,False,0x0
1783144785.425,854,854,180747,4,1,-19,-51,48,1019,-5,2,1,101325,2500,7328,489,0xf,False,0x0
1783144785.652,855,855,180974,4,1,-8,59,17,934,-1,-4,-4,101325,2500,7328,488,0xf,False,0x0
1783144785.852,856,856,181175,4,1,2,-58,-56,991,1,-4,-4,101325,2500,7328,514,0xf,False,0x0
1783144786.095,857,857,181417,4,1,5,37,-24,1071,-4,5,-1,101325,2500,7328,514,0xf,False,0x0
1783144786.296,858,858,181618,4,1,16,55,5,1052,1,-2,-5,101325,2500,7328,481,0xf,False,0x0
1783144786.580,859,859,181903,4,1,10,-60,41,1006,1,1,-1,101325,2500,7328,492,0xf,False,0x0
1783144786.829,860,860,182152,4,1,-9,53,42,1083,-2,0,4,101325,2500,7328,503,0xf,False,0x0
1783144787.030,861,861,182352,4,1,1,-27,49,1067,3,4,4,101325,2500,7328,495,0xf,False,0x0
1783144787.261,862,862,182584,4,1,-3,4,39,1039,-4,2,4,101325,2500,7327,520,0xf,False,0x0
1783144787.462,863,863,182784,4,1,7,45,46,951,-4,1,-1,101325,2500,7327,513,0xf,False,0x0
1783144787.662,864,864,182985,4,1,0,29,11,1010,-3,-4,-3,101325,2500,7327,492,0xf,False,0x0
1783144787.924,865,865,183247,4,1,11,34,60,1000,-2,2,-1,101325,2500,7327,493,0xf,False,0x0
1783144788.124,866,866,183447,4,1,-3,-20,-57,987,0,0,-5,101325,2500,7327,502,0xf,False,0x0
1783144788.325,867,867,183648,4,1,-1,-21,-33,863,-2,-3,-5,101325,2500,7327,496,0xf,False,0x0
1783144788.526,868,868,183848,4,1,-20,-16,-16,933,4,-3,5,101325,2500,7327,489,0xf,False,0x0
1783144788.741,869,869,184063,4,1,7,48,-50,1160,5,3,-2,101325,2500,7327,511,0xf,False,0x0
1783144788.941,870,870,184264,4,1,-18,51,-25,1063,1,-4,3,101325,2500,7327,506,0xf,False,0x0
1783144789.144,871,871,184467,4,1,11,-12,0,869,1,2,1,101325,2500,7327,491,0xf,False,0x0
1783144789.345,872,872,184667,4,1,-8,58,8,986,2,0,4,101325,2500,7327,500,0xf,False,0x0
1783144789.546,873,873,184868,4,1,-10,0,13,860,-2,5,-4,101325,2500,7327,510,0xf,False,0x0
1783144789.746,874,874,185069,4,1,1,45,28,1002,-2,3,4,101325,2500,7326,491,0xf,False,0x0
1783144789.956,875,875,185279,4,1,-19,-9,59,1022,2,-5,5,101325,2500,7326,509,0xf,False,0x0
1783144790.157,876,876,185479,4,1,0,-12,-1,906,-4,-3,-4,101325,2500,7326,497,0xf,False,0x0
1783144790.360,877,877,185682,4,1,19,37,-48,956,4,1,3,101325,2500,7326,491,0xf,False,0x0
1783144790.560,878,878,185883,4,1,16,-5,-54,966,1,-3,2,101325,2500,7326,494,0xf,False,0x0
1783144790.766,879,879,186088,4,1,-16,41,-32,974,5,0,4,101325,2500,7326,485,0xf,False,0x0
1783144790.967,880,880,186289,4,1,-10,-59,-38,971,5,3,2,101325,2500,7326,482,0xf,False,0x0
1783144791.167,881,881,186490,4,1,13,-38,-33,998,4,-3,-1,101325,2500,7326,498,0xf,False,0x0
1783144791.437,882,882,186760,4,1,-6,-26,15,1067,-2,0,4,101325,2500,7326,519,0xf,False,0x0
1783144791.645,883,883,186968,4,1,18,-54,-33,1083,-2,5,-4,101325,2500,7326,489,0xf,False,0x0
1783144791.856,884,884,187178,4,1,16,3,8,874,-3,4,3,101325,2500,7326,519,0xf,False,0x0
1783144792.057,885,885,187379,4,1,-14,20,46,902,4,0,-4,101325,2500,7326,496,0xf,False,0x0
1783144792.260,886,886,187583,4,1,-4,-9,-5,1108,-2,5,3,101325,2500,7325,492,0xf,False,0x0
1783144792.913,889,889,188236,4,1,-4,-56,29,1090,1,4,-4,101325,2500,7325,519,0xf,False,0x0
1783144793.114,890,890,188437,4,1,13,55,60,1095,4,3,4,101325,2500,7325,520,0xf,False,0x0
1783144793.320,891,891,188642,4,1,18,-8,14,975,3,-1,5,101325,2500,7325,507,0xf,False,0x0
1783144793.520,892,892,188843,4,1,-2,9,53,973,-5,5,4,101325,2500,7325,482,0xf,False,0x0
1783144793.723,893,893,189046,4,1,-18,-11,40,970,2,5,-1,101325,2500,7325,498,0xf,False,0x0
1783144793.924,894,894,189247,4,1,-11,52,58,990,5,-3,4,101325,2500,7325,497,0xf,False,0x0
1783144794.130,895,895,189452,4,1,11,-59,-23,1161,4,5,4,101325,2500,7325,502,0xf,False,0x0
1783144794.330,896,896,189652,4,1,-6,25,3,1036,4,-3,4,101325,2500,7325,512,0xf,False,0x0
1783144794.530,897,897,189853,4,1,-10,-46,-47,1085,-1,-3,5,101325,2500,7325,500,0xf,False,0x0
1783144794.791,898,898,190113,4,1,13,-4,36,905,-5,-3,4,101325,2500,7324,508,0xf,False,0x0
1783144794.991,899,899,190313,4,1,19,-53,59,1113,-3,1,0,101325,2500,7324,484,0xf,False,0x0
1783144795.202,900,900,190525,4,1,18,38,-9,912,5,2,-4,101325,2500,7324,480,0xf,False,0x0
1783144795.403,901,901,190725,4,1,-6,38,57,1109,-2,3,-1,101325,2500,7324,519,0xf,False,0x0
1783144795.606,902,902,190928,4,1,-9,16,-48,1057,0,-1,0,101325,2500,7324,496,0xf,False,0x0
1783144795.808,903,903,191130,4,1,12,53,16,1054,-3,4,-2,101325,2500,7324,506,0xf,False,0x0
1783144796.208,905,905,191531,4,1,-17,-1,42,1069,-4,-3,5,101325,2500,7324,514,0xf,False,0x0
1783144796.409,906,906,191731,4,1,2,-8,-1,1052,4,-3,4,101325,2500,7324,510,0xf,False,0x0
1783144796.632,907,907,191955,4,1,-2,11,-24,991,-3,-1,-1,101325,2500,7324,500,0xf,False,0x0
1783144797.038,909,909,192361,4,1,-13,41,52,908,4,2,-4,101325,2500,7324,481,0xf,False,0x0
1783144797.239,910,910,192561,4,1,14,-49,-29,1058,-5,-1,3,101325,2500,7323,500,0xf,False,0x0
1783144797.463,911,911,192785,4,1,-5,54,-24,919,-4,-4,1,101325,2500,7323,491,0xf,False,0x0
1783144797.677,912,912,193000,4,1,-3,27,7,1089,-5,3,-4,101325,2500,7323,503,0xf,False,0x0
1783144797.879,913,913,193201,4,1,-1,-57,-16,936,3,0,-4,101325,2500,7323,485,0xf,False,0x0
1783144798.079,914,914,193402,4,1,-10,-32,-3,1049,-5,-5,4,101325,2500,7323,517,0xf,False,0x0
1783144798.280,915,915,193602,4,1,7,-51,-20,966,4,2,-1,101325,2500,7323,494,0xf,False,0x0
1783144798.548,916,916,193871,4,1,-4,6,10,1078,1,-4,4,101325,2500,7323,485,0xf,False,0x0
1783144798.749,917,917,194071,4,1,-3,20,18,967,2,-4,-1,101325,2500,7323,498,0xf,False,0x0
1783144798.949,918,918,194272,4,1,0,0,23,982,4,3,4,101325,2500,7323,504,0xf,False,0x0
1783144799.150,919,919,194472,4,1,-6,24,2,1125,0,-1,-5,101325,2500,7323,485,0xf,False,0x0
1783144799.355,920,920,194677,4,1,-10,-20,-8,1030,-2,3,2,101325,2500,7323,495,0xf,False,0x0
1783144799.555,921,921,194878,4,1,-4,-52,-3,986,-5,-2,4,101325,2500,7323,492,0xf,False,0x0
1783144799.767,922,922,195089,4,1,8,-21,-23,1026,3,0,3,101325,2500,7322,487,0xf,False,0x0
1783144799.968,923,923,195290,4,1,18,-45,10,1087,3,0,5,101325,2500,7322,514,0xf,False,0x0
1783144800.177,924,924,195500,4,1,-1,-30,-31,1110,3,3,4,101325,2500,7322,487,0xf,False,0x0
1783144800.378,925,925,195700,4,1,-16,-52,-48,1031,-1,0,2,101325,2500,7322,508,0xf,False,0x0
1783144800.579,926,926,195902,4,1,2,-53,-25,897,2,1,0,101325,2500,7322,507,0xf,False,0x0
1783144800.826,927,927,196148,4,1,5,-55,32,1036,-3,4,-2,101325,2500,7322,496,0xf,False,0x0
1783144801.027,928,928,196349,4,1,3,12,27,1134,-3,-3,3,101325,2500,7322,515,0xf,False,0x0
1783144801.441,930,930,196764,4,1,-19,-49,-24,1151,4,1,3,101325,2500,7322,501,0xf,False,0x0
1783144801.653,931,931,196976,4,1,-6,0,-12,1110,-4,-1,-2,101325,2500,7322,510,0xf,False,0x0
1783144801.854,932,932,197176,4,1,19,-43,36,1078,2,5,2,101325,2500,7322,512,0xf,False,0x0
1783144802.059,933,933,197381,4,1,4,-39,43,1087,-2,5,-2,101325,2500,7322,481,0xf,False,0x0
1783144802.260,934,934,197583,4,1,9,26,-12,1071,0,1,0,101325,2500,7321,504,0xf,False,0x0
1783144802.461,935,935,197783,4,1,-9,53,21,895,1,-5,5,101325,2500,7321,497,0xf,False,0x0
1783144802.661,936,936,197984,4,1,10,45,-16,1049,-5,-4,-5,101325,2500,7321,495,0xf,False,0x0
1783144802.863,937,937,198185,4,1,-10,-34,-44,1169,3,3,3,101325,2500,7321,491,0xf,False,0x0
1783144803.063,938,938,198386,4,1,17,44,-10,1133,-3,4,-1,101325,2500,7321,513,0xf,False,0x0
1783144803.264,939,939,198587,4,1,-10,59,29,1013,2,-1,1,101325,2500,7321,520,0xf,False,0x0
1783144803.465,940,940,198787,4,1,-6,16,-1,934,-5,-5,-1,101325,2500,7321,516,0xf,False,0x0
1783144803.667,941,941,198989,4,1,7,19,47,1017,4,1,-2,101325,2500,7321,512,0xf,False,0x0
1783144803.867,942,942,199189,4,1,-11,-11,37,868,-5,-2,3,101325,2500,7321,488,0xf,False,0x0
1783144804.105,943,943,199428,4,1,11,21,-35,1026,3,5,-3,101325,2500,7321,495,0xf,False,0x0
1783144804.306,944,944,199628,4,1,15,41,43,1062,2,-2,-1,101325,2500,7321,500,0xf,False,0x0
1783144804.507,945,945,199830,4,1,15,37,32,959,2,2,2,101325,2500,7321,505,0xf,False,0x0
1783144804.708,946,946,200031,4,1,0,39,54,1111,-1,-4,-1,101325,2500,7320,497,0xf,False,0x0
1783144804.908,947,947,200231,4,1,-6,22,-51,886,5,-5,1,101325,2500,7320,490,0xf,False,0x0
1783144805.176,948,948,200498,4,1,-9,21,1,981,-5,5,2,101325,2500,7320,513,0xf,False,0x0
1783144805.377,949,949,200699,4,1,12,-7,60,1043,-2,-2,5,101325,2500,7320,505,0xf,False,0x0
1783144805.603,950,950,200925,4,1,-10,-25,-47,1051,-2,0,-4,101325,2500,7320,503,0xf,False,0x0
1783144805.803,951,951,201126,4,1,8,47,-37,1041,-5,-4,-3,101325,2500,7320,517,0xf,False,0x0
1783144806.006,952,952,201329,4,1,0,-37,-50,1136,-2,3,0,101325,2500,7320,485,0xf,False,0x0
1783144806.206,953,953,201529,4,1,18,-15,51,1071,5,3,4,101325,2500,7320,513,0xf,False,0x0
1783144806.408,954,954,201731,4,1,-20,19,31,897,-5,-2,1,101325,2500,7320,493,0xf,False,0x0
1783144806.609,955,955,201931,4,1,-8,-50,-27,1054,2,5,-1,101325,2500,7320,486,0xf,False,0x0
1783144806.815,956,956,202138,4,1,2,-56,21,964,2,1,-3,101325,2500,7320,513,0xf,False,0x0
1783144807.016,957,957,202338,4,1,9,-50,15,1097,-3,-4,1,101325,2500,7320,496,0xf,False,0x0
1783144807.216,958,958,202538,4,1,-18,-17,-13,1088,-4,2,3,101325,2500,7319,501,0xf,False,0x0
1783144807.417,959,959,202740,4,1,-9,48,-11,919,-1,-5,-1,101325,2500,7319,493,0xf,False,0x0
1783144807.618,960,960,202940,4,1,8,20,30,1110,4,1,2,101325,2500,7319,511,0xf,False,0x0
1783144807.825,961,961,203147,4,1,-8,16,-4,1013,-4,-1,5,101325,2500,7319,512,0xf,False,0x0
1783144808.025,962,962,203348,4,1,7,-7,0,1067,-3,2,-4,101325,2500,7319,488,0xf,False,0x0
1783144808.226,963,963,203549,4,1,-13,-49,41,1015,0,-4,-3,101325,2500,7319,503,0xf,False,0x0
1783144808.468,964,964,203791,4,1,13,21,50,1001,2,-1,-4,101325,2500,7319,493,0xf,False,0x0
1783144808.776,965,965,204098,4,1,1,-24,-23,995,4,-5,5,101325,2500,7319,487,0xf,False,0x0
1783144808.976,966,966,204299,4,1,9,22,13,953,3,-5,2,101325,2500,7319,499,0xf,False,0x0
1783144809.182,967,967,204505,4,1,9,47,60,1086,5,5,2,101325,2500,7319,517,0xf,False,0x0
1783144809.382,968,968,204705,4,1,-4,-54,55,903,3,-3,0,101325,2500,7319,506,0xf,False,0x0
1783144809.583,969,969,204906,4,1,-1,-21,-5,922,1,-5,4,101325,2500,7319,513,0xf,False,0x0
1783144809.796,970,970,205119,4,1,-3,26,51,898,-3,-4,0,101325,2500,7318,485,0xf,False,0x0
1783144810.007,971,971,205329,4,1,17,48,2,1103,-2,4,1,101325,2500,7318,506,0xf,False,0x0
1783144810.214,972,972,205536,4,1,-12,49,-31,988,2,-4,-1,101325,2500,7318,480,0xf,False,0x0
1783144810.462,973,973,205784,4,1,0,10,5,1112,1,-2,-2,101325,2500,7318,488,0xf,False,0x0
1783144810.662,974,974,205985,4,1,2,47,-36,991,-5,2,-5,101325,2500,7318,482,0xf,False,0x0
1783144811.070,976,976,206392,4,1,10,60,46,1076,2,1,-2,101325,2500,7318,506,0xf,False,0x0
1783144811.270,977,977,206593,4,1,16,52,-52,1049,-5,1,3,101325,2500,7318,481,0xf,False,0x0
1783144811.481,978,978,206804,4,1,0,20,-28,1012,-5,5,4,101325,2500,7318,504,0xf,False,0x0
1783144811.681,979,979,207004,4,1,-6,35,-31,1090,0,5,1,101325,2500,7318,499,0xf,False,0x0
1783144811.892,980,980,207215,4,1,-4,11,56,1091,-2,-3,-1,101325,2500,7318,508,0xf,False,0x0
1783144812.093,981,981,207415,4,1,6,9,19,995,-4,-4,-3,101325,2500,7318,514,0xf,False,0x0
1783144812.302,982,982,207624,4,1,-8,-12,-2,915,-2,-1,-2,101325,2500,7317,499,0xf,False,0x0
1783144812.502,983,983,207825,4,1,15,23,-34,1099,1,-2,5,101325,2500,7317,481,0xf,False,0x0
1783144812.703,984,984,208025,4,1,-14,-32,17,1043,-1,0,-3,101325,2500,7317,512,0xf,False,0x0
1783144812.952,985,985,208275,4,1,-16,40,-30,988,2,-1,3,101325,2500,7317,509,0xf,False,0x0
1783144813.355,987,987,208677,4,1,-13,40,-44,1001,-1,-4,-4,101325,2500,7317,493,0xf,False,0x0
1783144813.555,988,988,208878,4,1,1,49,-46,906,0,1,-1,101325,2500,7317,508,0xf,False,0x0
1783144813.758,989,989,209081,4,1,-5,21,48,1049,2,-2,5,101325,2500,7317,484,0xf,False,0x0
1783144813.959,990,990,209281,4,1,-1,47,-42,1078,2,-2,-2,101325,2500,7317,515,0xf,False,0x0
1783144814.181,991,991,209503,4,1,-10,-41,-10,1043,5,3,-3,101325,2500,7317,509,0xf,False,0x0
1783144814.382,992,992,209705,4,1,-9,-52,-23,933,3,-2,5,101325,2500,7317,500,0xf,False,0x0
1783144814.593,993,993,209916,4,1,-7,35,-22,929,5,3,-5,101325,2500,7317,481,0xf,False,0x0
1783144814.794,994,994,210116,4,1,-18,51,-8,1024,1,-5,-3,101325,2500,7316,520,0xf,False,0x0
1783144814.994,995,995,210317,4,1,-20,56,10,981,2,-2,0,101325,2500,7316,503,0xf,False,0x0
1783144815.231,996,996,210554,4,1,-18,-51,49,919,2,-2,5,101325,2500,7316,503,0xf,False,0x0
1783144815.431,997,997,210754,4,1,-9,16,23,977,3,5,-1,101325,2500,7316,518,0xf,False,0x0
1783144815.636,998,998,210959,4,1,1,-47,-51,1011,0,-4,-1,101325,2500,7316,494,0xf,False,0x0
1783144815.837,999,999,211159,4,1,10,40,20,925,-2,0,-2,101325,2500,7316,511,0xf,False,0x0
1783144816.047,1000,1000,211370,4,1,0,27,30,928,-2,5,0,101325,2500,7316,510,0xf,False,0x0
1783144816.533,1001,1001,211855,4,1,13,23,33,1056,-5,-5,2,101325,2500,7316,520,0xf,False,0x0
1783144816.733,1002,1002,212055,4,1,10,1,34,1092,5,5,0,101325,2500,7316,520,0xf,False,0x0
1783144816.950,1003,1003,212272,4,1,14,-2,-30,1074,-5,-5,-4,101325,2500,7316,509,0xf,False,0x0
1783144817.150,1004,1004,212473,4,1,3,-46,37,959,3,4,-3,101325,2500,7316,505,0xf,False,0x0
1783144817.351,1005,1005,212674,4,1,18,-6,-3,1073,-1,-1,-3,101325,2500,7315,485,0xf,False,0x0
1783144817.578,1006,1006,212901,4,1,-18,44,27,954,-1,2,2,101325,2500,7315,487,0xf,False,0x0
1783144817.779,1007,1007,213101,4,1,20,-12,-5,1108,-2,-4,4,101325,2500,7315,502,0xf,False,0x0
1783144817.979,1008,1008,213302,4,1,18,-17,59,1073,-3,-3,0,101325,2500,7315,498,0xf,False,0x0
1783144818.241,1009,1009,213564,4,1,-10,1,33,1096,1,-1,3,101325,2500,7315,513,0xf,False,0x0
1783144818.442,1010,1010,213764,4,1,-10,-14,-37,997,-3,5,3,101325,2500,7315,483,0xf,False,0x0
1783144818.753,1011,1011,214075,4,1,-6,31,36,1010,-5,2,1,101325,2500,7315,517,0xf,False,0x0
1783144818.953,1012,1012,214276,4,1,-14,-5,-20,1018,-4,3,3,101325,2500,7315,499,0xf,False,0x0
1783144819.154,1013,1013,214477,4,1,-12,-56,-12,939,5,-5,1,101325,2500,7315,485,0xf,False,0x0
1783144819.354,1014,1014,214677,4,1,14,-43,9,892,-4,-1,-2,101325,2500,7315,501,0xf,False,0x0
1783144819.556,1015,1015,214879,4,1,-16,6,-35,1028,1,-4,0,101325,2500,7315,501,0xf,False,0x0
1783144819.756,1016,1016,215079,4,1,13,-46,3,1029,4,-4,1,101325,2500,7314,502,0xf,False,0x0
1783144819.957,1017,1017,215279,4,1,12,-17,-3,955,5,3,-1,101325,2500,7314,515,0xf,False,0x0
1783144820.158,1018,1018,215480,4,1,-18,-25,-57,933,0,-1,2,101325,2500,7314,513,0xf,False,0x0
1783144820.358,1019,1019,215680,4,1,15,-9,14,1058,-2,-2,-4,101325,2500,7314,519,0xf,False,0x0
1783144820.603,1020,1020,215926,4,1,-20,-48,54,886,5,0,-1,101325,2500,7314,486,0xf,False,0x0
1783144820.807,1021,1021,216130,4,1,-1,-35,51,906,-2,2,2,101325,2500,7314,499,0xf,False,0x0
1783144821.008,1022,1022,216330,4,1,-10,38,27,1055,-4,-5,-1,101325,2500,7314,516,0xf,False,0x0
1783144821.220,1023,1023,216542,4,1,-8,-42,28,1025,1,1,-2,101325,2500,7314,508,0xf,False,0x0
1783144821.420,1024,1024,216743,4,1,16,50,24,1084,-2,-4,-2,101325,2500,7314,509,0xf,False,0x0
1783144821.631,1025,1025,216954,4,1,-5,24,-27,920,2,4,-4,101325,2500,7314,494,0xf,False,0x0
1783144821.832,1026,1026,217154,4,1,-8,-42,4,930,0,3,2,101325,2500,7314,482,0xf,False,0x0
1783144822.042,1027,1027,217365,4,1,-13,41,-48,932,4,-1,-1,101325,2500,7314,488,0xf,False,0x0
1783144822.242,1028,1028,217565,4,1,-8,-33,-37,875,-2,0,-5,101325,2500,7313,493,0xf,False,0x0
1783144822.444,1029,1029,217766,4,1,19,56,14,985,5,3,-1,101325,2500,7313,511,0xf,False,0x0
1783144822.698,1030,1030,218020,4,1,-14,30,-55,1052,2,-2,-4,101325,2500,7313,502,0xf,False,0x0
1783144822.898,1031,1031,218221,4,1,0,-50,-16,915,3,-4,-3,101325,2500,7313,495,0xf,False,0x0
1783144823.102,1032,1032,218425,4,1,6,51,36,973,-5,4,5,101325,2500,7313,480,0xf,False,0x0
1783144823.303,1033,1033,218625,4,1,-20,34,49,1016,-1,-1,-1,101325,2500,7313,485,0xf,False,0x0
1783144823.514,1034,1034,218836,4,1,-2,25,56,1028,0,-3,3,101325,2500,7313,518,0xf,False,0x0
1783144823.723,1035,1035,219045,4,1,9,-54,14,917,4,2,-4,101325,2500,7313,501,0xf,False,0x0
1783144823.923,1036,1036,219246,4,1,14,-58,-41,1036,5,3,-3,101325,2500,7313,519,0xf,False,0x0
1783144824.124,1037,1037,219446,4,1,-8,20,37,940,2,-3,-3,101325,2500,7313,495,0xf,False,0x0
1783144824.450,1038,1038,219773,4,1,13,13,53,969,5,-1,-1,101325,2500,7313,510,0xf,False,0x0
1783144824.651,1039,1039,219973,4,1,-15,-4,35,926,-5,-3,0,101325,2500,7313,514,0xf,False,0x0
1783144824.861,1040,1040,220184,4,1,18,33,-48,967,1,2,-5,101325,2500,7312,484,0xf,False,0x0
1783144825.061,1041,1041,220384,4,1,-4,-10,23,1083,5,2,-4,101325,2500,7312,515,0xf,False,0x0
1783144825.262,1042,1042,220584,4,1,8,-42,24,957,-4,-2,-5,101325,2500,7312,495,0xf,False,0x0
1783144825.462,1043,1043,220785,4,1,-18,-40,-39,928,3,-3,4,101325,2500,7312,507,0xf,False,0x0
1783144825.864,1045,1045,221187,4,1,14,-50,33,874,0,4,-5,101325,2500,7312,497,0xf,False,0x0
1783144826.067,1046,1046,221390,4,1,10,59,0,983,0,-3,-3,101325,2500,7312,481,0xf,False,0x0
1783144826.268,1047,1047,221590,4,1,-10,18,-36,1037,-4,0,-2,101325,2500,7312,498,0xf,False,0x0
1783144826.468,1048,1048,221791,4,1,-19,16,7,1079,3,-4,1,101325,2500,7312,487,0xf,False,0x0
1783144826.742,1049,1049,222064,4,1,7,25,10,993,-1,0,-2,101325,2500,7312,496,0xf,False,0x0
1783144826.942,1050,1050,222265,4,1,-15,-46,-15,1045,-4,-5,-2,101325,2500,7312,509,0xf,False,0x0
1783144827.146,1051,1051,222469,4,1,18,-17,15,931,-2,4,-5,101325,2500,7312,481,0xf,False,0x0
1783144827.347,1052,1052,222669,4,1,12,8,-55,1025,2,-4,-4,101325,2500,7311,506,0xf,False,0x0
1783144827.549,1053,1053,222872,4,1,-2,-59,54,942,4,-5,-4,101325,2500,7311,509,0xf,False,0x0
1783144827.750,1054,1054,223072,4,1,-3,-15,36,876,0,5,0,101325,2500,7311,508,0xf,False,0x0
1783144827.954,1055,1055,223277,4,1,-15,53,27,1047,3,-5,-2,101325,2500,7311,514,0xf,False,0x0
1783144828.155,1056,1056,223477,4,1,11,-37,-45,912,1,-1,5,101325,2500,7311,510,0xf,False,0x0
1783144828.357,1057,1057,223679,4,1,8,-59,-8,979,1,-2,-2,101325,2500,7311,502,0xf,False,0x0
1783144828.557,1058,1058,223880,4,1,19,47,-45,909,1,4,-4,101325,2500,7311,516,0xf,False,0x0
1783144828.760,1059,1059,224082,4,1,-3,-59,23,997,-2,-4,-5,101325,2500,7311,480,0xf,False,0x0
1783144828.960,1060,1060,224283,4,1,8,-47,-53,896,4,4,4,101325,2500,7311,498,0xf,False,0x0
1783144829.164,1061,1061,224486,4,1,16,-9,-33,922,-1,5,-2,101325,2500,7311,484,0xf,False,0x0
1783144829.364,1062,1062,224687,4,1,17,9,-30,1112,-3,4,4,101325,2500,7311,518,0xf,False,0x0
1783144829.565,1063,1063,224888,4,1,-11,-37,17,961,0,1,0,101325,2500,7311,494,0xf,False,0x0
1783144829.767,1064,1064,225090,4,1,-14,24,-15,931,1,1,-4,101325,2500,7310,487,0xf,False,0x0
1783144829.967,1065,1065,225290,4,1,-15,-13,46,1011,3,0,1,101325,2500,7310,489,0xf,False,0x0
1783144830.605,1068,1068,225928,4,1,4,-49,-25,1096,-1,-1,3,101325,2500,7310,506,0xf,False,0x0
1783144830.808,1069,1069,226131,4,1,-7,9,-48,879,3,-3,5,101325,2500,7310,518,0xf,False,0x0
1783144831.009,1070,1070,226332,4,1,8,-60,-21,1103,1,5,-1,101325,2500,7310,480,0xf,False,0x0
1783144831.210,1071,1071,226532,4,1,6,14,41,1043,-3,-4,4,101325,2500,7310,516,0xf,False,0x0
1783144831.412,1072,1072,226734,4,1,-17,-1,24,1054,4,3,-5,101325,2500,7310,516,0xf,False,0x0
1783144831.613,1073,1073,226936,4,1,0,56,-11,974,-2,0,-4,101325,2500,7310,509,0xf,False,0x0
1783144831.817,1074,1074,227140,4,1,3,50,51,1005,-4,-4,-3,101325,2500,7310,507,0xf,False,0x0
1783144832.018,1075,1075,227340,4,1,-12,-20,38,1055,3,0,2,101325,2500,7310,506,0xf,False,0x0
1783144832.238,1076,1076,227561,4,1,19,42,14,957,5,-3,1,101325,2500,7309,484,0xf,False,0x0
1783144832.439,1077,1077,227761,4,1,13,27,17,1077,-5,3,-2,101325,2500,7309,491,0xf,False,0x0
1783144832.846,1079,1079,228169,4,1,3,35,41,950,1,4,1,101325,2500,7309,503,0xf,False,0x0
1783144833.047,1080,1080,228370,4,1,5,-39,31,1046,2,4,5,101325,2500,7309,516,0xf,False,0x0
1783144833.248,1081,1081,228570,4,1,8,26,-32,1047,5,3,0,101325,2500,7309,516,0xf,False,0x0
1783144833.449,1082,1082,228772,4,1,-18,46,-4,976,0,-2,4,101325,2500,7309,498,0xf,False,0x0
1783144833.650,1083,1083,228972,4,1,-9,-32,-23,930,2,5,5,101325,2500,7309,503,0xf,False,0x0
1783144833.858,1084,1084,229181,4,1,15,-59,23,999,-1,5,0,101325,2500,7309,484,0xf,False,0x0
1783144834.059,1085,1085,229381,4,1,15,-38,14,878,4,-4,4,101325,2500,7309,516,0xf,False,0x0
1783144834.259,1086,1086,229582,4,1,11,43,10,1034,3,0,0,101325,2500,7309,499,0xf,False,0x0
1783144834.487,1087,1087,229810,4,1,1,7,53,1067,-5,3,3,101325,2500,7309,494,0xf,False,0x0
1783144834.891,1089,1089,230214,4,1,-20,-43,22,1036,-1,-5,-4,101325,2500,7308,504,0xf,False,0x0
1783144835.091,1090,1090,230414,4,1,-17,52,26,1032,1,-1,4,101325,2500,7308,503,0xf,False,0x0
1783144835.303,1091,1091,230625,4,1,-1,33,32,977,-3,-3,4,101325,2500,7308,500,0xf,False,0x0
1783144835.503,1092,1092,230826,4,1,-16,-49,-28,1099,3,2,2,101325,2500,7308,520,0xf,False,0x0
1783144835.718,1093,1093,231040,4,1,0,4,34,1055,-1,-4,-2,101325,2500,7308,504,0xf,False,0x0
1783144835.918,1094,1094,231240,4,1,-14,-50,-1,1072,-5,-1,4,101325,2500,7308,494,0xf,False,0x0
1783144836.132,1095,1095,231455,4,1,2,34,-39,903,5,4,-4,101325,2500,7308,509,0xf,False,0x0
1783144836.333,1096,1096,231656,4,1,16,22,-34,1110,5,-1,3,101325,2500,7308,480,0xf,False,0x0
1783144836.534,1097,1097,231857,4,1,-13,27,-14,1036,-2,-2,2,101325,2500,7308,506,0xf,False,0x0
1783144836.735,1098,1098,232057,4,1,10,-17,16,923,-4,-1,-5,101325,2500,7308,514,0xf,False,0x0
1783144836.935,1099,1099,232258,4,1,9,-23,-42,960,-4,-3,-3,101325,2500,7308,511,0xf,False,0x0
1783144837.186,1100,1100,232509,4,1,-13,28,21,1113,3,4,-1,101325,2500,7307,519,0xf,False,0x0
1783144837.387,1101,1101,232709,4,1,-9,-21,24,896,-4,-3,-4,101325,2500,7307,480,0xf,False,0x0
1783144837.589,1102,1102,232911,4,1,-1,-38,-30,1101,4,2,5,101325,2500,7307,520,0xf,False,0x0
1783144837.789,1103,1103,233112,4,1,0,0,-23,1052,5,3,-2,101325,2500,7307,503,0xf,False,0x0
1783144837.992,1104,1104,233314,4,1,8,4,43,882,4,5,1,101325,2500,7307,517,0xf,False,0x0
1783144838.193,1105,1105,233515,4,1,19,48,-50,1116,-2,5,5,101325,2500,7307,511,0xf,False,0x0
1783144838.608,1107,1107,233931,4,1,4,-18,18,1018,2,3,5,101325,2500,7307,518,0xf,False,0x0
1783144838.808,1108,1108,234131,4,1,-8,-48,-5,1004,-2,4,4,101325,2500,7307,504,0xf,False,0x0
1783144839.050,1109,1109,234373,4,1,14,59,45,977,-1,4,3,101325,2500,7307,490,0xf,False,0x0
1783144839.251,1110,1110,234573,4,1,13,-19,28,998,-4,-1,4,101325,2500,7307,483,0xf,False,0x0
1783144839.465,1111,1111,234788,4,1,6,-8,-60,1006,-2,-4,1,101325,2500,7307,514,0xf,False,0x0
1783144839.666,1112,1112,234989,4,1,-15,48,-58,1098,4,1,0,101325,2500,7307,484,0xf,False,0x0
1783144839.867,1113,1113,235190,4,1,0,-22,-4,1042,-4,3,-1,101325,2500,7306,520,0xf,False,0x0
1783144840.068,1114,1114,235390,4,1,12,56,-15,950,-4,2,0,101325,2500,7306,510,0xf,False,0x0
1783144840.268,1115,1115,235591,4,1,-9,6,-41,1036,-3,2,-1,101325,2500,7306,517,0xf,False,0x0
1783144840.502,1116,1116,235825,4,1,5,6,58,905,0,-4,1,101325,2500,7306,512,0xf,False,0x0
1783144840.703,1117,1117,236026,4,1,13,42,-49,909,-3,1,2,101325,2500,7306,512,0xf,False,0x0
1783144840.915,1118,1118,236238,4,1,19,-10,-23,1012,-5,-5,2,101325,2500,7306,495,0xf,False,0x0
1783144841.116,1119,1119,236438,4,1,16,-39,50,1129,1,3,-4,101325,2500,7306,505,0xf,False,0x0
1783144841.324,1120,1120,236647,4,1,14,-30,5,901,-2,-3,-3,101325,2500,7306,490,0xf,False,0x0
1783144841.525,1121,1121,236847,4,1,0,-30,3,1011,2,1,1,101325,2500,7306,481,0xf,False,0x0
1783144841.730,1122,1122,237053,4,1,-3,25,-25,940,2,3,2,101325,2500,7306,488,0xf,False,0x0
1783144841.931,1123,1123,237253,4,1,-10,32,27,939,-1,0,-5,101325,2500,7306,507,0xf,False,0x0
1783144842.131,1124,1124,237453,4,1,-20,10,-3,913,2,-3,-4,101325,2500,7306,490,0xf,False,0x0
1783144842.392,1125,1125,237714,4,1,-13,-12,33,1022,3,4,3,101325,2500,7305,501,0xf,False,0x0
1783144842.592,1126,1126,237914,4,1,13,-50,41,996,-5,4,1,101325,2500,7305,495,0xf,False,0x0
1783144842.799,1127,1127,238122,4,1,3,11,-48,954,-3,1,3,101325,2500,7305,485,0xf,False,0x0
1783144843.000,1128,1128,238323,4,1,-13,-46,-3,1131,4,-1,0,101325,2500,7305,490,0xf,False,0x0
1783144843.214,1129,1129,238537,4,1,-20,-8,-39,913,-4,4,0,101325,2500,7305,506,0xf,False,0x0
1783144843.415,1130,1130,238738,4,1,4,-2,-38,1069,2,5,0,101325,2500,7305,499,0xf,False,0x0
1783144843.619,1131,1131,238942,4,1,-16,38,-20,913,-1,5,-5,101325,2500,7305,504,0xf,False,0x0
1783144843.820,1132,1132,239142,4,1,16,-34,-4,922,-5,0,3,101325,2500,7305,505,0xf,False,0x0
1783144844.021,1133,1133,239343,4,1,11,-2,-23,954,4,4,5,101325,2500,7305,498,0xf,False,0x0
1783144844.221,1134,1134,239544,4,1,-16,7,31,996,-5,5,-4,101325,2500,7305,493,0xf,False,0x0
1783144844.425,1135,1135,239747,4,1,14,42,49,880,-3,4,-3,101325,2500,7305,517,0xf,False,0x0
1783144844.630,1136,1136,239953,4,1,-18,44,-3,990,-3,-4,2,101325,2500,7305,511,0xf,False,0x0
1783144844.831,1137,1137,240154,4,1,5,3,22,911,-3,-1,-3,101325,2500,7304,517,0xf,False,0x0
1783144845.084,1138,1138,240407,4,1,-17,-32,-46,956,-1,3,2,101325,2500,7304,513,0xf,False,0x0
1783144845.285,1139,1139,240607,4,1,18,-56,-9,1122,-2,5,0,101325,2500,7304,504,0xf,False,0x0
1783144845.486,1140,1140,240808,4,1,-9,-8,52,1062,3,-3,-1,101325,2500,7304,500,0xf,False,0x0
1783144845.688,1141,1141,241010,4,1,6,46,-26,845,-1,0,5,101325,2500,7304,497,0xf,False,0x0
1783144845.904,1142,1142,241226,4,1,14,-13,53,1069,4,1,1,101325,2500,7304,497,0xf,False,0x0
1783144846.104,1143,1143,241427,4,1,-9,58,-6,989,5,3,3,101325,2500,7304,517,0xf,False,0x0
1783144846.310,1144,1144,241633,4,1,-15,-34,52,937,4,-5,-5,101325,2500,7304,490,0xf,False,0x0
1783144846.514,1145,1145,241836,4,1,12,-45,-30,1065,-2,4,1,101325,2500,7304,483,0xf,False,0x0
1783144846.714,1146,1146,242037,4,1,10,17,-58,1092,3,-5,4,101325,2500,7304,495,0xf,False,0x0
1783144846.949,1147,1147,242272,4,1,4,50,-18,1101,2,1,-3,101325,2500,7304,488,0xf,False,0x0
1783144847.150,1148,1148,242473,4,1,11,-27,17,893,-3,3,5,101325,2500,7304,517,0xf,False,0x0
1783144847.351,1149,1149,242674,4,1,20,15,-8,1130,-4,1,-1,101325,2500,7303,486,0xf,False,0x0
1783144847.552,1150,1150,242875,4,1,1,-36,-30,1105,-5,-5,2,101325,2500,7303,486,0xf,False,0x0
1783144847.753,1151,1151,243076,4,1,5,55,28,852,-3,-2,-3,101325,2500,7303,488,0xf,False,0x0
1783144847.954,1152,1152,243277,4,1,20,-5,-8,1011,1,1,0,101325,2500,7303,491,0xf,False,0x0
1783144848.162,1153,1153,243485,4,1,-5,50,58,1027,-5,-5,1,101325,2500,7303,496,0xf,False,0x0
1783144848.363,1154,1154,243685,4,1,5,-39,-39,867,-4,5,4,101325,2500,7303,494,0xf,False,0x0
1783144848.575,1155,1155,243898,4,1,13,34,-56,931,-3,5,1,101325,2500,7303,501,0xf,False,0x0
1783144848.776,1156,1156,244099,4,1,-17,-23,-24,1103,4,2,-1,101325,2500,7303,508,0xf,False,0x0
1783144848.993,1157,1157,244315,4,1,3,-8,-24,1054,2,4,1,101325,2500,7303,502,0xf,False,0x0
1783144849.193,1158,1158,244516,4,1,3,-39,-30,1050,-5,-3,-3,101325,2500,7303,508,0xf,False,0x0
1783144849.406,1159,1159,244729,4,1,-16,-47,-12,1067,-5,4,3,101325,2500,7303,499,0xf,False,0x0
1783144849.607,1160,1160,244929,4,1,-17,-58,49,999,1,-5,-1,101325,2500,7303,500,0xf,False,0x0
1783144849.807,1161,1161,245130,4,1,13,-5,-51,1009,-2,-1,3,101325,2500,7302,518,0xf,False,0x0
1783144850.007,1162,1162,245330,4,1,6,27,60,949,-1,-2,-2,101325,2500,7302,518,0xf,False,0x0
1783144850.223,1163,1163,245546,4,1,3,20,21,885,-4,-5,0,101325,2500,7302,481,0xf,False,0x0
1783144850.425,1164,1164,245747,4,1,-3,26,18,913,-2,1,1,101325,2500,7302,498,0xf,False,0x0
1783144851.043,1167,1167,246365,4,1,14,-40,-10,881,2,-5,3,101325,2500,7302,504,0xf,False,0x0
1783144851.243,1168,1168,246565,4,1,16,-31,15,874,-5,4,-2,101325,2500,7302,496,0xf,False,0x0
1783144851.444,1169,1169,246766,4,1,-7,41,-54,928,2,1,-5,101325,2500,7302,516,0xf,False,0x0
1783144851.644,1170,1170,246967,4,1,15,-24,58,980,5,5,0,101325,2500,7302,505,0xf,False,0x0
1783144851.847,1171,1171,247170,4,1,16,-42,-53,1045,1,4,-5,101325,2500,7302,498,0xf,False,0x0
1783144852.048,1172,1172,247370,4,1,15,57,22,867,4,-3,-1,101325,2500,7302,500,0xf,False,0x0
1783144852.248,1173,1173,247571,4,1,6,54,47,1038,5,-4,-4,101325,2500,7301,483,0xf,False,0x0
1783144852.512,1174,1174,247835,4,1,-5,30,-57,1052,-1,2,3,101325,2500,7301,488,0xf,False,0x0
1783144852.713,1175,1175,248035,4,1,6,-38,5,1086,1,1,5,101325,2500,7301,481,0xf,False,0x0
1783144852.917,1176,1176,248240,4,1,13,-1,-23,985,-3,4,-3,101325,2500,7301,518,0xf,False,0x0
1783144853.117,1177,1177,248440,4,1,6,-15,-13,951,3,-2,0,101325,2500,7301,502,0xf,False,0x0
1783144853.758,1180,1180,249081,4,1,-14,-2,24,1004,-3,1,0,101325,2500,7301,517,0xf,False,0x0
1783144853.962,1181,1181,249285,4,1,14,-44,-37,912,3,1,-1,101325,2500,7301,495,0xf,False,0x0
1783144854.163,1182,1182,249485,4,1,-16,-60,-6,901,4,2,-5,101325,2500,7301,504,0xf,False,0x0
1783144854.375,1183,1183,249698,4,1,-13,-27,-30,1144,5,-1,-5,101325,2500,7301,487,0xf,False,0x0
1783144854.576,1184,1184,249898,4,1,-10,32,39,973,5,-4,1,101325,2500,7301,493,0xf,False,0x0
1783144854.796,1185,1185,250118,4,1,-4,17,-26,1006,2,1,4,101325,2500,7300,519,0xf,False,0x0
1783144854.996,1186,1186,250319,4,1,-2,-6,-5,1021,-1,2,-3,101325,2500,7300,481,0xf,False,0x0
1783144855.211,1187,1187,250534,4,1,-13,47,48,928,-4,0,3,101325,2500,7300,519,0xf,False,0x0
1783144855.412,1188,1188,250734,4,1,-5,46,15,1049,-2,-1,-4,101325,2500,7300,520,0xf,False,0x0
1783144855.734,1189,1189,251056,4,1,11,-38,-38,925,-3,-3,5,101325,2500,7300,480,0xf,False,0x0
1783144855.934,1190,1190,251256,4,1,-2,-51,3,933,-5,-2,5,101325,2500,7300,507,0xf,False,0x0
1783144856.145,1191,1191,251467,4,1,-15,-52,-47,1069,1,-2,-3,101325,2500,7300,500,0xf,False,0x0
1783144856.345,1192,1192,251668,4,1,4,27,-39,899,-5,-2,-1,101325,2500,7300,491,0xf,False,0x0
1783144856.546,1193,1193,251868,4,1,9,22,52,1067,-3,-2,2,101325,2500,7300,506,0xf,False,0x0
1783144856.795,1194,1194,252118,4,1,-4,-59,-47,965,-1,-4,1,101325,2500,7300,501,0xf,False,0x0
1783144856.995,1195,1195,252318,4,1,-6,-7,-4,1050,2,4,-4,101325,2500,7300,500,0xf,False,0x0
1783144857.197,1196,1196,252519,4,1,-4,23,46,1136,-2,-3,-1,101325,2500,7299,488,0xf,False,0x0
1783144857.398,1197,1197,252720,4,1,6,-40,36,920,4,-3,4,101325,2500,7299,492,0xf,False,0x0
1783144857.604,1198,1198,252927,4,1,4,6,13,1017,-1,4,-2,101325,2500,7299,498,0xf,False,0x0
1783144857.805,1199,1199,253127,4,1,-5,42,26,991,-5,-1,3,101325,2500,7299,489,0xf,False,0x0
1783144858.019,1200,1200,253342,4,1,6,55,54,963,-3,-3,0,101325,2500,7299,514,0xf,False,0x0
1783144858.220,1201,1201,253542,4,1,3,16,-5,996,-5,-3,-1,101325,2500,7299,508,0xf,False,0x0
1783144858.421,1202,1202,253743,4,1,-5,-14,-15,906,-2,-4,2,101325,2500,7299,519,0xf,False,0x0
1783144858.621,1203,1203,253944,4,1,15,-26,39,1097,-2,3,5,101325,2500,7299,481,0xf,False,0x0
1783144858.825,1204,1204,254148,4,1,-11,-41,-15,1138,0,-1,-2,101325,2500,7299,481,0xf,False,0x0
1783144859.026,1205,1205,254348,4,1,17,-33,56,854,0,-3,-4,101325,2500,7299,495,0xf,False,0x0
1783144859.247,1206,1206,254569,4,1,-15,56,0,932,-2,-5,3,101325,2500,7299,485,0xf,False,0x0
1783144859.466,1207,1207,254789,4,1,2,-51,-45,1038,0,2,-5,101325,2500,7299,516,0xf,False,0x0
1783144859.667,1208,1208,254990,4,1,5,9,7,1013,4,-1,0,101325,2500,7299,503,0xf,False,0x0
1783144859.867,1209,1209,255190,4,1,3,13,7,985,3,-2,1,101325,2500,7298,511,0xf,False,0x0
1783144860.075,1210,1210,255398,4,1,16,-28,-38,968,4,2,-4,101325,2500,7298,483,0xf,False,0x0
1783144860.276,1211,1211,255598,4,1,-20,34,-48,881,-3,0,1,101325,2500,7298,502,0xf,False,0x0
1783144860.477,1212,1212,255800,4,1,6,1,51,923,3,-4,5,101325,2500,7298,503,0xf,False,0x0
1783144860.677,1213,1213,256000,4,1,2,35,-60,931,2,4,4,101325,2500,7298,491,0xf,False,0x0
1783144860.887,1214,1214,256209,4,1,-2,32,-50,1090,-1,4,-1,101325,2500,7298,488,0xf,False,0x0
1783144861.087,1215,1215,256410,4,1,-9,38,-19,1052,1,1,1,101325,2500,7298,513,0xf,False,0x0
1783144861.288,1216,1216,256611,4,1,-12,-52,-5,987,3,2,3,101325,2500,7298,514,0xf,False,0x0
1783144861.490,1217,1217,256812,4,1,17,-28,-11,1056,0,0,0,101325,2500,7298,484,0xf,False,0x0
1783144861.691,1218,1218,257014,4,1,16,22,52,1094,4,5,-2,101325,2500,7298,485,0xf,False,0x0
1783144861.969,1219,1219,257291,4,1,14,27,-48,929,1,4,4,101325,2500,7298,496,0xf,False,0x0
1783144862.169,1220,1220,257492,4,1,6,-16,40,1134,4,3,4,101325,2500,7298,505,0xf,False,0x0
1783144862.374,1221,1221,257697,4,1,-12,45,4,925,2,1,4,101325,2500,7297,515,0xf,False,0x0
1783144862.575,1222,1222,257897,4,1,-6,56,-37,1028,2,-4,-4,101325,2500,7297,483,0xf,False,0x0
1783144862.775,1223,1223,258098,4,1,10,15,-40,1017,0,5,-2,101325,2500,7297,497,0xf,False,0x0
1783144862.976,1224,1224,258298,4,1,-5,-22,49,1085,1,-3,-4,101325,2500,7297,480,0xf,False,0x0
1783144863.204,1225,1225,258527,4,1,-12,13,45,968,-2,0,-1,101325,2500,7297,487,0xf,False,0x0
1783144863.405,1226,1226,258727,4,1,-17,-60,31,947,1,-3,5,101325,2500,7297,513,0xf,False,0x0
1783144863.639,1227,1227,258961,4,1,-5,46,-1,1064,-1,5,-5,101325,2500,7297,480,0xf,False,0x0
1783144863.839,1228,1228,259162,4,1,-7,8,-43,993,4,3,5,101325,2500,7297,480,0xf,False,0x0
1783144864.042,1229,1229,259365,4,1,3,16,-8,1056,5,-2,-4,101325,2500,7297,490,0xf,False,0x0
1783144864.243,1230,1230,259566,4,1,-2,24,-21,900,-4,0,0,101325,2500,7297,495,0xf,False,0x0
1783144864.473,1231,1231,259795,4,1,-13,-32,-51,1059,-1,4,0,101325,2500,7297,503,0xf,False,0x0
1783144864.881,1233,1233,260204,4,1,-6,0,15,1030,2,-2,4,101325,2500,7296,519,0xf,False,0x0
1783144865.082,1234,1234,260404,4,1,14,-42,51,1089,2,-4,-2,101325,2500,7296,498,0xf,False,0x0
1783144865.284,1235,1235,260607,4,1,5,51,56,932,4,5,-3,101325,2500,7296,492,0xf,False,0x0
1783144865.485,1236,1236,260807,4,1,-5,45,-33,1108,3,1,1,101325,2500,7296,507,0xf,False,0x0
1783144865.699,1237,1237,261021,4,1,19,-6,38,962,-3,-3,0,101325,2500,7296,489,0xf,False,0x0
1783144865.900,1238,1238,261222,4,1,8,42,-39,1078,5,-1,-5,101325,2500,7296,508,0xf,False,0x0
1783144866.114,1239,1239,261436,4,1,-4,-47,-47,1102,5,2,-5,101325,2500,7296,501,0xf,False,0x0
1783144866.314,1240,1240,261637,4,1,-17,-36,-48,1050,-2,5,0,101325,2500,7296,482,0xf,False,0x0
1783144866.515,1241,1241,261838,4,1,-6,3,-11,1074,-4,0,2,101325,2500,7296,492,0xf,False,0x0
1783144866.751,1242,1242,262074,4,1,-7,-51,13,1038,-5,-2,5,101325,2500,7296,511,0xf,False,0x0
1783144866.952,1243,1243,262274,4,1,-19,49,58,947,-2,-5,0,101325,2500,7296,510,0xf,False,0x0
1783144867.156,1244,1244,262478,4,1,19,38,-43,929,-5,-1,-4,101325,2500,7296,500,0xf,False,0x0
1783144867.356,1245,1245,262679,4,1,14,26,10,1136,-1,4,-4,101325,2500,7295,498,0xf,False,0x0
1783144867.572,1246,1246,262894,4,1,-19,36,-16,1023,0,5,0,101325,2500,7295,485,0xf,False,0x0
1783144867.772,1247,1247,263095,4,1,-7,-44,-48,1132,-2,0,-2,101325,2500,7295,492,0xf,False,0x0
1783144867.978,1248,1248,263301,4,1,-18,-12,33,882,0,-1,-3,101325,2500,7295,508,0xf,False,0x0
1783144868.179,1249,1249,263502,4,1,-3,-18,34,1011,-3,-4,-3,101325,2500,7295,512,0xf,False,0x0
1783144868.385,1250,1250,263707,4,1,2,5,26,1083,2,-2,-3,101325,2500,7295,498,0xf,False,0x0
1783144868.586,1251,1251,263909,4,1,-3,9,0,961,-3,-2,1,101325,2500,7295,487,0xf,False,0x0
1783144868.795,1252,1252,264117,4,1,1,-27,16,1046,0,-2,3,101325,2500,7295,519,0xf,False,0x0
1783144868.996,1253,1253,264318,4,1,-11,32,23,928,4,-3,0,101325,2500,7295,505,0xf,False,0x0
1783144869.199,1254,1254,264522,4,1,-2,-58,53,1005,5,-3,-5,101325,2500,7295,506,0xf,False,0x0
1783144869.400,1255,1255,264723,4,1,17,-29,-13,942,-4,5,2,101325,2500,7295,492,0xf,False,0x0
1783144869.614,1256,1256,264937,4,1,8,58,5,1001,3,1,-5,101325,2500,7295,495,0xf,False,0x0
1783144869.817,1257,1257,265139,4,1,13,-23,44,1144,-5,5,-2,101325,2500,7294,493,0xf,False,0x0
1783144870.023,1258,1258,265346,4,1,12,31,-32,1119,0,-1,-1,101325,2500,7294,510,0xf,False,0x0
1783144870.224,1259,1259,265546,4,1,-15,44,19,996,2,2,-2,101325,2500,7294,500,0xf,False,0x0
1783144870.424,1260,1260,265747,4,1,13,40,42,1136,-5,-4,3,101325,2500,7294,499,0xf,False,0x0
1783144870.684,1261,1261,266007,4,1,6,34,-2,986,-1,3,0,101325,2500,7294,497,0xf,False,0x0
1783144870.886,1262,1262,266208,4,1,13,57,3,1028,-3,2,-4,101325,2500,7294,493,0xf,False,0x0
1783144871.087,1263,1263,266409,4,1,2,-53,58,1039,3,4,0,101325,2500,7294,498,0xf,False,0x0
1783144871.287,1264,1264,266610,4,1,-8,-58,-7,984,5,1,3,101325,2500,7294,495,0xf,False,0x0
1783144871.578,1265,1265,266901,4,1,0,48,4,967,2,-3,4,101325,2500,7294,483,0xf,False,0x0
1783144871.793,1266,1266,267115,4,1,-8,53,-43,972,-2,0,-1,101325,2500,7294,496,0xf,False,0x0
1783144871.993,1267,1267,267316,4,1,-2,-20,-32,897,5,3,1,101325,2500,7294,507,0xf,False,0x0
1783144872.195,1268,1268,267517,4,1,0,43,46,1065,3,-1,-4,101325,2500,7293,507,0xf,False,0x0
1783144872.395,1269,1269,267718,4,1,3,-21,-17,939,0,-3,-2,101325,2500,7293,501,0xf,False,0x0
1783144872.603,1270,1270,267926,4,1,-2,32,-21,1046,-3,-4,-5,101325,2500,7293,503,0xf,False,0x0
1783144872.804,1271,1271,268126,4,1,-16,-26,-50,942,0,4,1,101325,2500,7293,496,0xf,False,0x0
1783144873.005,1272,1272,268328,4,1,8,-7,25,1140,2,-4,2,101325,2500,7293,517,0xf,False,0x0
1783144873.207,1273,1273,268529,4,1,7,26,20,905,1,1,-4,101325,2500,7293,506,0xf,False,0x0
1783144873.409,1274,1274,268731,4,1,14,-29,52,921,-5,0,-2,101325,2500,7293,519,0xf,False,0x0
1783144873.609,1275,1275,268932,4,1,-9,1,-37,943,-4,5,-5,101325,2500,7293,518,0xf,False,0x0
1783144873.848,1276,1276,269170,4,1,3,-53,-36,970,-5,-3,5,101325,2500,7293,517,0xf,False,0x0
1783144874.049,1277,1277,269371,4,1,-17,-48,-34,848,-4,2,2,101325,2500,7293,483,0xf,False,0x0
1783144874.258,1278,1278,269580,4,1,1,51,24,1109,3,1,-2,101325,2500,7293,500,0xf,False,0x0
1783144874.459,1279,1279,269781,4,1,9,-43,-48,968,-1,-2,2,101325,2500,7293,489,0xf,False,0x0
1783144874.668,1280,1280,269990,4,1,-7,12,13,1001,-4,3,0,101325,2500,7293,507,0xf,False,0x0
1783144874.868,1281,1281,270191,4,1,-14,-29,-6,1086,4,-1,4,101325,2500,7292,492,0xf,False,0x0
1783144875.070,1282,1282,270392,4,1,-20,7,20,987,-4,-3,5,101325,2500,7292,496,0xf,False,0x0
1783144875.271,1283,1283,270594,4,1,13,-57,-24,972,5,-5,-5,101325,2500,7292,497,0xf,False,0x0
1783144875.472,1284,1284,270794,4,1,16,-3,3,1114,5,3,3,101325,2500,7292,488,0xf,False,0x0
1783144875.716,1285,1285,271038,4,1,-6,-39,39,1034,-4,-2,2,101325,2500,7292,515,0xf,False,0x0
1783144875.916,1286,1286,271239,4,1,-11,-1,-4,960,1,5,1,101325,2500,7292,509,0xf,False,0x0
1783144876.343,1288,1288,271666,4,1,-16,13,19,1063,4,1,3,101325,2500,7292,515,0xf,False,0x0
1783144876.603,1289,1289,271926,4,1,0,-39,-57,1167,-4,-2,-4,101325,2500,7292,500,0xf,False,0x0
1783144876.806,1290,1290,272129,4,1,-20,1,-22,997,0,2,-3,101325,2500,7292,512,0xf,False,0x0
1783144877.007,1291,1291,272330,4,1,-17,-38,47,1033,-1,0,1,101325,2500,7292,496,0xf,False,0x0
1783144877.208,1292,1292,272530,4,1,15,-55,-51,878,2,-3,2,101325,2500,7291,486,0xf,False,0x0
1783144877.410,1293,1293,272732,4,1,20,-12,53,1018,-2,-2,1,101325,2500,7291,513,0xf,False,0x0
1783144877.610,1294,1294,272933,4,1,8,-53,58,1153,-1,1,4,101325,2500,7291,500,0xf,False,0x0
1783144877.822,1295,1295,273144,4,1,13,13,50,1063,2,-5,5,101325,2500,7291,508,0xf,False,0x0
1783144878.023,1296,1296,273346,4,1,-18,-29,-4,978,-5,4,-5,101325,2500,7291,505,0xf,False,0x0
1783144878.238,1297,1297,273561,4,1,16,-33,36,1066,-4,-1,2,101325,2500,7291,501,0xf,False,0x0
1783144878.439,1298,1298,273761,4,1,3,-45,12,852,2,5,-1,101325,2500,7291,515,0xf,False,0x0
1783144878.639,1299,1299,273962,4,1,-8,27,-13,936,-1,-1,5,101325,2500,7291,512,0xf,False,0x0
1783144878.914,1300,1300,274237,4,1,3,28,53,1105,-4,-2,2,101325,2500,7291,509,0xf,False,0x0
1783144879.115,1301,1301,274437,4,1,4,16,-30,1040,-3,3,5,101325,2500,7291,500,0xf,False,0x0
1783144879.315,1302,1302,274638,4,1,-13,-21,-53,1023,2,0,-3,101325,2500,7291,494,0xf,False,0x0
1783144879.516,1303,1303,274838,4,1,4,-15,43,871,-3,-4,4,101325,2500,7291,504,0xf,False,0x0
1783144879.721,1304,1304,275043,4,1,-8,37,-33,957,-3,4,1,101325,2500,7290,500,0xf,False,0x0
1783144879.922,1305,1305,275244,4,1,9,-50,8,928,-3,-3,-3,101325,2500,7290,507,0xf,False,0x0
1783144880.123,1306,1306,275446,4,1,-17,33,-12,1086,-3,4,3,101325,2500,7290,510,0xf,False,0x0
1783144880.324,1307,1307,275646,4,1,11,23,42,1014,-2,-1,-4,101325,2500,7290,491,0xf,False,0x0
1783144880.525,1308,1308,275848,4,1,12,-48,19,1116,-4,1,5,101325,2500,7290,485,0xf,False,0x0
1783144880.726,1309,1309,276048,4,1,-4,-27,43,980,4,-3,1,101325,2500,7290,513,0xf,False,0x0
1783144880.927,1310,1310,276250,4,1,13,-48,36,968,5,0,3,101325,2500,7290,497,0xf,False,0x0
1783144881.128,1311,1311,276450,4,1,-5,56,-12,1106,5,-3,1,101325,2500,7290,515,0xf,False,0x0
1783144881.336,1312,1312,276658,4,1,-9,-14,-48,953,3,2,-4,101325,2500,7290,485,0xf,False,0x0
1783144881.537,1313,1313,276860,4,1,7,-55,49,1015,-5,2,-5,101325,2500,7290,513,0xf,False,0x0
1783144881.744,1314,1314,277067,4,1,-8,13,-15,986,2,4,3,101325,2500,7290,503,0xf,False,0x0
1783144881.945,1315,1315,277267,4,1,-2,1,58,951,-3,0,2,101325,2500,7290,496,0xf,False,0x0
1783144882.147,1316,1316,277470,4,1,4,-7,-4,967,5,-2,-1,101325,2500,7290,483,0xf,False,0x0
1783144882.348,1317,1317,277670,4,1,13,-40,16,1037,-4,1,-2,101325,2500,7289,499,0xf,False,0x0
1783144882.586,1318,1318,277908,4,1,17,59,43,991,3,-5,-3,101325,2500,7289,499,0xf,False,0x0
1783144882.786,1319,1319,278109,4,1,-13,37,39,1044,1,2,-2,101325,2500,7289,483,0xf,False,0x0
1783144882.989,1320,1320,278312,4,1,2,-20,46,860,0,1,4,101325,2500,7289,497,0xf,False,0x0
1783144883.190,1321,1321,278512,4,1,-4,19,49,1027,-5,0,3,101325,2500,7289,480,0xf,False,0x0
1783144883.390,1322,1322,278712,4,1,-12,-29,37,925,-5,5,0,101325,2500,7289,498,0xf,False,0x0
1783144883.830,1324,1324,279153,4,1,-14,-35,-15,1125,3,-3,4,101325,2500,7289,491,0xf,False,0x0
1783144884.032,1325,1325,279354,4,1,-12,27,35,1030,-2,5,2,101325,2500,7289,509,0xf,False,0x0
1783144884.232,1326,1326,279555,4,1,3,44,24,944,-2,-5,-5,101325,2500,7289,500,0xf,False,0x0
1783144884.433,1327,1327,279756,4,1,-17,34,-4,1079,-5,-3,3,101325,2500,7289,482,0xf,False,0x0
1783144884.634,1328,1328,279956,4,1,-9,-11,52,1043,1,4,-2,101325,2500,7289,480,0xf,False,0x0
1783144884.837,1329,1329,280160,4,1,-16,-42,-10,1103,3,-5,-2,101325,2500,7288,480,0xf,False,0x0
1783144885.037,1330,1330,280360,4,1,17,-40,30,1060,-3,5,4,101325,2500,7288,493,0xf,False,0x0
1783144885.240,1331,1331,280562,4,1,-2,13,-11,981,2,-1,2,101325,2500,7288,491,0xf,False,0x0
1783144885.440,1332,1332,280763,4,1,17,-11,57,1099,-4,-2,5,101325,2500,7288,508,0xf,False,0x0
1783144885.650,1333,1333,280972,4,1,5,-30,-25,1009,-3,1,-1,101325,2500,7288,509,0xf,False,0x0
1783144885.850,1334,1334,281173,4,1,-15,57,2,1044,-2,-3,3,101325,2500,7288,515,0xf,False,0x0
1783144886.051,1335,1335,281374,4,1,-19,43,40,990,0,1,4,101325,2500,7288,503,0xf,False,0x0
1783144886.252,1336,1336,281574,4,1,2,-52,-8,1018,4,-3,0,101325,2500,7288,496,0xf,False,0x0
1783144886.453,1337,1337,281776,4,1,-14,-20,-30,1025,1,-3,-2,101325,2500,7288,496,0xf,False,0x0
1783144886.654,1338,1338,281976,4,1,12,7,36,923,-4,-3,-1,101325,2500,7288,515,0xf,False,0x0
1783144886.862,1339,1339,282185,4,1,-15,45,16,1022,-4,-3,5,101325,2500,7288,513,0xf,False,0x0
1783144887.063,1340,1340,282385,4,1,17,-22,10,1107,2,-4,-1,101325,2500,7288,515,0xf,False,0x0
1783144887.275,1341,1341,282598,4,1,19,-11,-17,1067,-4,3,3,101325,2500,7287,519,0xf,False,0x0
1783144887.682,1343,1343,283005,4,1,1,-1,8,1081,-5,-5,2,101325,2500,7287,505,0xf,False,0x0
1783144887.883,1344,1344,283205,4,1,13,-41,21,1068,4,-2,-3,101325,2500,7287,520,0xf,False,0x0
1783144888.083,1345,1345,283406,4,1,-16,10,16,1071,-5,1,-3,101325,2500,7287,520,0xf,False,0x0
1783144888.325,1346,1346,283647,4,1,8,26,34,914,-4,1,-1,101325,2500,7287,483,0xf,False,0x0
1783144888.525,1347,1347,283848,4,1,-16,26,44,1064,-1,5,-4,101325,2500,7287,516,0xf,False,0x0
1783144888.808,1348,1348,284130,4,1,-18,-40,-54,983,3,5,-4,101325,2500,7287,518,0xf,False,0x0
1783144889.008,1349,1349,284331,4,1,-8,-6,49,989,2,2,5,101325,2500,7287,491,0xf,False,0x0
1783144889.212,1350,1350,284535,4,1,-9,55,-45,875,4,-1,1,101325,2500,7287,486,0xf,False,0x0
1783144889.413,1351,1351,284735,4,1,4,-48,24,1066,1,3,3,101325,2500,7287,489,0xf,False,0x0
1783144889.614,1352,1352,284936,4,1,19,37,-18,950,3,-5,-2,101325,2500,7287,514,0xf,False,0x0
1783144889.814,1353,1353,285137,4,1,-20,9,-53,921,0,-1,3,101325,2500,7286,486,0xf,False,0x0
1783144890.028,1354,1354,285350,4,1,-7,-6,24,1083,-1,-1,-3,101325,2500,7286,492,0xf,False,0x0
1783144890.228,1355,1355,285550,4,1,19,35,-52,929,2,-4,5,101325,2500,7286,485,0xf,False,0x0
1783144890.454,1356,1356,285776,4,1,0,-19,-18,1010,-4,-4,5,101325,2500,7286,491,0xf,False,0x0
1783144890.656,1357,1357,285978,4,1,-15,-2,-57,1075,3,-2,-4,101325,2500,7286,516,0xf,False,0x0
1783144890.871,1358,1358,286193,4,1,-9,9,-56,958,3,-1,-1,101325,2500,7286,512,0xf,False,0x0
1783144891.071,1359,1359,286394,4,1,9,-6,18,968,2,0,-3,101325,2500,7286,495,0xf,False,0x0
1783144891.277,1360,1360,286599,4,1,15,20,30,1078,4,1,1,101325,2500,7286,505,0xf,False,0x0
1783144891.477,1361,1361,286800,4,1,-20,-2,-43,1011,-4,-4,0,101325,2500,7286,483,0xf,False,0x0
1783144891.682,1362,1362,287004,4,1,6,-4,-3,993,0,-5,-2,101325,2500,7286,486,0xf,False,0x0
1783144891.882,1363,1363,287205,4,1,2,-5,-5,953,5,-3,-5,101325,2500,7286,496,0xf,False,0x0
1783144892.082,1364,1364,287405,4,1,-11,-7,51,838,2,-1,0,101325,2500,7286,484,0xf,False,0x0
1783144892.346,1365,1365,287669,4,1,-16,34,-47,960,-5,4,-2,101325,2500,7285,482,0xf,False,0x0
1783144892.749,1367,1367,288071,4,1,-10,-56,-22,865,1,4,1,101325,2500,7285,501,0xf,False,0x0
1783144892.949,1368,1368,288272,4,1,18,-7,-2,961,1,3,2,101325,2500,7285,500,0xf,False,0x0
1783144893.150,1369,1369,288473,4,1,-19,-45,-60,959,3,3,3,101325,2500,7285,514,0xf,False,0x0
1783144893.351,1370,1370,288674,4,1,7,50,18,1136,4,-3,4,101325,2500,7285,511,0xf,False,0x0
1783144893.559,1371,1371,288882,4,1,-4,-21,38,1135,3,-2,-5,101325,2500,7285,516,0xf,False,0x0
1783144893.760,1372,1372,289083,4,1,20,41,-19,1050,-2,1,5,101325,2500,7285,492,0xf,False,0x0
1783144894.168,1374,1374,289491,4,1,-2,-24,-59,1036,-4,4,-4,101325,2500,7285,483,0xf,False,0x0
1783144894.371,1375,1375,289694,4,1,12,-39,-7,1069,1,0,3,101325,2500,7285,489,0xf,False,0x0
1783144894.571,1376,1376,289894,4,1,13,25,-49,967,-3,5,-3,101325,2500,7285,517,0xf,False,0x0
1783144894.778,1377,1377,290100,4,1,3,57,-41,1011,5,-4,-2,101325,2500,7284,517,0xf,False,0x0
1783144894.979,1378,1378,290301,4,1,-2,-22,-37,1081,3,-2,-5,101325,2500,7284,519,0xf,False,0x0
1783144895.197,1379,1379,290519,4,1,7,-55,17,973,-4,2,-3,101325,2500,7284,498,0xf,False,0x0
1783144895.397,1380,1380,290720,4,1,-8,41,-60,1056,5,1,3,101325,2500,7284,520,0xf,False,0x0
1783144895.614,1381,1381,290937,4,1,-19,-57,-9,981,2,5,-2,101325,2500,7284,503,0xf,False,0x0
1783144895.815,1382,1382,291137,4,1,-14,-53,25,964,-5,4,-5,101325,2500,7284,513,0xf,False,0x0
1783144896.219,1384,1384,291542,4,1,12,-47,39,969,0,-5,-3,101325,2500,7284,502,0xf,False,0x0
1783144896.420,1385,1385,291743,4,1,-7,4,-34,1051,-3,2,0,101325,2500,7284,506,0xf,False,0x0
1783144896.622,1386,1386,291945,4,1,10,25,37,1087,-2,1,3,101325,2500,7284,490,0xf,False,0x0
1783144896.823,1387,1387,292145,4,1,11,-42,-6,1111,-5,-1,-2,101325,2500,7284,496,0xf,False,0x0
1783144897.088,1388,1388,292411,4,1,20,28,40,1009,3,-2,-4,101325,2500,7284,506,0xf,False,0x0
1783144897.289,1389,1389,292611,4,1,2,37,-47,1109,-3,-3,-2,101325,2500,7283,488,0xf,False,0x0
1783144897.489,1390,1390,292812,4,1,-13,-18,-16,1042,-5,-2,3,101325,2500,7283,487,0xf,False,0x0
1783144897.898,1392,1392,293220,4,1,-8,17,-31,1012,3,-1,-3,101325,2500,7283,483,0xf,False,0x0
1783144898.098,1393,1393,293421,4,1,-4,-14,-41,979,0,-1,-5,101325,2500,7283,507,0xf,False,0x0
1783144898.311,1394,1394,293633,4,1,-6,-17,-48,1020,1,2,-2,101325,2500,7283,499,0xf,False,0x0
1783144898.511,1395,1395,293834,4,1,-14,-40,-46,1054,-5,2,3,101325,2500,7283,497,0xf,False,0x0
1783144898.716,1396,1396,294038,4,1,-15,1,-45,949,3,5,0,101325,2500,7283,484,0xf,False,0x0
1783144898.916,1397,1397,294239,4,1,-9,7,59,1070,0,0,-4,101325,2500,7283,493,0xf,False,0x0
1783144899.117,1398,1398,294439,4,1,1,-24,-54,954,-1,5,4,101325,2500,7283,509,0xf,False,0x0
1783144899.364,1399,1399,294687,4,1,-4,-52,-47,1145,5,-1,5,101325,2500,7283,485,0xf,False,0x0
1783144899.769,1401,1401,295092,4,1,-17,11,-57,948,2,1,-4,101325,2500,7282,501,0xf,False,0x0
1783144899.970,1402,1402,295292,4,1,8,5,26,953,3,4,0,101325,2500,7282,509,0xf,False,0x0
1783144900.173,1403,1403,295495,4,1,19,49,-6,1086,-5,2,0,101325,2500,7282,513,0xf,False,0x0
1783144900.398,1404,1404,295720,4,1,20,-8,43,1043,-1,-1,-3,101325,2500,7282,507,0xf,False,0x0
1783144900.598,1405,1405,295921,4,1,-17,53,41,1145,4,-5,-4,101325,2500,7282,502,0xf,False,0x0
1783144900.805,1406,1406,296128,4,1,1,-19,-28,961,2,3,-3,101325,2500,7282,486,0xf,False,0x0
1783144901.006,1407,1407,296329,4,1,-2,43,49,951,3,4,-1,101325,2500,7282,499,0xf,False,0x0
1783144901.256,1408,1408,296579,4,1,-19,6,51,1078,1,2,3,101325,2500,7282,494,0xf,False,0x0
1783144901.456,1409,1409,296779,4,1,-11,-30,7,916,-5,-4,0,101325,2500,7282,487,0xf,False,0x0
1783144901.658,1410,1410,296980,4,1,-14,53,52,1016,5,-5,5,101325,2500,7282,489,0xf,False,0x0
1783144901.858,1411,1411,297181,4,1,-19,-11,-42,915,-5,2,-1,101325,2500,7282,489,0xf,False,0x0
1783144902.059,1412,1412,297381,4,1,2,-25,59,907,5,-5,0,101325,2500,7282,503,0xf,False,0x0
1783144902.323,1413,1413,297646,4,1,-20,31,33,1018,-1,-5,-3,101325,2500,7281,512,0xf,False,0x0
1783144902.523,1414,1414,297846,4,1,-18,-22,4,837,5,4,-3,101325,2500,7281,510,0xf,False,0x0
1783144902.727,1415,1415,298050,4,1,-9,10,13,915,5,1,-5,101325,2500,7281,517,0xf,False,0x0
1783144902.928,1416,1416,298250,4,1,-8,-46,-53,1154,-5,-4,2,101325,2500,7281,485,0xf,False,0x0
1783144903.142,1417,1417,298465,4,1,12,9,-8,965,2,-1,-3,101325,2500,7281,484,0xf,False,0x0
1783144903.343,1418,1418,298666,4,1,20,45,25,1082,5,5,0,101325,2500,7281,505,0xf,False,0x0
1783144903.556,1419,1419,298879,4,1,13,26,22,929,-1,1,-2,101325,2500,7281,517,0xf,False,0x0
1783144903.958,1421,1421,299281,4,1,-20,11,48,1056,0,-3,1,101325,2500,7281,480,0xf,False,0x0
1783144904.159,1422,1422,299481,4,1,-15,43,-27,1003,-1,-4,5,101325,2500,7281,518,0xf,False,0x0
1783144904.374,1423,1423,299696,4,1,0,12,-48,1028,-2,-1,2,101325,2500,7281,511,0xf,False,0x0
1783144904.574,1424,1424,299897,4,1,12,25,50,1048,0,-4,-5,101325,2500,7281,512,0xf,False,0x0
1783144904.794,1425,1425,300117,4,1,-8,-27,51,1035,-5,-3,4,101325,2500,7280,511,0xf,False,0x0
1783144904.995,1426,1426,300317,4,1,-15,3,1,1093,0,-4,-3,101325,2500,7280,517,0xf,False,0x0
1783144905.228,1427,1427,300551,4,1,15,-19,57,1065,2,1,-5,101325,2500,7280,492,0xf,False,0x0
1783144905.429,1428,1428,300752,4,1,14,10,23,903,-3,5,3,101325,2500,7280,507,0xf,False,0x0
1783144905.632,1429,1429,300955,4,1,-11,-56,41,1071,-5,0,3,101325,2500,7280,508,0xf,False,0x0
1783144905.833,1430,1430,301155,4,1,0,8,2,1084,5,-1,5,101325,2500,7280,513,0xf,False,0x0
1783144906.034,1431,1431,301357,4,1,-14,15,-15,929,-2,-1,-2,101325,2500,7280,482,0xf,False,0x0
1783144906.235,1432,1432,301558,4,1,16,7,27,991,-4,-3,-5,101325,2500,7280,504,0xf,False,0x0
1783144906.437,1433,1433,301759,4,1,8,41,-1,857,2,2,1,101325,2500,7280,493,0xf,False,0x0
1783144906.638,1434,1434,301960,4,1,-1,-7,7,927,0,1,-4,101325,2500,7280,481,0xf,False,0x0
1783144906.856,1435,1435,302178,4,1,7,-53,-14,904,-1,2,2,101325,2500,7280,495,0xf,False,0x0
1783144907.056,1436,1436,302378,4,1,-15,-31,-23,1000,5,-2,1,101325,2500,7280,504,0xf,False,0x0
1783144907.273,1437,1437,302595,4,1,13,44,37,907,-4,4,5,101325,2500,7279,500,0xf,False,0x0
1783144907.473,1438,1438,302796,4,1,-1,6,-14,949,-3,1,4,101325,2500,7279,495,0xf,False,0x0
1783144907.688,1439,1439,303011,4,1,-13,-12,-39,1041,-4,0,-1,101325,2500,7279,495,0xf,False,0x0
1783144908.094,1441,1441,303416,4,1,8,43,45,1072,0,-1,-3,101325,2500,7279,493,0xf,False,0x0
1783144908.294,1442,1442,303617,4,1,17,30,-14,949,2,4,-4,101325,2500,7279,515,0xf,False,0x0
1783144908.503,1443,1443,303826,4,1,-5,-23,46,1092,-1,-5,0,101325,2500,7279,497,0xf,False,0x0
1783144908.705,1444,1444,304028,4,1,-15,-24,-53,902,-5,-5,-4,101325,2500,7279,520,0xf,False,0x0
1783144908.954,1445,1445,304277,4,1,-13,55,32,941,-4,-5,-1,101325,2500,7279,516,0xf,False,0x0
1783144909.218,1446,1446,304541,4,1,7,-25,30,959,-2,-3,-5,101325,2500,7279,498,0xf,False,0x0
1783144909.476,1447,1447,304799,4,1,-9,26,34,954,-3,2,3,101325,2500,7279,509,0xf,False,0x0
1783144910.118,1448,1448,305440,4,1,9,51,3,898,-1,-1,1,101325,2500,7278,499,0xf,False,0x0
1783144910.353,1449,1449,305676,4,1,17,-13,-2,1098,1,-5,3,101325,2500,7278,514,0xf,False,0x0
1783144910.738,1450,1450,306061,4,1,-1,-39,37,1087,1,2,-4,101325,2500,7278,480,0xf,False,0x0
1783144911.134,1451,1451,306456,4,1,-8,41,12,1086,5,-5,2,101325,2500,7278,492,0xf,False,0x0
1783144911.358,1452,1452,306681,4,1,-15,60,-12,885,1,4,-5,101325,2500,7278,489,0xf,False,0x0
1783144911.697,1453,1453,307020,4,1,19,19,12,1045,0,5,5,101325,2500,7278,500,0xf,False,0x0
1783144911.980,1454,1454,307303,4,1,-15,-60,-32,1042,-3,-3,-5,101325,2500,7278,519,0xf,False,0x0
1783144912.473,1455,1455,307795,4,1,-11,50,42,1102,2,-2,4,101325,2500,7277,517,0xf,False,0x0
1783144912.735,1456,1456,308058,4,1,17,-17,60,1038,3,2,-2,101325,2500,7277,493,0xf,False,0x0
1783144912.948,1457,1457,308270,4,1,10,-38,-46,881,-1,-3,2,101325,2500,7277,518,0xf,False,0x0
1783144913.252,1458,1458,308574,4,1,-8,-57,-3,923,-3,3,1,101325,2500,7277,515,0xf,False,0x0
1783144913.509,1459,1459,308832,4,1,8,-58,56,961,-1,5,1,101325,2500,7277,506,0xf,False,0x0
1783144913.741,1460,1460,309063,4,1,-2,-21,-49,1047,-2,2,-1,101325,2500,7277,491,0xf,False,0x0
1783144914.036,1461,1461,309359,4,1,18,2,45,972,-1,-5,-2,101325,2500,7277,484,0xf,False,0x0
1783144914.240,1462,1462,309562,4,1,11,47,31,1086,4,3,-2,101325,2500,7277,512,0xf,False,0x0
1783144914.453,1463,1463,309775,4,1,20,41,-8,957,2,-5,-4,101325,2500,7277,506,0xf,False,0x0
1783144915.248,1465,1465,310570,4,1,-16,5,-31,1034,3,5,-5,101325,2500,7276,500,0xf,False,0x0
1783144915.458,1466,1466,310780,4,1,7,-3,29,1078,4,4,-4,101325,2500,7276,516,0xf,False,0x0
1783144915.679,1467,1467,311002,4,1,4,-20,9,1008,3,-4,2,101325,2500,7276,488,0xf,False,0x0
1783144915.926,1468,1468,311248,4,1,-14,-28,-10,1121,-4,2,-3,101325,2500,7276,505,0xf,False,0x0
1783144916.384,1470,1470,311707,4,1,1,-51,-23,932,-4,3,-5,101325,2500,7276,497,0xf,False,0x0
1783144916.586,1471,1471,311908,4,1,-17,-3,-17,1007,-4,4,1,101325,2500,7276,511,0xf,False,0x0
1783144917.080,1472,1472,312402,4,1,-7,39,8,1110,-5,-2,2,101325,2500,7276,506,0xf,False,0x0
1783144917.288,1473,1473,312611,4,1,-14,-52,58,878,-3,-5,5,101325,2500,7275,520,0xf,False,0x0
1783144917.505,1474,1474,312827,4,1,20,0,41,1012,2,-5,1,101325,2500,7275,490,0xf,False,0x0
1783144917.705,1475,1475,313028,4,1,-19,-56,44,907,-3,1,2,101325,2500,7275,498,0xf,False,0x0
1783144918.381,1477,1477,313704,4,1,-20,-49,-32,1023,1,-5,-3,101325,2500,7275,494,0xf,False,0x0
1783144918.585,1478,1478,313908,4,1,-18,-6,33,1084,3,4,-5,101325,2500,7275,509,0xf,False,0x0
1783144918.910,1479,1479,314233,4,1,12,-7,46,1075,0,0,1,101325,2500,7275,503,0xf,False,0x0
1783144919.146,1480,1480,314469,4,1,16,-31,50,1079,-4,4,-2,101325,2500,7275,491,0xf,False,0x0
1783144919.349,1481,1481,314671,4,1,15,-9,-34,927,5,2,0,101325,2500,7275,491,0xf,False,0x0
1783144919.809,1482,1482,315131,4,1,17,29,34,938,4,-4,-2,101325,2500,7274,512,0xf,False,0x0
1783144920.028,1483,1483,315351,4,1,-1,-6,-9,1035,3,4,4,101325,2500,7274,519,0xf,False,0x0
1783144920.300,1484,1484,315623,4,1,10,-46,31,996,-3,-5,-1,101325,2500,7274,504,0xf,False,0x0
1783144920.597,1485,1485,315920,4,1,8,60,-57,1141,-3,2,-5,101325,2500,7274,518,0xf,False,0x0
1783144920.798,1486,1486,316120,4,1,12,15,45,974,4,4,5,101325,2500,7274,506,0xf,False,0x0
1783144921.221,1487,1487,316543,4,1,3,-27,52,1014,0,5,-4,101325,2500,7274,486,0xf,False,0x0
1783144921.436,1488,1488,316759,4,1,-7,-33,19,1059,1,-4,5,101325,2500,7274,499,0xf,False,0x0
1783144921.851,1490,1490,317174,4,1,7,26,37,1075,-2,2,4,101325,2500,7274,491,0xf,False,0x0
1783144922.070,1491,1491,317393,4,1,-1,26,6,929,-2,2,-2,101325,2500,7274,490,0xf,False,0x0
1783144922.271,1492,1492,317593,4,1,-15,-29,8,1056,-4,0,-2,101325,2500,7273,492,0xf,False,0x0
1783144922.478,1493,1493,317800,4,1,18,31,25,1031,-2,-3,-1,101325,2500,7273,505,0xf,False,0x0
1783144922.678,1494,1494,318000,4,1,10,-55,-49,888,1,-5,-3,101325,2500,7273,490,0xf,False,0x0
1783144922.879,1495,1495,318201,4,1,0,-8,50,969,4,-4,-5,101325,2500,7273,504,0xf,False,0x0
1783144923.079,1496,1496,318402,4,1,-20,11,43,947,-2,2,-3,101325,2500,7273,497,0xf,False,0x0
1783144923.281,1497,1497,318604,4,1,11,40,-58,877,-2,-3,-5,101325,2500,7273,510,0xf,False,0x0
1783144923.482,1498,1498,318804,4,1,7,-42,-20,944,-4,-4,3,101325,2500,7273,495,0xf,False,0x0
1783144923.696,1499,1499,319019,4,1,-13,-45,20,1065,-2,-1,0,101325,2500,7273,484,0xf,False,0x0
1783144923.897,1500,1500,319219,4,1,19,25,-11,1104,-2,-1,-3,101325,2500,7273,504,0xf,False,0x0
1783144924.104,1501,1501,319426,4,1,10,27,-27,904,4,2,2,101325,2500,7273,496,0xf,False,0x0
1783144924.304,1502,1502,319627,4,1,-14,-54,3,983,-5,1,-4,101325,2500,7273,488,0xf,False,0x0
1783144924.512,1503,1503,319834,4,1,5,30,9,1003,3,-4,-2,101325,2500,7273,517,0xf,False,0x0
1783144924.717,1504,1504,320039,4,1,-5,49,57,988,2,1,-3,101325,2500,7272,503,0xf,False,0x0
1783144925.118,1505,1505,320441,4,1,-6,-9,16,947,-3,-1,-5,101325,2500,7272,496,0xf,False,0x0
1783144925.345,1506,1506,320667,4,1,1,-39,-37,1002,5,0,-3,101325,2500,7272,495,0xf,False,0x0
1783144925.545,1507,1507,320868,4,1,-13,4,-52,967,2,5,2,101325,2500,7272,514,0xf,False,0x0
1783144925.754,1508,1508,321076,4,1,8,21,48,921,-5,3,0,101325,2500,7272,498,0xf,False,0x0
1783144925.971,1509,1509,321293,4,1,3,-58,-60,872,-4,-4,-3,101325,2500,7272,482,0xf,False,0x0
1783144926.360,1510,1510,321683,4,1,0,23,5,1072,4,3,0,101325,2500,7272,486,0xf,False,0x0
1783144926.687,1511,1511,322010,4,1,-3,40,-56,1019,1,4,4,101325,2500,7272,498,0xf,False,0x0
1783144926.888,1512,1512,322210,4,1,10,-48,-45,1011,0,4,-1,101325,2500,7272,502,0xf,False,0x0
1783144927.380,1513,1513,322703,4,1,19,-14,-58,950,-2,1,-1,101325,2500,7271,505,0xf,False,0x0
1783144927.600,1514,1514,322923,4,1,-19,54,-37,1069,-5,-2,3,101325,2500,7271,513,0xf,False,0x0
1783144927.811,1515,1515,323133,4,1,-15,56,2,962,0,4,2,101325,2500,7271,517,0xf,False,0x0
1783144928.072,1516,1516,323395,4,1,1,41,-14,1056,2,-3,5,101325,2500,7271,498,0xf,False,0x0
1783144928.340,1517,1517,323663,4,1,-1,52,16,878,-2,-2,-3,101325,2500,7271,515,0xf,False,0x0
1783144928.553,1518,1518,323875,4,1,-1,-36,-42,946,1,5,-5,101325,2500,7271,509,0xf,False,0x0
1783144929.001,1520,1520,324324,4,1,-4,-55,-43,861,2,0,0,101325,2500,7271,481,0xf,False,0x0
1783144929.318,1521,1521,324640,4,1,13,35,21,933,4,5,-2,101325,2500,7271,493,0xf,False,0x0
1783144929.537,1522,1522,324860,4,1,2,-54,-22,1078,3,1,-2,101325,2500,7271,493,0xf,False,0x0
1783144929.797,1523,1523,325120,4,1,-10,-30,29,1048,-4,-4,4,101325,2500,7270,508,0xf,False,0x0
1783144930.042,1524,1524,325365,4,1,20,-42,-47,1116,4,-1,-1,101325,2500,7270,501,0xf,False,0x0
1783144930.293,1525,1525,325615,4,1,-3,32,-41,1008,-1,-3,-1,101325,2500,7270,487,0xf,False,0x0
1783144931.225,1526,1526,326548,4,1,-3,-38,6,983,4,3,-5,101325,2500,7270,507,0xf,False,0x0
1783144931.438,1527,1527,326761,4,1,5,29,21,1069,-3,2,-4,101325,2500,7270,493,0xf,False,0x0
1783144931.766,1528,1528,327089,4,1,-13,29,33,1047,3,0,5,101325,2500,7270,505,0xf,False,0x0
1783144931.968,1529,1529,327290,4,1,-6,55,-18,1138,4,-1,0,101325,2500,7270,510,0xf,False,0x0
1783144932.170,1530,1530,327493,4,1,17,57,-33,915,-1,-4,-3,101325,2500,7270,482,0xf,False,0x0
1783144932.390,1531,1531,327713,4,1,18,3,44,990,1,1,3,101325,2500,7269,503,0xf,False,0x0
1783144932.619,1532,1532,327942,4,1,-5,-8,-56,1055,-4,5,3,101325,2500,7269,493,0xf,False,0x0
1783144932.869,1533,1533,328191,4,1,13,11,-17,972,-4,5,-4,101325,2500,7269,504,0xf,False,0x0
1783144933.121,1534,1534,328444,4,1,4,-30,-20,1072,1,-1,5,101325,2500,7269,494,0xf,False,0x0
1783144933.368,1535,1535,328691,4,1,18,8,21,1158,-2,-5,3,101325,2500,7269,496,0xf,False,0x0
1783144933.587,1536,1536,328909,4,1,9,25,17,1095,4,5,-3,101325,2500,7269,504,0xf,False,0x0
1783144933.790,1537,1537,329112,4,1,-4,4,-49,971,-1,-3,-3,101325,2500,7269,480,0xf,False,0x0
1783144934.220,1538,1538,329543,4,1,-2,29,33,1112,-5,0,-4,101325,2500,7269,503,0xf,False,0x0
1783144934.431,1539,1539,329754,4,1,14,-4,12,943,-5,5,-2,101325,2500,7269,506,0xf,False,0x0
1783144934.700,1540,1540,330023,4,1,-19,54,51,1053,-2,2,5,101325,2500,7268,505,0xf,False,0x0
1783144934.935,1541,1541,330258,4,1,-11,17,-35,955,1,0,0,101325,2500,7268,480,0xf,False,0x0
1783144935.153,1542,1542,330476,4,1,-9,50,29,984,-5,-4,-2,101325,2500,7268,493,0xf,False,0x0
1783144935.540,1543,1543,330863,4,1,12,60,16,965,5,5,3,101325,2500,7268,515,0xf,False,0x0
1783144935.775,1544,1544,331098,4,1,-5,-1,34,945,4,3,-5,101325,2500,7268,503,0xf,False,0x0
1783144936.020,1545,1545,331342,4,1,4,45,-7,1035,0,2,-5,101325,2500,7268,480,0xf,False,0x0
1783144936.517,1546,1546,331839,4,1,10,-18,23,1032,4,-4,-4,101325,2500,7268,520,0xf,False,0x0
1783144936.748,1547,1547,332071,4,1,-9,-53,-44,1073,5,1,-4,101325,2500,7268,480,0xf,False,0x0
1783144936.992,1548,1548,332315,4,1,-5,7,-19,929,0,-2,-4,101325,2500,7268,497,0xf,False,0x0
1783144937.194,1549,1549,332517,4,1,-2,48,-58,1071,-4,1,-3,101325,2500,7267,497,0xf,False,0x0
1783144937.459,1550,1550,332781,4,1,9,10,-7,983,-1,3,2,101325,2500,7267,518,0xf,False,0x0
1783144937.873,1551,1551,333195,4,1,3,-54,21,890,-2,2,4,101325,2500,7267,518,0xf,False,0x0
1783144938.076,1552,1552,333399,4,1,8,32,-25,960,-2,4,1,101325,2500,7267,507,0xf,False,0x0
1783144938.387,1553,1553,333710,4,1,11,49,-29,1021,1,3,-3,101325,2500,7267,509,0xf,False,0x0
1783144938.701,1554,1554,334024,4,1,8,40,-42,883,5,3,4,101325,2500,7267,519,0xf,False,0x0
1783144938.981,1555,1555,334304,4,1,-13,19,-3,911,3,5,4,101325,2500,7267,503,0xf,False,0x0
1783144940.020,1557,1557,335342,4,1,11,3,-7,879,3,3,-1,101325,2500,7266,487,0xf,False,0x0
1783144940.243,1558,1558,335565,4,1,0,27,-26,893,4,-5,2,101325,2500,7266,496,0xf,False,0x0
1783144940.601,1559,1559,335924,4,1,-9,23,28,906,-3,5,4,101325,2500,7266,495,0xf,False,0x0
1783144940.839,1560,1560,336161,4,1,20,-16,-25,979,2,3,-4,101325,2500,7266,500,0xf,False,0x0
1783144941.144,1561,1561,336467,4,1,-16,-15,-44,1129,-3,-3,-3,101325,2500,7266,509,0xf,False,0x0
1783144941.358,1562,1562,336681,4,1,18,48,-31,1030,-3,0,-2,101325,2500,7266,519,0xf,False,0x0
1783144941.576,1563,1563,336899,4,1,-13,50,-18,833,-5,-1,3,101325,2500,7266,499,0xf,False,0x0
1783144941.825,1564,1564,337148,4,1,2,5,1,889,-3,-5,2,101325,2500,7266,508,0xf,False,0x0
1783144942.108,1565,1565,337431,4,1,4,8,9,1105,-5,-2,3,101325,2500,7266,489,0xf,False,0x0
1783144942.329,1566,1566,337652,4,1,14,17,6,999,0,3,4,101325,2500,7265,490,0xf,False,0x0
1783144942.539,1567,1567,337861,4,1,10,16,-40,1075,-5,1,2,101325,2500,7265,481,0xf,False,0x0
1783144942.746,1568,1568,338069,4,1,-14,55,-59,948,1,5,-1,101325,2500,7265,499,0xf,False,0x0
1783144943.287,1569,1569,338610,4,1,18,4,-12,1071,5,1,3,101325,2500,7265,514,0xf,False,0x0
1783144943.504,1570,1570,338827,4,1,7,-58,-6,1092,1,2,-2,101325,2500,7265,488,0xf,False,0x0
1783144944.048,1572,1572,339371,4,1,10,-41,-3,955,3,3,-4,101325,2500,7265,512,0xf,False,0x0
1783144944.355,1573,1573,339677,4,1,16,-35,-31,1102,-1,-4,4,101325,2500,7265,488,0xf,False,0x0
1783144944.596,1574,1574,339919,4,1,1,16,10,1006,-4,2,3,101325,2500,7265,489,0xf,False,0x0
1783144945.510,1575,1575,340832,4,1,-8,39,17,922,1,2,1,101325,2500,7264,519,0xf,False,0x0
1783144945.763,1576,1576,341086,4,1,10,-60,18,1129,5,-5,-4,101325,2500,7264,513,0xf,False,0x0
1783144946.322,1578,1578,341645,4,1,-8,-1,-48,1160,-3,-2,3,101325,2500,7264,493,0xf,False,0x0
1783144946.544,1579,1579,341866,4,1,20,41,17,915,3,-1,4,101325,2500,7264,483,0xf,False,0x0
1783144946.745,1580,1580,342067,4,1,-19,-4,-35,1133,3,2,2,101325,2500,7264,503,0xf,False,0x0
1783144947.056,1581,1581,342378,4,1,2,-31,-42,1141,-4,-1,-2,101325,2500,7264,498,0xf,False,0x0
1783144947.968,1582,1582,343291,4,1,10,-40,39,1044,-2,-1,2,101325,2500,7263,483,0xf,False,0x0
1783144948.310,1583,1583,343633,4,1,9,-42,-38,1037,2,-3,-2,101325,2500,7263,486,0xf,False,0x0
1783144948.516,1584,1584,343838,4,1,0,-14,59,1140,-1,-1,0,101325,2500,7263,503,0xf,False,0x0
1783144949.052,1585,1585,344375,4,1,-17,-26,-43,1059,1,1,-5,101325,2500,7263,503,0xf,False,0x0
1783144949.258,1586,1586,344580,4,1,-6,-20,-31,993,-5,-4,2,101325,2500,7263,513,0xf,False,0x0
1783144949.568,1587,1587,344890,4,1,-8,-59,31,905,-4,-1,-1,101325,2500,7263,514,0xf,False,0x0
1783144949.801,1588,1588,345124,4,1,13,-7,-6,1045,-3,2,-3,101325,2500,7262,520,0xf,False,0x0
1783144950.032,1589,1589,345354,4,1,-1,21,15,1043,-5,-4,-3,101325,2500,7262,484,0xf,False,0x0
1783144950.254,1590,1590,345576,4,1,7,-8,-36,919,4,-5,0,101325,2500,7262,519,0xf,False,0x0
1783144950.455,1591,1591,345777,4,1,-15,-49,46,932,4,-2,-2,101325,2500,7262,512,0xf,False,0x0
1783144950.801,1592,1592,346123,4,1,2,-51,-7,900,1,-1,5,101325,2500,7262,505,0xf,False,0x0
1783144951.057,1593,1593,346379,4,1,-4,-30,40,1120,4,0,1,101325,2500,7262,494,0xf,False,0x0
1783144951.262,1594,1594,346584,4,1,1,-21,14,1074,1,2,-2,101325,2500,7262,491,0xf,False,0x0
1783144951.792,1596,1596,347114,4,1,4,-17,-54,1114,3,-5,0,101325,2500,7262,517,0xf,False,0x0
1783144951.992,1597,1597,347315,4,1,11,10,-6,1072,-2,-3,2,101325,2500,7262,488,0xf,False,0x0
1783144952.536,1598,1598,347859,4,1,2,35,-22,1039,-2,-4,3,101325,2500,7261,502,0xf,False,0x0
1783144952.745,1599,1599,348068,4,1,-20,-30,24,1004,-4,2,-4,101325,2500,7261,491,0xf,False,0x0
1783144952.946,1600,1600,348268,4,1,5,-21,-48,935,5,-5,-4,101325,2500,7261,515,0xf,False,0x0
1783144953.165,1601,1601,348488,4,1,-4,59,18,1110,2,-3,3,101325,2500,7261,508,0xf,False,0x0
1783144953.368,1602,1602,348690,4,1,18,-42,21,902,5,-3,-1,101325,2500,7261,502,0xf,False,0x0
1783144953.568,1603,1603,348891,4,1,1,-10,24,1024,-4,-4,-1,101325,2500,7261,481,0xf,False,0x0
1783144953.778,1604,1604,349100,4,1,2,-22,59,1117,3,-3,2,101325,2500,7261,516,0xf,False,0x0
1783144953.978,1605,1605,349301,4,1,0,13,-43,1064,3,-5,3,101325,2500,7261,490,0xf,False,0x0
1783144954.180,1606,1606,349503,4,1,-14,-50,-50,977,-5,2,1,101325,2500,7261,499,0xf,False,0x0
1783144954.381,1607,1607,349703,4,1,-14,32,-47,1032,5,-1,-3,101325,2500,7261,481,0xf,False,0x0
1783144954.581,1608,1608,349904,4,1,-4,27,-59,1020,2,-1,3,101325,2500,7261,519,0xf,False,0x0
1783144954.782,1609,1609,350105,4,1,-8,-45,-50,884,5,-4,-2,101325,2500,7260,516,0xf,False,0x0
1783144954.999,1610,1610,350321,4,1,-16,38,-34,989,5,0,5,101325,2500,7260,518,0xf,False,0x0
1783144955.217,1611,1611,350539,4,1,-5,-13,11,937,2,5,0,101325,2500,7260,502,0xf,False,0x0
1783144955.432,1612,1612,350754,4,1,4,12,-37,948,1,3,-4,101325,2500,7260,511,0xf,False,0x0
1783144955.632,1613,1613,350955,4,1,-9,23,-45,898,5,-2,3,101325,2500,7260,495,0xf,False,0x0
1783144955.876,1614,1614,351199,4,1,-19,-48,20,1073,5,0,2,101325,2500,7260,503,0xf,False,0x0
1783144956.077,1615,1615,351399,4,1,9,32,18,885,0,5,-1,101325,2500,7260,508,0xf,False,0x0
1783144956.314,1616,1616,351637,4,1,7,-45,-12,1020,2,2,-5,101325,2500,7260,503,0xf,False,0x0
1783144956.514,1617,1617,351837,4,1,-6,41,27,1070,0,-3,-3,101325,2500,7260,502,0xf,False,0x0
1783144956.715,1618,1618,352038,4,1,-20,27,53,1113,5,2,2,101325,2500,7260,491,0xf,False,0x0
1783144956.916,1619,1619,352238,4,1,19,28,2,967,4,-5,-3,101325,2500,7260,516,0xf,False,0x0
1783144957.125,1620,1620,352447,4,1,4,31,-46,1104,-1,5,-5,101325,2500,7260,488,0xf,False,0x0
1783144957.325,1621,1621,352647,4,1,-9,24,-30,981,5,-2,2,101325,2500,7259,517,0xf,False,0x0
1783144957.571,1622,1622,352894,4,1,-11,-34,-20,919,-5,1,0,101325,2500,7259,492,0xf,False,0x0
1783144957.772,1623,1623,353094,4,1,19,27,-30,886,-3,2,-1,101325,2500,7259,500,0xf,False,0x0
1783144957.979,1624,1624,353302,4,1,19,42,8,1077,4,-5,0,101325,2500,7259,481,0xf,False,0x0
1783144958.180,1625,1625,353502,4,1,6,20,-8,1077,-3,3,5,101325,2500,7259,491,0xf,False,0x0
1783144958.392,1626,1626,353714,4,1,-14,41,41,997,-4,-3,1,101325,2500,7259,482,0xf,False,0x0
1783144958.593,1627,1627,353915,4,1,20,-4,25,994,4,1,4,101325,2500,7259,497,0xf,False,0x0
1783144958.884,1628,1628,354207,4,1,14,-28,-3,961,5,-1,1,101325,2500,7259,497,0xf,False,0x0
1783144959.085,1629,1629,354408,4,1,-2,-6,-50,1091,-4,-3,1,101325,2500,7259,487,0xf,False,0x0
1783144959.377,1630,1630,354700,4,1,17,-54,51,1017,5,0,0,101325,2500,7259,507,0xf,False,0x0
1783144959.804,1632,1632,355126,4,1,10,30,-7,1046,5,-5,3,101325,2500,7258,506,0xf,False,0x0
1783144960.014,1633,1633,355336,4,1,11,-17,58,936,0,-2,0,101325,2500,7258,490,0xf,False,0x0
1783144960.215,1634,1634,355537,4,1,7,-54,-21,992,3,0,5,101325,2500,7258,503,0xf,False,0x0
1783144960.466,1635,1635,355788,4,1,12,-58,0,966,-5,-3,-2,101325,2500,7258,519,0xf,False,0x0
1783144960.666,1636,1636,355989,4,1,-12,-16,21,1037,4,-2,4,101325,2500,7258,515,0xf,False,0x0
1783144960.888,1637,1637,356211,4,1,9,-5,40,1052,5,3,-1,101325,2500,7258,520,0xf,False,0x0
1783144961.088,1638,1638,356411,4,1,2,-32,50,1010,-2,-1,1,101325,2500,7258,496,0xf,False,0x0
1783144961.291,1639,1639,356613,4,1,-12,1,-43,908,1,-1,2,101325,2500,7258,519,0xf,False,0x0
1783144961.492,1640,1640,356814,4,1,17,42,-48,1062,-5,0,0,101325,2500,7258,511,0xf,False,0x0
1783144961.760,1641,1641,357083,4,1,-4,56,-38,957,1,-1,1,101325,2500,7258,514,0xf,False,0x0
1783144961.960,1642,1642,357283,4,1,18,-43,21,1155,0,2,0,101325,2500,7258,494,0xf,False,0x0
1783144962.166,1643,1643,357489,4,1,-12,-28,-47,981,-3,4,1,101325,2500,7258,507,0xf,False,0x0
1783144962.375,1644,1644,357698,4,1,-8,36,-8,957,1,4,0,101325,2500,7257,514,0xf,False,0x0
1783144962.577,1645,1645,357899,4,1,17,-18,-42,1072,2,-1,-3,101325,2500,7257,502,0xf,False,0x0
1783144962.796,1646,1646,358119,4,1,10,-17,34,1066,4,-1,-4,101325,2500,7257,492,0xf,False,0x0
1783144963.095,1647,1647,358417,4,1,-20,54,-39,1023,-3,5,3,101325,2500,7257,507,0xf,False,0x0
1783144963.306,1648,1648,358628,4,1,17,-23,56,1038,-2,5,3,101325,2500,7257,508,0xf,False,0x0
1783144963.598,1649,1649,358921,4,1,8,49,-34,1052,-3,-3,2,101325,2500,7257,510,0xf,False,0x0
1783144963.898,1650,1650,359220,4,1,-6,13,-39,1066,3,0,-1,101325,2500,7257,490,0xf,False,0x0
1783144964.122,1651,1651,359445,4,1,-17,30,-43,963,5,5,5,101325,2500,7257,480,0xf,False,0x0
1783144964.367,1652,1652,359690,4,1,6,55,-48,925,1,1,-5,101325,2500,7257,496,0xf,False,0x0
1783144964.626,1653,1653,359948,4,1,-16,-52,-33,918,4,-3,-4,101325,2500,7257,511,0xf,False,0x0
1783144964.883,1654,1654,360205,4,1,-7,-15,57,1046,5,0,4,101325,2500,7256,494,0xf,False,0x0
1783144965.083,1655,1655,360406,4,1,14,58,13,1041,1,1,3,101325,2500,7256,503,0xf,False,0x0
1783144965.317,1656,1656,360640,4,1,2,8,-13,1132,2,-1,-2,101325,2500,7256,486,0xf,False,0x0
1783144965.559,1657,1657,360882,4,1,20,55,13,1058,4,-5,-1,101325,2500,7256,515,0xf,False,0x0
1783144965.760,1658,1658,361082,4,1,12,-22,-38,1065,-4,2,-1,101325,2500,7256,517,0xf,False,0x0
1783144965.968,1659,1659,361290,4,1,3,-59,9,894,3,-5,-3,101325,2500,7256,504,0xf,False,0x0
1783144966.168,1660,1660,361491,4,1,17,55,-37,1000,-5,2,-2,101325,2500,7256,517,0xf,False,0x0
1783144966.369,1661,1661,361692,4,1,-2,53,35,1116,-2,0,1,101325,2500,7256,517,0xf,False,0x0
1783144966.771,1663,1663,362093,4,1,10,-8,-18,1051,-5,-1,-2,101325,2500,7256,482,0xf,False,0x0
1783144966.971,1664,1664,362294,4,1,-5,1,-51,989,2,-1,-1,101325,2500,7256,486,0xf,False,0x0
1783144967.172,1665,1665,362495,4,1,-4,-21,-33,961,0,5,-3,101325,2500,7256,490,0xf,False,0x0
1783144967.374,1666,1666,362697,4,1,17,58,-60,1036,0,3,0,101325,2500,7255,494,0xf,False,0x0
1783144967.585,1667,1667,362908,4,1,18,56,-42,995,-5,-4,-1,101325,2500,7255,513,0xf,False,0x0
1783144967.813,1668,1668,363136,4,1,17,45,57,970,2,-4,0,101325,2500,7255,500,0xf,False,0x0
1783144968.013,1669,1669,363336,4,1,-14,45,-1,1053,-1,-4,-1,101325,2500,7255,495,0xf,False,0x0
1783144968.221,1670,1670,363544,4,1,-1,-50,-1,1091,2,-1,-2,101325,2500,7255,517,0xf,False,0x0
1783144968.428,1671,1671,363750,4,1,3,-40,38,962,-5,-2,-3,101325,2500,7255,481,0xf,False,0x0
1783144968.629,1672,1672,363951,4,1,0,35,54,1078,-2,-3,-4,101325,2500,7255,517,0xf,False,0x0
1783144968.841,1673,1673,364164,4,1,18,24,9,1136,2,5,-2,101325,2500,7255,486,0xf,False,0x0
1783144969.042,1674,1674,364364,4,1,18,-19,-37,962,2,-4,0,101325,2500,7255,482,0xf,False,0x0
1783144969.247,1675,1675,364570,4,1,-16,22,-41,893,-1,0,2,101325,2500,7255,500,0xf,False,0x0
1783144969.447,1676,1676,364770,4,1,-7,-48,7,945,-5,4,1,101325,2500,7255,500,0xf,False,0x0
1783144969.648,1677,1677,364971,4,1,15,60,-49,1058,3,-1,1,101325,2500,7255,486,0xf,False,0x0
1783144969.849,1678,1678,365172,4,1,0,25,-42,1086,-4,-2,-1,101325,2500,7254,518,0xf,False,0x0
1783144970.250,1680,1680,365573,4,1,-15,-24,-21,1084,4,1,0,101325,2500,7254,515,0xf,False,0x0
1783144970.450,1681,1681,365773,4,1,19,-8,15,1034,4,2,-5,101325,2500,7254,509,0xf,False,0x0
1783144970.709,1682,1682,366032,4,1,17,39,-1,924,0,1,-5,101325,2500,7254,486,0xf,False,0x0
1783144970.910,1683,1683,366233,4,1,8,48,33,1005,-5,3,-4,101325,2500,7254,480,0xf,False,0x0
1783144971.111,1684,1684,366434,4,1,-7,60,-5,869,3,0,-5,101325,2500,7254,508,0xf,False,0x0
1783144971.312,1685,1685,366634,4,1,-9,-19,-47,1036,-3,0,5,101325,2500,7254,487,0xf,False,0x0
1783144971.910,1686,1686,367232,4,1,17,28,51,1075,5,-4,0,101325,2500,7254,480,0xf,False,0x0
1783144972.116,1687,1687,367438,4,1,-2,-27,37,941,-1,-1,2,101325,2500,7254,493,0xf,False,0x0
1783144972.321,1688,1688,367644,4,1,2,-39,-3,1095,3,-5,3,101325,2500,7253,515,0xf,False,0x0
1783144972.607,1689,1689,367929,4,1,7,23,54,944,-5,-3,2,101325,2500,7253,483,0xf,False,0x0
1783144972.853,1690,1690,368175,4,1,16,5,-29,883,-5,3,1,101325,2500,7253,512,0xf,False,0x0
1783144973.058,1691,1691,368380,4,1,-15,-2,-52,1049,-5,-1,-2,101325,2500,7253,488,0xf,False,0x0
1783144973.418,1692,1692,368740,4,1,-20,27,-51,1023,-2,-2,-4,101325,2500,7253,520,0xf,False,0x0
1783144973.666,1693,1693,368988,4,1,-3,-23,-15,858,2,-4,-1,101325,2500,7253,500,0xf,False,0x0
1783144973.886,1694,1694,369209,4,1,9,1,26,926,-3,3,0,101325,2500,7253,506,0xf,False,0x0
1783144974.223,1695,1695,369545,4,1,-3,4,-7,902,3,1,1,101325,2500,7253,502,0xf,False,0x0
1783144974.753,1697,1697,370075,4,1,2,-21,40,992,-3,-2,3,101325,2500,7252,511,0xf,False,0x0
1783144974.962,1698,1698,370285,4,1,8,-16,8,1108,-5,-5,3,101325,2500,7252,513,0xf,False,0x0
1783144975.163,1699,1699,370485,4,1,-13,8,13,1117,-2,1,-3,101325,2500,7252,486,0xf,False,0x0
1783144975.367,1700,1700,370689,4,1,19,-13,12,997,-3,2,5,101325,2500,7252,511,0xf,False,0x0
1783144975.567,1701,1701,370890,4,1,-7,56,-1,947,3,3,-3,101325,2500,7252,481,0xf,False,0x0
1783144975.807,1702,1702,371130,4,1,20,15,-54,1042,-3,-2,2,101325,2500,7252,504,0xf,False,0x0
1783144976.015,1703,1703,371338,4,1,-7,30,2,1002,0,3,-2,101325,2500,7252,495,0xf,False,0x0
1783144976.252,1704,1704,371575,4,1,10,60,40,864,1,2,-3,101325,2500,7252,516,0xf,False,0x0
1783144976.459,1705,1705,371781,4,1,4,-20,-15,919,-4,4,2,101325,2500,7252,488,0xf,False,0x0
1783144976.660,1706,1706,371982,4,1,-20,16,-54,1020,-2,-2,0,101325,2500,7252,504,0xf,False,0x0
1783144976.867,1707,1707,372189,4,1,-10,-39,-53,1093,0,-3,5,101325,2500,7252,518,0xf,False,0x0
1783144977.455,1709,1709,372778,4,1,-11,-14,59,926,-4,-4,-4,101325,2500,7251,520,0xf,False,0x0
1783144977.657,1710,1710,372980,4,1,-20,-30,7,1015,-5,5,-4,101325,2500,7251,515,0xf,False,0x0
1783144977.860,1711,1711,373183,4,1,-13,-32,-17,1137,1,-2,-1,101325,2500,7251,498,0xf,False,0x0
1783144978.515,1712,1712,373837,4,1,15,9,33,965,3,-3,-1,101325,2500,7251,516,0xf,False,0x0
1783144978.771,1713,1713,374093,4,1,-4,20,-17,921,-5,3,4,101325,2500,7251,494,0xf,False,0x0
1783144978.994,1714,1714,374316,4,1,1,34,41,1064,-2,-3,4,101325,2500,7251,485,0xf,False,0x0
1783144979.203,1715,1715,374520,4,1,0,40,31,1066,-2,-3,-3,101325,2500,7251,511,0xf,False,0x0
1783144979.493,1716,1716,374815,4,1,3,-26,20,990,0,-3,3,101325,2500,7251,503,0xf,False,0x0
1783144979.923,1718,1718,375245,4,1,12,9,-45,1011,-5,-5,2,101325,2500,7250,499,0xf,False,0x0
1783144980.357,1720,1720,375679,4,1,-1,15,23,858,-3,-2,4,101325,2500,7250,502,0xf,False,0x0
1783144980.650,1721,1721,375973,4,1,-10,40,-32,1160,1,-1,2,101325,2500,7250,489,0xf,False,0x0
1783144981.043,1722,1722,376366,4,1,-5,19,41,1095,3,1,0,101325,2500,7250,498,0xf,False,0x0
1783144981.272,1723,1723,376595,4,1,-3,34,35,1129,-3,4,-4,101325,2500,7250,484,0xf,False,0x0
1783144981.489,1724,1724,376812,4,1,-15,9,-13,948,0,0,-1,101325,2500,7250,504,0xf,False,0x0
1783144981.707,1725,1725,377029,4,1,12,24,-47,1082,-5,3,1,101325,2500,7250,509,0xf,False,0x0
1783144981.907,1726,1726,377230,4,1,7,-46,-6,1008,-1,-3,-2,101325,2500,7250,504,0xf,False,0x0
1783144982.233,1727,1727,377556,4,1,15,-50,-14,975,5,5,0,101325,2500,7249,518,0xf,False,0x0
1783144982.434,1728,1728,377757,4,1,1,-14,55,958,4,-4,0,101325,2500,7249,504,0xf,False,0x0
1783144982.677,1729,1729,378000,4,1,-12,29,57,1048,-2,5,2,101325,2500,7249,485,0xf,False,0x0
1783144982.879,1730,1730,378201,4,1,-13,30,-58,1078,-3,-3,1,101325,2500,7249,510,0xf,False,0x0
1783144983.312,1731,1731,378635,4,1,-12,36,18,1059,2,-2,-5,101325,2500,7249,509,0xf,False,0x0
1783144983.513,1732,1732,378835,4,1,-16,49,-31,915,-4,-4,-2,101325,2500,7249,484,0xf,False,0x0
1783144983.731,1733,1733,379054,4,1,-12,30,32,940,-3,-3,5,101325,2500,7249,500,0xf,False,0x0
1783144983.932,1734,1734,379254,4,1,1,19,21,940,-4,1,-5,101325,2500,7249,510,0xf,False,0x0
1783144984.287,1735,1735,379610,4,1,15,-25,-19,966,3,5,-5,101325,2500,7249,516,0xf,False,0x0
1783144984.512,1736,1736,379834,4,1,-18,13,-53,1001,-3,4,5,101325,2500,7249,491,0xf,False,0x0
1783144984.719,1737,1737,380042,4,1,-11,-1,44,986,-2,-4,-5,101325,2500,7248,512,0xf,False,0x0
1783144984.929,1738,1738,380252,4,1,9,5,-59,956,-5,2,-4,101325,2500,7248,483,0xf,False,0x0
1783144985.130,1739,1739,380452,4,1,-8,-52,53,1043,3,-4,4,101325,2500,7248,485,0xf,False,0x0
1783144985.332,1740,1740,380654,4,1,-5,4,-8,899,-4,-3,-1,101325,2500,7248,505,0xf,False,0x0
1783144985.565,1741,1741,380888,4,1,-12,23,-40,945,-5,-4,-5,101325,2500,7248,506,0xf,False,0x0
1783144985.776,1742,1742,381098,4,1,11,-15,-17,922,5,4,4,101325,2500,7248,500,0xf,False,0x0
1783144985.990,1743,1743,381312,4,1,0,59,31,1130,4,1,-4,101325,2500,7248,508,0xf,False,0x0
1783144986.190,1744,1744,381513,4,1,20,-48,-35,1024,4,4,-2,101325,2500,7248,504,0xf,False,0x0
1783144986.400,1745,1745,381723,4,1,18,-28,-29,974,-3,-5,2,101325,2500,7248,504,0xf,False,0x0
1783144986.601,1746,1746,381924,4,1,19,21,-45,980,-5,2,3,101325,2500,7248,491,0xf,False,0x0
1783144986.817,1747,1747,382140,4,1,-8,-40,0,947,-2,0,5,101325,2500,7248,506,0xf,False,0x0
1783144987.159,1748,1748,382481,4,1,18,-43,46,1029,5,5,-5,101325,2500,7248,491,0xf,False,0x0
1783144988.615,1749,1749,383937,4,1,17,36,-36,957,-2,-3,1,101325,2500,7247,480,0xf,False,0x0
1783144989.203,1750,1750,384526,4,1,-20,30,-4,1003,5,4,4,101325,2500,7247,485,0xf,False,0x0
1783144989.496,1751,1751,384818,4,1,-5,-33,55,1066,-3,-4,4,101325,2500,7247,507,0xf,False,0x0
1783144989.701,1752,1752,385024,4,1,13,-13,-23,1106,-5,4,-2,101325,2500,7246,502,0xf,False,0x0
1783144989.918,1753,1753,385240,4,1,6,-51,29,960,4,-4,-5,101325,2500,7246,502,0xf,False,0x0
1783144990.171,1754,1754,385494,4,1,6,47,36,1106,5,3,-3,101325,2500,7246,511,0xf,True,0x0
1783144990.761,1755,1755,386084,4,1,-16,38,4,1063,3,2,3,101325,2500,7246,512,0xf,False,0x0
1783144991.048,1756,1756,386371,4,1,11,-27,16,855,-1,4,1,101325,2500,7246,507,0xf,False,0x0
1783144991.265,1757,1757,386588,4,1,7,-28,41,1090,1,-5,-3,101325,2500,7246,511,0xf,False,0x0
1783144991.517,1758,1758,386839,4,1,-14,8,-29,893,1,-2,2,101325,2500,7246,513,0xf,False,0x0
1783144991.745,1759,1759,387067,4,1,10,-23,-38,1093,0,4,5,101325,2500,7246,512,0xf,False,0x0
1783144992.339,1760,1760,387662,4,1,-7,12,-34,978,-4,-3,3,101325,2500,7245,485,0xf,False,0x0
1783144992.542,1761,1761,387864,4,1,12,-56,-8,992,-5,5,-5,101325,2500,7245,499,0xf,False,0x0
1783144992.768,1762,1762,388091,4,1,15,-18,45,959,-1,5,1,101325,2500,7245,518,0xf,False,0x0
1783144992.986,1763,1763,388309,4,1,10,24,-21,1002,-1,3,-2,101325,2500,7245,493,0xf,False,0x0
1783144993.189,1764,1764,388511,4,1,-18,-43,45,1050,2,4,-3,101325,2500,7245,504,0xf,False,0x0
1783144993.841,1765,1765,389163,4,1,-5,18,59,1080,0,2,5,101325,2500,7245,493,0xf,False,0x0
1783144994.133,1766,1766,389455,4,1,-2,56,42,1065,0,0,2,101325,2500,7245,497,0xf,False,0x0
1783144994.342,1767,1767,389665,4,1,0,-2,5,1107,-1,-1,1,101325,2500,7245,498,0xf,False,0x0
1783144994.568,1768,1768,389891,4,1,4,-51,-29,938,0,1,-2,101325,2500,7245,496,0xf,False,0x0
1783144994.769,1769,1769,390091,4,1,-6,10,40,995,-1,5,0,101325,2500,7244,487,0xf,False,0x0
1783144995.189,1770,1770,390512,4,1,-7,1,17,1092,1,0,2,101325,2500,7244,515,0xf,False,0x0
1783144995.415,1771,1771,390738,4,1,2,-58,12,1000,0,-3,-3,101325,2500,7244,508,0xf,False,0x0
1783144995.631,1772,1772,390953,4,1,8,27,40,1000,-1,-5,1,101325,2500,7244,494,0xf,False,0x0
1783144995.833,1773,1773,391156,4,1,5,-37,-56,1012,-5,-4,2,101325,2500,7244,517,0xf,False,0x0
1783144996.046,1774,1774,391368,4,1,-19,22,30,1050,2,-5,2,101325,2500,7244,510,0xf,False,0x0
1783144996.648,1776,1776,391971,4,1,3,-30,-54,957,-5,-1,-4,101325,2500,7244,497,0xf,False,0x0
1783144996.859,1777,1777,392182,4,1,-1,-6,21,1005,1,-4,-5,101325,2500,7244,498,0xf,False,0x0
1783144997.170,1778,1778,392492,4,1,10,-41,21,924,5,-3,3,101325,2500,7244,496,0xf,False,0x0
1783144997.374,1779,1779,392696,4,1,14,23,36,861,-2,2,5,101325,2500,7243,513,0xf,False,0x0
1783144997.582,1780,1780,392905,4,1,-14,-15,-42,997,-4,-1,-1,101325,2500,7243,480,0xf,False,0x0
1783144997.999,1781,1781,393322,4,1,2,-51,-53,934,4,0,0,101325,2500,7243,507,0xf,False,0x0
1783144998.248,1782,1782,393571,4,1,8,25,60,866,0,5,4,101325,2500,7243,505,0xf,False,0x0
1783144998.514,1783,1783,393837,4,1,-8,-33,12,878,-1,-4,0,101325,2500,7243,502,0xf,False,0x0
1783144998.719,1784,1784,394041,4,1,1,47,27,1130,-5,3,2,101325,2500,7243,492,0xf,False,0x0
1783144998.925,1785,1785,394248,4,1,15,7,57,1122,3,-4,3,101325,2500,7243,503,0xf,False,0x0
1783144999.698,1787,1787,395020,4,1,2,-12,8,914,4,-3,-4,101325,2500,7242,495,0xf,False,0x0
1783144999.914,1788,1788,395237,4,1,-7,26,13,978,5,-5,2,101325,2500,7242,514,0xf,False,0x0
1783145000.115,1789,1789,395437,4,1,-5,-24,-40,893,4,5,-4,101325,2500,7242,517,0xf,False,0x0
1783145000.582,1790,1790,395905,4,1,-10,48,35,1103,4,5,0,101325,2500,7242,517,0xf,False,0x0
1783145000.786,1791,1791,396108,4,1,14,49,17,959,-3,-5,-2,101325,2500,7242,498,0xf,False,0x0
1783145001.093,1792,1792,396416,4,1,-2,-37,-20,1040,-2,-5,1,101325,2500,7242,510,0xf,False,0x0
1783145001.293,1793,1793,396616,4,1,16,38,27,867,-2,1,3,101325,2500,7242,502,0xf,False,0x0
1783145001.505,1794,1794,396828,4,1,18,6,-58,1036,5,-2,3,101325,2500,7242,497,0xf,False,0x0
1783145001.764,1795,1795,397087,4,1,-12,21,40,1116,-5,-2,4,101325,2500,7242,516,0xf,False,0x0
1783145001.965,1796,1796,397287,4,1,-9,54,13,1139,1,-3,5,101325,2500,7242,500,0xf,False,0x0
1783145002.170,1797,1797,397492,4,1,1,52,-35,931,-2,1,3,101325,2500,7242,487,0xf,False,0x0
1783145002.375,1798,1798,397698,4,1,0,-8,-2,921,3,-4,4,101325,2500,7241,488,0xf,False,0x0
1783145003.016,1799,1799,398338,4,1,2,-8,-40,1038,5,0,1,101325,2500,7241,518,0xf,False,0x0
1783145003.260,1800,1800,398583,4,1,19,41,-12,1113,-5,3,0,101325,2500,7241,519,0xf,False,0x0
1783145003.472,1801,1801,398795,4,1,14,15,23,1071,0,-5,0,101325,2500,7241,505,0xf,False,0x0
1783145003.686,1802,1802,399009,4,1,-6,-7,-18,972,1,-3,-1,101325,2500,7241,486,0xf,False,0x0
1783145004.051,1803,1803,399373,4,1,-6,-55,30,925,5,2,2,101325,2500,7241,489,0xf,False,0x0
1783145004.277,1804,1804,399600,4,1,4,-44,35,1062,5,0,-4,101325,2500,7241,514,0xf,False,0x0
1783145004.480,1805,1805,399803,4,1,3,-58,26,1036,-5,-5,3,101325,2500,7241,500,0xf,False,0x0
1783145004.995,1806,1806,400317,4,1,2,43,-34,870,-4,-5,-2,101325,2500,7240,480,0xf,False,0x0
1783145005.223,1807,1807,400546,4,1,-12,47,16,1124,5,3,4,101325,2500,7240,516,0xf,False,0x0
1783145005.445,1808,1808,400768,4,1,6,33,-42,941,5,-2,2,101325,2500,7240,495,0xf,False,0x0
1783145005.656,1809,1809,400978,4,1,3,-31,-34,953,-5,-4,-1,101325,2500,7240,485,0xf,False,0x0
1783145005.882,1810,1810,401205,4,1,-20,3,24,1041,-4,-3,-1,101325,2500,7240,498,0xf,False,0x0
1783145006.313,1811,1811,401636,4,1,-2,49,-14,1048,-2,1,4,101325,2500,7240,513,0xf,False,0x0
1783145006.519,1812,1812,401841,4,1,19,-6,7,1077,3,-4,0,101325,2500,7240,519,0xf,False,0x0
1783145007.007,1814,1814,402329,4,1,12,-28,8,923,-5,1,1,101325,2500,7240,516,0xf,False,0x0
1783145007.232,1815,1815,402554,4,1,-18,12,20,985,-1,-2,2,101325,2500,7239,481,0xf,False,0x0
1783145007.434,1816,1816,402757,4,1,-6,16,-6,869,0,5,-4,101325,2500,7239,501,0xf,False,0x0
1783145008.137,1817,1817,403460,4,1,16,26,56,1025,-5,-3,-4,101325,2500,7239,505,0xf,False,0x0
1783145008.339,1818,1818,403661,4,1,-4,-38,26,1097,5,0,-2,101325,2500,7239,483,0xf,False,0x0
1783145008.758,1820,1820,404080,4,1,11,-31,-17,1107,3,3,-2,101325,2500,7239,507,0xf,False,0x0
1783145009.476,1821,1821,404799,4,1,-1,24,-38,960,-1,5,-1,101325,2500,7239,490,0xf,False,0x0
1783145009.682,1822,1822,405004,4,1,9,-60,51,1048,-3,3,5,101325,2500,7238,487,0xf,False,0x0
1783145009.904,1823,1823,405227,4,1,-14,44,52,1005,2,-1,5,101325,2500,7238,514,0xf,False,0x0
1783145010.165,1824,1824,405487,4,1,1,-28,31,862,0,3,4,101325,2500,7238,505,0xf,False,0x0
1783145010.443,1825,1825,405766,4,1,7,4,9,1079,1,-1,1,101325,2500,7238,498,0xf,False,0x0
1783145010.657,1826,1826,405979,4,1,-17,28,26,1049,3,0,3,101325,2500,7238,519,0xf,False,0x0
1783145011.149,1828,1828,406472,4,1,-8,33,17,1057,2,-3,2,101325,2500,7238,507,0xf,False,0x0
1783145011.350,1829,1829,406672,4,1,-4,7,0,1110,-3,4,-2,101325,2500,7238,506,0xf,False,0x0
1783145011.775,1830,1830,407097,4,1,5,-28,4,1124,2,-2,-1,101325,2500,7238,487,0xf,False,0x0
1783145011.983,1831,1831,407305,4,1,3,-22,51,1087,-1,-1,-3,101325,2500,7238,513,0xf,False,0x0
1783145012.185,1832,1832,407508,4,1,10,19,45,1040,0,-1,1,101325,2500,7237,488,0xf,False,0x0
1783145012.959,1834,1834,408281,4,1,17,48,3,970,2,-4,-4,101325,2500,7237,499,0xf,False,0x0
1783145013.409,1835,1835,408732,4,1,-4,32,-10,1086,-3,-4,-5,101325,2500,7237,490,0xf,False,0x0
1783145013.831,1837,1837,409154,4,1,-3,56,30,1070,-1,-2,4,101325,2500,7237,502,0xf,False,0x0
1783145014.106,1838,1838,409429,4,1,17,19,40,935,-2,3,-3,101325,2500,7237,501,0xf,False,0x0
1783145014.403,1839,1839,409726,4,1,-7,28,-16,1057,-5,1,-5,101325,2500,7237,516,0xf,False,0x0
1783145014.612,1840,1840,409935,4,1,4,-39,-41,1098,1,-5,-2,101325,2500,7237,487,0xf,False,0x0
1783145014.822,1841,1841,410144,4,1,4,-16,41,855,-1,-5,5,101325,2500,7236,506,0xf,False,0x0
1783145015.023,1842,1842,410345,4,1,18,55,-49,956,2,0,0,101325,2500,7236,501,0xf,False,0x0
1783145015.546,1843,1843,410869,4,1,8,-33,24,885,4,0,5,101325,2500,7236,515,0xf,False,0x0
1783145015.751,1844,1844,411073,4,1,-15,60,14,1097,-2,1,0,101325,2500,7236,517,0xf,False,0x0
1783145015.965,1845,1845,411287,4,1,-3,54,-58,1018,-5,-4,2,101325,2500,7236,480,0xf,False,0x0
1783145016.166,1846,1846,411489,4,1,5,-46,42,887,-4,-5,-4,101325,2500,7236,495,0xf,False,0x0
1783145016.452,1847,1847,411774,4,1,11,57,40,1067,-2,1,5,101325,2500,7236,480,0xf,False,0x0
1783145016.659,1848,1848,411981,4,1,-14,-1,33,970,5,-5,-5,101325,2500,7236,488,0xf,False,0x0
1783145017.159,1850,1850,412481,4,1,-4,24,18,1120,-3,-3,0,101325,2500,7236,490,0xf,False,0x0
1783145017.366,1851,1851,412688,4,1,-17,29,-19,1003,0,2,-2,101325,2500,7235,514,0xf,False,0x0
1783145017.574,1852,1852,412897,4,1,17,-58,-40,986,0,-5,-3,101325,2500,7235,480,0xf,False,0x0
1783145017.826,1853,1853,413148,4,1,1,17,51,997,5,5,5,101325,2500,7235,498,0xf,False,0x0
1783145018.083,1854,1854,413406,4,1,14,-14,9,960,-4,-1,5,101325,2500,7235,491,0xf,False,0x0
1783145018.288,1855,1855,413610,4,1,12,-7,-31,876,3,4,1,101325,2500,7235,515,0xf,False,0x0
1783145018.511,1856,1856,413834,4,1,11,22,-5,1043,-3,3,2,101325,2500,7235,513,0xf,False,0x0
1783145019.149,1858,1858,414471,4,1,6,17,-14,989,3,-3,-5,101325,2500,7235,498,0xf,False,0x0
1783145019.374,1859,1859,414696,4,1,19,-24,16,927,4,4,0,101325,2500,7235,494,0xf,False,0x0
1783145019.599,1860,1860,414921,4,1,3,-26,49,938,-3,-5,3,101325,2500,7235,493,0xf,False,0x0
1783145019.800,1861,1861,415122,4,1,4,-23,-47,891,-3,-3,-1,101325,2500,7234,485,0xf,False,0x0
1783145020.046,1862,1862,415369,4,1,-19,-50,14,1070,4,4,-4,101325,2500,7234,491,0xf,False,0x0
1783145020.352,1863,1863,415674,4,1,-5,22,7,904,-2,-5,-5,101325,2500,7234,510,0xf,False,0x0
1783145020.556,1864,1864,415877,4,1,-20,-22,42,1152,-3,-1,-5,101325,2500,7234,480,0xf,False,0x0
1783145021.347,1866,1866,416670,4,1,-20,56,-6,932,-3,1,1,101325,2500,7234,484,0xf,False,0x0
1783145021.553,1867,1867,416876,4,1,7,-22,23,1053,5,3,0,101325,2500,7234,497,0xf,False,0x0
1783145021.763,1868,1868,417083,4,1,11,-42,45,849,4,1,1,101325,2500,7234,485,0xf,False,0x0
1783145022.100,1869,1869,417422,4,1,-10,-14,17,1043,1,0,-3,101325,2500,7234,509,0xf,False,0x0
1783145022.323,1870,1870,417645,4,1,12,-5,-26,1059,1,0,-2,101325,2500,7233,511,0xf,False,0x0
1783145022.536,1871,1871,417859,4,1,-11,-14,-36,1091,1,5,-4,101325,2500,7233,500,0xf,False,0x0
1783145022.742,1872,1872,418064,4,1,6,49,-18,1119,1,-2,1,101325,2500,7233,484,0xf,False,0x0
1783145023.065,1873,1873,418388,4,1,15,-30,-44,1059,-4,5,0,101325,2500,7233,507,0xf,False,0x0
1783145023.356,1874,1874,418679,4,1,-3,-36,25,938,3,0,0,101325,2500,7233,488,0xf,False,0x0
1783145023.577,1875,1875,418900,4,1,8,35,-45,1101,4,-5,-4,101325,2500,7233,493,0xf,False,0x0
1783145024.205,1876,1876,419528,4,1,6,6,-1,1010,0,5,-5,101325,2500,7233,501,0xf,False,0x0
1783145024.541,1877,1877,419864,4,1,4,60,22,1056,-2,-4,-1,101325,2500,7233,500,0xf,False,0x0
1783145024.750,1878,1878,420072,4,1,-2,41,26,978,-3,-2,1,101325,2500,7232,498,0xf,False,0x0
1783145025.023,1879,1879,420345,4,1,8,10,-31,1072,-3,3,2,101325,2500,7232,481,0xf,False,0x0
1783145025.228,1880,1880,420551,4,1,-8,-57,24,1000,4,0,-3,101325,2500,7232,503,0xf,False,0x0
1783145025.436,1881,1881,420759,4,1,-12,-10,-45,1111,-4,4,-1,101325,2500,7232,508,0xf,False,0x0
1783145025.732,1882,1882,421055,4,1,-16,-50,-49,1145,0,2,2,101325,2500,7232,516,0xf,False,0x0
1783145026.064,1883,1883,421387,4,1,0,34,46,902,-1,-5,5,101325,2500,7232,495,0xf,False,0x0
1783145026.295,1884,1884,421618,4,1,-9,-59,14,999,-5,-4,3,101325,2500,7232,514,0xf,False,0x0
1783145026.497,1885,1885,421820,4,1,19,45,37,981,3,5,5,101325,2500,7232,517,0xf,False,0x0
1783145026.977,1886,1886,422300,4,1,-11,-41,24,1017,0,-3,-5,101325,2500,7232,509,0xf,False,0x0
1783145027.184,1887,1887,422507,4,1,-4,39,38,1033,2,0,-5,101325,2500,7231,512,0xf,False,0x0
1783145027.400,1888,1888,422722,4,1,10,-29,19,858,-1,-3,-1,101325,2500,7231,504,0xf,False,0x0
1783145028.188,1890,1890,423510,4,1,-8,6,3,895,3,-2,5,101325,2500,7231,510,0xf,False,0x0
1783145028.397,1891,1891,423720,4,1,-13,-29,-16,1014,4,5,5,101325,2500,7231,490,0xf,False,0x0
1783145028.603,1892,1892,423925,4,1,20,27,-38,944,1,1,-5,101325,2500,7231,518,0xf,False,0x0
1783145028.809,1893,1893,424132,4,1,-10,45,20,975,4,-2,-5,101325,2500,7231,489,0xf,False,0x0
1783145029.030,1894,1894,424353,4,1,4,-12,54,884,-3,-3,1,101325,2500,7231,515,0xf,False,0x0
1783145029.237,1895,1895,424559,4,1,-15,-60,-16,918,-5,-3,5,101325,2500,7231,508,0xf,False,0x0
1783145029.835,1896,1896,425157,4,1,-20,-34,28,955,-5,5,1,101325,2500,7230,515,0xf,False,0x0
1783145030.045,1897,1897,425367,4,1,-5,28,-34,976,-3,-5,1,101325,2500,7230,519,0xf,False,0x0
1783145030.258,1898,1898,425580,4,1,13,-28,20,1076,-3,-3,-1,101325,2500,7230,496,0xf,False,0x0
1783145030.527,1899,1899,425850,4,1,-8,-41,41,965,-5,2,2,101325,2500,7230,520,0xf,False,0x0
1783145030.814,1900,1900,426137,4,1,14,14,-18,1059,-4,-3,3,101325,2500,7230,489,0xf,False,0x0
1783145031.017,1901,1901,426340,4,1,-20,42,33,1036,5,-2,2,101325,2500,7230,492,0xf,False,0x0
1783145031.452,1902,1902,426775,4,1,-9,57,6,1071,4,-2,-3,101325,2500,7230,483,0xf,False,0x0
1783145031.952,1903,1903,427275,4,1,1,5,-41,949,-4,5,5,101325,2500,7230,481,0xf,False,0x0
1783145032.175,1904,1904,427498,4,1,-5,-33,-7,1130,3,-2,-5,101325,2500,7230,513,0xf,False,0x0
1783145032.377,1905,1905,427700,4,1,-20,3,-4,912,2,-2,1,101325,2500,7229,487,0xf,False,0x0
1783145032.777,1906,1906,428099,4,1,-4,31,-50,1061,3,-1,-1,101325,2500,7229,514,0xf,False,0x0
1783145033.010,1907,1907,428333,4,1,8,37,-12,1003,5,0,-3,101325,2500,7229,511,0xf,False,0x0
1783145033.211,1908,1908,428533,4,1,20,10,-12,1105,-5,1,5,101325,2500,7229,497,0xf,False,0x0
1783145033.450,1909,1909,428772,4,1,-2,-7,35,1059,-3,0,5,101325,2500,7229,485,0xf,False,0x0
1783145033.651,1910,1910,428973,4,1,5,-30,52,1099,3,-2,5,101325,2500,7229,488,0xf,False,0x0
1783145034.205,1911,1911,429527,4,1,-8,13,6,1140,5,1,5,101325,2500,7229,504,0xf,False,0x0
1783145034.415,1912,1912,429737,4,1,-6,-57,-56,1043,0,-2,5,101325,2500,7229,482,0xf,False,0x0
1783145034.618,1913,1913,429940,4,1,8,-42,-35,1101,0,5,-5,101325,2500,7229,500,0xf,False,0x0
1783145034.982,1914,1914,430304,4,1,-20,-46,21,976,2,3,5,101325,2500,7228,488,0xf,False,0x0
1783145035.190,1915,1915,430512,4,1,-9,37,22,973,-1,3,-2,101325,2500,7228,498,0xf,False,0x0
1783145035.390,1916,1916,430713,4,1,-5,-58,21,1082,-3,-3,-3,101325,2500,7228,503,0xf,False,0x0
1783145035.860,1917,1917,431182,4,1,-4,37,7,1015,-4,-2,1,101325,2500,7228,482,0xf,False,0x0
1783145036.314,1919,1919,431637,4,1,-5,58,20,1048,2,4,-1,101325,2500,7228,500,0xf,False,0x0
1783145036.516,1920,1920,431839,4,1,16,-39,-28,976,-1,4,-1,101325,2500,7228,484,0xf,False,0x0
1783145036.820,1921,1921,432143,4,1,-4,-54,22,1147,-3,3,1,101325,2500,7228,494,0xf,False,0x0
1783145037.114,1922,1922,432436,4,1,-13,39,57,873,-4,-4,-3,101325,2500,7228,505,0xf,False,0x0
1783145037.522,1924,1924,432845,4,1,-17,-49,-4,983,4,-3,-4,101325,2500,7227,510,0xf,False,0x0
1783145037.869,1925,1925,433191,4,1,10,54,-44,997,0,-1,3,101325,2500,7227,520,0xf,False,0x0
1783145038.071,1926,1926,433393,4,1,16,49,-17,946,4,0,4,101325,2500,7227,483,0xf,False,0x0
1783145039.156,1929,1929,434478,4,1,16,-13,-31,995,2,4,-3,101325,2500,7227,480,0xf,False,0x0
1783145039.459,1930,1930,434782,4,1,-12,44,-15,976,1,-4,2,101325,2500,7227,516,0xf,False,0x0
1783145039.708,1931,1931,435030,4,1,1,0,-9,954,-5,2,2,101325,2500,7226,487,0xf,False,0x0
1783145040.015,1932,1932,435337,4,1,16,-47,-55,1038,0,-5,1,101325,2500,7226,505,0xf,False,0x0
1783145040.297,1933,1933,435620,4,1,-19,-51,-55,961,2,-5,-2,101325,2500,7226,520,0xf,False,0x0
1783145040.536,1934,1934,435859,4,1,1,-49,29,1070,-1,-2,3,101325,2500,7226,487,0xf,False,0x0
1783145041.245,1936,1936,436568,4,1,18,-40,-59,967,0,-1,0,101325,2500,7226,499,0xf,False,0x0
1783145041.462,1937,1937,436785,4,1,-2,-54,-17,1038,2,1,-2,101325,2500,7226,514,0xf,False,0x0
1783145041.664,1938,1938,436986,4,1,4,-23,-16,1055,4,1,-5,101325,2500,7226,512,0xf,False,0x0
1783145041.960,1939,1939,437283,4,1,-18,-1,-51,1078,1,4,1,101325,2500,7226,499,0xf,False,0x0
1783145042.166,1940,1940,437488,4,1,8,-36,-12,1079,-2,-5,5,101325,2500,7226,510,0xf,False,0x0
1783145042.516,1941,1941,437839,4,1,-17,-20,-44,1127,-1,3,-4,101325,2500,7225,493,0xf,False,0x0
1783145042.776,1942,1942,438098,4,1,9,-24,6,1115,-3,-4,-5,101325,2500,7225,492,0xf,False,0x0
1783145043.019,1943,1943,438342,4,1,-4,39,39,996,-5,4,0,101325,2500,7225,505,0xf,False,0x0
1783145043.220,1944,1944,438543,4,1,-4,-26,0,1108,-2,3,0,101325,2500,7225,515,0xf,False,0x0
1783145043.829,1946,1946,439152,4,1,6,-49,48,947,2,4,4,101325,2500,7225,519,0xf,False,0x0
1783145044.167,1947,1947,439490,4,1,7,23,-55,904,-4,-5,2,101325,2500,7225,510,0xf,False,0x0
1783145044.368,1948,1948,439691,4,1,-9,-11,4,915,4,-5,-2,101325,2500,7225,493,0xf,False,0x0
1783145044.833,1949,1949,440156,4,1,14,15,5,897,0,5,-4,101325,2500,7224,499,0xf,False,0x0
1783145045.046,1950,1950,440369,4,1,-7,31,-59,870,-5,4,3,101325,2500,7224,496,0xf,False,0x0
1783145045.483,1952,1952,440805,4,1,7,-36,-11,973,-2,3,-3,101325,2500,7224,493,0xf,False,0x0
1783145045.718,1953,1953,441041,4,1,-10,30,-39,928,4,-1,0,101325,2500,7224,493,0xf,False,0x0
1783145045.967,1954,1954,441289,4,1,9,-51,8,1126,-5,1,5,101325,2500,7224,510,0xf,False,0x0
1783145046.168,1955,1955,441490,4,1,1,-9,6,876,1,3,1,101325,2500,7224,493,0xf,False,0x0
1783145046.381,1956,1956,441703,4,1,-9,41,31,860,-5,0,-2,101325,2500,7224,484,0xf,False,0x0
1783145047.011,1957,1957,442334,4,1,18,34,-22,959,-3,5,3,101325,2500,7224,487,0xf,False,0x0
1783145047.218,1958,1958,442541,4,1,-5,28,38,977,0,-3,5,101325,2500,7223,516,0xf,False,0x0
1783145047.439,1959,1959,442761,4,1,-20,-32,-28,1049,3,0,4,101325,2500,7223,514,0xf,False,0x0
1783145047.643,1960,1960,442966,4,1,17,14,2,979,5,4,-4,101325,2500,7223,493,0xf,False,0x0
1783145048.105,1961,1961,443428,4,1,-4,21,-5,1075,5,2,-3,101325,2500,7223,488,0xf,False,0x0
1783145048.332,1962,1962,443655,4,1,-8,60,-10,1009,3,-5,-1,101325,2500,7223,494,0xf,False,0x0
1783145048.535,1963,1963,443857,4,1,16,57,-10,1081,-2,2,-3,101325,2500,7223,484,0xf,False,0x0
1783145048.757,1964,1964,444080,4,1,-3,-1,-57,980,0,-2,5,101325,2500,7223,481,0xf,False,0x0
1783145049.192,1965,1965,444515,4,1,-12,38,15,887,0,0,5,101325,2500,7223,494,0xf,False,0x0
1783145049.395,1966,1966,444718,4,1,7,-11,-37,1123,0,5,1,101325,2500,7223,509,0xf,False,0x0
1783145049.604,1967,1967,444926,4,1,-1,-6,19,954,2,4,0,101325,2500,7223,509,0xf,False,0x0
1783145049.850,1968,1968,445172,4,1,1,32,-37,1017,-2,1,-5,101325,2500,7222,497,0xf,False,0x0
1783145050.172,1969,1969,445494,4,1,-17,-30,-36,940,5,-2,3,101325,2500,7222,498,0xf,False,0x0
1783145050.429,1970,1970,445751,4,1,-10,54,35,1091,2,-4,-4,101325,2500,7222,493,0xf,False,0x0
1783145050.688,1971,1971,446010,4,1,4,-43,49,1076,-2,3,-2,101325,2500,7222,518,0xf,False,0x0
1783145050.976,1972,1972,446299,4,1,-12,-13,19,908,1,-5,3,101325,2500,7222,500,0xf,False,0x0
1783145052.461,1973,1973,447784,4,1,-8,34,15,962,-2,-5,2,101325,2500,7221,503,0xf,False,0x0
1783145053.051,1974,1974,448373,4,1,-14,28,-7,1112,1,-1,-5,101325,2500,7221,491,0xf,False,0x0
1783145053.257,1975,1975,448579,4,1,-8,-51,10,902,0,4,4,101325,2500,7221,518,0xf,False,0x0
1783145053.473,1976,1976,448795,4,1,-16,-38,-11,1119,-3,0,3,101325,2500,7221,494,0xf,False,0x0
1783145053.698,1977,1977,449020,4,1,10,-42,25,1050,-4,5,5,101325,2500,7221,505,0xf,False,0x0
1783145053.927,1978,1978,449250,4,1,14,-15,24,979,-2,4,3,101325,2500,7221,489,0xf,False,0x0
1783145054.146,1979,1979,449469,4,1,-3,-37,29,961,4,-3,0,101325,2500,7221,519,0xf,False,0x0
1783145055.272,1981,1981,450594,4,1,3,-4,10,1124,5,0,0,101325,2500,7220,501,0xf,False,0x0
1783145055.486,1982,1982,450809,4,1,-14,50,-24,989,-3,0,2,101325,2500,7220,487,0xf,False,0x0
1783145055.878,1983,1983,451201,4,1,16,-31,39,1120,-4,5,-5,101325,2500,7220,496,0xf,False,0x0
1783145056.119,1984,1984,451442,4,1,3,3,33,1131,-3,5,-2,101325,2500,7220,495,0xf,False,0x0
1783145056.335,1985,1985,451658,4,1,-15,-41,40,980,2,-3,4,101325,2500,7220,516,0xf,False,0x0
1783145056.612,1986,1986,451935,4,1,-6,4,36,974,2,3,1,101325,2500,7220,520,0xf,False,0x0
1783145056.813,1987,1987,452135,4,1,0,-1,35,930,5,-1,1,101325,2500,7220,489,0xf,False,0x0
1783145057.013,1988,1988,452335,4,1,-14,-49,4,1002,-5,-2,5,101325,2500,7220,512,0xf,False,0x0
1783145057.975,1989,1989,453298,4,1,-4,50,21,1082,5,3,3,101325,2500,7219,505,0xf,False,0x0
1783145058.308,1990,1990,453630,4,1,-4,-29,-30,997,3,-3,0,101325,2500,7219,495,0xf,False,0x0
1783145058.654,1991,1991,453977,4,1,-12,-46,-14,1106,0,-3,-5,101325,2500,7219,483,0xf,False,0x0
1783145058.914,1992,1992,454237,4,1,12,56,-45,973,-5,1,5,101325,2500,7219,513,0xf,False,0x0
1783145059.137,1993,1993,454460,4,1,-17,-25,-49,1045,-4,5,0,101325,2500,7219,513,0xf,False,0x0
1783145059.355,1994,1994,454677,4,1,-6,-39,-36,1037,-3,-1,-4,101325,2500,7219,489,0xf,False,0x0
1783145059.640,1995,1995,454962,4,1,-8,-12,15,1026,3,-3,-3,101325,2500,7219,508,0xf,False,0x0
1783145060.356,1996,1996,455679,4,1,20,4,12,882,1,3,4,101325,2500,7218,499,0xf,False,0x0
1783145060.564,1997,1997,455886,4,1,2,-7,-24,1001,-3,0,4,101325,2500,7218,482,0xf,False,0x0
1783145060.790,1998,1998,456112,4,1,20,-52,-26,935,0,-2,-1,101325,2500,7218,480,0xf,False,0x0
1783145061.000,1999,1999,456322,4,1,-12,44,-48,1028,-5,-2,-1,101325,2500,7218,503,0xf,False,0x0
1783145061.204,2000,2000,456526,4,1,6,-16,-23,869,1,-3,2,101325,2500,7218,495,0xf,False,0x0
1783145061.468,2001,2001,456790,4,1,11,0,39,915,3,1,0,101325,2500,7218,496,0xf,False,0x0
1783145061.829,2002,2002,457152,4,1,3,35,-14,972,3,5,-3,101325,2500,7218,494,0xf,False,0x0
1783145062.298,2004,2004,457620,4,1,-2,17,-53,966,-4,-2,1,101325,2500,7217,513,0xf,False,0x0
1783145062.654,2005,2005,457977,4,1,0,-33,8,1025,-2,0,-1,101325,2500,7217,507,0xf,False,0x0
1783145062.860,2006,2006,458183,4,1,-17,53,43,1019,4,-2,4,101325,2500,7217,500,0xf,False,0x0
1783145063.151,2007,2007,458474,4,1,13,14,49,1110,2,-4,-5,101325,2500,7217,508,0xf,False,0x0
1783145063.963,2008,2008,459286,4,1,0,59,44,926,4,4,0,101325,2500,7217,507,0xf,False,0x0
1783145064.173,2009,2009,459495,4,1,-15,-4,-5,917,-3,2,0,101325,2500,7217,501,0xf,False,0x0
1783145064.483,2010,2010,459805,4,1,-2,-58,-21,949,-3,0,5,101325,2500,7217,518,0xf,False,0x0
1783145064.747,2011,2011,460070,4,1,15,31,-51,1119,3,5,1,101325,2500,7216,482,0xf,False,0x0
1783145064.997,2012,2012,460319,4,1,11,-60,0,968,-5,-5,0,101325,2500,7216,510,0xf,False,0x0
1783145065.294,2013,2013,460616,4,1,-20,17,22,886,1,-1,1,101325,2500,7216,493,0xf,False,0x0
1783145065.614,2014,2014,460936,4,1,15,13,29,987,1,-5,4,101325,2500,7216,489,0xf,False,0x0
1783145066.368,2015,2015,461691,4,1,-7,36,-4,1086,1,0,0,101325,2500,7216,520,0xf,False,0x0
1783145066.609,2016,2016,461932,4,1,-20,-14,3,1091,3,-5,-5,101325,2500,7216,509,0xf,False,0x0
1783145066.918,2017,2017,462240,4,1,-16,-32,-49,864,-2,2,0,101325,2500,7216,492,0xf,False,0x0
1783145067.119,2018,2018,462442,4,1,10,46,11,845,-2,2,3,101325,2500,7216,488,0xf,False,0x0
1783145067.594,2019,2019,462916,4,1,-4,-32,18,1119,4,2,1,101325,2500,7215,515,0xf,False,0x0
1783145067.797,2020,2020,463119,4,1,-11,42,37,925,3,-5,-5,101325,2500,7215,520,0xf,False,0x0
1783145068.054,2021,2021,463376,4,1,2,-31,-18,869,4,4,-1,101325,2500,7215,500,0xf,False,0x0
1783145068.345,2022,2022,463667,4,1,1,-29,19,1112,2,2,-2,101325,2500,7215,490,0xf,False,0x0
1783145068.551,2023,2023,463874,4,1,8,34,54,881,4,-1,5,101325,2500,7215,511,0xf,False,0x0
1783145068.758,2024,2024,464081,4,1,10,9,-30,908,-4,-2,-3,101325,2500,7215,481,0xf,False,0x0
1783145069.046,2025,2025,464369,4,1,-9,-44,19,1015,-1,5,2,101325,2500,7215,494,0xf,False,0x0
1783145070.479,2027,2027,465801,4,1,-7,-8,-55,955,-3,1,3,101325,2500,7214,494,0xf,False,0x0
1783145070.684,2028,2028,466006,4,1,17,12,33,842,5,3,-2,101325,2500,7214,483,0xf,False,0x0
1783145070.885,2029,2029,466208,4,1,-15,-60,-36,948,-4,-3,2,101325,2500,7214,480,0xf,False,0x0
1783145071.167,2030,2030,466489,4,1,19,-35,-2,1003,4,-3,-3,101325,2500,7214,506,0xf,False,0x0
1783145071.379,2031,2031,466701,4,1,13,-13,2,961,0,1,4,101325,2500,7214,494,0xf,False,0x0
1783145071.588,2032,2032,466910,4,1,-1,8,-20,1012,5,3,0,101325,2500,7214,504,0xf,False,0x0
1783145071.788,2033,2033,467111,4,1,-18,-3,29,1002,3,-2,-1,101325,2500,7214,490,0xf,False,0x0
1783145072.171,2034,2034,467493,4,1,2,-13,59,1063,5,-1,-4,101325,2500,7214,484,0xf,False,0x0
1783145072.377,2035,2035,467699,4,1,14,-31,-30,945,-5,3,4,101325,2500,7213,502,0xf,False,0x0
1783145072.588,2036,2036,467910,4,1,19,-13,-46,907,4,2,-2,101325,2500,7213,483,0xf,False,0x0
1783145072.794,2037,2037,468117,4,1,-18,-52,50,971,5,-2,3,101325,2500,7213,494,0xf,False,0x0
1783145073.357,2038,2038,468679,4,1,20,-18,-1,894,-5,-3,-3,101325,2500,7213,492,0xf,False,0x0
1783145073.577,2039,2039,468900,4,1,-14,-26,2,1103,3,-1,4,101325,2500,7213,493,0xf,False,0x0
1783145073.787,2040,2040,469110,4,1,-2,-27,28,998,1,-4,2,101325,2500,7213,504,0xf,False,0x0
1783145074.119,2041,2041,469442,4,1,-19,-12,15,1159,2,1,4,101325,2500,7213,505,0xf,False,0x0
1783145074.377,2042,2042,469700,4,1,-18,20,-6,1062,2,-2,-3,101325,2500,7213,490,0xf,False,0x0
1783145074.890,2043,2043,470212,4,1,-6,-10,37,1129,-2,-5,1,101325,2500,7212,488,0xf,False,0x0
1783145075.098,2044,2044,470420,4,1,-13,6,-13,932,3,-1,3,101325,2500,7212,498,0xf,False,0x0
1783145075.303,2045,2045,470626,4,1,12,28,35,906,-3,-1,-4,101325,2500,7212,492,0xf,False,0x0
1783145075.712,2047,2047,471034,4,1,-17,-27,57,1044,2,1,4,101325,2500,7212,483,0xf,False,0x0
1783145076.084,2048,2048,471407,4,1,7,-11,60,1055,-3,-1,3,101325,2500,7212,485,0xf,False,0x0
1783145076.496,2050,2050,471818,4,1,-6,-57,31,1041,-4,-3,1,101325,2500,7212,514,0xf,False,0x0
1783145076.699,2051,2051,472022,4,1,-14,13,36,1086,2,3,2,101325,2500,7212,516,0xf,False,0x0
1783145076.904,2052,2052,472227,4,1,11,-14,7,1016,1,-3,2,101325,2500,7212,492,0xf,False,0x0
1783145077.568,2055,2055,472890,4,1,-1,-46,-39,941,3,3,-2,101325,2500,7211,516,0xf,False,0x0
1783145077.776,2056,2056,473099,4,1,3,-54,21,1119,5,-5,-2,101325,2500,7211,511,0xf,False,0x0
1783145077.989,2057,2057,473311,4,1,15,58,26,1051,0,1,0,101325,2500,7211,483,0xf,False,0x0
1783145078.189,2058,2058,473512,4,1,-4,-52,-14,987,-4,-1,3,101325,2500,7211,502,0xf,False,0x0
1783145078.441,2059,2059,473764,4,1,-5,-19,-31,1053,-1,-1,-3,101325,2500,7211,485,0xf,False,0x0
1783145078.642,2060,2060,473965,4,1,15,-26,4,1124,-5,-1,-2,101325,2500,7211,498,0xf,False,0x0
1783145079.125,2062,2062,474447,4,1,-17,37,39,884,0,3,0,101325,2500,7211,496,0xf,False,0x0
1783145079.329,2063,2063,474651,4,1,11,3,53,1007,0,-2,-1,101325,2500,7211,497,0xf,False,0x0
1783145079.530,2064,2064,474853,4,1,1,22,-14,1098,3,-1,-5,101325,2500,7211,501,0xf,False,0x0
1783145079.731,2065,2065,475054,4,1,-11,-44,-43,1040,-3,0,1,101325,2500,7210,491,0xf,False,0x0
1783145079.948,2066,2066,475271,4,1,-12,-10,-9,910,-2,0,-3,101325,2500,7210,498,0xf,False,0x0
1783145080.206,2067,2067,475528,4,1,4,27,-48,840,-3,0,2,101325,2500,7210,496,0xf,False,0x0
1783145080.415,2068,2068,475738,4,1,-10,33,52,915,-4,2,-5,101325,2500,7210,485,0xf,False,0x0
1783145080.616,2069,2069,475939,4,1,-7,-25,49,861,-5,3,-3,101325,2500,7210,514,0xf,False,0x0
1783145080.891,2070,2070,476214,4,1,12,-20,3,1033,-2,-3,-5,101325,2500,7210,509,0xf,False,0x0
1783145081.092,2071,2071,476414,4,1,-1,-35,-41,1021,2,3,3,101325,2500,7210,492,0xf,False,0x0
1783145081.294,2072,2072,476616,4,1,-11,25,-47,864,0,4,1,101325,2500,7210,510,0xf,False,0x0
1783145081.494,2073,2073,476817,4,1,-8,48,55,984,1,2,0,101325,2500,7210,514,0xf,False,0x0
1783145081.764,2074,2074,477087,4,1,-9,17,-13,1027,3,-5,2,101325,2500,7210,502,0xf,False,0x0
1783145081.964,2075,2075,477287,4,1,4,-3,17,982,-2,1,3,101325,2500,7210,511,0xf,False,0x0
1783145082.219,2076,2076,477541,4,1,-11,51,-18,1058,5,5,-4,101325,2500,7209,496,0xf,False,0x0
1783145082.419,2077,2077,477742,4,1,-3,-1,-1,983,2,1,3,101325,2500,7209,500,0xf,False,0x0
1783145082.620,2078,2078,477943,4,1,5,13,26,1034,-3,0,2,101325,2500,7209,506,0xf,False,0x0
1783145082.823,2079,2079,478146,4,1,17,20,3,1020,-1,2,3,101325,2500,7209,482,0xf,False,0x0
1783145083.458,2082,2082,478781,4,1,5,-30,-17,1032,-4,-2,2,101325,2500,7209,484,0xf,False,0x0
1783145083.664,2083,2083,478986,4,1,-7,-42,6,1023,-3,-5,5,101325,2500,7209,487,0xf,False,0x0
1783145083.864,2084,2084,479187,4,1,14,22,-30,991,-3,2,-5,101325,2500,7209,485,0xf,False,0x0
1783145084.076,2085,2085,479398,4,1,-19,-37,48,976,-4,-3,-3,101325,2500,7209,492,0xf,False,0x0
1783145084.501,2087,2087,479824,4,1,5,2,60,922,4,0,-4,101325,2500,7209,498,0xf,False,0x0
1783145084.702,2088,2088,480025,4,1,-10,41,45,974,-1,1,-4,101325,2500,7208,513,0xf,False,0x0
1783145084.910,2089,2089,480233,4,1,11,-51,19,958,5,0,5,101325,2500,7208,509,0xf,False,0x0
1783145085.111,2090,2090,480433,4,1,4,52,-35,881,-5,-5,-3,101325,2500,7208,511,0xf,False,0x0
1783145085.317,2091,2091,480639,4,1,12,-9,19,962,4,3,4,101325,2500,7208,517,0xf,False,0x0
1783145085.518,2092,2092,480840,4,1,-1,-29,-33,895,-3,0,5,101325,2500,7208,490,0xf,False,0x0
1783145085.719,2093,2093,481042,4,1,-13,-60,-38,937,5,1,-2,101325,2500,7208,508,0xf,False,0x0
1783145085.920,2094,2094,481242,4,1,12,19,-3,861,2,-5,-2,101325,2500,7208,495,0xf,False,0x0
1783145086.139,2095,2095,481462,4,1,9,26,-21,1055,1,-5,0,101325,2500,7208,493,0xf,False,0x0
1783145086.340,2096,2096,481662,4,1,10,-43,-40,1118,-3,-1,1,101325,2500,7208,482,0xf,False,0x0
1783145086.543,2097,2097,481865,4,1,-8,44,-31,862,-4,-1,2,101325,2500,7208,509,0xf,False,0x0
1783145086.764,2098,2098,482087,4,1,-11,49,2,1056,-3,-1,-2,101325,2500,7208,503,0xf,False,0x0
1783145087.022,2099,2099,482344,4,1,-16,54,-26,894,4,2,-1,101325,2500,7208,498,0xf,False,0x0
1783145087.222,2100,2100,482545,4,1,-3,-31,-42,1067,1,-2,-4,101325,2500,7207,515,0xf,False,0x0
1783145087.439,2101,2101,482761,4,1,10,-49,34,1091,1,3,3,101325,2500,7207,490,0xf,False,0x0
1783145087.639,2102,2102,482962,4,1,20,-4,27,971,-2,-3,-1,101325,2500,7207,493,0xf,False,0x0
1783145087.846,2103,2103,483169,4,1,12,-22,-17,853,-3,4,1,101325,2500,7207,519,0xf,False,0x0
1783145088.047,2104,2104,483369,4,1,6,1,27,1069,3,4,-5,101325,2500,7207,500,0xf,False,0x0
1783145088.249,2105,2105,483572,4,1,-11,54,-1,985,-5,5,-5,101325,2500,7207,520,0xf,False,0x0
1783145088.450,2106,2106,483773,4,1,-20,27,-5,895,-1,-1,4,101325,2500,7207,481,0xf,False,0x0
1783145088.661,2107,2107,483983,4,1,13,-53,-35,989,4,-1,5,101325,2500,7207,483,0xf,False,0x0
1783145089.063,2109,2109,484386,4,1,-20,-16,44,979,4,-1,2,101325,2500,7207,480,0xf,False,0x0
1783145089.264,2110,2110,484586,4,1,-6,36,43,981,-4,2,0,101325,2500,7207,518,0xf,False,0x0
1783145089.464,2111,2111,484787,4,1,10,27,23,878,4,5,0,101325,2500,7207,516,0xf,False,0x0
1783145089.666,2112,2112,484988,4,1,-15,28,53,977,-1,-3,3,101325,2500,7207,515,0xf,False,0x0
1783145089.866,2113,2113,485189,4,1,-15,57,10,1003,3,4,4,101325,2500,7206,500,0xf,False,0x0
1783145090.067,2114,2114,485390,4,1,-14,19,-24,964,1,-4,5,101325,2500,7206,483,0xf,False,0x0
1783145090.278,2115,2115,485600,4,1,5,50,35,1015,2,-2,2,101325,2500,7206,515,0xf,False,0x0
1783145090.681,2117,2117,486004,4,1,-13,-24,-31,1102,2,3,3,101325,2500,7206,510,0xf,False,0x0
1783145091.305,2120,2120,486628,4,1,3,15,-22,867,-4,-2,-3,101325,2500,7206,487,0xf,False,0x0
1783145091.507,2121,2121,486829,4,1,11,56,-32,1000,0,-5,-4,101325,2500,7206,515,0xf,False,0x0
1783145091.707,2122,2122,487030,4,1,-11,-31,-50,948,1,-3,-4,101325,2500,7206,512,0xf,False,0x0
1783145091.932,2123,2123,487255,4,1,18,-42,23,1044,0,-3,-2,101325,2500,7206,494,0xf,False,0x0
1783145092.133,2124,2124,487456,4,1,-14,-14,-25,983,-3,3,-5,101325,2500,7206,489,0xf,False,0x0
1783145092.349,2125,2125,487672,4,1,11,58,-29,987,4,3,3,101325,2500,7205,488,0xf,False,0x0
1783145092.550,2126,2126,487872,4,1,3,-45,48,921,1,5,-5,101325,2500,7205,503,0xf,False,0x0
1783145092.764,2127,2127,488086,4,1,4,8,48,980,1,4,-3,101325,2500,7205,519,0xf,False,0x0
1783145092.964,2128,2128,488287,4,1,-14,3,-42,969,1,1,2,101325,2500,7205,510,0xf,False,0x0
1783145093.165,2129,2129,488488,4,1,-13,58,-2,1050,-1,-3,-4,101325,2500,7205,505,0xf,False,0x0
1783145093.366,2130,2130,488688,4,1,9,-45,-35,1028,-5,-1,3,101325,2500,7205,484,0xf,False,0x0
1783145093.569,2131,2131,488891,4,1,-14,27,22,1151,-5,2,2,101325,2500,7205,511,0xf,False,0x0
1783145093.769,2132,2132,489092,4,1,-8,-33,21,923,4,0,0,101325,2500,7205,480,0xf,False,0x0
1783145093.975,2133,2133,489297,4,1,-8,31,-19,950,-1,5,-3,101325,2500,7205,507,0xf,False,0x0
1783145094.175,2134,2134,489498,4,1,-1,-1,21,910,2,1,-5,101325,2500,7205,511,0xf,False,0x0
1783145094.376,2135,2135,489698,4,1,13,-59,-48,1077,4,-5,3,101325,2500,7205,489,0xf,False,0x0
1783145094.577,2136,2136,489899,4,1,15,60,-42,974,-2,5,-1,101325,2500,7205,498,0xf,False,0x0
1783145094.826,2137,2137,490149,4,1,-3,43,-24,953,-4,2,0,101325,2500,7204,483,0xf,False,0x0
1783145095.027,2138,2138,490350,4,1,-17,30,-34,1072,-2,-3,-4,101325,2500,7204,480,0xf,False,0x0
1783145095.229,2139,2139,490552,4,1,-18,-18,-8,955,-1,-1,0,101325,2500,7204,509,0xf,False,0x0
1783145095.450,2140,2140,490773,4,1,-8,50,3,924,-2,-5,-4,101325,2500,7204,514,0xf,False,0x0
1783145095.691,2141,2141,491013,4,1,-7,-23,36,1068,4,-5,1,101325,2500,7204,499,0xf,False,0x0
1783145095.891,2142,2142,491214,4,1,16,10,-58,1071,2,3,-4,101325,2500,7204,497,0xf,False,0x0
1783145096.098,2143,2143,491420,4,1,-18,-8,50,1117,-2,-5,0,101325,2500,7204,514,0xf,False,0x0
1783145096.298,2144,2144,491621,4,1,16,-33,17,1035,-4,5,-1,101325,2500,7204,488,0xf,False,0x0
1783145096.522,2145,2145,491845,4,1,-7,-39,39,1134,0,5,-5,101325,2500,7204,509,0xf,False,0x0
1783145096.723,2146,2146,492045,4,1,-5,23,49,982,1,-2,-1,101325,2500,7204,505,0xf,False,0x0
1783145096.926,2147,2147,492249,4,1,14,1,33,961,-1,-2,0,101325,2500,7204,480,0xf,False,0x0
1783145097.127,2148,2148,492449,4,1,-11,53,15,905,5,0,0,101325,2500,7204,483,0xf,False,0x0
1783145097.328,2149,2149,492650,4,1,-15,-41,-46,1065,3,-4,0,101325,2500,7203,487,0xf,False,0x0
1783145097.528,2150,2150,492851,4,1,12,28,20,1029,-3,-5,2,101325,2500,7203,496,0xf,False,0x0
1783145097.732,2151,2151,493054,4,1,-2,28,-43,1051,3,0,0,101325,2500,7203,520,0xf,False,0x0
1783145098.132,2153,2153,493455,4,1,-7,1,-58,1096,2,-4,2,101325,2500,7203,503,0xf,False,0x0
1783145098.404,2154,2154,493726,4,1,19,0,53,856,4,0,-5,101325,2500,7203,511,0xf,False,0x0
1783145098.605,2155,2155,493927,4,1,-20,-58,-43,941,4,-2,3,101325,2500,7203,505,0xf,False,0x0
1783145098.806,2156,2156,494128,4,1,-5,-52,23,949,-1,4,4,101325,2500,7203,491,0xf,False,0x0
1783145099.006,2157,2157,494329,4,1,19,12,-22,1093,2,-2,-5,101325,2500,7203,493,0xf,False,0x0
1783145099.318,2158,2158,494640,4,1,14,-18,-34,1129,-4,5,4,101325,2500,7203,491,0xf,False,0x0
1783145099.518,2159,2159,494841,4,1,-7,-18,-26,956,-1,0,-4,101325,2500,7203,482,0xf,False,0x0
1783145099.729,2160,2160,495052,4,1,18,-53,45,1051,-4,2,-3,101325,2500,7202,508,0xf,False,0x0
1783145099.929,2161,2161,495252,4,1,12,-7,-8,955,0,-2,-4,101325,2500,7202,488,0xf,False,0x0
1783145100.196,2162,2162,495518,4,1,12,25,41,1049,1,1,1,101325,2500,7202,520,0xf,False,0x0
1783145100.396,2163,2163,495719,4,1,1,25,-15,1062,5,2,-1,101325,2500,7202,501,0xf,False,0x0
1783145100.609,2164,2164,495931,4,1,-18,17,-10,1008,4,0,-2,101325,2500,7202,507,0xf,False,0x0
1783145100.809,2165,2165,496131,4,1,19,3,5,1062,-1,5,2,101325,2500,7202,519,0xf,False,0x0
1783145101.017,2166,2166,496339,4,1,16,10,-46,938,-4,2,0,101325,2500,7202,504,0xf,False,0x0
1783145101.218,2167,2167,496540,4,1,-19,9,-31,1068,-1,3,0,101325,2500,7202,497,0xf,False,0x0
1783145101.425,2168,2168,496748,4,1,3,-32,-14,872,3,0,3,101325,2500,7202,498,0xf,False,0x0
1783145101.626,2169,2169,496949,4,1,1,47,60,1078,-4,3,-5,101325,2500,7202,507,0xf,False,0x0
1783145101.833,2170,2170,497156,4,1,2,-2,-31,1043,-4,1,1,101325,2500,7202,499,0xf,False,0x0
1783145102.034,2171,2171,497357,4,1,8,32,40,1031,0,2,5,101325,2500,7202,484,0xf,False,0x0
1783145102.241,2172,2172,497564,4,1,17,3,31,890,-3,-4,-3,101325,2500,7201,518,0xf,False,0x0
1783145102.442,2173,2173,497765,4,1,-6,-35,-9,945,0,-1,3,101325,2500,7201,503,0xf,False,0x0
1783145102.651,2174,2174,497973,4,1,9,-6,7,1066,-4,-3,5,101325,2500,7201,510,0xf,False,0x0
1783145102.851,2175,2175,498174,4,1,0,-56,47,1003,-3,-3,1,101325,2500,7201,520,0xf,False,0x0
1783145103.052,2176,2176,498375,4,1,-5,-14,55,1066,5,-1,-2,101325,2500,7201,511,0xf,False,0x0
1783145103.253,2177,2177,498575,4,1,6,59,11,1015,-1,-5,-2,101325,2500,7201,510,0xf,False,0x0
1783145103.453,2178,2178,498776,4,1,-1,-29,-51,1078,-1,4,5,101325,2500,7201,518,0xf,False,0x0
1783145103.716,2179,2179,499038,4,1,13,-31,-42,998,-2,0,-2,101325,2500,7201,487,0xf,False,0x0
1783145103.917,2180,2180,499239,4,1,-10,-56,57,939,1,-4,-4,101325,2500,7201,514,0xf,False,0x0
1783145104.118,2181,2181,499440,4,1,0,29,43,1053,-3,5,-5,101325,2500,7201,495,0xf,False,0x0
1783145104.318,2182,2182,499641,4,1,20,-21,25,1046,0,-4,1,101325,2500,7201,515,0xf,False,0x0
1783145104.529,2183,2183,499851,4,1,4,38,-11,885,4,2,4,101325,2500,7201,482,0xf,False,0x0
1783145104.729,2184,2184,500052,4,1,-2,1,12,1123,5,4,1,101325,2500,7200,506,0xf,False,0x0
1783145104.931,2185,2185,500253,4,1,-15,-19,36,1019,-2,4,-4,101325,2500,7200,480,0xf,False,0x0
1783145105.131,2186,2186,500454,4,1,0,29,29,1064,5,-1,1,101325,2500,7200,511,0xf,False,0x0
1783145105.340,2187,2187,500663,4,1,-2,-11,-32,996,0,-3,-3,101325,2500,7200,495,0xf,False,0x0
1783145105.540,2188,2188,500863,4,1,-3,6,13,1031,-3,0,-2,101325,2500,7200,510,0xf,False,0x0
1783145105.742,2189,2189,501064,4,1,-14,-58,-21,941,-5,5,4,101325,2500,7200,511,0xf,False,0x0
1783145105.942,2190,2190,501265,4,1,-9,-49,0,1115,5,5,2,101325,2500,7200,504,0xf,False,0x0
1783145106.143,2191,2191,501466,4,1,13,-23,-50,1124,4,-1,1,101325,2500,7200,520,0xf,False,0x0
1783145106.343,2192,2192,501666,4,1,6,8,-6,995,-1,-5,2,101325,2500,7200,499,0xf,False,0x0
1783145106.574,2193,2193,501896,4,1,5,9,-34,919,5,2,5,101325,2500,7200,500,0xf,False,0x0
1783145106.774,2194,2194,502097,4,1,-18,-60,-25,938,-4,-4,1,101325,2500,7200,517,0xf,False,0x0
1783145106.976,2195,2195,502299,4,1,-13,13,-7,1047,-3,3,4,101325,2500,7200,493,0xf,False,0x0
1783145107.177,2196,2196,502499,4,1,1,0,12,1032,3,-2,3,101325,2500,7200,501,0xf,False,0x0
1783145107.381,2197,2197,502703,4,1,15,47,-28,1023,-1,-2,1,101325,2500,7199,490,0xf,False,0x0
1783145107.582,2198,2198,502905,4,1,-5,54,39,976,3,5,-2,101325,2500,7199,483,0xf,False,0x0
1783145107.789,2199,2199,503111,4,1,10,2,28,977,-2,5,5,101325,2500,7199,517,0xf,False,0x0
1783145107.989,2200,2200,503312,4,1,-1,59,16,971,2,-4,-4,101325,2500,7199,490,0xf,False,0x0
1783145108.197,2201,2201,503520,4,1,10,-47,-46,997,2,-3,0,101325,2500,7199,492,0xf,False,0x0
1783145108.398,2202,2202,503720,4,1,18,-5,-18,854,-2,2,-3,101325,2500,7199,498,0xf,False,0x0
1783145108.599,2203,2203,503922,4,1,-20,35,51,979,5,2,2,101325,2500,7199,498,0xf,False,0x0
1783145108.868,2204,2204,504191,4,1,17,-47,54,954,-2,1,-1,101325,2500,7199,520,0xf,False,0x0
1783145109.069,2205,2205,504391,4,1,11,34,-15,947,5,-1,-2,101325,2500,7199,513,0xf,False,0x0
1783145109.476,2207,2207,504798,4,1,0,-18,-57,1020,4,5,-5,101325,2500,7199,502,0xf,False,0x0
1783145109.677,2208,2208,505000,4,1,14,11,-18,928,-1,5,-4,101325,2500,7198,505,0xf,False,0x0
1783145109.878,2209,2209,505200,4,1,-4,-33,-31,950,-5,3,-4,101325,2500,7198,504,0xf,False,0x0
1783145110.104,2210,2210,505427,4,1,-20,-2,26,1070,2,0,1,101325,2500,7198,516,0xf,False,0x0
1783145110.305,2211,2211,505628,4,1,3,-58,-45,1062,3,-3,-1,101325,2500,7198,485,0xf,False,0x0
1783145110.512,2212,2212,505835,4,1,-5,20,-41,998,-1,-5,3,101325,2500,7198,501,0xf,False,0x0
1783145110.713,2213,2213,506035,4,1,0,16,-57,1109,-2,-2,-4,101325,2500,7198,506,0xf,False,0x0
1783145110.926,2214,2214,506248,4,1,-13,54,10,1116,2,-1,1,101325,2500,7198,491,0xf,False,0x0
1783145111.126,2215,2215,506449,4,1,-17,-37,-23,948,1,5,3,101325,2500,7198,512,0xf,False,0x0
1783145111.328,2216,2216,506650,4,1,-17,-58,-24,957,-2,4,0,101325,2500,7198,503,0xf,False,0x0
1783145111.528,2217,2217,506850,4,1,-10,0,-15,959,1,5,3,101325,2500,7198,485,0xf,False,0x0
1783145111.730,2218,2218,507053,4,1,9,4,-32,999,-3,-3,-5,101325,2500,7198,509,0xf,False,0x0
1783145111.930,2219,2219,507253,4,1,13,59,-59,1124,-3,4,2,101325,2500,7198,495,0xf,False,0x0
1783145112.133,2220,2220,507456,4,1,-7,-47,43,1074,-1,2,-2,101325,2500,7198,481,0xf,False,0x0
1783145112.334,2221,2221,507656,4,1,-11,-15,17,967,-5,5,-5,101325,2500,7197,480,0xf,False,0x0
1783145112.535,2222,2222,507857,4,1,-10,34,12,931,-3,-3,-5,101325,2500,7197,485,0xf,False,0x0
1783145112.799,2223,2223,508121,4,1,1,9,-11,903,1,3,2,101325,2500,7197,510,0xf,False,0x0
1783145113.000,2224,2224,508322,4,1,19,7,-11,1001,3,0,5,101325,2500,7197,498,0xf,False,0x0
1783145113.204,2225,2225,508526,4,1,-11,-24,-52,1024,0,-1,2,101325,2500,7197,504,0xf,False,0x0
1783145113.404,2226,2226,508727,4,1,-8,-19,12,1072,-4,4,4,101325,2500,7197,494,0xf,False,0x0
1783145113.605,2227,2227,508928,4,1,10,-14,28,1048,0,5,-1,101325,2500,7197,509,0xf,False,0x0
1783145113.806,2228,2228,509128,4,1,19,23,57,947,5,0,2,101325,2500,7197,483,0xf,False,0x0
1783145114.016,2229,2229,509338,4,1,18,-56,7,878,1,4,-1,101325,2500,7197,482,0xf,False,0x0
1783145114.216,2230,2230,509539,4,1,19,19,36,1081,-3,-1,-4,101325,2500,7197,516,0xf,False,0x0
1783145114.431,2231,2231,509754,4,1,16,30,-49,957,2,2,5,101325,2500,7197,519,0xf,False,0x0
1783145114.632,2232,2232,509955,4,1,-1,21,-49,899,4,-3,5,101325,2500,7197,518,0xf,False,0x0
1783145114.836,2233,2233,510158,4,1,-18,60,27,1062,-3,1,1,101325,2500,7196,512,0xf,False,0x0
1783145115.036,2234,2234,510359,4,1,-14,-17,-3,944,-1,-4,2,101325,2500,7196,506,0xf,False,0x0
1783145115.253,2235,2235,510576,4,1,-20,47,-24,1029,-5,4,-3,101325,2500,7196,507,0xf,False,0x0
1783145115.454,2236,2236,510776,4,1,13,13,2,1106,5,2,-4,101325,2500,7196,496,0xf,False,0x0
1783145115.654,2237,2237,510977,4,1,-7,55,7,1069,1,3,-3,101325,2500,7196,490,0xf,False,0x0
1783145115.857,2238,2238,511179,4,1,2,56,51,1139,2,-1,-5,101325,2500,7196,486,0xf,False,0x0
1783145116.060,2239,2239,511382,4,1,-8,24,-34,1096,3,0,5,101325,2500,7196,502,0xf,False,0x0
1783145116.316,2240,2240,511638,4,1,13,-20,14,1002,2,4,-3,101325,2500,7196,510,0xf,False,0x0
1783145116.516,2241,2241,511839,4,1,-11,-22,-26,972,1,1,4,101325,2500,7196,494,0xf,False,0x0
1783145116.719,2242,2242,512042,4,1,-5,35,-46,977,4,0,4,101325,2500,7196,510,0xf,False,0x0
1783145116.920,2243,2243,512243,4,1,19,-10,59,967,3,-4,2,101325,2500,7196,499,0xf,False,0x0
1783145117.132,2244,2244,512454,4,1,-4,-56,-45,895,5,-3,0,101325,2500,7196,498,0xf,False,0x0
1783145117.332,2245,2245,512655,4,1,5,37,29,1042,-1,-4,-3,101325,2500,7195,493,0xf,False,0x0
1783145117.681,2246,2246,513003,4,1,-19,14,-27,980,2,5,-5,101325,2500,7195,505,0xf,False,0x0
1783145117.881,2247,2247,513204,4,1,-9,59,29,1062,1,5,-1,101325,2500,7195,518,0xf,False,0x0
1783145118.088,2248,2248,513411,4,1,15,-36,-2,925,4,0,-2,101325,2500,7195,501,0xf,False,0x0
1783145118.289,2249,2249,513611,4,1,-15,-32,19,1017,4,-3,-3,101325,2500,7195,484,0xf,False,0x0
1783145118.505,2250,2250,513827,4,1,13,-43,-4,960,-5,5,-1,101325,2500,7195,494,0xf,False,0x0
1783145118.705,2251,2251,514028,4,1,12,56,-33,1039,3,5,0,101325,2500,7195,518,0xf,False,0x0
1783145118.911,2252,2252,514233,4,1,-1,6,-35,1046,3,-1,4,101325,2500,7195,481,0xf,False,0x0
1783145119.318,2254,2254,514640,4,1,2,-57,4,1006,5,-2,0,101325,2500,7195,485,0xf,False,0x0
1783145119.518,2255,2255,514840,4,1,16,6,-31,983,-4,-2,-5,101325,2500,7195,506,0xf,False,0x0
1783145119.718,2256,2256,515041,4,1,-17,-4,-49,1015,-3,-5,4,101325,2500,7194,519,0xf,False,0x0
1783145119.919,2257,2257,515241,4,1,-15,7,-60,1037,4,-4,-3,101325,2500,7194,480,0xf,False,0x0
1783145120.125,2258,2258,515448,4,1,-7,17,4,882,0,-1,-5,101325,2500,7194,492,0xf,False,0x0
1783145120.326,2259,2259,515648,4,1,13,-56,-46,1082,5,1,3,101325,2500,7194,511,0xf,False,0x0
1783145120.530,2260,2260,515853,4,1,5,58,20,922,-2,-4,-1,101325,2500,7194,486,0xf,False,0x0
1783145120.731,2261,2261,516054,4,1,7,35,-55,988,-3,-1,2,101325,2500,7194,492,0xf,False,0x0
1783145120.932,2262,2262,516255,4,1,-8,-28,18,1068,-3,4,1,101325,2500,7194,518,0xf,False,0x0
1783145121.133,2263,2263,516455,4,1,-3,29,28,993,4,-4,-5,101325,2500,7194,482,0xf,False,0x0
1783145121.363,2264,2264,516686,4,1,3,7,9,1007,-2,2,-1,101325,2500,7194,496,0xf,False,0x0
1783145121.564,2265,2265,516886,4,1,-5,3,4,1087,3,-4,1,101325,2500,7194,500,0xf,False,0x0
1783145121.765,2266,2266,517087,4,1,-1,15,50,1032,-3,-3,-2,101325,2500,7194,511,0xf,False,0x0
1783145121.965,2267,2267,517288,4,1,10,40,-49,1027,2,-4,0,101325,2500,7194,498,0xf,False,0x0
1783145122.166,2268,2268,517489,4,1,2,52,40,970,5,4,2,101325,2500,7194,500,0xf,False,0x0
1783145122.771,2271,2271,518093,4,1,13,-31,33,1083,5,0,-4,101325,2500,7193,502,0xf,False,0x0
1783145122.975,2272,2272,518298,4,1,-10,-59,-43,1059,0,-5,2,101325,2500,7193,499,0xf,False,0x0
1783145123.176,2273,2273,518499,4,1,-15,32,15,1030,1,-3,5,101325,2500,7193,497,0xf,False,0x0
1783145123.384,2274,2274,518707,4,1,3,57,-40,1084,-4,1,2,101325,2500,7193,486,0xf,False,0x0
1783145123.584,2275,2275,518907,4,1,0,14,9,1009,-3,-1,-4,101325,2500,7193,510,0xf,False,0x0
1783145123.787,2276,2276,519109,4,1,-17,-12,-8,1153,-4,-1,0,101325,2500,7193,491,0xf,False,0x0
1783145123.987,2277,2277,519310,4,1,19,-14,-59,951,3,2,-2,101325,2500,7193,483,0xf,False,0x0
1783145124.190,2278,2278,519512,4,1,5,9,9,1048,5,1,-2,101325,2500,7193,519,0xf,False,0x0
1783145124.390,2279,2279,519713,4,1,14,-18,7,938,4,5,-2,101325,2500,7193,486,0xf,False,0x0
1783145124.595,2280,2280,519917,4,1,18,51,-12,929,-5,4,-4,101325,2500,7193,493,0xf,False,0x0
1783145124.796,2281,2281,520118,4,1,-17,12,6,976,0,-4,-4,101325,2500,7192,491,0xf,False,0x0
1783145124.996,2282,2282,520319,4,1,16,-42,-11,1013,-4,-4,-1,101325,2500,7192,489,0xf,False,0x0
1783145125.257,2283,2283,520579,4,1,-17,45,-6,892,2,-3,-1,101325,2500,7192,505,0xf,False,0x0
1783145125.663,2285,2285,520985,4,1,-7,-56,-46,998,-4,0,3,101325,2500,7192,519,0xf,False,0x0
1783145125.863,2286,2286,521186,4,1,8,29,12,887,-3,0,-5,101325,2500,7192,511,0xf,False,0x0
1783145126.076,2287,2287,521398,4,1,8,-32,13,933,4,-5,4,101325,2500,7192,490,0xf,False,0x0
1783145126.276,2288,2288,521599,4,1,-12,58,-22,887,4,2,-4,101325,2500,7192,513,0xf,False,0x0
1783145126.483,2289,2289,521805,4,1,20,-37,-47,1089,2,2,-5,101325,2500,7192,511,0xf,False,0x0
1783145126.684,2290,2290,522006,4,1,-16,-53,-6,980,-2,0,1,101325,2500,7192,489,0xf,False,0x0
1783145126.903,2291,2291,522225,4,1,3,-11,44,959,5,-3,0,101325,2500,7192,486,0xf,False,0x0
1783145127.103,2292,2292,522425,4,1,-20,16,-1,997,4,-5,1,101325,2500,7192,506,0xf,False,0x0
1783145127.305,2293,2293,522628,4,1,18,-22,40,1070,1,-4,2,101325,2500,7191,508,0xf,False,0x0
1783145127.506,2294,2294,522828,4,1,-15,-60,-31,979,4,4,-5,101325,2500,7191,485,0xf,False,0x0
1783145127.712,2295,2295,523034,4,1,-7,56,19,989,-1,4,4,101325,2500,7191,495,0xf,False,0x0
1783145127.912,2296,2296,523235,4,1,2,25,-37,1029,-2,1,4,101325,2500,7191,510,0xf,False,0x0
1783145128.113,2297,2297,523436,4,1,-19,17,30,947,2,4,2,101325,2500,7191,511,0xf,False,0x0
1783145128.315,2298,2298,523638,4,1,-4,-46,-31,1043,3,3,-2,101325,2500,7191,500,0xf,False,0x0
1783145128.516,2299,2299,523839,4,1,0,-10,-55,1002,-3,2,-4,101325,2500,7191,484,0xf,False,0x0
1783145128.783,2300,2300,524105,4,1,20,47,-49,1092,-3,-3,-3,101325,2500,7191,520,0xf,False,0x0
1783145128.984,2301,2301,524306,4,1,3,-37,-35,908,-4,5,-5,101325,2500,7191,483,0xf,False,0x0
1783145129.203,2302,2302,524525,4,1,8,-4,14,955,4,2,4,101325,2500,7191,496,0xf,False,0x0
1783145129.403,2303,2303,524726,4,1,15,-25,26,1078,0,-5,3,101325,2500,7191,491,0xf,False,0x0
1783145129.605,2304,2304,524927,4,1,19,-50,-45,1032,5,2,0,101325,2500,7191,503,0xf,False,0x0
1783145129.821,2305,2305,525144,4,1,10,-3,15,936,-3,-5,-2,101325,2500,7190,496,0xf,False,0x0
1783145130.021,2306,2306,525344,4,1,6,-1,8,873,-5,-1,0,101325,2500,7190,485,0xf,False,0x0
1783145130.235,2307,2307,525557,4,1,-10,-10,48,1037,2,-2,4,101325,2500,7190,505,0xf,False,0x0
1783145130.435,2308,2308,525758,4,1,12,59,-37,960,5,-2,-5,101325,2500,7190,496,0xf,False,0x0
1783145130.640,2309,2309,525963,4,1,-7,53,-12,1062,1,2,-5,101325,2500,7190,486,0xf,False,0x0
1783145130.841,2310,2310,526164,4,1,-20,-29,33,983,2,1,3,101325,2500,7190,485,0xf,False,0x0
1783145131.043,2311,2311,526365,4,1,-5,49,0,1024,-4,-3,3,101325,2500,7190,509,0xf,False,0x0
1783145131.243,2312,2312,526566,4,1,2,45,-31,915,3,2,-4,101325,2500,7190,485,0xf,False,0x0
1783145131.444,2313,2313,526767,4,1,-4,-3,-15,1135,3,5,2,101325,2500,7190,505,0xf,False,0x0
1783145131.645,2314,2314,526967,4,1,8,-10,-3,1011,3,3,-2,101325,2500,7190,506,0xf,False,0x0
1783145131.849,2315,2315,527172,4,1,9,-54,11,978,5,-5,1,101325,2500,7190,503,0xf,False,0x0
1783145132.072,2316,2316,527395,4,1,6,42,29,1058,3,4,-2,101325,2500,7190,491,0xf,False,0x0
1783145132.280,2317,2317,527603,4,1,-3,-48,-10,1029,5,-4,-1,101325,2500,7189,492,0xf,False,0x0
1783145132.480,2318,2318,527803,4,1,12,20,-2,1082,4,1,-3,101325,2500,7189,501,0xf,False,0x0
1783145132.686,2319,2319,528009,4,1,11,56,43,1055,1,1,-5,101325,2500,7189,490,0xf,False,0x0
1783145132.887,2320,2320,528210,4,1,-11,-45,-14,1149,2,-3,-4,101325,2500,7189,506,0xf,False,0x0
1783145133.089,2321,2321,528412,4,1,14,21,15,951,-2,5,2,101325,2500,7189,482,0xf,False,0x0
1783145133.290,2322,2322,528612,4,1,12,26,19,1062,0,-5,-4,101325,2500,7189,506,0xf,False,0x0
1783145133.490,2323,2323,528812,4,1,-17,-41,-58,1027,-2,-1,3,101325,2500,7189,516,0xf,False,0x0
1783145133.718,2324,2324,529040,4,1,-1,35,27,960,0,4,-5,101325,2500,7189,492,0xf,False,0x0
1783145133.918,2325,2325,529241,4,1,12,-57,59,1034,3,5,2,101325,2500,7189,494,0xf,False,0x0
1783145134.122,2326,2326,529445,4,1,2,33,44,943,4,-2,2,101325,2500,7189,484,0xf,False,0x0
1783145134.323,2327,2327,529646,4,1,7,-7,-39,1029,-4,2,5,101325,2500,7189,484,0xf,False,0x0
1783145134.526,2328,2328,529849,4,1,3,-41,-31,861,-3,-2,-3,101325,2500,7189,482,0xf,False,0x0
1783145134.739,2329,2329,530061,4,1,1,11,46,1107,-4,2,5,101325,2500,7188,494,0xf,False,0x0
1783145134.939,2330,2330,530262,4,1,17,-54,-14,1138,-2,-5,-2,101325,2500,7188,486,0xf,False,0x0
1783145135.140,2331,2331,530462,4,1,-9,-24,-8,866,2,1,4,101325,2500,7188,512,0xf,False,0x0
1783145135.411,2332,2332,530733,4,1,-11,29,33,929,0,2,-1,101325,2500,7188,499,0xf,False,0x0
1783145135.612,2333,2333,530935,4,1,-8,49,-54,1083,0,-3,4,101325,2500,7188,500,0xf,False,0x0
1783145135.813,2334,2334,531136,4,1,0,6,-21,965,-4,3,1,101325,2500,7188,495,0xf,False,0x0
1783145136.014,2335,2335,531337,4,1,-8,-33,38,1030,1,-1,-1,101325,2500,7188,507,0xf,False,0x0
1783145136.217,2336,2336,531539,4,1,-20,-16,23,1072,-5,5,4,101325,2500,7188,509,0xf,False,0x0
1783145136.417,2337,2337,531739,4,1,10,-44,51,1122,-4,-3,-2,101325,2500,7188,517,0xf,False,0x0
1783145136.618,2338,2338,531941,4,1,-15,-38,30,1004,5,2,-5,101325,2500,7188,490,0xf,False,0x0
1783145136.819,2339,2339,532141,4,1,-18,-39,-13,901,-1,-4,-1,101325,2500,7188,480,0xf,False,0x0
1783145137.048,2340,2340,532370,4,1,-5,3,60,1062,-5,3,2,101325,2500,7188,483,0xf,False,0x0
1783145137.272,2341,2341,532594,4,1,-3,-42,5,914,4,-2,-3,101325,2500,7187,511,0xf,False,0x0
1783145137.473,2342,2342,532796,4,1,15,28,21,860,-5,1,-1,101325,2500,7187,503,0xf,False,0x0
1783145137.673,2343,2343,532996,4,1,-14,-58,-20,1030,-4,3,3,101325,2500,7187,480,0xf,False,0x0
1783145137.957,2344,2344,533279,4,1,13,-12,-36,896,-5,-2,1,101325,2500,7187,498,0xf,False,0x0
1783145138.157,2345,2345,533480,4,1,-19,-14,18,1091,1,0,-3,101325,2500,7187,501,0xf,False,0x0
1783145138.359,2346,2346,533682,4,1,-10,22,16,983,5,5,5,101325,2500,7187,502,0xf,False,0x0
1783145138.560,2347,2347,533882,4,1,0,54,54,878,-5,-5,1,101325,2500,7187,506,0xf,False,0x0
1783145138.763,2348,2348,534085,4,1,-20,34,30,1079,5,-5,3,101325,2500,7187,493,0xf,False,0x0
1783145138.963,2349,2349,534286,4,1,19,52,-36,948,-5,-5,4,101325,2500,7187,520,0xf,False,0x0
1783145139.175,2350,2350,534498,4,1,-3,39,1,890,-4,-1,4,101325,2500,7187,491,0xf,False,0x0
1783145139.375,2351,2351,534698,4,1,-16,37,-3,1029,4,-4,4,101325,2500,7187,491,0xf,False,0x0
1783145139.585,2352,2352,534908,4,1,-12,48,-53,1056,-1,1,-3,101325,2500,7187,488,0xf,False,0x0
1783145139.785,2353,2353,535108,4,1,1,13,-9,951,-1,4,-2,101325,2500,7186,513,0xf,False,0x0
1783145140.193,2355,2355,535516,4,1,3,-17,1,921,1,-4,5,101325,2500,7186,497,0xf,False,0x0
1783145140.395,2356,2356,535718,4,1,13,-31,-12,910,-5,0,-2,101325,2500,7186,484,0xf,False,0x0
1783145140.596,2357,2357,535919,4,1,5,1,27,929,5,0,4,101325,2500,7186,485,0xf,False,0x0
1783145140.999,2359,2359,536321,4,1,-16,-8,-20,978,5,3,4,101325,2500,7186,496,0xf,False,0x0
1783145141.200,2360,2360,536522,4,1,-7,-14,-15,1084,3,1,-2,101325,2500,7186,512,0xf,False,0x0
1783145141.443,2361,2361,536766,4,1,14,-2,-13,1139,-4,4,-5,101325,2500,7186,519,0xf,False,0x0
1783145141.644,2362,2362,536967,4,1,10,-33,49,1021,-1,0,-3,101325,2500,7186,482,0xf,False,0x0
1783145141.849,2363,2363,537171,4,1,-2,37,-39,878,-5,5,0,101325,2500,7186,496,0xf,False,0x0
1783145142.049,2364,2364,537372,4,1,18,17,-19,1031,2,-3,2,101325,2500,7186,511,0xf,False,0x0
1783145142.250,2365,2365,537573,4,1,6,-10,-39,1057,5,4,-1,101325,2500,7185,514,0xf,False,0x0
1783145142.451,2366,2366,537773,4,1,12,6,33,938,3,1,2,101325,2500,7185,482,0xf,False,0x0
1783145142.658,2367,2367,537981,4,1,0,32,-24,923,-4,-1,0,101325,2500,7185,506,0xf,False,0x0
1783145142.859,2368,2368,538181,4,1,-20,46,42,1042,4,-3,4,101325,2500,7185,518,0xf,False,0x0
1783145143.093,2369,2369,538416,4,1,17,39,22,967,4,5,4,101325,2500,7185,494,0xf,False,0x0
1783145143.295,2370,2370,538617,4,1,16,-13,31,1076,3,4,-1,101325,2500,7185,500,0xf,False,0x0
1783145143.495,2371,2371,538817,4,1,-5,52,33,1053,4,-5,1,101325,2500,7185,480,0xf,False,0x0
1783145143.773,2372,2372,539095,4,1,0,-12,-57,904,-4,3,3,101325,2500,7185,480,0xf,False,0x0
1783145143.973,2373,2373,539296,4,1,11,1,-41,876,-1,2,3,101325,2500,7185,499,0xf,False,0x0
1783145144.196,2374,2374,539519,4,1,1,26,-22,959,-3,5,1,101325,2500,7185,502,0xf,False,0x0
1783145144.397,2375,2375,539719,4,1,10,8,28,1146,-4,-4,1,101325,2500,7185,492,0xf,False,0x0
1783145144.603,2376,2376,539925,4,1,-7,23,-2,949,0,-3,-4,101325,2500,7185,497,0xf,False,0x0
1783145144.812,2377,2377,540135,4,1,-12,-30,21,992,2,3,-5,101325,2500,7184,493,0xf,False,0x0
1783145145.014,2378,2378,540336,4,1,4,-16,-39,871,-1,5,3,101325,2500,7184,514,0xf,False,0x0
1783145145.221,2379,2379,540544,4,1,-8,-8,-54,1025,-5,5,5,101325,2500,7184,489,0xf,False,0x0
1783145145.422,2380,2380,540745,4,1,13,0,46,1068,-5,-2,-4,101325,2500,7184,493,0xf,False,0x0
1783145145.623,2381,2381,540946,4,1,-14,-50,-26,915,5,1,2,101325,2500,7184,496,0xf,False,0x0
1783145145.823,2382,2382,541146,4,1,-12,56,49,1063,4,5,1,101325,2500,7184,506,0xf,False,0x0
1783145146.029,2383,2383,541351,4,1,15,-42,32,868,-1,1,-5,101325,2500,7184,514,0xf,False,0x0
1783145146.229,2384,2384,541552,4,1,12,43,-4,1063,1,2,3,101325,2500,7184,484,0xf,False,0x0
1783145146.437,2385,2385,541760,4,1,7,11,-60,991,-1,2,3,101325,2500,7184,520,0xf,False,0x0
1783145146.637,2386,2386,541960,4,1,2,-25,28,894,3,5,-5,101325,2500,7184,492,0xf,False,0x0
1783145146.838,2387,2387,542161,4,1,-9,60,15,896,-3,-5,2,101325,2500,7184,485,0xf,False,0x0
1783145147.091,2388,2388,542414,4,1,-17,-56,19,980,0,-3,4,101325,2500,7184,503,0xf,False,0x0
1783145147.292,2389,2389,542614,4,1,11,-58,-31,1090,2,0,5,101325,2500,7183,493,0xf,False,0x0
1783145147.493,2390,2390,542816,4,1,14,-50,-38,1108,3,-4,-2,101325,2500,7183,517,0xf,False,0x0
1783145147.694,2391,2391,543016,4,1,12,10,-56,1082,5,-1,3,101325,2500,7183,500,0xf,False,0x0
1783145147.896,2392,2392,543219,4,1,-14,44,-40,916,1,-5,2,101325,2500,7183,498,0xf,False,0x0
1783145148.097,2393,2393,543419,4,1,-1,1,56,1100,-1,2,1,101325,2500,7183,503,0xf,False,0x0
1783145148.317,2394,2394,543639,4,1,15,43,36,953,5,-1,-2,101325,2500,7183,502,0xf,False,0x0
1783145148.518,2395,2395,543840,4,1,-7,5,47,1012,1,5,4,101325,2500,7183,506,0xf,False,0x0
1783145148.727,2396,2396,544049,4,1,-6,-23,-42,1021,5,5,-1,101325,2500,7183,488,0xf,False,0x0
1783145148.927,2397,2397,544250,4,1,1,-5,-29,889,0,1,3,101325,2500,7183,507,0xf,False,0x0
1783145149.147,2398,2398,544470,4,1,4,31,7,1025,1,1,-1,101325,2500,7183,484,0xf,False,0x0
1783145149.367,2399,2399,544690,4,1,-12,-7,-36,1084,-1,4,-2,101325,2500,7183,501,0xf,False,0x0
1783145149.577,2400,2400,544900,4,1,14,24,31,930,-1,5,-3,101325,2500,7183,504,0xf,False,0x0
1783145149.778,2401,2401,545100,4,1,-15,20,-39,1021,-1,2,1,101325,2500,7182,489,0xf,False,0x0
1783145149.985,2402,2402,545307,4,1,-18,-39,-22,955,5,-5,-1,101325,2500,7182,496,0xf,False,0x0
1783145150.185,2403,2403,545508,4,1,9,-2,49,1162,-2,1,4,101325,2500,7182,504,0xf,False,0x0
1783145150.386,2404,2404,545709,4,1,-9,49,-45,1033,4,-4,0,101325,2500,7182,501,0xf,False,0x0
1783145150.587,2405,2405,545909,4,1,-12,55,49,906,1,-5,3,101325,2500,7182,507,0xf,False,0x0
1783145150.795,2406,2406,546118,4,1,-3,-25,21,955,-3,-5,3,101325,2500,7182,482,0xf,False,0x0
1783145150.996,2407,2407,546319,4,1,-1,60,-17,1143,2,-2,4,101325,2500,7182,511,0xf,False,0x0
1783145151.197,2408,2408,546520,4,1,-3,4,-3,1119,3,3,2,101325,2500,7182,486,0xf,False,0x0
1783145151.399,2409,2409,546722,4,1,7,50,-55,1059,-4,0,5,101325,2500,7182,498,0xf,False,0x0
1783145151.599,2410,2410,546922,4,1,4,39,47,987,1,-1,-5,101325,2500,7182,495,0xf,False,0x0
1783145151.858,2411,2411,547180,4,1,20,-34,10,1018,-2,-3,3,101325,2500,7182,495,0xf,False,0x0
1783145152.058,2412,2412,547381,4,1,16,21,-37,1059,5,-3,3,101325,2500,7182,481,0xf,False,0x0
1783145152.292,2413,2413,547614,4,1,6,38,-3,1012,1,5,3,101325,2500,7181,514,0xf,False,0x0
1783145152.492,2414,2414,547814,4,1,-1,56,58,949,-4,4,1,101325,2500,7181,505,0xf,False,0x0
1783145152.693,2415,2415,548015,4,1,-8,59,60,1043,3,-5,-4,101325,2500,7181,504,0xf,False,0x0
1783145152.893,2416,2416,548215,4,1,15,46,4,1002,-1,1,-5,101325,2500,7181,508,0xf,False,0x0
1783145153.094,2417,2417,548417,4,1,4,-22,7,918,-2,2,-3,101325,2500,7181,501,0xf,False,0x0
1783145153.295,2418,2418,548617,4,1,-14,37,-35,1084,1,4,-3,101325,2500,7181,485,0xf,False,0x0
1783145153.523,2419,2419,548846,4,1,1,17,6,1088,2,0,0,101325,2500,7181,510,0xf,False,0x0
1783145153.724,2420,2420,549046,4,1,-15,-57,-52,1051,5,2,0,101325,2500,7181,506,0xf,False,0x0
1783145153.925,2421,2421,549247,4,1,-1,36,4,1094,-5,4,2,101325,2500,7181,504,0xf,False,0x0
1783145154.125,2422,2422,549447,4,1,17,26,39,895,1,4,0,101325,2500,7181,496,0xf,False,0x0
1783145154.346,2423,2423,549668,4,1,-14,-8,59,884,-3,-3,-5,101325,2500,7181,497,0xf,False,0x0
1783145154.626,2424,2424,549948,4,1,-3,23,51,1066,0,0,-1,101325,2500,7181,493,0xf,False,0x0
1783145154.886,2425,2425,550209,4,1,-15,16,-16,950,-4,-1,4,101325,2500,7180,488,0xf,False,0x0
1783145155.175,2426,2426,550497,4,1,13,52,19,950,-5,-4,2,101325,2500,7180,516,0xf,False,0x0
1783145155.447,2427,2427,550769,4,1,13,-17,-56,1055,0,2,0,101325,2500,7180,493,0xf,False,0x0
1783145155.655,2428,2428,550977,4,1,8,-44,46,1081,-4,-4,3,101325,2500,7180,490,0xf,False,0x0
1783145155.855,2429,2429,551178,4,1,15,59,37,961,5,3,2,101325,2500,7180,497,0xf,False,0x0
1783145156.067,2430,2430,551390,4,1,13,43,11,996,0,3,1,101325,2500,7180,491,0xf,False,0x0
1783145156.267,2431,2431,551590,4,1,15,-28,13,1021,-5,2,2,101325,2500,7180,518,0xf,False,0x0
1783145156.490,2432,2432,551813,4,1,19,-37,29,889,-2,-2,3,101325,2500,7180,511,0xf,False,0x0
1783145156.691,2433,2433,552013,4,1,5,-45,54,992,1,2,-1,101325,2500,7180,509,0xf,False,0x0
1783145156.907,2434,2434,552229,4,1,13,-46,-24,1053,3,-5,-3,101325,2500,7180,517,0xf,False,0x0
1783145157.107,2435,2435,552430,4,1,7,-26,-44,1045,-2,-2,3,101325,2500,7180,509,0xf,False,0x0
1783145157.309,2436,2436,552631,4,1,7,59,-5,900,5,2,2,101325,2500,7179,492,0xf,False,0x0
1783145157.509,2437,2437,552832,4,1,-18,15,45,922,3,-3,3,101325,2500,7179,490,0xf,False,0x0
1783145157.715,2438,2438,553038,4,1,10,-30,-54,865,5,-3,1,101325,2500,7179,497,0xf,False,0x0
1783145157.916,2439,2439,553239,4,1,18,5,-22,928,-2,4,-2,101325,2500,7179,498,0xf,False,0x0
1783145158.117,2440,2440,553440,4,1,-6,-8,-57,934,5,1,-3,101325,2500,7179,509,0xf,False,0x0
1783145158.317,2441,2441,553640,4,1,4,-46,36,909,1,-5,1,101325,2500,7179,481,0xf,False,0x0
1783145158.525,2442,2442,553848,4,1,-2,-13,15,996,1,-2,0,101325,2500,7179,487,0xf,False,0x0
1783145158.932,2444,2444,554254,4,1,-9,-4,60,1055,3,1,-4,101325,2500,7179,496,0xf,False,0x0
1783145159.132,2445,2445,554455,4,1,2,6,-42,907,3,0,4,101325,2500,7179,502,0xf,False,0x0
1783145159.336,2446,2446,554659,4,1,0,33,-60,1126,2,-3,-1,101325,2500,7179,489,0xf,False,0x0
1783145159.740,2448,2448,555063,4,1,6,-9,-51,956,-4,5,0,101325,2500,7178,481,0xf,False,0x0
1783145159.941,2449,2449,555264,4,1,10,56,-60,964,5,1,5,101325,2500,7178,510,0xf,False,0x0
1783145160.143,2450,2450,555466,4,1,4,-30,17,1093,5,-2,-1,101325,2500,7178,480,0xf,False,0x0
1783145160.344,2451,2451,555667,4,1,1,51,43,858,5,0,-1,101325,2500,7178,486,0xf,False,0x0
1783145160.545,2452,2452,555867,4,1,15,-12,-8,997,3,3,2,101325,2500,7178,485,0xf,False,0x0
1783145160.807,2453,2453,556129,4,1,-12,6,50,968,-2,-5,2,101325,2500,7178,482,0xf,False,0x0
1783145161.009,2454,2454,556331,4,1,15,54,-25,907,-5,-1,-5,101325,2500,7178,504,0xf,False,0x0
1783145161.260,2455,2455,556583,4,1,19,3,-57,986,5,1,3,101325,2500,7178,511,0xf,False,0x0
1783145161.461,2456,2456,556783,4,1,19,-36,9,1005,1,-4,4,101325,2500,7178,500,0xf,False,0x0
1783145161.663,2457,2457,556986,4,1,-2,-6,52,920,1,-4,-4,101325,2500,7178,519,0xf,False,0x0
1783145161.864,2458,2458,557187,4,1,-5,-19,-34,915,2,3,1,101325,2500,7178,500,0xf,False,0x0
1783145162.265,2460,2460,557587,4,1,18,-2,-22,1016,-3,1,-2,101325,2500,7177,483,0xf,False,0x0
1783145162.466,2461,2461,557789,4,1,19,11,-16,1011,2,-1,2,101325,2500,7177,518,0xf,False,0x0
1783145162.667,2462,2462,557989,4,1,17,-27,-31,1052,-1,-3,-2,101325,2500,7177,489,0xf,False,0x0
1783145162.869,2463,2463,558191,4,1,14,-34,0,1052,4,-3,4,101325,2500,7177,513,0xf,False,0x0
1783145163.148,2464,2464,558471,4,1,7,9,20,944,3,4,3,101325,2500,7177,496,0xf,False,0x0
1783145163.349,2465,2465,558671,4,1,-6,-49,-51,1006,2,3,1,101325,2500,7177,518,0xf,False,0x0
1783145163.606,2466,2466,558929,4,1,16,-56,52,878,-1,-3,-2,101325,2500,7177,489,0xf,False,0x0
1783145163.807,2467,2467,559130,4,1,-1,-29,26,979,-5,-2,0,101325,2500,7177,482,0xf,False,0x0
1783145164.020,2468,2468,559343,4,1,-1,-55,4,928,4,-5,5,101325,2500,7177,517,0xf,False,0x0
1783145164.220,2469,2469,559543,4,1,19,23,-58,969,1,2,0,101325,2500,7177,511,0xf,False,0x0
1783145164.627,2471,2471,559950,4,1,10,-58,-56,932,-2,-3,-4,101325,2500,7177,504,0xf,False,0x0
1783145164.831,2472,2472,560153,4,1,-1,36,-46,1035,-3,2,3,101325,2500,7176,514,0xf,False,0x0
1783145165.031,2473,2473,560354,4,1,18,57,33,1021,-5,-2,4,101325,2500,7176,516,0xf,False,0x0
1783145165.232,2474,2474,560554,4,1,-4,-3,-51,1102,-2,-4,0,101325,2500,7176,499,0xf,False,0x0
1783145165.656,2476,2476,560979,4,1,-17,39,51,957,2,-1,0,101325,2500,7176,504,0xf,False,0x0
1783145165.858,2477,2477,561181,4,1,20,-12,52,1096,2,2,1,101325,2500,7176,502,0xf,False,0x0
1783145166.059,2478,2478,561381,4,1,19,-40,32,1006,-1,5,-1,101325,2500,7176,519,0xf,False,0x0
1783145166.259,2479,2479,561582,4,1,14,-53,-53,1047,-2,2,-1,101325,2500,7176,507,0xf,False,0x0
1783145166.460,2480,2480,561782,4,1,-10,15,-13,1139,1,4,5,101325,2500,7176,500,0xf,False,0x0
1783145166.667,2481,2481,561990,4,1,3,-35,-60,1041,-5,4,1,101325,2500,7176,508,0xf,False,0x0
1783145166.868,2482,2482,562191,4,1,-17,17,-30,1012,-4,0,-3,101325,2500,7176,497,0xf,False,0x0
1783145167.069,2483,2483,562391,4,1,8,6,52,988,3,4,1,101325,2500,7176,480,0xf,False,0x0
1783145167.317,2484,2484,562639,4,1,2,-22,1,1097,2,4,-2,101325,2500,7175,503,0xf,False,0x0
1783145167.518,2485,2485,562840,4,1,-15,-2,-10,883,-1,1,-4,101325,2500,7175,501,0xf,False,0x0
1783145167.753,2486,2486,563076,4,1,6,-11,19,1071,3,-3,0,101325,2500,7175,495,0xf,False,0x0
1783145167.954,2487,2487,563276,4,1,-15,-39,-22,996,-3,-2,-1,101325,2500,7175,515,0xf,False,0x0
1783145168.167,2488,2488,563489,4,1,0,4,-42,1038,3,0,1,101325,2500,7175,489,0xf,False,0x0
1783145168.367,2489,2489,563690,4,1,10,-14,17,1040,-2,-4,-4,101325,2500,7175,486,0xf,False,0x0
1783145168.568,2490,2490,563891,4,1,17,49,-13,950,5,1,-2,101325,2500,7175,488,0xf,False,0x0
1783145168.970,2492,2492,564293,4,1,14,45,52,874,-5,1,0,101325,2500,7175,495,0xf,False,0x0
1783145169.171,2493,2493,564494,4,1,-6,21,33,1043,-5,3,2,101325,2500,7175,516,0xf,False,0x0
1783145169.372,2494,2494,564695,4,1,20,-44,10,878,-1,2,-2,101325,2500,7175,507,0xf,False,0x0
1783145169.572,2495,2495,564895,4,1,13,-46,-58,1054,-3,0,-1,101325,2500,7175,485,0xf,False,0x0
1783145169.795,2496,2496,565117,4,1,-3,-12,43,948,4,4,1,101325,2500,7174,507,0xf,False,0x0
1783145169.996,2497,2497,565318,4,1,17,18,-28,1007,-4,2,3,101325,2500,7174,509,0xf,False,0x0
1783145170.196,2498,2498,565519,4,1,19,45,-20,1020,2,-1,-4,101325,2500,7174,501,0xf,False,0x0
1783145170.459,2499,2499,565781,4,1,-1,-53,22,1018,-3,2,-3,101325,2500,7174,482,0xf,False,0x0
1783145170.879,2501,2501,566201,4,1,14,-54,25,996,1,1,-5,101325,2500,7174,487,0xf,False,0x0
1783145171.079,2502,2502,566401,4,1,19,25,-49,928,5,1,2,101325,2500,7174,483,0xf,False,0x0
1783145171.481,2504,2504,566804,4,1,5,12,-35,959,2,5,-1,101325,2500,7174,520,0xf,False,0x0
1783145171.886,2506,2506,567209,4,1,4,-38,-59,1052,2,-3,-5,101325,2500,7174,506,0xf,False,0x0
1783145172.087,2507,2507,567409,4,1,5,33,58,1062,1,-4,-1,101325,2500,7174,519,0xf,False,0x0
1783145172.320,2508,2508,567642,4,1,-16,37,5,1017,2,-3,-3,101325,2500,7173,494,0xf,False,0x0
1783145172.520,2509,2509,567843,4,1,20,-31,41,1027,-1,0,-5,101325,2500,7173,497,0xf,False,0x0
1783145172.723,2510,2510,568046,4,1,16,-8,17,873,-2,2,-5,101325,2500,7173,498,0xf,False,0x0
1783145172.924,2511,2511,568246,4,1,-13,8,-55,1057,1,-4,5,101325,2500,7173,506,0xf,False,0x0
1783145173.128,2512,2512,568451,4,1,14,4,36,910,1,-1,-3,101325,2500,7173,520,0xf,False,0x0
1783145173.789,2515,2515,569112,4,1,-5,-34,12,972,-5,0,-2,101325,2500,7173,493,0xf,False,0x0
1783145173.990,2516,2516,569312,4,1,-16,-8,-18,1009,5,1,-2,101325,2500,7173,507,0xf,False,0x0
1783145174.402,2518,2518,569725,4,1,-14,-36,-9,936,1,-3,3,101325,2500,7173,514,0xf,False,0x0
1783145174.608,2519,2519,569930,4,1,-11,30,-49,1104,-1,2,-5,101325,2500,7173,492,0xf,False,0x0
1783145174.809,2520,2520,570131,4,1,-13,38,7,1060,-5,-5,3,101325,2500,7172,511,0xf,False,0x0
1783145175.010,2521,2521,570333,4,1,11,-41,53,929,-3,4,-3,101325,2500,7172,492,0xf,False,0x0
1783145175.211,2522,2522,570534,4,1,20,26,-2,887,2,0,5,101325,2500,7172,491,0xf,False,0x0
1783145175.499,2523,2523,570821,4,1,-8,60,28,1053,-5,2,2,101325,2500,7172,495,0xf,False,0x0
1783145175.699,2524,2524,571022,4,1,-9,34,-29,1020,-1,5,-3,101325,2500,7172,505,0xf,False,0x0
1783145175.903,2525,2525,571225,4,1,-16,-33,55,1116,3,4,3,101325,2500,7172,488,0xf,False,0x0
1783145176.103,2526,2526,571426,4,1,-15,-21,-59,986,-1,3,2,101325,2500,7172,483,0xf,False,0x0
1783145176.316,2527,2527,571638,4,1,20,7,-2,1012,-1,-3,-3,101325,2500,7172,514,0xf,False,0x0
1783145176.516,2528,2528,571839,4,1,19,-14,-5,1082,-1,2,-1,101325,2500,7172,517,0xf,False,0x0
1783145176.719,2529,2529,572042,4,1,-19,-35,33,1061,-3,0,3,101325,2500,7172,481,0xf,False,0x0
1783145176.920,2530,2530,572242,4,1,18,26,-55,1100,-4,-4,-3,101325,2500,7172,520,0xf,False,0x0
1783145177.126,2531,2531,572448,4,1,8,-17,47,938,5,3,-1,101325,2500,7172,486,0xf,False,0x0
1783145177.326,2532,2532,572649,4,1,6,47,-56,994,-1,4,-5,101325,2500,7171,498,0xf,False,0x0
1783145177.758,2534,2534,573079,4,1,-1,-55,-14,992,5,1,2,101325,2500,7171,514,0xf,False,0x0
1783145177.963,2535,2535,573285,4,1,16,6,49,986,0,-1,-5,101325,2500,7171,498,0xf,False,0x0
1783145178.163,2536,2536,573486,4,1,18,-60,41,989,5,-2,-4,101325,2500,7171,501,0xf,False,0x0
1783145178.627,2538,2538,573949,4,1,-13,31,-38,1103,2,2,0,101325,2500,7171,501,0xf,False,0x0
1783145178.832,2539,2539,574155,4,1,1,-20,45,868,-5,2,4,101325,2500,7171,500,0xf,False,0x0
1783145179.033,2540,2540,574356,4,1,0,-48,58,1039,-3,2,-3,101325,2500,7171,480,0xf,False,0x0
1783145179.318,2541,2541,574640,4,1,-10,57,-40,1030,1,1,5,101325,2500,7171,496,0xf,False,0x0
1783145179.518,2542,2542,574840,4,1,11,-33,51,1013,0,-1,2,101325,2500,7171,483,0xf,False,0x0
1783145179.731,2543,2543,575054,4,1,15,15,-37,1036,-3,3,-2,101325,2500,7170,482,0xf,False,0x0
1783145179.948,2544,2544,575271,4,1,4,50,-23,1040,-2,1,-2,101325,2500,7170,485,0xf,False,0x0
1783145180.168,2545,2545,575491,4,1,-9,49,35,936,-1,4,1,101325,2500,7170,484,0xf,False,0x0
1783145180.368,2546,2546,575691,4,1,15,30,-26,853,-5,-2,-5,101325,2500,7170,507,0xf,False,0x0
1783145180.569,2547,2547,575891,4,1,11,-49,-59,1042,-1,2,-3,101325,2500,7170,493,0xf,False,0x0
1783145180.769,2548,2548,576092,4,1,19,-55,-21,879,-4,-2,4,101325,2500,7170,481,0xf,False,0x0
1783145180.979,2549,2549,576301,4,1,-5,1,-8,1063,-1,2,5,101325,2500,7170,510,0xf,False,0x0
1783145181.179,2550,2550,576501,4,1,-10,-17,6,897,1,-5,-2,101325,2500,7170,486,0xf,False,0x0
1783145181.382,2551,2551,576704,4,1,-16,46,-46,868,-3,2,-1,101325,2500,7170,487,0xf,False,0x0
1783145181.582,2552,2552,576905,4,1,3,9,35,1082,5,2,0,101325,2500,7170,489,0xf,False,0x0
1783145181.783,2553,2553,577106,4,1,-6,2,51,1155,-3,2,1,101325,2500,7170,511,0xf,False,0x0
1783145181.983,2554,2554,577306,4,1,-14,40,34,931,5,5,2,101325,2500,7170,501,0xf,False,0x0
1783145182.187,2555,2555,577510,4,1,20,8,-24,1079,2,4,3,101325,2500,7169,501,0xf,False,0x0
1783145182.388,2556,2556,577710,4,1,-11,22,54,851,-5,-4,-4,101325,2500,7169,512,0xf,False,0x0
1783145182.589,2557,2557,577912,4,1,-18,-27,60,1015,3,0,-2,101325,2500,7169,503,0xf,False,0x0
1783145182.789,2558,2558,578112,4,1,10,6,-15,1053,3,-4,1,101325,2500,7169,493,0xf,False,0x0
1783145182.990,2559,2559,578312,4,1,20,-51,42,1032,2,-1,4,101325,2500,7169,483,0xf,False,0x0
1783145183.244,2560,2560,578566,4,1,19,3,6,1029,-5,1,1,101325,2500,7169,496,0xf,False,0x0
1783145183.444,2561,2561,578767,4,1,-6,58,59,897,-1,-2,-3,101325,2500,7169,480,0xf,False,0x0
1783145183.662,2562,2562,578984,4,1,5,0,-49,1111,-3,-5,1,101325,2500,7169,501,0xf,False,0x0
1783145183.862,2563,2563,579185,4,1,-1,-26,46,1030,-1,-2,-4,101325,2500,7169,518,0xf,False,0x0
1783145184.064,2564,2564,579387,4,1,5,21,0,994,5,3,5,101325,2500,7169,501,0xf,False,0x0
1783145184.265,2565,2565,579588,4,1,-11,4,20,1023,-4,1,4,101325,2500,7169,497,0xf,False,0x0
1783145184.466,2566,2566,579788,4,1,-16,1,-60,957,3,2,1,101325,2500,7169,490,0xf,False,0x0
1783145184.666,2567,2567,579989,4,1,-15,33,16,1153,-1,-5,-5,101325,2500,7169,496,0xf,False,0x0
1783145184.867,2568,2568,580190,4,1,11,35,32,1070,4,-5,-2,101325,2500,7168,487,0xf,False,0x0
1783145185.089,2569,2569,580412,4,1,17,42,10,962,2,-1,-2,101325,2500,7168,491,0xf,False,0x0
1783145185.289,2570,2570,580612,4,1,-3,1,7,911,5,0,3,101325,2500,7168,492,0xf,False,0x0
1783145185.491,2571,2571,580814,4,1,-15,9,43,985,-2,0,-4,101325,2500,7168,488,0xf,False,0x0
1783145185.692,2572,2572,581014,4,1,9,55,-43,947,-1,0,1,101325,2500,7168,489,0xf,False,0x0
1783145185.901,2573,2573,581223,4,1,-11,43,-19,1083,4,0,2,101325,2500,7168,501,0xf,False,0x0
1783145186.101,2574,2574,581423,4,1,13,44,-26,1043,0,-2,4,101325,2500,7168,487,0xf,False,0x0
1783145186.305,2575,2575,581627,4,1,9,26,-57,984,0,1,-1,101325,2500,7168,512,0xf,False,0x0
1783145186.505,2576,2576,581828,4,1,-17,51,-42,1041,4,5,4,101325,2500,7168,502,0xf,False,0x0
1783145186.712,2577,2577,582034,4,1,10,-59,-7,1089,3,-3,-2,101325,2500,7168,494,0xf,False,0x0
1783145186.913,2578,2578,582235,4,1,4,-54,-54,998,1,2,3,101325,2500,7168,489,0xf,False,0x0
1783145187.331,2580,2580,582654,4,1,-5,39,57,934,-3,1,1,101325,2500,7167,510,0xf,False,0x0
1783145187.533,2581,2581,582856,4,1,14,12,-4,959,5,0,5,101325,2500,7167,494,0xf,False,0x0
1783145187.734,2582,2582,583057,4,1,-2,38,-38,925,1,-4,-1,101325,2500,7167,491,0xf,False,0x0
1783145187.938,2583,2583,583261,4,1,-18,54,59,1077,-2,-3,-5,101325,2500,7167,497,0xf,False,0x0
1783145188.139,2584,2584,583461,4,1,8,-22,13,958,1,1,-5,101325,2500,7167,513,0xf,False,0x0
1783145188.340,2585,2585,583663,4,1,-19,57,-31,954,-1,-2,-3,101325,2500,7167,498,0xf,False,0x0
1783145188.541,2586,2586,583863,4,1,-14,-55,-17,995,3,-1,-3,101325,2500,7167,492,0xf,False,0x0
1783145188.744,2587,2587,584067,4,1,10,31,32,946,-2,-4,4,101325,2500,7167,511,0xf,False,0x0
1783145188.945,2588,2588,584267,4,1,14,27,-26,916,-2,-1,3,101325,2500,7167,505,0xf,False,0x0
1783145189.145,2589,2589,584468,4,1,15,2,-32,1090,2,4,2,101325,2500,7167,507,0xf,False,0x0
1783145189.346,2590,2590,584668,4,1,20,-3,-13,1090,-3,4,-3,101325,2500,7167,494,0xf,False,0x0
1783145189.546,2591,2591,584869,4,1,16,47,-41,1095,-3,2,0,101325,2500,7167,517,0xf,False,0x0
1783145189.823,2592,2592,585145,4,1,0,50,11,1096,-5,5,-5,101325,2500,7166,489,0xf,False,0x0
1783145190.023,2593,2593,585346,4,1,-17,-25,3,1024,5,0,-1,101325,2500,7166,516,0xf,False,0x0
1783145190.225,2594,2594,585547,4,1,-5,32,1,954,2,5,-2,101325,2500,7166,480,0xf,False,0x0
1783145190.426,2595,2595,585748,4,1,18,-47,-17,1045,-5,0,3,101325,2500,7166,491,0xf,False,0x0
1783145190.628,2596,2596,585951,4,1,6,57,-17,977,2,0,-2,101325,2500,7166,490,0xf,False,0x0
1783145190.829,2597,2597,586151,4,1,13,2,-11,1038,5,5,5,101325,2500,7166,491,0xf,False,0x0
1783145191.030,2598,2598,586352,4,1,-9,-2,48,1100,-1,4,-3,101325,2500,7166,510,0xf,False,0x0
1783145191.230,2599,2599,586553,4,1,-10,-45,4,1014,2,3,5,101325,2500,7166,517,0xf,False,0x0
1783145191.460,2600,2600,586782,4,1,12,26,-24,1043,3,-1,0,101325,2500,7166,498,0xf,False,0x0
1783145191.661,2601,2601,586983,4,1,-19,-47,-47,932,3,5,1,101325,2500,7166,493,0xf,False,0x0
1783145191.881,2602,2602,587203,4,1,-7,31,46,1067,3,-2,4,101325,2500,7166,504,0xf,False,0x0
1783145192.084,2603,2603,587406,4,1,-10,-34,4,925,-1,1,-1,101325,2500,7166,485,0xf,False,0x0
1783145192.290,2604,2604,587612,4,1,-17,-56,-4,1047,-3,0,5,101325,2500,7165,512,0xf,False,0x0
1783145192.492,2605,2605,587814,4,1,8,22,-12,967,-1,4,-4,101325,2500,7165,511,0xf,False,0x0
1783145192.702,2606,2606,588024,4,1,3,10,-4,1132,-1,-4,1,101325,2500,7165,517,0xf,False,0x0
1783145193.105,2608,2608,588427,4,1,-8,16,-7,985,3,-4,2,101325,2500,7165,483,0xf,False,0x0
1783145193.306,2609,2609,588629,4,1,-17,-15,-10,1057,-3,1,1,101325,2500,7165,494,0xf,False,0x0
1783145193.573,2610,2610,588896,4,1,2,-9,-10,1116,2,-3,0,101325,2500,7165,506,0xf,False,0x0
1783145193.775,2611,2611,589097,4,1,-14,-45,-42,1094,-4,3,4,101325,2500,7165,496,0xf,False,0x0
1783145194.013,2612,2612,589335,4,1,10,44,-35,1016,3,2,-2,101325,2500,7165,502,0xf,False,0x0
1783145194.213,2613,2613,589536,4,1,2,-30,-20,1130,-1,0,5,101325,2500,7165,507,0xf,False,0x0
1783145194.415,2614,2614,589737,4,1,-1,27,31,955,-5,4,-5,101325,2500,7165,502,0xf,False,0x0
1783145194.615,2615,2615,589938,4,1,-1,-57,-35,881,2,5,-2,101325,2500,7165,517,0xf,False,0x0
1783145194.825,2616,2616,590147,4,1,17,24,-30,1128,1,4,-2,101325,2500,7164,504,0xf,False,0x0
1783145195.026,2617,2617,590349,4,1,12,56,-2,959,-5,-2,0,101325,2500,7164,518,0xf,False,0x0
1783145195.230,2618,2618,590553,4,1,-11,-38,46,1108,5,4,5,101325,2500,7164,481,0xf,False,0x0
1783145195.430,2619,2619,590753,4,1,7,24,-60,920,3,4,-3,101325,2500,7164,506,0xf,False,0x0
1783145195.833,2621,2621,591156,4,1,-11,1,-10,986,-2,1,0,101325,2500,7164,510,0xf,False,0x0
1783145196.085,2622,2622,591407,4,1,15,51,24,1011,3,1,-4,101325,2500,7164,483,0xf,False,0x0
1783145196.285,2623,2623,591607,4,1,-9,-30,-6,1062,-1,-3,-1,101325,2500,7164,492,0xf,False,0x0
1783145196.486,2624,2624,591808,4,1,16,9,-39,991,2,-3,3,101325,2500,7164,510,0xf,False,0x0
1783145196.687,2625,2625,592009,4,1,14,-49,4,1044,-1,-3,-3,101325,2500,7164,520,0xf,False,0x0
1783145196.887,2626,2626,592209,4,1,4,-44,6,1139,-1,-4,5,101325,2500,7164,512,0xf,False,0x0
1783145197.479,2627,2627,592802,4,1,-15,-16,60,1002,-1,1,-1,101325,2500,7163,503,0xf,False,0x0
1783145197.681,2628,2628,593004,4,1,5,7,47,949,-5,2,-3,101325,2500,7163,483,0xf,False,0x0
1783145198.176,2629,2629,593499,4,1,-10,20,59,928,3,-1,-3,101325,2500,7163,500,0xf,False,0x0
1783145198.445,2630,2630,593768,4,1,13,-21,-5,940,2,2,-4,101325,2500,7163,480,0xf,False,0x0
1783145198.910,2631,2631,594233,4,1,2,-5,28,892,1,-4,0,101325,2500,7163,511,0xf,False,0x0
1783145199.155,2632,2632,594477,4,1,-4,14,-22,910,3,1,-1,101325,2500,7163,506,0xf,False,0x0
1783145199.355,2633,2633,594678,4,1,20,-21,0,859,0,1,-5,101325,2500,7163,496,0xf,False,0x0
1783145200.828,2634,2634,596151,4,1,-12,46,-55,1010,-2,-4,4,101325,2500,7162,503,0xf,False,0x0
1783145201.176,2635,2635,596498,4,1,12,32,-55,1021,5,5,-2,101325,2500,7162,494,0xf,False,0x0
1783145201.379,2636,2636,596702,4,1,13,-27,41,872,0,-5,3,101325,2500,7162,495,0xf,False,0x0
1783145201.582,2637,2637,596904,4,1,18,-11,27,898,1,1,0,101325,2500,7162,510,0xf,False,0x0
1783145201.800,2638,2638,597122,4,1,-4,56,40,1124,-4,-1,0,101325,2500,7162,504,0xf,False,0x0
1783145202.117,2639,2639,597440,4,1,-7,-51,-3,966,5,0,4,101325,2500,7162,498,0xf,False,0x0
1783145202.324,2640,2640,597646,4,1,-13,-22,34,1059,-1,5,-3,101325,2500,7161,509,0xf,False,0x0
1783145202.525,2641,2641,597847,4,1,4,-10,-48,1033,-3,0,-4,101325,2500,7161,486,0xf,False,0x0
1783145202.726,2642,2642,598048,4,1,-15,-25,19,937,2,1,4,101325,2500,7161,490,0xf,False,0x0
1783145202.928,2643,2643,598250,4,1,3,39,36,952,3,-5,-3,101325,2500,7161,480,0xf,False,0x0
1783145203.335,2645,2645,598657,4,1,0,55,-2,1069,1,1,1,101325,2500,7161,508,0xf,False,0x0
1783145203.540,2646,2646,598862,4,1,-9,-3,16,1024,-1,1,-3,101325,2500,7161,494,0xf,False,0x0
1783145203.814,2647,2647,599137,4,1,15,-17,-35,969,2,-2,-3,101325,2500,7161,500,0xf,False,0x0
1783145204.015,2648,2648,599338,4,1,6,-7,58,976,4,-4,-2,101325,2500,7161,495,0xf,False,0x0
1783145204.221,2649,2649,599543,4,1,-20,-1,-23,1004,-3,-1,-5,101325,2500,7161,487,0xf,False,0x0
1783145204.422,2650,2650,599744,4,1,-14,-16,13,1124,2,3,0,101325,2500,7161,488,0xf,False,0x0
1783145204.626,2651,2651,599948,4,1,6,57,-19,985,5,-4,-3,101325,2500,7161,518,0xf,False,0x0
1783145204.828,2652,2652,600151,4,1,9,48,-19,957,2,-2,1,101325,2500,7160,519,0xf,False,0x0
1783145205.058,2653,2653,600380,4,1,-17,-42,-11,1106,5,-4,-3,101325,2500,7160,502,0xf,False,0x0
1783145205.258,2654,2654,600581,4,1,20,54,-31,1039,-1,3,2,101325,2500,7160,502,0xf,False,0x0
1783145205.471,2655,2655,600794,4,1,3,-39,-60,923,4,3,-2,101325,2500,7160,512,0xf,False,0x0
1783145205.672,2656,2656,600995,4,1,-5,55,10,1130,-3,-3,-1,101325,2500,7160,485,0xf,False,0x0
1783145205.874,2657,2657,601197,4,1,-1,8,-34,925,-3,5,-4,101325,2500,7160,481,0xf,False,0x0
1783145206.074,2658,2658,601397,4,1,-20,29,-20,1084,-4,-3,5,101325,2500,7160,505,0xf,False,0x0
1783145206.279,2659,2659,601602,4,1,14,27,60,1017,5,2,-1,101325,2500,7160,505,0xf,False,0x0
1783145206.480,2660,2660,601802,4,1,9,51,20,1032,3,-4,-1,101325,2500,7160,503,0xf,False,0x0
1783145206.823,2661,2661,602145,4,1,-15,-56,-25,967,3,5,2,101325,2500,7160,487,0xf,False,0x0
1783145207.045,2662,2662,602368,4,1,5,43,16,1078,-3,-5,-5,101325,2500,7160,493,0xf,False,0x0
1783145207.285,2663,2663,602608,4,1,19,-42,-57,1103,4,-4,4,101325,2500,7159,492,0xf,False,0x0
1783145207.486,2664,2664,602808,4,1,-8,-37,57,1032,-3,4,5,101325,2500,7159,508,0xf,False,0x0
1783145207.699,2665,2665,603021,4,1,-15,-24,36,997,2,-4,-5,101325,2500,7159,500,0xf,False,0x0
1783145207.899,2666,2666,603222,4,1,15,-45,13,930,3,4,5,101325,2500,7159,506,0xf,False,0x0
1783145208.101,2667,2667,603424,4,1,0,-7,-29,923,-2,-3,-1,101325,2500,7159,490,0xf,False,0x0
1783145208.302,2668,2668,603625,4,1,-4,53,-1,949,-4,-4,-2,101325,2500,7159,514,0xf,False,0x0
1783145208.503,2669,2669,603825,4,1,6,-39,58,1038,5,4,2,101325,2500,7159,520,0xf,False,0x0
1783145208.703,2670,2670,604026,4,1,-12,-35,31,1077,-3,3,-4,101325,2500,7159,514,0xf,False,0x0
1783145208.906,2671,2671,604228,4,1,8,36,6,917,-5,1,-5,101325,2500,7159,501,0xf,False,0x0
1783145209.128,2672,2672,604451,4,1,-2,-23,52,1038,-4,1,2,101325,2500,7159,515,0xf,False,0x0
1783145209.328,2673,2673,604651,4,1,5,-16,26,1014,-3,0,4,101325,2500,7159,484,0xf,False,0x0
1783145209.530,2674,2674,604852,4,1,0,-23,-8,943,0,-5,-3,101325,2500,7159,508,0xf,False,0x0
1783145209.730,2675,2675,605052,4,1,-20,5,19,992,-3,-1,1,101325,2500,7158,505,0xf,False,0x0
1783145209.938,2676,2676,605261,4,1,13,-48,1,992,2,-1,3,101325,2500,7158,485,0xf,False,0x0
1783145210.139,2677,2677,605461,4,1,14,8,-7,1072,1,1,0,101325,2500,7158,488,0xf,False,0x0
1783145210.351,2678,2678,605674,4,1,16,31,42,875,1,-1,-5,101325,2500,7158,489,0xf,False,0x0
1783145210.552,2679,2679,605875,4,1,-19,-40,44,920,3,1,5,101325,2500,7158,494,0xf,False,0x0
1783145210.755,2680,2680,606078,4,1,12,-39,-9,1035,2,1,3,101325,2500,7158,483,0xf,False,0x0
1783145210.960,2681,2681,606283,4,1,-20,48,-16,1006,-2,2,3,101325,2500,7158,481,0xf,False,0x0
1783145211.168,2682,2682,606491,4,1,-8,5,39,1003,2,0,4,101325,2500,7158,500,0xf,False,0x0
1783145211.369,2683,2683,606692,4,1,-13,-25,14,944,-2,-3,5,101325,2500,7158,487,0xf,False,0x0
1783145211.586,2684,2684,606909,4,1,-16,-57,-15,948,3,2,4,101325,2500,7158,505,0xf,False,0x0
1783145211.787,2685,2685,607109,4,1,10,-49,-38,912,-1,-4,-2,101325,2500,7158,506,0xf,False,0x0
1783145212.001,2686,2686,607324,4,1,-8,13,-41,1057,-4,-1,-5,101325,2500,7158,500,0xf,False,0x0
1783145212.202,2687,2687,607524,4,1,-8,5,-12,1013,5,-5,3,101325,2500,7157,505,0xf,False,0x0
1783145212.407,2688,2688,607729,4,1,-9,36,-8,1094,0,-4,-3,101325,2500,7157,518,0xf,False,0x0
1783145212.607,2689,2689,607929,4,1,3,-30,-23,850,4,3,-4,101325,2500,7157,514,0xf,False,0x0
1783145212.808,2690,2690,608130,4,1,9,2,-42,894,-4,3,-4,101325,2500,7157,510,0xf,False,0x0
1783145213.089,2691,2691,608411,4,1,-17,-52,-5,1058,-1,-5,0,101325,2500,7157,513,0xf,False,0x0
1783145213.289,2692,2692,608612,4,1,17,27,-30,945,-1,2,-1,101325,2500,7157,506,0xf,False,0x0
1783145213.492,2693,2693,608815,4,1,-8,-55,-56,1022,-3,-2,3,101325,2500,7157,508,0xf,False,0x0
1783145213.693,2694,2694,609016,4,1,-11,25,-60,1154,-5,0,-4,101325,2500,7157,520,0xf,False,0x0
1783145213.898,2695,2695,609221,4,1,-8,15,-20,994,-5,4,-5,101325,2500,7157,490,0xf,False,0x0
1783145214.301,2697,2697,609623,4,1,13,-44,10,900,-1,-1,-5,101325,2500,7157,499,0xf,False,0x0
1783145214.501,2698,2698,609824,4,1,20,-29,-21,887,5,2,2,101325,2500,7157,481,0xf,False,0x0
1783145214.709,2699,2699,610031,4,1,18,10,7,1013,1,3,3,101325,2500,7156,495,0xf,False,0x0
1783145214.909,2700,2700,610232,4,1,0,-46,-42,1083,2,4,-1,101325,2500,7156,498,0xf,False,0x0
1783145215.123,2701,2701,610445,4,1,6,50,51,1036,-5,-4,5,101325,2500,7156,487,0xf,False,0x0
1783145215.323,2702,2702,610646,4,1,5,32,-26,976,1,1,0,101325,2500,7156,497,0xf,False,0x0
1783145215.729,2704,2704,611052,4,1,13,-46,15,1133,2,4,-2,101325,2500,7156,518,0xf,False,0x0
1783145215.935,2705,2705,611258,4,1,-2,52,26,928,2,5,-5,101325,2500,7156,506,0xf,False,0x0
1783145216.136,2706,2706,611458,4,1,-20,-54,-55,947,0,-2,-1,101325,2500,7156,482,0xf,False,0x0
1783145216.343,2707,2707,611666,4,1,-15,0,41,848,-4,4,-5,101325,2500,7156,497,0xf,False,0x0
1783145216.544,2708,2708,611867,4,1,11,23,11,1106,-3,1,0,101325,2500,7156,480,0xf,False,0x0
1783145216.745,2709,2709,612067,4,1,-16,7,-21,973,3,-3,-1,101325,2500,7156,510,0xf,False,0x0
1783145216.945,2710,2710,612268,4,1,-12,59,31,1009,0,3,0,101325,2500,7156,506,0xf,False,0x0
1783145217.167,2711,2711,612489,4,1,14,-15,-50,986,-1,-5,-3,101325,2500,7156,517,0xf,False,0x0
1783145217.367,2712,2712,612690,4,1,-8,-12,49,948,2,2,1,101325,2500,7155,515,0xf,False,0x0
1783145217.574,2713,2713,612897,4,1,-20,-4,-5,1006,0,0,2,101325,2500,7155,494,0xf,False,0x0
1783145217.775,2714,2714,613098,4,1,0,4,21,980,-4,-3,2,101325,2500,7155,498,0xf,False,0x0
1783145217.980,2715,2715,613303,4,1,7,-51,38,1030,-5,2,-2,101325,2500,7155,511,0xf,False,0x0
1783145218.181,2716,2716,613503,4,1,-12,13,-1,1077,-2,1,4,101325,2500,7155,500,0xf,False,0x0
1783145218.382,2717,2717,613705,4,1,4,-32,12,1050,0,-5,-3,101325,2500,7155,490,0xf,False,0x0
1783145218.583,2718,2718,613906,4,1,17,15,-14,1051,-4,4,5,101325,2500,7155,500,0xf,False,0x0
1783145218.785,2719,2719,614107,4,1,1,-10,-41,906,-5,5,3,101325,2500,7155,482,0xf,False,0x0
1783145218.987,2720,2720,614309,4,1,3,2,4,1096,0,4,-5,101325,2500,7155,502,0xf,False,0x0
1783145219.187,2721,2721,614510,4,1,-7,-5,52,1018,3,2,4,101325,2500,7155,520,0xf,False,0x0
1783145219.456,2722,2722,614779,4,1,-15,16,-53,1024,-1,3,4,101325,2500,7155,500,0xf,False,0x0
1783145219.656,2723,2723,614979,4,1,8,-60,18,959,4,-3,4,101325,2500,7155,513,0xf,False,0x0
1783145219.857,2724,2724,615180,4,1,5,49,-52,861,-1,-3,3,101325,2500,7154,488,0xf,False,0x0
1783145220.071,2725,2725,615393,4,1,1,46,55,981,0,2,-5,101325,2500,7154,518,0xf,False,0x0
1783145220.271,2726,2726,615594,4,1,3,-53,-27,1042,0,2,0,101325,2500,7154,485,0xf,False,0x0
1783145220.472,2727,2727,615795,4,1,-13,-30,53,1081,1,-1,4,101325,2500,7154,491,0xf,False,0x0
1783145220.674,2728,2728,615996,4,1,4,-16,-56,972,3,-3,-3,101325,2500,7154,501,0xf,False,0x0
1783145220.874,2729,2729,616197,4,1,12,-56,-56,1056,3,-2,-2,101325,2500,7154,509,0xf,False,0x0
1783145221.075,2730,2730,616398,4,1,-11,-40,-10,1086,-1,3,-2,101325,2500,7154,503,0xf,False,0x0
1783145221.276,2731,2731,616598,4,1,15,31,52,1032,-2,-3,0,101325,2500,7154,515,0xf,False,0x0
1783145221.476,2732,2732,616799,4,1,16,48,-9,1047,-2,-1,5,101325,2500,7154,495,0xf,False,0x0
1783145221.683,2733,2733,617005,4,1,2,-42,11,1005,4,-2,2,101325,2500,7154,503,0xf,False,0x0
1783145221.883,2734,2734,617206,4,1,12,53,4,997,-3,-5,4,101325,2500,7154,483,0xf,False,0x0
1783145222.085,2735,2735,617408,4,1,-12,10,0,986,3,3,-2,101325,2500,7154,513,0xf,False,0x0
1783145222.286,2736,2736,617608,4,1,12,43,27,1014,-2,-2,5,101325,2500,7153,506,0xf,False,0x0
1783145222.488,2737,2737,617810,4,1,-19,-42,50,944,-5,-4,-3,101325,2500,7153,511,0xf,False,0x0
1783145222.688,2738,2738,618011,4,1,13,-38,38,1066,-2,3,0,101325,2500,7153,500,0xf,False,0x0
1783145222.888,2739,2739,618211,4,1,-7,49,-37,910,-4,-1,-3,101325,2500,7153,499,0xf,False,0x0
1783145223.092,2740,2740,618414,4,1,-5,6,-53,1028,0,4,-5,101325,2500,7153,511,0xf,False,0x0
1783145223.300,2741,2741,618622,4,1,18,-30,-8,851,0,0,1,101325,2500,7153,503,0xf,False,0x0
1783145223.500,2742,2742,618823,4,1,0,-37,-39,893,2,-1,-4,101325,2500,7153,502,0xf,False,0x0
1783145223.717,2743,2743,619040,4,1,7,5,50,895,-3,0,-1,101325,2500,7153,517,0xf,False,0x0
1783145223.918,2744,2744,619241,4,1,1,8,-60,1025,5,3,0,101325,2500,7153,483,0xf,False,0x0
1783145224.190,2745,2745,619512,4,1,-6,-60,-13,1066,-2,-5,-1,101325,2500,7153,498,0xf,False,0x0
1783145224.390,2746,2746,619713,4,1,15,41,-54,1043,1,-5,-1,101325,2500,7153,499,0xf,False,0x0
1783145224.593,2747,2747,619916,4,1,15,30,-1,880,-5,0,-2,101325,2500,7153,491,0xf,False,0x0
1783145224.794,2748,2748,620116,4,1,-1,1,-40,1096,3,-1,4,101325,2500,7152,500,0xf,False,0x0
1783145225.003,2749,2749,620326,4,1,-5,-14,-45,945,2,3,-5,101325,2500,7152,507,0xf,False,0x0
1783145225.204,2750,2750,620526,4,1,13,-4,46,1082,3,-1,-1,101325,2500,7152,507,0xf,False,0x0
1783145225.419,2751,2751,620741,4,1,-13,-17,-32,1031,1,-1,-3,101325,2500,7152,504,0xf,False,0x0
1783145225.821,2753,2753,621144,4,1,5,-8,-8,1097,4,0,-4,101325,2500,7152,502,0xf,False,0x0
1783145226.022,2754,2754,621344,4,1,5,33,-2,1069,5,3,5,101325,2500,7152,520,0xf,False,0x0
1783145226.433,2756,2756,621754,4,1,-11,-13,-56,1074,0,5,-4,101325,2500,7152,499,0xf,False,0x0
1783145226.645,2757,2757,621968,4,1,5,-16,52,1004,2,-2,-1,101325,2500,7152,480,0xf,False,0x0
1783145226.846,2758,2758,622168,4,1,15,-52,-49,1140,4,5,2,101325,2500,7152,520,0xf,False,0x0
1783145227.055,2759,2759,622378,4,1,-19,0,10,972,0,5,-3,101325,2500,7152,487,0xf,False,0x0
1783145227.256,2760,2760,622578,4,1,14,-43,-57,878,5,4,-2,101325,2500,7151,493,0xf,False,0x0
1783145227.466,2761,2761,622788,4,1,-9,16,-42,1048,-3,3,5,101325,2500,7151,507,0xf,False,0x0
1783145227.666,2762,2762,622989,4,1,-8,35,-58,1061,-5,2,-4,101325,2500,7151,486,0xf,False,0x0
1783145227.867,2763,2763,623190,4,1,-2,14,-55,997,5,-3,-1,101325,2500,7151,502,0xf,False,0x0
1783145228.068,2764,2764,623390,4,1,20,46,46,1092,-1,-1,1,101325,2500,7151,512,0xf,False,0x0
1783145228.286,2765,2765,623609,4,1,6,-44,33,861,-5,5,3,101325,2500,7151,500,0xf,False,0x0
1783145228.487,2766,2766,623809,4,1,16,3,46,951,1,-2,1,101325,2500,7151,515,0xf,False,0x0
1783145228.691,2767,2767,624014,4,1,0,31,-53,886,-3,5,-3,101325,2500,7151,511,0xf,False,0x0
1783145228.892,2768,2768,624214,4,1,-2,-38,-31,1028,1,-1,5,101325,2500,7151,493,0xf,False,0x0
1783145229.109,2769,2769,624431,4,1,-4,-43,-28,863,4,-4,-3,101325,2500,7151,519,0xf,False,0x0
1783145229.309,2770,2770,624632,4,1,17,-8,-56,1045,1,2,2,101325,2500,7151,488,0xf,False,0x0
1783145229.513,2771,2771,624836,4,1,14,-55,-35,938,5,5,1,101325,2500,7151,515,0xf,False,0x0
1783145229.714,2772,2772,625037,4,1,14,-13,-49,1051,1,-4,2,101325,2500,7150,515,0xf,False,0x0
1783145229.916,2773,2773,625238,4,1,20,16,44,973,2,0,-3,101325,2500,7150,510,0xf,False,0x0
1783145230.116,2774,2774,625438,4,1,-16,14,-13,1087,-5,1,2,101325,2500,7150,517,0xf,False,0x0
1783145230.316,2775,2775,625639,4,1,-2,31,-11,1001,5,-5,5,101325,2500,7150,485,0xf,False,0x0
1783145230.582,2776,2776,625905,4,1,7,-31,-52,1077,5,0,-4,101325,2500,7150,515,0xf,False,0x0
1783145230.984,2778,2778,626306,4,1,-4,-57,6,960,2,4,5,101325,2500,7150,495,0xf,False,0x0
1783145231.184,2779,2779,626507,4,1,-8,-52,-28,997,2,-3,5,101325,2500,7150,514,0xf,False,0x0
1783145231.386,2780,2780,626709,4,1,-13,-12,-29,1130,4,-3,3,101325,2500,7150,502,0xf,False,0x0
1783145231.989,2783,2783,627311,4,1,15,-22,17,1124,1,3,-3,101325,2500,7150,513,0xf,False,0x0
1783145232.390,2785,2785,627713,4,1,8,3,-16,845,-5,5,-1,101325,2500,7149,507,0xf,False,0x0
1783145232.607,2786,2786,627930,4,1,19,-12,48,973,0,-2,-4,101325,2500,7149,487,0xf,False,0x0
1783145232.807,2787,2787,628130,4,1,13,26,-51,943,3,-1,5,101325,2500,7149,489,0xf,False,0x0
1783145233.008,2788,2788,628331,4,1,2,-59,-46,932,-1,4,3,101325,2500,7149,504,0xf,False,0x0
1783145233.412,2790,2790,628735,4,1,19,8,-60,930,-4,-3,-4,101325,2500,7149,507,0xf,False,0x0
1783145233.613,2791,2791,628935,4,1,-7,33,53,1050,2,1,1,101325,2500,7149,503,0xf,False,0x0
1783145233.817,2792,2792,629139,4,1,6,8,-29,949,-3,-3,2,101325,2500,7149,501,0xf,False,0x0
1783145234.017,2793,2793,629340,4,1,0,56,-47,976,1,-1,4,101325,2500,7149,484,0xf,False,0x0
1783145234.243,2794,2794,629566,4,1,18,19,-57,1014,-4,2,-5,101325,2500,7149,490,0xf,False,0x0
1783145234.444,2795,2795,629767,4,1,14,21,52,950,1,-5,3,101325,2500,7149,485,0xf,False,0x0
1783145234.655,2796,2796,629977,4,1,20,44,3,1089,4,1,-2,101325,2500,7149,480,0xf,False,0x0
1783145234.855,2797,2797,630178,4,1,1,-30,42,1004,4,2,4,101325,2500,7148,486,0xf,False,0x0
1783145235.058,2798,2798,630380,4,1,-3,37,43,1128,0,1,4,101325,2500,7148,494,0xf,False,0x0
1783145235.258,2799,2799,630581,4,1,10,45,60,984,-3,1,-3,101325,2500,7148,501,0xf,False,0x0
1783145235.459,2800,2800,630782,4,1,-18,-51,-14,1130,-4,5,-1,101325,2500,7148,485,0xf,False,0x0
1783145235.660,2801,2801,630983,4,1,-13,10,2,1068,-4,-3,2,101325,2500,7148,514,0xf,False,0x0
1783145235.865,2802,2802,631188,4,1,5,47,44,1002,5,4,5,101325,2500,7148,506,0xf,False,0x0
1783145236.065,2803,2803,631388,4,1,-9,4,52,1010,0,0,0,101325,2500,7148,491,0xf,False,0x0
1783145236.266,2804,2804,631589,4,1,3,-20,43,897,-3,-2,5,101325,2500,7148,502,0xf,False,0x0
1783145236.467,2805,2805,631790,4,1,-6,-13,-57,1122,5,1,-5,101325,2500,7148,490,0xf,False,0x0
1783145236.668,2806,2806,631991,4,1,6,-22,21,1012,-4,1,4,101325,2500,7148,510,0xf,False,0x0
1783145236.935,2807,2807,632258,4,1,20,-13,-53,1028,-1,3,4,101325,2500,7148,517,0xf,False,0x0
1783145237.135,2808,2808,632458,4,1,-16,-20,-32,1084,-5,0,-5,101325,2500,7148,504,0xf,False,0x0
1783145237.340,2809,2809,632663,4,1,4,15,-58,1083,-1,-2,0,101325,2500,7147,491,0xf,False,0x0
1783145237.541,2810,2810,632863,4,1,-17,-57,24,946,2,-3,4,101325,2500,7147,507,0xf,False,0x0
1783145237.742,2811,2811,633065,4,1,-5,12,-10,1104,-5,-1,2,101325,2500,7147,491,0xf,False,0x0
1783145237.943,2812,2812,633265,4,1,9,21,-38,870,5,-2,1,101325,2500,7147,482,0xf,False,0x0
1783145238.147,2813,2813,633470,4,1,-15,-38,-58,1082,2,3,-1,101325,2500,7147,508,0xf,False,0x0
1783145238.348,2814,2814,633671,4,1,-4,41,-32,965,4,2,0,101325,2500,7147,514,0xf,False,0x0
1783145238.555,2815,2815,633877,4,1,-18,47,53,988,-5,-2,2,101325,2500,7147,508,0xf,False,0x0
1783145238.755,2816,2816,634078,4,1,-16,55,24,1151,-5,1,-4,101325,2500,7147,513,0xf,False,0x0
1783145238.958,2817,2817,634280,4,1,13,-43,-34,1003,1,5,-4,101325,2500,7147,491,0xf,False,0x0
1783145239.158,2818,2818,634481,4,1,14,16,53,1050,1,-1,-2,101325,2500,7147,518,0xf,False,0x0
1783145239.396,2819,2819,634718,4,1,16,43,-30,957,1,4,4,101325,2500,7147,507,0xf,False,0x0
1783145239.596,2820,2820,634918,4,1,-8,39,-4,1078,3,5,1,101325,2500,7147,498,0xf,False,0x0
1783145239.798,2821,2821,635121,4,1,-13,41,1,1087,2,1,-4,101325,2500,7146,489,0xf,False,0x0
1783145239.999,2822,2822,635321,4,1,11,-59,-38,940,-5,1,-1,101325,2500,7146,496,0xf,False,0x0
1783145240.199,2823,2823,635522,4,1,5,-33,-3,961,-2,4,3,101325,2500,7146,499,0xf,False,0x0
1783145240.400,2824,2824,635722,4,1,10,-8,-6,918,-3,0,3,101325,2500,7146,507,0xf,False,0x0
1783145240.609,2825,2825,635931,4,1,14,39,-3,992,2,-4,-1,101325,2500,7146,489,0xf,False,0x0
1783145240.809,2826,2826,636132,4,1,14,-30,-5,998,1,0,-2,101325,2500,7146,485,0xf,False,0x0
1783145241.010,2827,2827,636332,4,1,-16,-34,28,1133,-2,-5,-4,101325,2500,7146,511,0xf,False,0x0
1783145241.210,2828,2828,636533,4,1,3,-22,-22,959,-4,0,2,101325,2500,7146,508,0xf,False,0x0
1783145241.421,2829,2829,636744,4,1,-10,-28,-54,1057,-1,-1,3,101325,2500,7146,519,0xf,False,0x0
1783145241.622,2830,2830,636944,4,1,-9,34,8,1033,-5,0,-1,101325,2500,7146,500,0xf,False,0x0
1783145241.822,2831,2831,637145,4,1,4,-54,-30,884,-3,4,-5,101325,2500,7146,511,0xf,False,0x0
1783145242.022,2832,2832,637345,4,1,-18,18,-22,880,4,5,1,101325,2500,7146,482,0xf,False,0x0
1783145242.226,2833,2833,637549,4,1,4,27,49,1134,5,1,5,101325,2500,7145,519,0xf,False,0x0
1783145242.651,2835,2835,637974,4,1,-12,45,-46,882,0,-3,-4,101325,2500,7145,489,0xf,False,0x0
1783145242.852,2836,2836,638174,4,1,-1,8,-49,949,-3,-3,-3,101325,2500,7145,509,0xf,False,0x0
1783145243.055,2837,2837,638378,4,1,-12,-50,1,1003,2,-2,4,101325,2500,7145,494,0xf,False,0x0
1783145243.497,2839,2839,638819,4,1,13,-1,-10,866,-4,2,-4,101325,2500,7145,520,0xf,False,0x0
1783145243.698,2840,2840,639020,4,1,-20,22,41,955,2,3,3,101325,2500,7145,510,0xf,False,0x0
1783145243.903,2841,2841,639226,4,1,-11,-50,28,963,1,1,3,101325,2500,7145,518,0xf,False,0x0
1783145244.104,2842,2842,639426,4,1,18,18,4,950,-1,5,4,101325,2500,7145,490,0xf,False,0x0
1783145244.315,2843,2843,639637,4,1,13,-4,10,1078,-4,-3,5,101325,2500,7145,496,0xf,False,0x0
1783145244.568,2844,2844,639877,4,1,-15,-20,6,907,-3,-4,-5,101325,2500,7145,491,0xf,False,0x0
1783145244.846,2845,2845,640169,4,1,12,58,28,1111,-5,-1,-3,101325,2500,7144,517,0xf,False,0x0
1783145245.047,2846,2846,640369,4,1,-17,-14,57,1002,0,2,3,101325,2500,7144,508,0xf,False,0x0
1783145245.248,2847,2847,640570,4,1,-13,37,-31,969,5,4,-1,101325,2500,7144,491,0xf,False,0x0
1783145245.448,2848,2848,640770,4,1,20,17,-52,962,-4,1,-3,101325,2500,7144,480,0xf,False,0x0
1783145245.649,2849,2849,640972,4,1,0,-33,51,894,-1,-2,-3,101325,2500,7144,504,0xf,False,0x0
1783145245.849,2850,2850,641172,4,1,-1,-38,-24,915,-3,-4,-1,101325,2500,7144,513,0xf,False,0x0
1783145246.051,2851,2851,641374,4,1,-13,-8,-26,959,-1,0,2,101325,2500,7144,517,0xf,False,0x0
1783145246.251,2852,2852,641574,4,1,13,-49,24,882,-1,-4,-1,101325,2500,7144,513,0xf,False,0x0
1783145246.456,2853,2853,641778,4,1,3,-54,-13,1113,-4,-1,-4,101325,2500,7144,520,0xf,False,0x0
1783145246.656,2854,2854,641979,4,1,4,47,-49,1130,3,-5,-1,101325,2500,7144,514,0xf,False,0x0
1783145246.865,2855,2855,642188,4,1,20,-42,60,968,-2,4,4,101325,2500,7144,487,0xf,False,0x0
1783145247.066,2856,2856,642389,4,1,20,2,-45,949,5,4,3,101325,2500,7144,517,0xf,False,0x0
1783145247.274,2857,2857,642597,4,1,-10,45,-27,961,1,-2,-4,101325,2500,7143,507,0xf,False,0x0
1783145247.475,2858,2858,642797,4,1,-5,-26,25,860,-1,-2,2,101325,2500,7143,507,0xf,False,0x0
1783145247.675,2859,2859,642997,4,1,1,16,29,1112,-3,-5,4,101325,2500,7143,490,0xf,False,0x0
1783145247.925,2860,2860,643248,4,1,20,13,8,1112,-2,2,-5,101325,2500,7143,512,0xf,False,0x0
1783145248.335,2862,2862,643657,4,1,8,33,36,932,-3,3,0,101325,2500,7143,491,0xf,False,0x0
1783145248.535,2863,2863,643858,4,1,-12,-28,-58,881,5,3,-1,101325,2500,7143,487,0xf,False,0x0
1783145248.737,2864,2864,644059,4,1,0,9,53,1052,-3,-4,0,101325,2500,7143,515,0xf,False,0x0
1783145248.952,2865,2865,644274,4,1,-16,15,-51,1053,1,1,-5,101325,2500,7143,491,0xf,False,0x0
1783145249.152,2866,2866,644474,4,1,0,-47,-32,923,-5,1,0,101325,2500,7143,488,0xf,False,0x0
1783145249.354,2867,2867,644677,4,1,20,-7,-34,964,-4,-3,3,101325,2500,7143,486,0xf,False,0x0
1783145249.555,2868,2868,644877,4,1,-7,3,40,1001,0,5,-4,101325,2500,7143,505,0xf,False,0x0
1783145249.771,2869,2869,645094,4,1,11,-10,20,1100,-2,-4,4,101325,2500,7142,485,0xf,False,0x0
1783145249.971,2870,2870,645294,4,1,-13,-9,-44,836,4,2,5,101325,2500,7142,508,0xf,False,0x0
1783145250.174,2871,2871,645496,4,1,4,36,11,933,3,1,0,101325,2500,7142,516,0xf,False,0x0
1783145250.374,2872,2872,645697,4,1,20,-32,6,892,5,-1,-3,101325,2500,7142,504,0xf,False,0x0
1783145250.574,2873,2873,645897,4,1,-19,55,24,869,-2,5,-2,101325,2500,7142,499,0xf,False,0x0
1783145250.810,2874,2874,646133,4,1,-10,55,12,980,-1,-2,-3,101325,2500,7142,481,0xf,False,0x0
1783145251.011,2875,2875,646333,4,1,-2,36,-27,931,-4,-5,-5,101325,2500,7142,514,0xf,False,0x0
1783145251.212,2876,2876,646535,4,1,4,5,16,893,-4,3,3,101325,2500,7142,493,0xf,False,0x0
1783145251.424,2877,2877,646740,4,1,-3,-34,29,995,1,-5,-2,101325,2500,7142,488,0xf,False,0x0
1783145251.625,2878,2878,646948,4,1,-20,-35,-23,1155,-2,-2,-2,101325,2500,7142,500,0xf,False,0x0
1783145251.825,2879,2879,647148,4,1,-12,-55,-3,1058,3,-5,2,101325,2500,7142,486,0xf,False,0x0
1783145252.029,2880,2880,647351,4,1,17,57,-45,983,-2,-1,-4,101325,2500,7142,509,0xf,False,0x0
1783145252.430,2882,2882,647753,4,1,12,41,30,1034,-2,-3,1,101325,2500,7141,489,0xf,False,0x0
1783145252.631,2883,2883,647953,4,1,7,-59,6,1047,-3,0,2,101325,2500,7141,500,0xf,False,0x0
1783145252.831,2884,2884,648154,4,1,13,-20,-42,1068,-2,-1,4,101325,2500,7141,514,0xf,False,0x0
1783145253.062,2885,2885,648384,4,1,-15,-55,-51,1003,0,0,2,101325,2500,7141,507,0xf,False,0x0
1783145253.477,2887,2887,648799,4,1,0,44,54,1004,-1,-5,-4,101325,2500,7141,504,0xf,False,0x0
1783145253.683,2888,2888,649006,4,1,3,-26,55,1041,-1,-4,-3,101325,2500,7141,510,0xf,False,0x0
1783145253.884,2889,2889,649206,4,1,1,-5,57,1113,4,-5,0,101325,2500,7141,489,0xf,False,0x0
1783145254.089,2890,2890,649412,4,1,13,38,-4,847,0,1,-1,101325,2500,7141,493,0xf,False,0x0
1783145254.290,2891,2891,649612,4,1,1,25,7,1080,-4,5,5,101325,2500,7141,520,0xf,False,0x0
1783145254.495,2892,2892,649817,4,1,1,-17,25,1004,5,-5,3,101325,2500,7141,509,0xf,False,0x0
1783145254.696,2893,2893,650018,4,1,5,46,-43,963,-1,-2,2,101325,2500,7140,499,0xf,False,0x0
1783145254.899,2894,2894,650222,4,1,14,-18,-42,1057,-1,0,0,101325,2500,7140,481,0xf,False,0x0
1783145255.100,2895,2895,650422,4,1,11,19,-29,847,-1,-4,5,101325,2500,7140,494,0xf,False,0x0
1783145255.313,2896,2896,650635,4,1,6,-39,14,1067,-5,-4,-1,101325,2500,7140,496,0xf,False,0x0
1783145255.715,2898,2898,651037,4,1,-20,-41,-14,932,-5,-3,-3,101325,2500,7140,487,0xf,False,0x0
1783145255.915,2899,2899,651238,4,1,13,-9,17,1025,2,5,1,101325,2500,7140,518,0xf,False,0x0
1783145256.119,2900,2900,651442,4,1,20,30,41,905,3,2,3,101325,2500,7140,496,0xf,False,0x0
1783145256.320,2901,2901,651642,4,1,-13,-1,-46,982,5,0,-2,101325,2500,7140,516,0xf,False,0x0
1783145256.522,2902,2902,651845,4,1,8,30,26,895,5,4,2,101325,2500,7140,497,0xf,False,0x0
1783145256.724,2903,2903,652046,4,1,2,40,-37,1056,-4,1,-1,101325,2500,7140,485,0xf,False,0x0
1783145256.924,2904,2904,652247,4,1,-10,32,31,945,-4,-5,4,101325,2500,7140,503,0xf,False,0x0
1783145257.173,2905,2905,652496,4,1,4,-56,-45,952,4,5,0,101325,2500,7140,482,0xf,False,0x0
1783145257.373,2906,2906,652696,4,1,-18,-8,-41,1078,-5,-4,0,101325,2500,7139,515,0xf,False,0x0
1783145257.575,2907,2907,652898,4,1,-1,-50,-49,1093,-5,1,-5,101325,2500,7139,517,0xf,False,0x0
1783145257.776,2908,2908,653098,4,1,-16,45,-15,985,0,-5,0,101325,2500,7139,517,0xf,False,0x0
1783145257.990,2909,2909,653313,4,1,20,23,3,932,5,0,-5,101325,2500,7139,519,0xf,False,0x0
1783145258.191,2910,2910,653513,4,1,-20,6,-27,863,5,2,1,101325,2500,7139,518,0xf,False,0x0
1783145258.397,2911,2911,653720,4,1,-15,-42,-35,1050,4,-2,3,101325,2500,7139,482,0xf,False,0x0
1783145258.598,2912,2912,653920,4,1,10,-32,-43,942,1,5,0,101325,2500,7139,495,0xf,False,0x0
1783145258.863,2913,2913,654186,4,1,-1,-40,-15,862,-5,-4,3,101325,2500,7139,494,0xf,False,0x0
1783145259.064,2914,2914,654386,4,1,5,21,18,910,-4,-3,5,101325,2500,7139,489,0xf,False,0x0
1783145259.265,2915,2915,654588,4,1,-10,-35,-51,1113,2,4,5,101325,2500,7139,502,0xf,False,0x0
1783145259.465,2916,2916,654788,4,1,0,-54,34,892,-1,3,5,101325,2500,7139,517,0xf,False,0x0
1783145259.676,2917,2917,654999,4,1,13,-40,-49,1109,-3,4,-1,101325,2500,7139,513,0xf,False,0x0
1783145259.877,2918,2918,655199,4,1,-14,-9,-51,944,-1,4,-5,101325,2500,7138,520,0xf,False,0x0
1783145260.081,2919,2919,655403,4,1,17,42,-56,978,-4,5,-5,101325,2500,7138,502,0xf,False,0x0
1783145260.281,2920,2920,655604,4,1,-3,-41,-46,924,-3,5,1,101325,2500,7138,491,0xf,False,0x0
1783145260.487,2921,2921,655810,4,1,-13,-3,-12,1129,3,-1,-5,101325,2500,7138,507,0xf,False,0x0
1783145260.688,2922,2922,656010,4,1,12,38,-35,993,-1,-5,1,101325,2500,7138,490,0xf,False,0x0
1783145260.888,2923,2923,656211,4,1,7,-48,-16,1038,2,5,1,101325,2500,7138,492,0xf,False,0x0
1783145261.091,2924,2924,656414,4,1,1,-41,23,1035,-1,0,-1,101325,2500,7138,519,0xf,False,0x0
1783145261.301,2925,2925,656623,4,1,-17,-8,56,1071,-5,-2,-3,101325,2500,7138,512,0xf,False,0x0
1783145261.501,2926,2926,656824,4,1,-1,-19,40,1020,-3,3,4,101325,2500,7138,483,0xf,False,0x0
1783145261.704,2927,2927,657026,4,1,-2,-4,-17,1097,2,0,3,101325,2500,7138,488,0xf,False,0x0
1783145261.904,2928,2928,657227,4,1,-12,32,-36,1071,0,2,5,101325,2500,7138,485,0xf,False,0x0
1783145262.105,2929,2929,657427,4,1,8,-2,16,978,5,5,-4,101325,2500,7138,480,0xf,False,0x0
1783145262.342,2930,2930,657664,4,1,-11,40,14,932,-2,5,3,101325,2500,7137,490,0xf,False,0x0
1783145262.542,2931,2931,657864,4,1,18,10,-52,1077,0,4,-5,101325,2500,7137,484,0xf,False,0x0
1783145262.743,2932,2932,658065,4,1,14,31,-33,940,5,0,-5,101325,2500,7137,484,0xf,False,0x0
1783145262.943,2933,2933,658265,4,1,9,-37,37,872,-3,3,-4,101325,2500,7137,506,0xf,False,0x0
1783145263.168,2934,2934,658491,4,1,-12,-32,37,1018,3,-4,-5,101325,2500,7137,497,0xf,False,0x0
1783145263.369,2935,2935,658692,4,1,9,-38,-54,1015,4,-3,-3,101325,2500,7137,514,0xf,False,0x0
1783145263.573,2936,2936,658895,4,1,4,56,22,876,-2,0,-1,101325,2500,7137,485,0xf,False,0x0
1783145263.773,2937,2937,659096,4,1,-14,-20,-59,1132,2,2,-2,101325,2500,7137,504,0xf,False,0x0
1783145263.982,2938,2938,659304,4,1,1,-54,38,932,-1,4,2,101325,2500,7137,493,0xf,False,0x0
1783145264.182,2939,2939,659505,4,1,-2,48,-11,1125,3,-2,5,101325,2500,7137,489,0xf,False,0x0
1783145264.386,2940,2940,659708,4,1,14,-58,-42,988,4,4,-5,101325,2500,7137,520,0xf,False,0x0
1783145264.586,2941,2941,659908,4,1,-7,30,-5,991,-1,-1,1,101325,2500,7137,519,0xf,False,0x0
1783145264.795,2942,2942,660118,4,1,-17,-37,-49,918,-3,4,0,101325,2500,7136,498,0xf,False,0x0
1783145264.996,2943,2943,660318,4,1,-16,-13,-26,1110,0,0,-5,101325,2500,7136,514,0xf,False,0x0
1783145265.226,2944,2944,660548,4,1,14,-56,22,942,-3,5,0,101325,2500,7136,499,0xf,False,0x0
1783145265.426,2945,2945,660749,4,1,-7,32,27,945,4,2,-2,101325,2500,7136,517,0xf,False,0x0
1783145265.627,2946,2946,660950,4,1,-14,5,7,921,2,-4,-4,101325,2500,7136,494,0xf,False,0x0
1783145266.062,2947,2947,661385,4,1,-4,-47,37,871,-2,-3,-4,101325,2500,7136,512,0xf,False,0x0
1783145266.292,2948,2948,661614,4,1,3,-14,12,1114,2,1,0,101325,2500,7136,505,0xf,False,0x0
1783145266.492,2949,2949,661814,4,1,17,56,-13,1040,1,-1,-4,101325,2500,7136,482,0xf,False,0x0
1783145266.692,2950,2950,662015,4,1,-3,31,-47,945,0,-5,0,101325,2500,7136,489,0xf,False,0x0
1783145266.958,2951,2951,662280,4,1,-18,52,-57,932,3,3,-1,101325,2500,7136,501,0xf,False,0x0
1783145267.158,2952,2952,662481,4,1,20,-2,23,890,5,4,-3,101325,2500,7136,515,0xf,False,0x0
1783145267.359,2953,2953,662681,4,1,14,-56,-44,862,2,4,4,101325,2500,7135,505,0xf,False,0x0
1783145267.559,2954,2954,662882,4,1,-6,-6,-59,858,-2,-2,1,101325,2500,7135,490,0xf,False,0x0
1783145267.776,2955,2955,663099,4,1,9,-20,46,953,1,-3,0,101325,2500,7135,520,0xf,False,0x0
1783145267.976,2956,2956,663299,4,1,-8,58,-47,1057,3,3,5,101325,2500,7135,494,0xf,False,0x0
1783145268.191,2957,2957,663514,4,1,-9,-41,11,994,-1,-4,-1,101325,2500,7135,504,0xf,False,0x0
1783145268.393,2958,2958,663715,4,1,-14,7,54,1012,-5,5,-3,101325,2500,7135,519,0xf,False,0x0
1783145268.704,2959,2959,664026,4,1,19,2,-35,1057,0,1,4,101325,2500,7135,502,0xf,False,0x0
1783145268.904,2960,2960,664227,4,1,-9,8,7,1028,1,1,5,101325,2500,7135,511,0xf,False,0x0
1783145269.105,2961,2961,664427,4,1,9,21,5,931,-2,5,-3,101325,2500,7135,511,0xf,False,0x0
1783145269.357,2962,2962,664679,4,1,-7,39,-45,1075,0,1,1,101325,2500,7135,506,0xf,False,0x0
1783145269.563,2963,2963,664886,4,1,-7,-51,37,916,0,0,0,101325,2500,7135,510,0xf,False,0x0
1783145269.768,2964,2964,665090,4,1,-8,-1,22,959,1,2,2,101325,2500,7134,486,0xf,False,0x0
1783145269.968,2965,2965,665291,4,1,19,41,56,1008,5,-2,5,101325,2500,7134,513,0xf,False,0x0
1783145270.432,2967,2967,665754,4,1,-8,24,20,1084,-4,4,-1,101325,2500,7134,511,0xf,False,0x0
1783145270.638,2968,2968,665961,4,1,-2,-7,35,997,-3,4,3,101325,2500,7134,508,0xf,False,0x0
1783145270.839,2969,2969,666161,4,1,-1,-14,10,902,3,-4,-5,101325,2500,7134,501,0xf,False,0x0
1783145271.042,2970,2970,666364,4,1,-12,-29,36,886,-2,-2,-3,101325,2500,7134,480,0xf,False,0x0
1783145271.250,2971,2971,666573,4,1,-18,47,10,1081,0,1,-2,101325,2500,7134,520,0xf,False,0x0
1783145271.464,2972,2972,666787,4,1,-20,-36,51,1021,3,5,5,101325,2500,7134,503,0xf,False,0x0
1783145271.665,2973,2973,666987,4,1,-16,-4,60,1074,-3,-2,-1,101325,2500,7134,484,0xf,False,0x0
1783145271.877,2974,2974,667200,4,1,1,-22,35,1092,2,-3,0,101325,2500,7134,513,0xf,False,0x0
1783145272.078,2975,2975,667400,4,1,19,6,55,860,0,3,-5,101325,2500,7134,512,0xf,False,0x0
1783145272.286,2976,2976,667609,4,1,-4,57,-53,1033,5,3,1,101325,2500,7133,503,0xf,False,0x0
1783145272.487,2977,2977,667809,4,1,-1,7,-10,1011,2,-4,4,101325,2500,7133,502,0xf,False,0x0
1783145272.699,2978,2978,668022,4,1,15,11,35,906,0,-1,0,101325,2500,7133,492,0xf,False,0x0
1783145272.900,2979,2979,668222,4,1,-5,2,13,1002,-4,3,-4,101325,2500,7133,486,0xf,False,0x0
1783145273.100,2980,2980,668423,4,1,-3,-42,32,850,-1,-5,1,101325,2500,7133,501,0xf,False,0x0
1783145273.358,2981,2981,668681,4,1,9,-49,48,934,-2,-3,-1,101325,2500,7133,498,0xf,False,0x0
1783145273.558,2982,2982,668881,4,1,0,60,6,985,4,-2,-2,101325,2500,7133,493,0xf,False,0x0
1783145273.759,2983,2983,669082,4,1,-14,35,-29,978,3,-5,0,101325,2500,7133,486,0xf,False,0x0
1783145273.960,2984,2984,669282,4,1,19,-46,14,1125,-5,-4,-4,101325,2500,7133,497,0xf,False,0x0
1783145274.162,2985,2985,669485,4,1,-8,-23,-13,953,-3,5,-3,101325,2500,7133,513,0xf,False,0x0
1783145274.363,2986,2986,669686,4,1,10,-49,4,973,5,-5,1,101325,2500,7133,503,0xf,False,0x0
1783145274.571,2987,2987,669893,4,1,3,-35,-41,979,0,-1,1,101325,2500,7133,482,0xf,False,0x0
1783145274.771,2988,2988,670094,4,1,5,-39,-24,1025,-5,5,1,101325,2500,7132,484,0xf,False,0x0
1783145274.973,2989,2989,670295,4,1,-5,27,-49,925,-3,-4,-4,101325,2500,7132,511,0xf,False,0x0
1783145275.173,2990,2990,670496,4,1,-4,44,4,976,-4,-5,-5,101325,2500,7132,495,0xf,False,0x0
1783145275.374,2991,2991,670696,4,1,-7,16,-43,945,-4,3,4,101325,2500,7132,507,0xf,False,0x0
1783145275.574,2992,2992,670897,4,1,6,-9,13,955,-2,4,3,101325,2500,7132,491,0xf,False,0x0
1783145275.786,2993,2993,671109,4,1,-1,-22,8,938,-1,-1,1,101325,2500,7132,519,0xf,False,0x0
1783145275.988,2994,2994,671311,4,1,-6,57,12,971,-3,3,5,101325,2500,7132,487,0xf,False,0x0
1783145276.199,2995,2995,671522,4,1,-11,43,46,1025,-4,-5,-1,101325,2500,7132,496,0xf,False,0x0
1783145276.400,2996,2996,671722,4,1,-17,30,16,1040,5,-5,-5,101325,2500,7132,494,0xf,False,0x0
1783145276.613,2997,2997,671935,4,1,16,37,4,901,-3,-3,5,101325,2500,7132,513,0xf,False,0x0
1783145276.814,2998,2998,672137,4,1,-14,14,60,889,-5,4,-3,101325,2500,7132,510,0xf,False,0x0
1783145277.015,2999,2999,672337,4,1,7,-54,-32,1052,-2,-5,5,101325,2500,7132,480,0xf,False,0x0
1783145277.216,3000,3000,672538,4,1,-20,-10,-41,966,3,-5,1,101325,2500,7131,494,0xf,False,0x0
1783145277.418,3001,3001,672740,4,1,8,-17,-21,1165,3,-4,-1,101325,2500,7131,498,0xf,False,0x0
1783145277.640,3002,3002,672962,4,1,0,-14,14,910,1,5,-5,101325,2500,7131,491,0xf,False,0x0
1783145277.841,3003,3003,673164,4,1,20,10,42,1041,-2,5,-2,101325,2500,7131,520,0xf,False,0x0
1783145278.042,3004,3004,673365,4,1,-17,18,43,889,4,-3,-5,101325,2500,7131,495,0xf,False,0x0
1783145278.248,3005,3005,673571,4,1,-8,3,-36,909,1,-2,-2,101325,2500,7131,490,0xf,False,0x0
1783145278.650,3007,3007,673972,4,1,13,24,58,1056,1,5,-1,101325,2500,7131,493,0xf,False,0x0
1783145278.850,3008,3008,674173,4,1,0,51,35,1037,-3,2,0,101325,2500,7131,507,0xf,False,0x0
1783145279.055,3009,3009,674377,4,1,-8,36,54,1068,-2,-4,4,101325,2500,7131,495,0xf,False,0x0
1783145279.255,3010,3010,674578,4,1,13,-15,7,1120,1,3,-1,101325,2500,7131,501,0xf,False,0x0
1783145279.480,3011,3011,674802,4,1,1,-3,-14,1070,3,0,3,101325,2500,7131,483,0xf,False,0x0
1783145279.680,3012,3012,675003,4,1,-3,32,-36,982,5,-1,3,101325,2500,7130,482,0xf,False,0x0
1783145279.942,3013,3013,675265,4,1,20,16,11,1039,2,-5,-5,101325,2500,7130,493,0xf,False,0x0
1783145280.143,3014,3014,675466,4,1,-10,54,-49,950,4,-4,-4,101325,2500,7130,492,0xf,False,0x0
1783145280.345,3015,3015,675668,4,1,-13,12,-15,1005,4,-2,5,101325,2500,7130,491,0xf,False,0x0
1783145280.546,3016,3016,675869,4,1,13,-60,46,930,-3,0,2,101325,2500,7130,500,0xf,False,0x0
1783145280.748,3017,3017,676070,4,1,-6,-33,-56,1069,2,2,3,101325,2500,7130,481,0xf,False,0x0
1783145280.949,3018,3018,676271,4,1,8,37,-47,1034,3,-4,3,101325,2500,7130,498,0xf,False,0x0
1783145281.168,3019,3019,676491,4,1,17,21,50,978,-3,1,1,101325,2500,7130,501,0xf,False,0x0
1783145281.372,3020,3020,676694,4,1,7,43,-3,1108,-4,0,-3,101325,2500,7130,493,0xf,False,0x0
1783145281.580,3021,3021,676903,4,1,5,1,-10,1012,4,3,0,101325,2500,7130,488,0xf,False,0x0
1783145281.782,3022,3022,677104,4,1,20,57,-57,1061,-3,4,-2,101325,2500,7130,506,0xf,False,0x0
1783145281.984,3023,3023,677306,4,1,-4,55,17,1092,2,-3,2,101325,2500,7130,516,0xf,False,0x0
1783145282.386,3025,3025,677709,4,1,16,-31,8,910,2,-3,0,101325,2500,7129,499,0xf,False,0x0
1783145282.587,3026,3026,677909,4,1,-8,-50,-27,950,-5,0,-4,101325,2500,7129,508,0xf,False,0x0
1783145282.790,3027,3027,678112,4,1,-10,37,-46,1038,-1,3,-1,101325,2500,7129,496,0xf,False,0x0
1783145282.991,3028,3028,678313,4,1,-12,3,-49,1102,-3,-2,-3,101325,2500,7129,510,0xf,False,0x0
1783145283.191,3029,3029,678514,4,1,11,-33,-32,911,0,-4,5,101325,2500,7129,513,0xf,False,0x0
1783145283.444,3030,3030,678766,4,1,-11,-51,0,1091,3,-5,-4,101325,2500,7129,491,0xf,False,0x0
1783145283.644,3031,3031,678967,4,1,-12,43,37,985,3,-2,-5,101325,2500,7129,487,0xf,False,0x0
1783145283.849,3032,3032,679172,4,1,-1,36,-56,939,-4,-4,0,101325,2500,7129,519,0xf,False,0x0
1783145284.050,3033,3033,679373,4,1,17,56,-55,1023,-1,2,4,101325,2500,7129,516,0xf,False,0x0
1783145284.252,3034,3034,679575,4,1,-16,23,31,1010,3,0,-5,101325,2500,7129,498,0xf,False,0x0
1783145284.452,3035,3035,679775,4,1,-14,6,-52,1058,-2,-2,0,101325,2500,7129,511,0xf,False,0x0
1783145284.654,3036,3036,679977,4,1,-20,-55,-49,1053,1,-3,4,101325,2500,7129,508,0xf,False,0x0
1783145285.118,3038,3038,680440,4,1,-10,-48,43,1105,-5,-2,1,101325,2500,7128,519,0xf,False,0x0
1783145285.319,3039,3039,680641,4,1,-10,-54,-12,1103,-4,-5,2,101325,2500,7128,491,0xf,False,0x0
1783145285.525,3040,3040,680847,4,1,-12,0,-21,922,-4,-3,2,101325,2500,7128,509,0xf,False,0x0
1783145285.725,3041,3041,681048,4,1,-13,-42,18,1011,3,-1,-5,101325,2500,7128,506,0xf,False,0x0
1783145285.926,3042,3042,681248,4,1,-10,41,38,1081,-2,1,3,101325,2500,7128,492,0xf,False,0x0
1783145286.127,3043,3043,681449,4,1,6,-23,-29,884,4,-4,4,101325,2500,7128,492,0xf,False,0x0
1783145286.328,3044,3044,681650,4,1,0,-48,18,1161,3,-1,4,101325,2500,7128,484,0xf,False,0x0
1783145286.528,3045,3045,681851,4,1,18,26,-19,1011,1,4,-3,101325,2500,7128,510,0xf,False,0x0
1783145286.742,3046,3046,682065,4,1,2,16,-5,1065,1,4,-2,101325,2500,7128,491,0xf,False,0x0
1783145286.942,3047,3047,682265,4,1,-9,-16,17,1160,1,2,-4,101325,2500,7128,506,0xf,False,0x0
1783145287.148,3048,3048,682470,4,1,-5,-9,56,890,-4,-3,5,101325,2500,7128,515,0xf,False,0x0
1783145287.349,3049,3049,682671,4,1,6,10,14,940,2,2,5,101325,2500,7127,487,0xf,False,0x0
1783145287.549,3050,3050,682872,4,1,-1,-47,10,995,1,2,3,101325,2500,7127,484,0xf,False,0x0
1783145287.831,3051,3051,683154,4,1,12,-52,-43,1027,4,1,2,101325,2500,7127,490,0xf,False,0x0
1783145288.032,3052,3052,683354,4,1,-13,-33,-28,1054,-5,-2,-1,101325,2500,7127,480,0xf,False,0x0
1783145288.296,3053,3053,683618,4,1,-5,-48,2,928,2,3,-4,101325,2500,7127,519,0xf,False,0x0
1783145288.496,3054,3054,683818,4,1,-3,33,-55,1015,3,-2,5,101325,2500,7127,505,0xf,False,0x0
1783145288.697,3055,3055,684020,4,1,15,20,-53,996,5,-1,-4,101325,2500,7127,505,0xf,False,0x0
1783145288.898,3056,3056,684221,4,1,-1,-54,-34,1084,-5,1,-5,101325,2500,7127,519,0xf,False,0x0
1783145289.110,3057,3057,684433,4,1,-12,-36,3,895,-5,1,-4,101325,2500,7127,512,0xf,False,0x0
1783145289.311,3058,3058,684633,4,1,-2,-57,60,881,3,3,-1,101325,2500,7127,498,0xf,False,0x0
1783145289.516,3059,3059,684838,4,1,1,56,-12,839,2,-3,-5,101325,2500,7127,483,0xf,False,0x0
1783145289.716,3060,3060,685039,4,1,18,-17,53,1116,5,-1,4,101325,2500,7126,500,0xf,False,0x0
1783145289.925,3061,3061,685247,4,1,5,-5,-58,955,4,-4,3,101325,2500,7126,517,0xf,False,0x0
1783145290.125,3062,3062,685448,4,1,8,-48,10,1115,5,1,3,101325,2500,7126,518,0xf,False,0x0
1783145290.327,3063,3063,685650,4,1,-19,39,29,1104,0,-4,-5,101325,2500,7126,486,0xf,False,0x0
1783145290.584,3064,3064,685907,4,1,5,-53,20,898,2,4,3,101325,2500,7126,508,0xf,False,0x0
1783145290.785,3065,3065,686107,4,1,2,39,59,990,5,4,3,101325,2500,7126,509,0xf,False,0x0
1783145290.986,3066,3066,686309,4,1,12,-14,-33,958,-2,-1,-4,101325,2500,7126,508,0xf,False,0x0
1783145291.186,3067,3067,686509,4,1,1,-28,-5,994,-2,-5,-5,101325,2500,7126,509,0xf,False,0x0
1783145291.387,3068,3068,686709,4,1,14,-14,-5,1050,0,0,4,101325,2500,7126,510,0xf,False,0x0
1783145291.587,3069,3069,686910,4,1,-19,-53,-45,947,-3,2,-1,101325,2500,7126,489,0xf,False,0x0
1783145291.796,3070,3070,687119,4,1,-6,-5,-23,921,4,3,2,101325,2500,7126,495,0xf,False,0x0
1783145291.997,3071,3071,687319,4,1,-17,21,7,1058,-1,-1,-3,101325,2500,7126,492,0xf,False,0x0
1783145292.208,3072,3072,687530,4,1,9,40,59,1039,0,-3,0,101325,2500,7125,492,0xf,False,0x0
1783145292.409,3073,3073,687731,4,1,9,21,52,964,2,-2,-3,101325,2500,7125,488,0xf,False,0x0
1783145292.624,3074,3074,687946,4,1,5,-54,-47,1102,0,-4,2,101325,2500,7125,509,0xf,False,0x0
1783145292.824,3075,3075,688147,4,1,-15,27,-58,986,1,0,-2,101325,2500,7125,509,0xf,False,0x0
1783145293.026,3076,3076,688348,4,1,-10,-42,38,1080,-1,-3,-4,101325,2500,7125,511,0xf,False,0x0
1783145293.226,3077,3077,688549,4,1,-18,32,-10,1033,-4,5,3,101325,2500,7125,490,0xf,False,0x0
1783145293.428,3078,3078,688750,4,1,8,-57,15,982,-5,-3,-2,101325,2500,7125,514,0xf,False,0x0
1783145293.628,3079,3079,688951,4,1,20,13,46,1057,0,5,-4,101325,2500,7125,515,0xf,False,0x0
1783145293.829,3080,3080,689151,4,1,18,-50,-43,1050,-1,2,-4,101325,2500,7125,520,0xf,False,0x0
1783145294.099,3081,3081,689421,4,1,17,41,-28,968,3,-1,2,101325,2500,7125,499,0xf,False,0x0
1783145294.300,3082,3082,689622,4,1,-12,-52,22,1112,3,-3,-3,101325,2500,7125,512,0xf,False,0x0
1783145294.508,3083,3083,689830,4,1,15,49,-17,960,-4,-5,0,101325,2500,7125,513,0xf,False,0x0
1783145294.708,3084,3084,690031,4,1,-20,39,44,1048,5,4,3,101325,2500,7124,499,0xf,False,0x0
1783145295.115,3086,3086,690437,4,1,-8,57,3,913,-1,-1,4,101325,2500,7124,483,0xf,False,0x0
1783145295.327,3087,3087,690650,4,1,5,37,36,1085,-5,-1,0,101325,2500,7124,480,0xf,False,0x0
1783145295.528,3088,3088,690850,4,1,-18,-56,40,1089,3,2,2,101325,2500,7124,518,0xf,False,0x0
1783145295.745,3089,3089,691067,4,1,-9,1,43,1132,-2,3,3,101325,2500,7124,519,0xf,False,0x0
1783145295.947,3090,3090,691269,4,1,19,36,-16,1130,3,5,2,101325,2500,7124,496,0xf,False,0x0
1783145296.195,3091,3091,691517,4,1,11,10,-10,973,2,-5,-5,101325,2500,7124,510,0xf,False,0x0
1783145296.395,3092,3092,691718,4,1,14,-16,-41,1076,-3,-3,3,101325,2500,7124,501,0xf,False,0x0
1783145296.599,3093,3093,691922,4,1,15,45,-40,930,-4,-2,-2,101325,2500,7124,514,0xf,False,0x0
1783145296.799,3094,3094,692122,4,1,4,-6,-16,1135,0,-5,4,101325,2500,7124,498,0xf,False,0x0
1783145297.006,3095,3095,692328,4,1,6,-54,24,1003,-3,3,0,101325,2500,7124,496,0xf,False,0x0
1783145297.207,3096,3096,692529,4,1,-1,23,-6,1082,-5,0,-2,101325,2500,7123,511,0xf,False,0x0
1783145297.408,3097,3097,692731,4,1,6,-47,-6,1069,-4,0,-5,101325,2500,7123,518,0xf,False,0x0
1783145297.608,3098,3098,692931,4,1,4,19,-9,961,-2,-4,4,101325,2500,7123,480,0xf,False,0x0
1783145297.810,3099,3099,693133,4,1,-20,-8,-42,859,0,2,4,101325,2500,7123,517,0xf,False,0x0
1783145298.011,3100,3100,693333,4,1,-12,44,11,1047,1,0,-5,101325,2500,7123,492,0xf,False,0x0
1783145298.215,3101,3101,693538,4,1,-18,22,51,962,-5,-5,-3,101325,2500,7123,480,0xf,False,0x0
1783145298.416,3102,3102,693738,4,1,-15,29,55,1060,-5,0,-1,101325,2500,7123,499,0xf,False,0x0
1783145298.622,3103,3103,693945,4,1,19,5,23,946,-2,4,0,101325,2500,7123,513,0xf,False,0x0
1783145298.827,3104,3104,694150,4,1,3,56,27,952,3,0,-2,101325,2500,7123,488,0xf,False,0x0
1783145299.040,3105,3105,694362,4,1,-18,49,43,882,-5,-5,-4,101325,2500,7123,514,0xf,False,0x0
1783145299.240,3106,3106,694563,4,1,2,51,-6,981,-1,0,3,101325,2500,7123,484,0xf,False,0x0
1783145299.446,3107,3107,694769,4,1,20,22,41,942,-4,5,2,101325,2500,7123,489,0xf,False,0x0
1783145299.647,3108,3108,694969,4,1,-1,57,48,1032,4,-4,4,101325,2500,7123,511,0xf,False,0x0
1783145299.847,3109,3109,695170,4,1,1,52,-29,1088,2,0,1,101325,2500,7122,484,0xf,False,0x0
1783145300.104,3110,3110,695427,4,1,-13,-52,48,900,5,-4,-2,101325,2500,7122,501,0xf,False,0x0
1783145300.305,3111,3111,695628,4,1,-14,-18,15,1103,3,1,3,101325,2500,7122,516,0xf,False,0x0
1783145300.509,3112,3112,695831,4,1,-15,-48,33,1131,-2,3,1,101325,2500,7122,492,0xf,False,0x0
1783145300.709,3113,3113,696032,4,1,-15,8,-26,996,1,5,-5,101325,2500,7122,501,0xf,False,0x0
1783145300.917,3114,3114,696240,4,1,-19,55,-18,1123,-1,-5,3,101325,2500,7122,511,0xf,False,0x0
1783145301.118,3115,3115,696440,4,1,7,8,-41,1080,3,2,4,101325,2500,7122,499,0xf,False,0x0
1783145301.319,3116,3116,696641,4,1,14,-57,22,1001,5,3,2,101325,2500,7122,519,0xf,False,0x0
1783145301.519,3117,3117,696842,4,1,-11,58,31,1037,-1,3,-4,101325,2500,7122,491,0xf,False,0x0
1783145301.727,3118,3118,697050,4,1,-9,22,-51,993,0,-4,5,101325,2500,7122,502,0xf,False,0x0
1783145301.928,3119,3119,697250,4,1,-10,-18,23,943,-5,5,-4,101325,2500,7122,501,0xf,False,0x0
1783145302.133,3120,3120,697455,4,1,-2,52,2,1033,5,-1,-5,101325,2500,7122,496,0xf,False,0x0
1783145302.333,3121,3121,697656,4,1,6,-36,-43,1088,4,-1,3,101325,2500,7121,513,0xf,False,0x0
1783145302.533,3122,3122,697856,4,1,-7,33,33,987,0,3,-4,101325,2500,7121,506,0xf,False,0x0
1783145302.781,3123,3123,698104,4,1,15,11,2,1030,0,-1,-3,101325,2500,7121,500,0xf,False,0x0
1783145302.982,3124,3124,698304,4,1,13,36,10,985,-1,4,0,101325,2500,7121,491,0xf,False,0x0
1783145303.190,3125,3125,698513,4,1,-1,55,22,903,-5,2,1,101325,2500,7121,482,0xf,False,0x0
1783145303.391,3126,3126,698713,4,1,-13,12,43,1026,-4,-3,2,101325,2500,7121,485,0xf,False,0x0
1783145303.601,3127,3127,698924,4,1,10,50,24,926,3,4,-4,101325,2500,7121,512,0xf,False,0x0
1783145303.801,3128,3128,699124,4,1,-9,14,-58,916,5,5,-3,101325,2500,7121,481,0xf,False,0x0
1783145304.020,3129,3129,699342,4,1,-17,-44,58,1057,5,-5,1,101325,2500,7121,520,0xf,False,0x0
1783145304.220,3130,3130,699542,4,1,-7,-40,-11,1105,3,0,-3,101325,2500,7121,502,0xf,False,0x0
1783145304.430,3131,3131,699752,4,1,-18,10,-32,1088,-2,2,-1,101325,2500,7121,505,0xf,False,0x0
1783145304.631,3132,3132,699953,4,1,-3,12,-27,1126,-4,4,0,101325,2500,7121,481,0xf,False,0x0
1783145304.836,3133,3133,700158,4,1,-12,-29,-49,1106,0,0,2,101325,2500,7120,481,0xf,False,0x0
1783145305.037,3134,3134,700359,4,1,2,52,-24,1078,-2,-3,-5,101325,2500,7120,511,0xf,False,0x0
1783145305.241,3135,3135,700564,4,1,12,12,-36,1068,-2,5,-3,101325,2500,7120,519,0xf,False,0x0
1783145305.443,3136,3136,700765,4,1,-18,-8,12,989,0,-1,-4,101325,2500,7120,502,0xf,False,0x0
1783145305.643,3137,3137,700965,4,1,4,43,-59,884,0,-5,5,101325,2500,7120,502,0xf,False,0x0
1783145305.918,3138,3138,701240,4,1,7,-33,-11,975,-3,4,-4,101325,2500,7120,499,0xf,False,0x0
1783145306.119,3139,3139,701441,4,1,-1,55,4,1054,-5,-3,-5,101325,2500,7120,510,0xf,False,0x0
1783145306.521,3141,3141,701843,4,1,14,52,14,1026,0,-3,-5,101325,2500,7120,517,0xf,False,0x0
1783145306.731,3142,3142,702054,4,1,-6,-27,49,894,-2,1,1,101325,2500,7120,515,0xf,False,0x0
1783145306.932,3143,3143,702254,4,1,12,4,27,936,1,-4,-1,101325,2500,7120,497,0xf,False,0x0
1783145307.146,3144,3144,702469,4,1,-9,-31,38,855,-1,-3,5,101325,2500,7120,518,0xf,False,0x0
1783145307.347,3145,3145,702670,4,1,6,-23,17,956,4,-4,-1,101325,2500,7119,509,0xf,False,0x0
1783145307.550,3146,3146,702873,4,1,19,-10,20,942,-4,0,-1,101325,2500,7119,498,0xf,False,0x0
1783145307.751,3147,3147,703073,4,1,5,-37,31,906,3,5,-2,101325,2500,7119,508,0xf,False,0x0
1783145307.952,3148,3148,703275,4,1,-13,21,10,1131,5,5,-3,101325,2500,7119,486,0xf,False,0x0
1783145308.153,3149,3149,703476,4,1,18,-18,15,929,-2,-4,4,101325,2500,7119,492,0xf,False,0x0
1783145308.362,3150,3150,703684,4,1,-3,0,-41,1014,2,-4,0,101325,2500,7119,520,0xf,False,0x0
1783145308.580,3151,3151,703903,4,1,1,-37,55,990,-4,-5,4,101325,2500,7119,510,0xf,False,0x0
1783145308.781,3152,3152,704104,4,1,-20,52,57,1034,2,0,-3,101325,2500,7119,492,0xf,False,0x0
1783145308.982,3153,3153,704305,4,1,-9,27,27,864,-3,3,5,101325,2500,7119,505,0xf,False,0x0
1783145309.183,3154,3154,704505,4,1,13,-48,-11,1020,5,-1,4,101325,2500,7119,484,0xf,False,0x0
1783145309.383,3155,3155,704706,4,1,3,7,51,1011,-2,-5,-3,101325,2500,7119,517,0xf,False,0x0
1783145309.586,3156,3156,704908,4,1,8,16,-22,955,5,5,-3,101325,2500,7119,514,0xf,False,0x0
1783145309.787,3157,3157,705110,4,1,-2,-25,-43,1117,4,-5,-5,101325,2500,7118,499,0xf,False,0x0
1783145309.992,3158,3158,705315,4,1,-15,-36,7,1038,-3,-5,5,101325,2500,7118,486,0xf,False,0x0
1783145310.193,3159,3159,705515,4,1,17,-27,-34,1010,0,2,-4,101325,2500,7118,512,0xf,False,0x0
1783145310.400,3160,3160,705722,4,1,20,32,-41,1013,4,0,-2,101325,2500,7118,496,0xf,False,0x0
1783145310.601,3161,3161,705923,4,1,-18,29,-25,1016,-4,2,4,101325,2500,7118,516,0xf,False,0x0
1783145310.815,3162,3162,706137,4,1,11,-31,-25,914,-4,1,-4,101325,2500,7118,519,0xf,False,0x0
1783145311.015,3163,3163,706338,4,1,-10,-57,-16,1013,5,4,-2,101325,2500,7118,502,0xf,False,0x0
1783145311.229,3164,3164,706552,4,1,-9,13,15,1024,0,-3,2,101325,2500,7118,493,0xf,False,0x0
1783145311.430,3165,3165,706752,4,1,12,50,45,1141,1,-5,0,101325,2500,7118,514,0xf,False,0x0
1783145311.632,3166,3166,706955,4,1,7,-59,-17,1039,-2,-2,-4,101325,2500,7118,487,0xf,False,0x0
1783145311.833,3167,3167,707155,4,1,5,-52,-3,1020,-1,3,0,101325,2500,7118,481,0xf,False,0x0
1783145312.036,3168,3168,707359,4,1,-16,3,59,1045,-1,4,-3,101325,2500,7118,515,0xf,False,0x0
1783145312.237,3169,3169,707560,4,1,-5,-3,6,1006,4,-5,5,101325,2500,7117,509,0xf,False,0x0
1783145312.452,3170,3170,707774,4,1,0,13,-7,1086,2,-5,-5,101325,2500,7117,491,0xf,False,0x0
1783145312.653,3171,3171,707975,4,1,-4,20,-27,900,0,1,1,101325,2500,7117,503,0xf,False,0x0
1783145312.860,3172,3172,708182,4,1,14,18,-49,904,0,-4,-4,101325,2500,7117,503,0xf,False,0x0
1783145313.060,3173,3173,708383,4,1,-20,45,48,1012,-1,2,5,101325,2500,7117,496,0xf,False,0x0
1783145313.273,3174,3174,708595,4,1,16,19,40,1100,-2,-1,-4,101325,2500,7117,496,0xf,False,0x0
1783145313.473,3175,3175,708796,4,1,-19,-40,1,963,-5,1,5,101325,2500,7117,515,0xf,False,0x0
1783145313.678,3176,3176,709001,4,1,1,46,-33,936,5,0,5,101325,2500,7117,490,0xf,False,0x0
1783145313.879,3177,3177,709201,4,1,-6,31,48,1012,-4,-4,5,101325,2500,7117,495,0xf,False,0x0
1783145314.081,3178,3178,709403,4,1,20,-35,-37,1033,-2,-2,-3,101325,2500,7117,504,0xf,False,0x0
1783145314.282,3179,3179,709604,4,1,-5,-10,21,958,-4,-3,-5,101325,2500,7117,500,0xf,False,0x0
1783145314.488,3180,3180,709810,4,1,12,-28,54,1018,5,-3,3,101325,2500,7117,505,0xf,False,0x0
1783145314.688,3181,3181,710011,4,1,17,-58,32,1039,5,-3,1,101325,2500,7116,511,0xf,False,0x0
1783145315.161,3183,3183,710484,4,1,5,29,53,1117,3,-5,-2,101325,2500,7116,518,0xf,False,0x0
1783145315.366,3184,3184,710689,4,1,-4,-56,49,906,4,5,0,101325,2500,7116,494,0xf,False,0x0
1783145315.567,3185,3185,710889,4,1,-14,8,39,971,5,-3,4,101325,2500,7116,488,0xf,False,0x0
1783145315.783,3186,3186,711105,4,1,-13,29,38,936,1,5,-4,101325,2500,7116,486,0xf,False,0x0
1783145315.983,3187,3187,711306,4,1,16,45,-52,1036,3,-4,-1,101325,2500,7116,502,0xf,False,0x0
1783145316.197,3188,3188,711520,4,1,16,-56,47,848,4,-4,-2,101325,2500,7116,484,0xf,False,0x0
1783145316.398,3189,3189,711721,4,1,0,12,47,1042,-5,1,3,101325,2500,7116,489,0xf,False,0x0
1783145316.605,3190,3190,711927,4,1,-8,-44,43,889,5,5,-5,101325,2500,7116,500,0xf,False,0x0
1783145316.805,3191,3191,712128,4,1,-18,3,-54,996,-4,-5,-2,101325,2500,7116,508,0xf,False,0x0
1783145317.005,3192,3192,712328,4,1,-18,5,44,950,1,5,1,101325,2500,7116,504,0xf,False,0x0
1783145317.258,3193,3193,712581,4,1,-13,13,-59,1035,2,-3,4,101325,2500,7115,490,0xf,False,0x0
1783145317.459,3194,3194,712782,4,1,5,23,-29,1124,3,-1,-3,101325,2500,7115,503,0xf,False,0x0
1783145317.675,3195,3195,712998,4,1,11,-60,-21,1005,-1,-1,3,101325,2500,7115,499,0xf,False,0x0
1783145317.876,3196,3196,713198,4,1,-20,1,43,894,-1,-4,-3,101325,2500,7115,488,0xf,False,0x0
1783145318.087,3197,3197,713409,4,1,13,-16,2,1034,4,1,-5,101325,2500,7115,491,0xf,False,0x0
1783145318.287,3198,3198,713610,4,1,-11,53,-27,1015,1,4,-2,101325,2500,7115,519,0xf,False,0x0
1783145318.504,3199,3199,713827,4,1,-5,-48,33,924,-4,0,-3,101325,2500,7115,487,0xf,False,0x0
1783145318.705,3200,3200,714028,4,1,-18,-2,11,1026,3,-5,-5,101325,2500,7115,490,0xf,False,0x0
1783145318.912,3201,3201,714235,4,1,-19,-25,38,951,0,1,2,101325,2500,7115,499,0xf,False,0x0
1783145319.113,3202,3202,714435,4,1,-4,-42,-13,1071,0,-3,2,101325,2500,7115,485,0xf,False,0x0
1783145319.321,3203,3203,714644,4,1,-1,-21,-30,1112,-5,2,-5,101325,2500,7115,487,0xf,False,0x0
1783145319.522,3204,3204,714845,4,1,-6,-55,-56,960,3,-1,2,101325,2500,7115,508,0xf,False,0x0
1783145319.928,3206,3206,715251,4,1,18,-19,-5,1054,-1,4,-4,101325,2500,7114,488,0xf,False,0x0
1783145320.129,3207,3207,715451,4,1,8,12,18,967,4,-4,1,101325,2500,7114,481,0xf,False,0x0
1783145320.377,3208,3208,715699,4,1,19,-59,-47,943,-2,0,-2,101325,2500,7114,486,0xf,False,0x0
1783145320.577,3209,3209,715900,4,1,3,-18,20,984,2,-3,2,101325,2500,7114,511,0xf,False,0x0
1783145320.783,3210,3210,716106,4,1,-19,59,-48,916,-3,3,2,101325,2500,7114,486,0xf,False,0x0
1783145320.984,3211,3211,716306,4,1,0,45,32,973,-4,-4,1,101325,2500,7114,506,0xf,False,0x0
1783145321.185,3212,3212,716508,4,1,-15,37,-18,845,-1,3,-3,101325,2500,7114,507,0xf,False,0x0
1783145321.386,3213,3213,716708,4,1,-3,-49,43,972,1,0,3,101325,2500,7114,515,0xf,False,0x0
1783145321.716,3214,3214,717039,4,1,-1,-51,6,994,-2,-2,-1,101325,2500,7114,494,0xf,False,0x0
1783145322.118,3216,3216,717441,4,1,20,-59,6,956,1,5,2,101325,2500,7114,484,0xf,False,0x0
1783145322.319,3217,3217,717641,4,1,18,18,2,1072,1,3,-1,101325,2500,7113,517,0xf,False,0x0
1783145322.519,3218,3218,717842,4,1,12,-27,25,1071,-4,5,5,101325,2500,7113,495,0xf,False,0x0
1783145322.720,3219,3219,718042,4,1,7,-54,7,971,5,-3,-1,101325,2500,7113,482,0xf,False,0x0
1783145322.927,3220,3220,718250,4,1,3,-12,-21,1045,5,-5,4,101325,2500,7113,516,0xf,False,0x0
1783145323.339,3222,3222,718661,4,1,20,-39,13,994,5,2,2,101325,2500,7113,518,0xf,False,0x0
1783145323.539,3223,3223,718862,4,1,6,41,37,951,5,5,-4,101325,2500,7113,517,0xf,False,0x0
1783145323.753,3224,3224,719076,4,1,-6,34,-40,915,-1,4,3,101325,2500,7113,494,0xf,False,0x0
1783145323.954,3225,3225,719277,4,1,0,38,20,978,4,-1,3,101325,2500,7113,484,0xf,False,0x0
1783145324.165,3226,3226,719487,4,1,-4,51,-11,1053,1,-2,-2,101325,2500,7113,485,0xf,False,0x0
1783145324.365,3227,3227,719688,4,1,-10,0,11,876,-5,-1,5,101325,2500,7113,504,0xf,False,0x0
1783145324.575,3228,3228,719897,4,1,7,47,-54,1031,3,3,-4,101325,2500,7113,506,0xf,False,0x0
1783145324.775,3229,3229,720098,4,1,-10,5,-48,974,-3,1,5,101325,2500,7112,517,0xf,False,0x0
1783145324.976,3230,3230,720298,4,1,-18,2,-57,1082,-1,-2,-1,101325,2500,7112,510,0xf,False,0x0
1783145325.177,3231,3231,720500,4,1,-16,29,39,900,2,-1,5,101325,2500,7112,493,0xf,False,0x0
1783145325.379,3232,3232,720702,4,1,8,31,11,1091,5,2,3,101325,2500,7112,510,0xf,False,0x0
1783145325.580,3233,3233,720902,4,1,-13,31,-45,1054,1,1,-2,101325,2500,7112,493,0xf,False,0x0
1783145325.843,3234,3234,721166,4,1,-13,-27,-46,926,5,-5,3,101325,2500,7112,485,0xf,False,0x0
1783145326.044,3235,3235,721366,4,1,10,27,-51,886,-1,4,5,101325,2500,7112,497,0xf,False,0x0
1783145326.246,3236,3236,721569,4,1,6,-23,-43,1047,-2,5,-4,101325,2500,7112,488,0xf,False,0x0
1783145326.447,3237,3237,721769,4,1,-8,21,37,968,-2,2,-5,101325,2500,7112,494,0xf,False,0x0
1783145326.649,3238,3238,721972,4,1,7,18,-48,928,4,1,-1,101325,2500,7112,506,0xf,False,0x0
1783145326.850,3239,3239,722173,4,1,14,7,38,883,1,-4,-2,101325,2500,7112,520,0xf,False,0x0
1783145327.060,3240,3240,722383,4,1,7,16,-49,1031,1,3,-4,101325,2500,7112,492,0xf,False,0x0
1783145327.477,3242,3242,722799,4,1,13,44,25,1016,-5,-1,-5,101325,2500,7111,490,0xf,False,0x0
1783145327.677,3243,3243,723000,4,1,14,-7,37,955,0,5,2,101325,2500,7111,490,0xf,False,0x0
1783145327.879,3244,3244,723201,4,1,12,-42,8,967,1,-1,-3,101325,2500,7111,498,0xf,False,0x0
1783145328.080,3245,3245,723403,4,1,20,4,20,1056,-2,-1,3,101325,2500,7111,496,0xf,False,0x0
1783145328.280,3246,3246,723603,4,1,-9,0,14,957,0,2,3,101325,2500,7111,500,0xf,False,0x0
1783145328.542,3247,3247,723865,4,1,15,-37,30,1080,-3,0,-1,101325,2500,7111,520,0xf,False,0x0
1783145328.842,3248,3248,724165,4,1,8,-10,30,1000,-1,2,-5,101325,2500,7111,484,0xf,False,0x0
1783145329.046,3249,3249,724369,4,1,-2,12,41,992,2,3,2,101325,2500,7111,492,0xf,False,0x0
1783145329.247,3250,3250,724569,4,1,-11,4,-28,1098,0,-4,-1,101325,2500,7111,507,0xf,False,0x0
1783145329.453,3251,3251,724775,4,1,-10,-39,18,1103,-1,3,-1,101325,2500,7111,495,0xf,False,0x0
1783145329.653,3252,3252,724976,4,1,9,34,7,929,-1,3,-5,101325,2500,7111,519,0xf,False,0x0
1783145329.855,3253,3253,725178,4,1,-14,-52,-7,971,3,4,-3,101325,2500,7110,509,0xf,False,0x0
1783145330.056,3254,3254,725378,4,1,-9,1,29,957,-3,4,5,101325,2500,7110,508,0xf,False,0x0
1783145330.257,3255,3255,725579,4,1,-15,-3,-44,962,2,-2,4,101325,2500,7110,508,0xf,False,0x0
1783145330.530,3256,3256,725853,4,1,-16,35,-46,987,-2,3,3,101325,2500,7110,502,0xf,False,0x0
1783145330.731,3257,3257,726053,4,1,9,-40,17,940,-2,-4,-4,101325,2500,7110,520,0xf,False,0x0
1783145330.932,3258,3258,726255,4,1,16,-39,-46,1032,4,5,2,101325,2500,7110,493,0xf,False,0x0
1783145331.133,3259,3259,726455,4,1,11,59,-11,941,-2,-3,-3,101325,2500,7110,490,0xf,False,0x0
1783145331.346,3260,3260,726669,4,1,-4,-5,-34,1161,4,-5,0,101325,2500,7110,494,0xf,False,0x0
1783145331.547,3261,3261,726869,4,1,-18,4,-6,1083,2,-3,4,101325,2500,7110,481,0xf,False,0x0
1783145331.761,3262,3262,727083,4,1,-10,-7,5,911,-1,2,1,101325,2500,7110,492,0xf,False,0x0
1783145331.961,3263,3263,727284,4,1,-7,33,40,1134,-5,-4,-5,101325,2500,7110,519,0xf,False,0x0
1783145332.166,3264,3264,727488,4,1,17,-1,-10,910,5,-2,-2,101325,2500,7110,481,0xf,False,0x0
1783145332.366,3265,3265,727688,4,1,5,39,38,1014,-4,-5,1,101325,2500,7109,512,0xf,False,0x0
1783145332.566,3266,3266,727889,4,1,-5,19,23,959,-5,2,0,101325,2500,7109,501,0xf,False,0x0
1783145333.037,3268,3268,728360,4,1,7,-48,-57,1142,-3,0,-1,101325,2500,7109,517,0xf,False,0x0
1783145333.238,3269,3269,728561,4,1,5,5,-1,940,-2,-4,-5,101325,2500,7109,510,0xf,False,0x0
1783145333.441,3270,3270,728764,4,1,12,8,40,1051,-5,5,-5,101325,2500,7109,519,0xf,False,0x0
1783145333.641,3271,3271,728964,4,1,-1,60,23,924,-3,-1,-4,101325,2500,7109,490,0xf,False,0x0
1783145333.842,3272,3272,729165,4,1,-5,19,-18,883,1,4,3,101325,2500,7109,509,0xf,False,0x0
1783145334.044,3273,3273,729366,4,1,-2,58,19,1006,4,2,-2,101325,2500,7109,493,0xf,False,0x0
1783145334.245,3274,3274,729568,4,1,7,-32,57,879,4,-2,1,101325,2500,7109,503,0xf,False,0x0
1783145334.446,3275,3275,729768,4,1,2,37,37,972,-5,1,0,101325,2500,7109,496,0xf,False,0x0
1783145334.650,3276,3276,729973,4,1,-1,0,60,1051,3,2,1,101325,2500,7109,519,0xf,False,0x0
1783145334.851,3277,3277,730173,4,1,20,58,-8,916,2,-4,-1,101325,2500,7108,513,0xf,False,0x0
1783145335.051,3278,3278,730374,4,1,-14,-29,-20,969,4,-2,-1,101325,2500,7108,482,0xf,False,0x0
1783145335.252,3279,3279,730574,4,1,-12,-11,38,1024,2,-3,-2,101325,2500,7108,482,0xf,False,0x0
1783145335.452,3280,3280,730775,4,1,-1,12,53,1055,1,2,4,101325,2500,7108,504,0xf,False,0x0
1783145335.692,3281,3281,731015,4,1,-17,-56,-36,894,3,5,0,101325,2500,7108,509,0xf,False,0x0
1783145335.893,3282,3282,731215,4,1,-15,-56,-9,936,-4,0,-4,101325,2500,7108,498,0xf,False,0x0
1783145336.108,3283,3283,731430,4,1,18,47,-48,1080,-5,3,2,101325,2500,7108,495,0xf,False,0x0
1783145336.308,3284,3284,731631,4,1,-16,-40,-38,963,-5,1,-4,101325,2500,7108,497,0xf,False,0x0
1783145336.510,3285,3285,731833,4,1,10,-59,46,1099,-2,-2,-3,101325,2500,7108,519,0xf,False,0x0
1783145336.711,3286,3286,732033,4,1,-20,7,43,898,-5,2,3,101325,2500,7108,496,0xf,False,0x0
1783145336.911,3287,3287,732233,4,1,16,8,19,1077,2,3,3,101325,2500,7108,491,0xf,False,0x0
1783145337.111,3288,3288,732434,4,1,-20,2,-42,1012,-1,4,0,101325,2500,7108,494,0xf,False,0x0
1783145337.319,3289,3289,732641,4,1,8,-14,-21,996,0,3,-1,101325,2500,7107,488,0xf,False,0x0
1783145337.519,3290,3290,732841,4,1,-20,-48,-18,977,2,2,5,101325,2500,7107,513,0xf,False,0x0
1783145337.721,3291,3291,733044,4,1,-15,-20,-58,968,2,5,3,101325,2500,7107,481,0xf,False,0x0
1783145337.922,3292,3292,733244,4,1,5,32,-19,917,-5,1,-3,101325,2500,7107,489,0xf,False,0x0
1783145338.126,3293,3293,733449,4,1,-2,-37,-50,910,5,1,-4,101325,2500,7107,520,0xf,False,0x0
1783145338.327,3294,3294,733649,4,1,15,-54,55,1053,5,4,4,101325,2500,7107,497,0xf,False,0x0
1783145338.565,3295,3295,733888,4,1,-5,7,58,848,-1,-3,1,101325,2500,7107,511,0xf,False,0x0
1783145338.766,3296,3296,734088,4,1,-15,20,58,990,-3,3,-5,101325,2500,7107,490,0xf,False,0x0
1783145338.966,3297,3297,734288,4,1,10,27,-43,991,-2,4,4,101325,2500,7107,511,0xf,False,0x0
1783145339.238,3298,3298,734560,4,1,-1,7,-35,1116,1,2,2,101325,2500,7107,512,0xf,False,0x0
1783145339.438,3299,3299,734761,4,1,-19,30,-17,1038,4,-1,5,101325,2500,7107,515,0xf,False,0x0
1783145339.639,3300,3300,734962,4,1,9,9,43,978,2,2,3,101325,2500,7107,494,0xf,False,0x0
1783145340.045,3302,3302,735368,4,1,-7,46,2,962,0,-1,4,101325,2500,7106,486,0xf,False,0x0
1783145340.246,3303,3303,735568,4,1,-14,60,-4,926,-1,-4,-5,101325,2500,7106,514,0xf,False,0x0
1783145340.450,3304,3304,735772,4,1,5,44,-3,1075,-1,5,-2,101325,2500,7106,484,0xf,False,0x0
1783145340.650,3305,3305,735973,4,1,-20,-34,4,1099,5,0,5,101325,2500,7106,484,0xf,False,0x0
1783145340.851,3306,3306,736174,4,1,8,4,16,981,-3,2,1,101325,2500,7106,504,0xf,False,0x0
1783145341.052,3307,3307,736374,4,1,-18,-55,23,1028,5,-3,-2,101325,2500,7106,503,0xf,False,0x0
1783145341.258,3308,3308,736580,4,1,-12,-43,-9,1033,-3,2,-1,101325,2500,7106,519,0xf,False,0x0
1783145341.715,3310,3310,737038,4,1,-13,-26,31,848,2,5,0,101325,2500,7106,506,0xf,False,0x0
1783145342.145,3312,3312,737468,4,1,3,-9,9,1048,2,5,1,101325,2500,7106,480,0xf,False,0x0
1783145342.346,3313,3313,737668,4,1,17,-46,46,1049,-5,-1,-4,101325,2500,7105,481,0xf,False,0x0
1783145342.557,3314,3314,737879,4,1,16,-59,35,856,1,1,0,101325,2500,7105,517,0xf,False,0x0
1783145342.757,3315,3315,738080,4,1,18,-18,-29,872,-1,1,-3,101325,2500,7105,486,0xf,False,0x0
1783145342.964,3316,3316,738287,4,1,5,-19,0,1082,-2,-3,5,101325,2500,7105,495,0xf,False,0x0
1783145343.165,3317,3317,738488,4,1,4,32,-54,850,0,2,0,101325,2500,7105,489,0xf,False,0x0
1783145343.368,3318,3318,738690,4,1,10,0,-20,932,1,-5,1,101325,2500,7105,483,0xf,False,0x0
1783145343.568,3319,3319,738891,4,1,17,-28,57,1080,1,3,5,101325,2500,7105,504,0xf,False,0x0
1783145343.769,3320,3320,739091,4,1,0,-51,-57,1066,4,-2,2,101325,2500,7105,500,0xf,False,0x0
1783145344.003,3321,3321,739326,4,1,-15,-16,57,1013,-4,2,5,101325,2500,7105,514,0xf,False,0x0
1783145344.203,3322,3322,739526,4,1,-2,-47,-38,985,0,0,-3,101325,2500,7105,517,0xf,False,0x0
1783145344.413,3323,3323,739736,4,1,-12,-26,13,884,3,-4,-3,101325,2500,7105,492,0xf,False,0x0
1783145344.614,3324,3324,739936,4,1,5,18,-7,1021,0,-1,2,101325,2500,7105,507,0xf,False,0x0
1783145344.819,3325,3325,740142,4,1,-16,59,1,865,4,2,5,101325,2500,7104,485,0xf,False,0x0
1783145345.020,3326,3326,740342,4,1,-20,-54,1,1027,1,-3,4,101325,2500,7104,493,0xf,False,0x0
1783145345.226,3327,3327,740549,4,1,19,54,-40,1100,-1,2,4,101325,2500,7104,481,0xf,False,0x0
1783145345.427,3328,3328,740749,4,1,5,29,20,1114,-3,3,-5,101325,2500,7104,504,0xf,False,0x0
1783145345.636,3329,3329,740958,4,1,-19,15,48,967,-1,-2,-2,101325,2500,7104,483,0xf,False,0x0
1783145345.836,3330,3330,741159,4,1,5,52,11,1021,-1,-5,2,101325,2500,7104,483,0xf,False,0x0
1783145346.040,3331,3331,741362,4,1,7,-11,-9,937,3,4,-3,101325,2500,7104,487,0xf,False,0x0
1783145346.244,3332,3332,741567,4,1,-3,18,-38,990,5,-5,-1,101325,2500,7104,514,0xf,False,0x0
1783145346.446,3333,3333,741769,4,1,5,15,17,992,-2,2,-3,101325,2500,7104,483,0xf,False,0x0
1783145346.647,3334,3334,741970,4,1,4,24,42,907,-1,-3,-2,101325,2500,7104,505,0xf,False,0x0
1783145346.851,3335,3335,742173,4,1,-10,-16,-55,1085,1,-1,5,101325,2500,7104,482,0xf,False,0x0
1783145347.052,3336,3336,742374,4,1,-4,-5,-18,1032,2,5,-5,101325,2500,7104,502,0xf,False,0x0
1783145347.267,3337,3337,742589,4,1,-10,50,-26,926,4,2,2,101325,2500,7103,512,0xf,False,0x0
1783145347.467,3338,3338,742789,4,1,-1,44,-10,1012,1,2,5,101325,2500,7103,494,0xf,False,0x0
1783145347.668,3339,3339,742991,4,1,8,-58,54,1119,-4,1,-4,101325,2500,7103,513,0xf,False,0x0
1783145347.869,3340,3340,743191,4,1,-8,-50,17,1127,-1,-1,2,101325,2500,7103,512,0xf,False,0x0
1783145348.073,3341,3341,743395,4,1,-8,15,31,965,1,3,0,101325,2500,7103,482,0xf,False,0x0
1783145348.273,3342,3342,743596,4,1,-17,29,-19,1094,-3,0,0,101325,2500,7103,509,0xf,False,0x0
1783145348.479,3343,3343,743801,4,1,19,59,-33,949,-3,5,3,101325,2500,7103,519,0xf,False,0x0
1783145348.679,3344,3344,744002,4,1,-12,-43,-38,939,1,3,2,101325,2500,7103,517,0xf,False,0x0
1783145348.882,3345,3345,744204,4,1,2,38,-16,1063,4,-3,-5,101325,2500,7103,480,0xf,False,0x0
1783145349.082,3346,3346,744405,4,1,1,59,-25,877,4,-3,3,101325,2500,7103,507,0xf,False,0x0
1783145349.287,3347,3347,744609,4,1,13,-49,22,1154,5,2,-4,101325,2500,7103,484,0xf,False,0x0
1783145349.487,3348,3348,744809,4,1,0,34,31,1087,-4,-2,-2,101325,2500,7103,498,0xf,False,0x0
1783145349.687,3349,3349,745010,4,1,-8,-27,-18,1004,4,4,-2,101325,2500,7102,514,0xf,False,0x0
1783145349.947,3350,3350,745270,4,1,2,-44,-52,893,-5,5,0,101325,2500,7102,505,0xf,False,0x0
1783145350.148,3351,3351,745470,4,1,2,-26,-12,1018,5,-2,4,101325,2500,7102,515,0xf,False,0x0
1783145350.358,3352,3352,745680,4,1,17,51,4,1059,-4,1,3,101325,2500,7102,490,0xf,False,0x0
1783145350.559,3353,3353,745881,4,1,-4,-55,1,870,1,2,-5,101325,2500,7102,497,0xf,False,0x0
1783145350.762,3354,3354,746085,4,1,-2,-12,19,968,3,-2,3,101325,2500,7102,500,0xf,False,0x0
1783145351.168,3356,3356,746491,4,1,-17,3,-27,895,5,-5,3,101325,2500,7102,485,0xf,False,0x0
1783145351.369,3357,3357,746692,4,1,-18,32,-13,892,4,-2,-5,101325,2500,7102,482,0xf,False,0x0
1783145351.573,3358,3358,746896,4,1,-12,51,10,893,-5,-1,-3,101325,2500,7102,507,0xf,False,0x0
1783145351.773,3359,3359,747096,4,1,10,-39,10,1046,-3,1,-1,101325,2500,7102,485,0xf,False,0x0
1783145351.975,3360,3360,747297,4,1,-8,25,40,1026,-5,-3,0,101325,2500,7102,487,0xf,False,0x0
1783145352.176,3361,3361,747498,4,1,-14,-23,-42,974,-3,-4,-3,101325,2500,7102,502,0xf,False,0x0
1783145352.376,3362,3362,747699,4,1,-11,-33,14,1108,4,2,0,101325,2500,7101,512,0xf,False,0x0
1783145352.577,3363,3363,747899,4,1,11,42,18,1001,4,-5,-5,101325,2500,7101,498,0xf,False,0x0
1783145352.779,3364,3364,748102,4,1,-6,-11,49,856,5,0,-1,101325,2500,7101,497,0xf,False,0x0
1783145352.980,3365,3365,748303,4,1,-5,18,60,1104,1,1,-4,101325,2500,7101,511,0xf,False,0x0
1783145353.196,3366,3366,748519,4,1,-1,59,-25,1044,-5,-4,0,101325,2500,7101,499,0xf,False,0x0
1783145353.397,3367,3367,748719,4,1,-7,26,-19,1098,-1,5,5,101325,2500,7101,517,0xf,False,0x0
1783145353.599,3368,3368,748921,4,1,2,24,-4,998,-3,5,-4,101325,2500,7101,511,0xf,False,0x0
1783145353.799,3369,3369,749121,4,1,8,53,-33,1143,-1,0,-1,101325,2500,7101,494,0xf,False,0x0
1783145354.007,3370,3370,749329,4,1,17,-43,-34,876,-4,-2,2,101325,2500,7101,502,0xf,False,0x0
1783145354.207,3371,3371,749530,4,1,4,-44,30,959,-5,4,-5,101325,2500,7101,520,0xf,False,0x0
1783145354.414,3372,3372,749737,4,1,7,58,3,986,0,-1,-5,101325,2500,7101,515,0xf,False,0x0
1783145354.817,3374,3374,750140,4,1,10,-34,-16,1106,4,-1,5,101325,2500,7100,516,0xf,False,0x0
1783145355.018,3375,3375,750340,4,1,10,-56,-60,1107,5,-2,3,101325,2500,7100,507,0xf,False,0x0
1783145355.221,3376,3376,750544,4,1,-14,3,27,1103,0,3,2,101325,2500,7100,489,0xf,False,0x0
1783145355.422,3377,3377,750745,4,1,6,19,50,1034,5,2,-5,101325,2500,7100,515,0xf,False,0x0
1783145355.628,3378,3378,750951,4,1,-19,56,-47,985,-2,-2,-2,101325,2500,7100,507,0xf,False,0x0
1783145355.829,3379,3379,751151,4,1,-9,-41,52,1014,2,3,-1,101325,2500,7100,482,0xf,False,0x0
1783145356.032,3380,3380,751354,4,1,8,58,7,1122,1,1,1,101325,2500,7100,514,0xf,False,0x0
1783145356.232,3381,3381,751555,4,1,10,-47,-29,981,4,-5,4,101325,2500,7100,509,0xf,False,0x0
1783145356.437,3382,3382,751759,4,1,2,-58,47,1059,4,3,-1,101325,2500,7100,501,0xf,False,0x0
1783145356.842,3384,3384,752165,4,1,4,25,29,1042,4,2,2,101325,2500,7100,487,0xf,False,0x0
1783145357.043,3385,3385,752366,4,1,-9,-38,0,1077,1,3,0,101325,2500,7100,486,0xf,False,0x0
1783145357.246,3386,3386,752569,4,1,-18,-53,7,1015,0,-1,3,101325,2500,7099,514,0xf,False,0x0
1783145357.447,3387,3387,752770,4,1,4,34,-43,862,-2,5,2,101325,2500,7099,482,0xf,False,0x0
1783145357.649,3388,3388,752971,4,1,4,-52,-44,1092,1,3,0,101325,2500,7099,487,0xf,False,0x0
1783145357.849,3389,3389,753172,4,1,8,18,-9,929,-5,-2,3,101325,2500,7099,510,0xf,False,0x0
1783145358.053,3390,3390,753376,4,1,-8,-47,58,1076,5,-5,4,101325,2500,7099,520,0xf,False,0x0
1783145358.254,3391,3391,753576,4,1,20,49,-28,957,-2,3,3,101325,2500,7099,497,0xf,False,0x0
1783145358.459,3392,3392,753782,4,1,5,-49,-31,1070,-1,5,3,101325,2500,7099,497,0xf,False,0x0
1783145358.660,3393,3393,753982,4,1,-10,-21,-47,1049,3,-5,5,101325,2500,7099,484,0xf,False,0x0
1783145358.873,3394,3394,754195,4,1,7,-48,-5,1041,-1,-2,4,101325,2500,7099,515,0xf,False,0x0
1783145359.073,3395,3395,754395,4,1,-5,-43,-40,1109,-1,-5,2,101325,2500,7099,504,0xf,False,0x0
1783145359.276,3396,3396,754599,4,1,-20,-21,-39,1054,-1,-2,5,101325,2500,7099,507,0xf,False,0x0
1783145359.478,3397,3397,754800,4,1,12,-42,43,990,4,0,1,101325,2500,7099,484,0xf,False,0x0
1783145359.681,3398,3398,755004,4,1,-16,-27,-31,1024,3,3,-1,101325,2500,7098,485,0xf,False,0x0
1783145359.882,3399,3399,755204,4,1,-19,-34,-30,986,-3,-5,-1,101325,2500,7098,514,0xf,False,0x0
1783145360.082,3400,3400,755404,4,1,20,12,32,985,5,3,-1,101325,2500,7098,512,0xf,False,0x0
1783145360.354,3401,3401,755677,4,1,9,23,53,1037,-2,5,3,101325,2500,7098,501,0xf,False,0x0
1783145360.555,3402,3402,755877,4,1,4,-3,56,1045,-3,4,3,101325,2500,7098,490,0xf,False,0x0
1783145360.756,3403,3403,756079,4,1,-15,29,37,1094,2,-2,5,101325,2500,7098,496,0xf,False,0x0
1783145360.957,3404,3404,756279,4,1,-1,2,45,998,3,2,5,101325,2500,7098,482,0xf,False,0x0
1783145361.158,3405,3405,756480,4,1,17,-14,30,1070,0,1,5,101325,2500,7098,481,0xf,False,0x0
1783145361.358,3406,3406,756681,4,1,8,51,5,1049,5,4,-2,101325,2500,7098,486,0xf,False,0x0
1783145361.561,3407,3407,756883,4,1,0,-4,0,989,5,3,-5,101325,2500,7098,498,0xf,False,0x0
1783145361.762,3408,3408,757084,4,1,-2,6,52,1030,3,5,-5,101325,2500,7098,481,0xf,False,0x0
1783145361.964,3409,3409,757286,4,1,3,12,-58,838,-3,-4,0,101325,2500,7098,508,0xf,False,0x0
1783145362.164,3410,3410,757487,4,1,-1,46,29,851,3,-1,4,101325,2500,7098,508,0xf,False,0x0
1783145362.382,3411,3411,757705,4,1,10,-37,31,944,-3,4,0,101325,2500,7097,510,0xf,False,0x0
1783145362.582,3412,3412,757905,4,1,10,-4,3,1065,4,3,-1,101325,2500,7097,485,0xf,False,0x0
1783145362.789,3413,3413,758112,4,1,9,52,39,1034,-1,3,-1,101325,2500,7097,510,0xf,False,0x0
1783145362.990,3414,3414,758313,4,1,-11,-54,-49,1075,2,-2,-3,101325,2500,7097,510,0xf,False,0x0
1783145363.196,3415,3415,758518,4,1,1,19,-4,1099,-5,-4,2,101325,2500,7097,483,0xf,False,0x0
1783145363.396,3416,3416,758719,4,1,-4,20,-54,1031,-4,1,4,101325,2500,7097,486,0xf,False,0x0
1783145363.730,3417,3417,759052,4,1,-11,5,-1,1113,-5,1,1,101325,2500,7097,504,0xf,False,0x0
1783145363.930,3418,3418,759253,4,1,8,51,-52,1092,2,1,0,101325,2500,7097,489,0xf,False,0x0
1783145364.133,3419,3419,759456,4,1,5,28,37,1120,1,-3,2,101325,2500,7097,496,0xf,False,0x0
1783145364.334,3420,3420,759656,4,1,8,-54,-6,954,1,5,-3,101325,2500,7097,520,0xf,False,0x0
1783145364.536,3421,3421,759859,4,1,-19,2,-23,998,5,-4,4,101325,2500,7097,519,0xf,False,0x0
1783145364.737,3422,3422,760060,4,1,14,24,38,938,-2,-5,-5,101325,2500,7096,506,0xf,False,0x0
1783145364.938,3423,3423,760261,4,1,-14,38,-60,1078,1,-5,1,101325,2500,7096,499,0xf,False,0x0
1783145365.139,3424,3424,760461,4,1,17,-55,-5,1084,-2,-2,-1,101325,2500,7096,484,0xf,False,0x0
1783145365.347,3425,3425,760669,4,1,-4,-12,49,873,-5,-2,-5,101325,2500,7096,501,0xf,False,0x0
1783145365.753,3427,3427,761075,4,1,-14,-50,27,931,0,0,4,101325,2500,7096,512,0xf,False,0x0
1783145365.953,3428,3428,761275,4,1,16,-3,36,880,-1,-4,3,101325,2500,7096,489,0xf,False,0x0
1783145366.155,3429,3429,761477,4,1,8,59,54,1003,2,1,-4,101325,2500,7096,495,0xf,False,0x0
1783145366.565,3431,3431,761887,4,1,20,-46,-39,895,2,4,-4,101325,2500,7096,484,0xf,False,0x0
1783145366.765,3432,3432,762088,4,1,3,6,27,978,4,4,2,101325,2500,7096,487,0xf,False,0x0
1783145366.966,3433,3433,762289,4,1,-10,-52,60,928,2,-5,3,101325,2500,7096,504,0xf,False,0x0
1783145367.167,3434,3434,762489,4,1,-14,37,20,985,-3,-4,-2,101325,2500,7096,485,0xf,False,0x0
1783145367.367,3435,3435,762690,4,1,8,58,-9,1028,5,-1,0,101325,2500,7095,516,0xf,False,0x0
1783145367.930,3437,3437,763253,4,1,13,24,27,934,-5,-4,5,101325,2500,7095,499,0xf,False,0x0
1783145368.131,3438,3438,763454,4,1,19,-35,2,942,5,-3,-2,101325,2500,7095,508,0xf,False,0x0
1783145368.332,3439,3439,763654,4,1,9,60,38,1011,-5,3,5,101325,2500,7095,513,0xf,False,0x0
1783145368.556,3440,3440,763879,4,1,-1,-7,8,1033,-3,-2,-4,101325,2500,7095,486,0xf,False,0x0
1783145368.757,3441,3441,764079,4,1,-20,45,-42,1019,4,2,3,101325,2500,7095,484,0xf,False,0x0
1783145368.958,3442,3442,764281,4,1,-12,-33,41,970,-2,-4,0,101325,2500,7095,488,0xf,False,0x0
1783145369.158,3443,3443,764481,4,1,-17,46,49,998,-1,2,4,101325,2500,7095,489,0xf,False,0x0
1783145369.561,3445,3445,764883,4,1,-18,49,34,1058,-1,-4,-2,101325,2500,7095,517,0xf,False,0x0
1783145369.762,3446,3446,765084,4,1,2,-4,56,1001,5,-1,-2,101325,2500,7094,506,0xf,False,0x0
1783145369.962,3447,3447,765285,4,1,-6,-26,9,1068,0,0,1,101325,2500,7094,509,0xf,False,0x0
1783145370.165,3448,3448,765487,4,1,-1,-21,-56,919,4,-3,-5,101325,2500,7094,517,0xf,False,0x0
1783145370.365,3449,3449,765687,4,1,8,-25,12,1081,0,1,-4,101325,2500,7094,484,0xf,False,0x0
1783145370.565,3450,3450,765888,4,1,-5,-34,5,1087,-1,-1,5,101325,2500,7094,494,0xf,False,0x0
1783145370.766,3451,3451,766088,4,1,17,10,-27,1073,2,-2,-3,101325,2500,7094,510,0xf,False,0x0
1783145370.974,3452,3452,766297,4,1,10,-58,-29,905,2,-2,5,101325,2500,7094,515,0xf,False,0x0
1783145371.175,3453,3453,766498,4,1,1,30,53,1052,-5,-1,3,101325,2500,7094,481,0xf,False,0x0
1783145371.377,3454,3454,766699,4,1,-7,31,44,972,2,0,3,101325,2500,7094,514,0xf,False,0x0
1783145371.577,3455,3455,766900,4,1,20,-60,-12,1028,2,3,-3,101325,2500,7094,499,0xf,False,0x0
1783145371.780,3456,3456,767102,4,1,9,-16,-7,1013,-3,5,-1,101325,2500,7094,507,0xf,False,0x0
1783145371.980,3457,3457,767303,4,1,-7,-12,15,972,-2,0,5,101325,2500,7094,506,0xf,False,0x0
1783145372.181,3458,3458,767504,4,1,-14,-11,-29,1031,-5,5,5,101325,2500,7093,496,0xf,False,0x0
1783145372.381,3459,3459,767704,4,1,19,-27,-43,1110,2,4,-2,101325,2500,7093,507,0xf,False,0x0
1783145372.603,3460,3460,767925,4,1,-20,14,28,1051,3,1,-1,101325,2500,7093,509,0xf,False,0x0
1783145372.803,3461,3461,768125,4,1,0,14,-44,964,4,3,5,101325,2500,7093,488,0xf,False,0x0
1783145373.007,3462,3462,768330,4,1,-12,-51,-6,1108,-5,-3,-3,101325,2500,7093,505,0xf,False,0x0
1783145373.208,3463,3463,768530,4,1,-1,-15,8,944,2,1,-4,101325,2500,7093,480,0xf,False,0x0
1783145373.410,3464,3464,768732,4,1,-16,40,4,1055,0,4,5,101325,2500,7093,495,0xf,False,0x0
1783145373.611,3465,3465,768933,4,1,19,45,19,1121,0,1,3,101325,2500,7093,495,0xf,False,0x0
1783145373.812,3466,3466,769135,4,1,-13,19,-6,917,-4,-4,-5,101325,2500,7093,519,0xf,False,0x0
1783145374.015,3467,3467,769338,4,1,-19,-13,-12,931,-1,5,5,101325,2500,7093,488,0xf,False,0x0
1783145374.216,3468,3468,769538,4,1,0,-34,13,1112,2,-1,-5,101325,2500,7093,499,0xf,False,0x0
1783145374.421,3469,3469,769743,4,1,4,-37,24,1075,0,0,-1,101325,2500,7093,507,0xf,False,0x0
1783145374.626,3470,3470,769949,4,1,-3,37,-8,937,5,-5,5,101325,2500,7093,498,0xf,False,0x0
1783145374.827,3471,3471,770149,4,1,5,-42,29,920,-5,0,-3,101325,2500,7092,493,0xf,False,0x0
1783145375.042,3472,3472,770364,4,1,-11,-32,23,961,3,-4,-2,101325,2500,7092,502,0xf,False,0x0
1783145375.242,3473,3473,770565,4,1,-5,60,55,949,-1,4,-1,101325,2500,7092,512,0xf,False,0x0
1783145375.446,3474,3474,770768,4,1,-17,-48,7,1089,0,1,3,101325,2500,7092,497,0xf,False,0x0
1783145375.646,3475,3475,770969,4,1,1,40,-43,1091,4,2,0,101325,2500,7092,491,0xf,False,0x0
1783145375.848,3476,3476,771171,4,1,-7,-49,32,960,-1,2,1,101325,2500,7092,506,0xf,False,0x0
1783145376.087,3477,3477,771409,4,1,12,-19,-42,1075,3,4,3,101325,2500,7092,516,0xf,False,0x0
1783145376.287,3478,3478,771610,4,1,19,-57,-36,1051,-3,-4,1,101325,2500,7092,500,0xf,False,0x0
1783145376.488,3479,3479,771811,4,1,16,52,38,951,5,5,4,101325,2500,7092,506,0xf,False,0x0
1783145376.689,3480,3480,772012,4,1,-3,14,21,1079,-3,-5,-5,101325,2500,7092,500,0xf,False,0x0
1783145376.890,3481,3481,772212,4,1,18,22,11,912,5,-2,-1,101325,2500,7092,502,0xf,False,0x0
1783145377.090,3482,3482,772413,4,1,-7,17,-7,1067,4,1,3,101325,2500,7092,518,0xf,False,0x0
1783145377.354,3483,3483,772676,4,1,4,17,44,913,5,2,1,101325,2500,7091,507,0xf,False,0x0
1783145377.554,3484,3484,772877,4,1,-18,22,-24,1107,4,-4,-1,101325,2500,7091,498,0xf,False,0x0
1783145377.755,3485,3485,773078,4,1,19,7,-24,969,-3,-3,0,101325,2500,7091,502,0xf,False,0x0
1783145377.992,3486,3486,773315,4,1,18,10,-42,1093,0,-4,0,101325,2500,7091,494,0xf,False,0x0
1783145378.193,3487,3487,773515,4,1,5,-8,-55,987,-3,0,-1,101325,2500,7091,487,0xf,False,0x0
1783145378.830,3490,3490,774152,4,1,-14,-48,37,954,-5,-5,-1,101325,2500,7091,494,0xf,False,0x0
1783145379.030,3491,3491,774352,4,1,-4,-6,-42,1009,1,0,-3,101325,2500,7091,495,0xf,False,0x0
1783145379.261,3492,3492,774584,4,1,7,-14,-35,961,1,0,-5,101325,2500,7091,505,0xf,False,0x0
1783145379.462,3493,3493,774784,4,1,-6,16,-58,1090,-4,2,4,101325,2500,7091,519,0xf,False,0x0
1783145379.662,3494,3494,774985,4,1,4,-8,13,866,-3,-4,2,101325,2500,7091,505,0xf,False,0x0
1783145379.919,3495,3495,775242,4,1,-20,57,-43,854,1,3,1,101325,2500,7090,495,0xf,False,0x0
1783145380.549,3498,3498,775871,4,1,3,6,-7,999,0,-2,0,101325,2500,7090,513,0xf,False,0x0
1783145380.749,3499,3499,776072,4,1,20,-41,-58,940,5,0,5,101325,2500,7090,492,0xf,False,0x0
1783145380.954,3500,3500,776277,4,1,-3,41,40,927,1,-1,4,101325,2500,7090,507,0xf,False,0x0
1783145381.156,3501,3501,776478,4,1,9,27,-11,1007,-3,0,-5,101325,2500,7090,482,0xf,False,0x0
1783145381.361,3502,3502,776683,4,1,9,-39,29,1009,4,-3,3,101325,2500,7090,501,0xf,False,0x0
1783145381.561,3503,3503,776883,4,1,14,19,16,1005,-2,0,-4,101325,2500,7090,499,0xf,False,0x0
1783145381.967,3505,3505,777289,4,1,-3,4,1,1031,3,-5,-3,101325,2500,7090,496,0xf,False,0x0
1783145382.168,3506,3506,777490,4,1,-9,46,-2,1114,1,0,3,101325,2500,7090,496,0xf,False,0x0
1783145382.409,3507,3507,777732,4,1,5,54,20,961,1,4,0,101325,2500,7089,515,0xf,False,0x0
1783145382.610,3508,3508,777933,4,1,14,57,49,1099,-3,5,-4,101325,2500,7089,489,0xf,False,0x0
1783145382.812,3509,3509,778134,4,1,7,-3,-16,1037,5,-3,-2,101325,2500,7089,495,0xf,False,0x0
1783145383.015,3510,3510,778337,4,1,-8,17,42,902,2,-3,-5,101325,2500,7089,496,0xf,False,0x0
1783145383.215,3511,3511,778538,4,1,-14,-5,-23,923,-2,0,5,101325,2500,7089,515,0xf,False,0x0
1783145383.416,3512,3512,778738,4,1,18,15,-27,882,-5,-2,4,101325,2500,7089,518,0xf,False,0x0
1783145383.856,3514,3514,779179,4,1,18,56,-51,1124,-5,5,-5,101325,2500,7089,514,0xf,False,0x0
1783145384.057,3515,3515,779380,4,1,18,38,31,994,-1,4,2,101325,2500,7089,488,0xf,False,0x0
1783145384.294,3516,3516,779616,4,1,-7,57,58,853,-4,5,-2,101325,2500,7089,518,0xf,False,0x0
1783145384.494,3517,3517,779817,4,1,3,-53,41,1035,-3,-4,0,101325,2500,7089,513,0xf,False,0x0
1783145384.695,3518,3518,780017,4,1,-20,-3,-21,964,-4,-1,1,101325,2500,7088,509,0xf,False,0x0
1783145385.124,3520,3520,780447,4,1,18,-3,21,1042,5,-5,-5,101325,2500,7088,483,0xf,False,0x0
1783145385.325,3521,3521,780647,4,1,-1,-57,-11,928,-5,1,-4,101325,2500,7088,492,0xf,False,0x0
1783145385.546,3522,3522,780868,4,1,1,-43,-3,1100,1,-5,-1,101325,2500,7088,515,0xf,False,0x0
1783145385.747,3523,3523,781070,4,1,19,-36,-55,1051,0,1,5,101325,2500,7088,485,0xf,False,0x0
1783145386.178,3525,3525,781501,4,1,-3,0,-46,1158,-3,-5,-1,101325,2500,7088,488,0xf,False,0x0
1783145386.379,3526,3526,781701,4,1,-11,-28,-52,1037,1,-3,3,101325,2500,7088,507,0xf,False,0x0
1783145386.579,3527,3527,781902,4,1,-6,38,-38,1071,-1,-3,-1,101325,2500,7088,500,0xf,False,0x0
1783145386.806,3528,3528,782129,4,1,-8,11,-47,971,1,-5,2,101325,2500,7088,501,0xf,False,0x0
1783145387.007,3529,3529,782329,4,1,-5,-55,1,910,-4,-5,-3,101325,2500,7088,518,0xf,False,0x0
1783145387.207,3530,3530,782530,4,1,18,-41,-2,1052,4,5,4,101325,2500,7087,516,0xf,False,0x0
1783145387.474,3531,3531,782796,4,1,14,32,0,1029,-2,5,-4,101325,2500,7087,498,0xf,False,0x0
1783145387.674,3532,3532,782997,4,1,-9,49,14,1015,-2,5,5,101325,2500,7087,508,0xf,False,0x0
1783145388.138,3534,3534,783460,4,1,7,-44,-56,976,-5,1,0,101325,2500,7087,496,0xf,False,0x0
1783145388.338,3535,3535,783661,4,1,4,-20,47,858,5,-3,4,101325,2500,7087,502,0xf,False,0x0
1783145388.539,3536,3536,783861,4,1,14,-30,20,947,2,5,5,101325,2500,7087,489,0xf,False,0x0
1783145388.997,3538,3538,784319,4,1,-18,31,-60,908,0,3,3,101325,2500,7087,488,0xf,False,0x0
1783145389.197,3539,3539,784520,4,1,20,-11,-48,982,-1,2,-4,101325,2500,7087,496,0xf,False,0x0
1783145389.441,3540,3540,784763,4,1,-18,56,46,929,4,-1,4,101325,2500,7087,483,0xf,False,0x0
1783145389.841,3542,3542,785164,4,1,-1,25,1,961,4,-1,-5,101325,2500,7086,511,0xf,False,0x0
1783145390.072,3543,3543,785395,4,1,3,30,-50,916,5,4,-5,101325,2500,7086,508,0xf,False,0x0
