rx_time,seq,pkt_no,ms,flight_mode,eject_state,altitude_cm,acc_x,acc_y,acc_z,gyro_x,gyro_y,gyro_z,pressure,bmp_temp,voltage_mv,current_ma,system_status,ack_received,crc16
1783146820.969,1,1,0,0,0,16,-48,17,980,3,-2,0,101325,2500,7400,485,0xf,False,0x0
1783146821.185,2,2,216,0,0,-4,40,60,1047,-3,-5,-4,101325,2500,7400,489,0xf,False,0x0
1783146821.417,3,3,448,0,0,-10,-57,-39,1001,0,-5,0,101325,2500,7400,500,0xf,False,0x0
1783146821.619,4,4,650,0,0,-10,37,46,1048,-3,-2,-3,101325,2500,7400,508,0xf,False,0x0
1783146821.821,5,5,853,0,0,-9,46,-26,998,0,5,5,101325,2500,7400,482,0xf,False,0x0
1783146822.224,7,7,1256,0,0,20,-2,25,1005,2,-4,-4,101325,2500,7400,502,0xf,False,0x0
1783146822.425,8,8,1457,0,0,-14,8,39,984,-2,-4,4,101325,2500,7400,517,0xf,False,0x0
1783146822.626,9,9,1657,0,0,-19,48,-27,988,-3,4,-5,101325,2500,7400,492,0xf,False,0x0
1783146822.829,10,10,1860,0,0,17,12,-28,961,5,-1,-1,101325,2500,7400,502,0xf,False,0x0
1783146823.029,11,11,2061,0,0,8,51,-24,970,-3,5,1,101325,2500,7400,509,0xf,False,0x0
1783146823.234,12,12,2265,0,0,-13,9,38,974,-5,-4,-5,101325,2500,7400,504,0xf,False,0x0
1783146823.438,13,13,2469,0,0,17,-1,-28,970,2,-5,1,101325,2500,7400,509,0xf,False,0x0
1783146823.671,14,14,2703,0,0,1,-18,4,983,0,-4,0,101325,2500,7399,517,0xf,False,0x0
1783146823.873,15,15,2904,0,0,2,51,34,981,0,1,-2,101325,2500,7399,492,0xf,False,0x0
1783146824.135,16,16,3167,0,0,6,31,-10,1035,-2,1,2,101325,2500,7399,480,0xf,False,0x0
1783146824.336,17,17,3368,0,0,14,57,-32,954,3,5,5,101325,2500,7399,481,0xf,False,0x0
1783146824.539,18,18,3571,0,0,10,-1,-39,955,0,0,2,101325,2500,7399,518,0xf,False,0x0
1783146824.740,19,19,3771,0,0,-12,-13,-53,955,2,0,1,101325,2500,7399,500,0xf,False,0x0
1783146824.951,20,20,3983,0,0,-9,41,-58,1025,4,3,4,101325,2500,7399,483,0xf,False,0x0
1783146825.152,21,21,4183,0,0,10,17,-8,982,5,4,3,101325,2500,7399,504,0xf,False,0x0
1783146825.354,22,22,4386,0,0,15,-38,9,1039,-2,5,-5,101325,2500,7399,494,0xf,False,0x0
1783146825.555,23,23,4586,0,0,17,-28,33,1010,4,-2,-4,101325,2500,7399,488,0xf,False,0x0
1783146825.783,24,24,4815,0,0,3,-8,43,1040,1,2,-4,101325,2500,7399,509,0xf,False,0x0
1783146825.984,25,25,5015,1,0,-18,21,-45,1029,5,1,-3,101325,2500,7398,506,0xf,False,0x0
1783146826.218,26,26,5249,1,0,20,-47,-24,1047,-1,-5,-3,101325,2500,7398,501,0xf,False,0x0
1783146826.418,27,27,5450,1,0,-1,44,50,1046,-1,-5,-1,101325,2500,7398,507,0xf,False,0x0
1783146826.682,28,28,5714,1,0,-17,-5,-29,1041,-5,2,-5,101325,2500,7398,513,0xf,False,0x0
1783146826.883,29,29,5915,1,0,-9,12,23,1049,0,3,-5,101325,2500,7398,484,0xf,False,0x0
1783146827.122,30,30,6154,1,0,4,-56,-2,1040,5,0,-2,101325,2500,7398,486,0xf,False,0x0
1783146827.323,31,31,6354,1,0,14,-8,-48,977,3,3,5,101325,2500,7398,512,0xf,False,0x0
1783146827.545,32,32,6576,1,0,-13,-23,40,1029,-1,-4,-1,101325,2500,7398,516,0xf,False,0x0
1783146827.745,33,33,6777,1,0,3,28,56,1006,-3,-2,-4,101325,2500,7398,511,0xf,False,0x0
1783146827.979,34,34,7010,1,0,-6,36,-2,1042,-1,3,0,101325,2500,7398,505,0xf,False,0x0
1783146828.180,35,35,7211,1,0,-1,-40,-27,973,-2,5,1,101325,2500,7398,482,0xf,False,0x0
1783146828.384,36,36,7415,1,0,-13,30,48,975,2,5,1,101325,2500,7398,497,0xf,False,0x0
1783146828.586,37,37,7617,1,0,0,-60,52,1041,-2,0,4,101325,2500,7397,500,0xf,False,0x0
1783146828.852,38,38,7883,1,0,-4,-22,37,1042,-1,1,-5,101325,2500,7397,504,0xf,False,0x0
1783146829.052,39,39,8084,1,0,-20,-17,-47,1000,0,4,-3,101325,2500,7397,485,0xf,False,0x0
1783146829.259,40,40,8290,1,0,-5,-43,-36,974,0,5,0,101325,2500,7397,510,0xf,False,0x0
1783146829.460,41,41,8491,1,0,-8,-19,41,951,-2,-5,2,101325,2500,7397,507,0xf,False,0x0
1783146829.710,42,42,8742,1,0,-7,5,-6,958,0,4,0,101325,2500,7397,494,0xf,False,0x0
1783146829.911,43,43,8942,1,0,11,33,-29,965,4,2,-5,101325,2500,7397,480,0xf,False,0x0
1783146830.158,44,44,9189,1,0,5,58,47,990,1,2,-5,101325,2500,7397,511,0xf,False,0x0
1783146830.358,45,45,9390,1,0,-16,-55,-36,975,0,0,-2,101325,2500,7397,511,0xf,False,0x0
1783146830.613,46,46,9644,1,0,14,21,-35,966,4,1,5,101325,2500,7397,509,0xf,False,0x0
1783146830.813,47,47,9845,1,0,-7,8,45,1031,-3,1,5,101325,2500,7397,505,0xf,False,0x0
1783146831.084,48,48,10115,2,0,739,12,39,1217,2,0,1,101235,2495,7396,494,0xf,False,0x0
1783146831.284,49,49,10316,2,0,1976,31,35,1511,4,-4,2,101083,2487,7396,495,0xf,False,0x0
1783146831.526,50,50,10557,2,0,3416,22,-16,1834,4,0,1,100905,2477,7396,499,0xf,False,0x0
1783146831.773,51,51,10805,2,0,4877,-29,-10,2193,4,-3,4,100729,2468,7396,491,0xf,False,0x0
1783146831.979,52,52,11011,2,0,6047,13,52,2458,5,-5,3,100586,2460,7396,485,0xf,False,0x0
1783146832.180,53,53,11212,2,0,7187,-27,-31,2710,5,-3,-2,100450,2453,7396,512,0xf,False,0x0
1783146832.399,54,54,11430,2,0,8347,15,59,3003,-3,4,0,100306,2445,7396,506,0xf,False,0x0
1783146832.599,55,55,11631,2,0,9410,-3,15,3113,-1,5,1,100179,2438,7396,487,0xf,False,0x0
1783146832.800,56,56,11831,2,0,10392,58,-2,3260,3,0,-4,100054,2432,7396,501,0xf,False,0x0
1783146833.022,57,57,12053,2,0,11507,16,15,3435,2,-4,-2,99921,2425,7396,508,0xf,False,0x0
1783146833.222,58,58,12253,3,1,12451,-18,-23,3494,-4,0,5,99805,2419,7396,488,0xf,False,0x0
1783146833.426,59,59,12457,3,1,13385,-10,59,3459,-3,3,4,99691,2412,7396,491,0xf,False,0x0
1783146833.626,60,60,12658,3,1,14287,49,1,3478,2,3,-5,99582,2407,7395,502,0xf,False,0x0
1783146833.830,61,61,12862,3,1,15164,22,54,3409,-4,2,3,99475,2401,7395,491,0xf,False,0x0
1783146834.031,62,62,13062,3,1,15997,14,26,3375,-3,-3,-3,99373,2396,7395,498,0xf,False,0x0
1783146834.238,63,63,13270,3,1,16845,-23,-3,3230,-1,-3,-3,99272,2390,7395,497,0xf,False,0x0
1783146834.439,64,64,13470,3,1,17577,50,-18,3013,4,5,-5,99178,2385,7395,504,0xf,False,0x0
1783146834.840,66,66,13872,3,1,19036,9,-34,2597,-1,1,0,99000,2376,7395,489,0xf,False,0x0
1783146835.041,67,67,14072,3,1,19741,-49,39,2404,-1,-3,-1,98917,2371,7395,500,0xf,False,0x0
1783146835.242,68,68,14273,3,1,20400,-7,-16,2138,2,3,-3,98838,2367,7395,505,0xf,False,0x0
1783146835.451,69,69,14483,3,1,21043,-51,22,1824,2,1,2,98759,2363,7395,480,0xf,False,0x0
1783146835.652,70,70,14683,3,1,21631,6,0,1443,1,5,3,98687,2359,7395,516,0xf,False,0x0
1783146835.853,71,71,14884,3,1,22190,-5,13,1135,4,-5,-5,98618,2355,7395,506,0xf,False,0x0
1783146836.054,72,72,15085,3,1,22712,-25,59,-188,2,0,-1,98554,2352,7394,490,0xf,False,0x0
1783146836.288,73,73,15319,3,1,23279,3,-40,-232,-4,-5,5,98483,2348,7394,502,0xf,False,0x0
1783146836.488,74,74,15520,3,1,23760,-42,3,-209,3,4,5,98426,2345,7394,504,0xf,False,0x0
1783146836.738,75,75,15769,3,1,24306,-29,20,-241,-1,-2,-2,98361,2342,7394,501,0xf,False,0x0
1783146836.939,76,76,15970,3,1,24700,-24,-16,-266,1,-4,4,98313,2339,7394,484,0xf,False,0x0
1783146837.182,77,77,16213,3,1,25119,34,58,-299,-4,5,2,98259,2336,7394,481,0xf,False,0x0
1783146837.382,78,78,16413,3,1,25437,41,-56,-335,2,5,-5,98219,2334,7394,492,0xf,False,0x0
1783146837.589,79,79,16620,3,1,25779,-14,-39,-293,3,5,-2,98181,2332,7394,491,0xf,False,0x0
1783146837.789,80,80,16821,3,1,26048,56,-40,-341,-5,5,-1,98148,2330,7394,487,0xf,False,0x0
1783146837.990,81,81,17021,3,1,26254,-18,26,-361,1,-2,-2,98119,2329,7394,485,0xf,False,0x0
1783146838.190,82,82,17222,3,1,26498,59,47,-426,4,-1,3,98094,2327,7394,493,0xf,False,0x0
1783146838.391,83,83,17422,3,1,26651,17,-15,-345,4,5,1,98072,2326,7394,487,0xf,False,0x0
1783146838.593,84,84,17624,3,1,26815,14,-47,-414,-1,-1,4,98054,2325,7393,517,0xf,False,0x0
1783146838.808,85,85,17840,3,1,26922,-35,-39,-400,-2,1,5,98039,2324,7393,516,0xf,False,0x0
1783146839.009,86,86,18040,3,1,27011,45,-44,-458,3,-2,2,98028,2324,7393,483,0xf,False,0x0
1783146839.210,87,87,18241,3,1,27091,-12,28,-508,-2,5,-5,98022,2324,7393,503,0xf,False,0x0
1783146839.410,88,88,18442,3,1,27116,6,12,-525,5,5,2,98019,2323,7393,495,0xf,False,0x0
1783146839.611,89,89,18642,3,1,27071,-50,-51,-67,-1,3,-1,98022,2324,7393,516,0xf,False,0x0
1783146839.811,90,90,18843,3,1,27013,-2,-52,-121,0,-1,2,98028,2324,7393,509,0xf,False,0x0
1783146840.012,91,91,19043,3,1,26985,-9,-3,-128,3,0,5,98035,2324,7393,493,0xf,False,0x0
1783146840.242,92,92,19273,3,1,26916,34,18,-46,-3,1,4,98042,2325,7393,503,0xf,False,0x0
1783146840.442,93,93,19474,3,1,26843,-57,8,-60,-5,1,1,98048,2325,7393,508,0xf,False,0x0
1783146840.714,94,94,19745,3,1,26771,41,-51,-75,-3,-1,-4,98056,2325,7393,513,0xf,False,0x0
1783146840.915,95,95,19947,3,1,26746,-12,-10,-132,4,-3,0,98062,2326,7393,483,0xf,False,0x0
1783146841.116,96,96,20147,3,1,26693,33,-33,-112,5,0,1,98069,2326,7392,502,0xf,False,0x0
1783146841.350,97,97,20382,3,1,26646,-31,17,-46,4,2,-4,98076,2326,7392,518,0xf,False,0x0
1783146841.551,98,98,20582,3,1,26589,37,13,-122,-4,3,4,98082,2327,7392,494,0xf,False,0x0
1783146841.760,99,99,20792,3,1,26512,-44,-33,-112,-3,2,-3,98089,2327,7392,510,0xf,False,0x0
1783146842.161,101,101,21192,3,1,26427,57,53,-104,5,-3,1,98101,2328,7392,496,0xf,False,0x0
1783146842.361,102,102,21393,3,1,26377,-26,-56,-73,0,-4,-2,98107,2328,7392,482,0xf,False,0x0
1783146842.562,103,103,21593,3,1,26313,21,-29,-120,-1,5,0,98114,2328,7392,514,0xf,False,0x0
1783146842.762,104,104,21794,3,1,26261,-27,53,-117,-5,5,-2,98120,2329,7392,487,0xf,False,0x0
1783146842.986,105,105,22018,3,1,26218,27,7,-148,-5,1,-2,98127,2329,7392,484,0xf,False,0x0
1783146843.187,106,106,22218,3,1,26146,14,17,-57,-4,5,-1,98133,2329,7392,519,0xf,False,0x0
1783146843.653,108,108,22684,3,1,26019,33,26,-66,1,-1,-4,98148,2330,7391,509,0xf,False,0x0
1783146843.907,109,109,22939,3,1,25970,44,31,-58,2,5,3,98156,2331,7391,520,0xf,False,0x0
1783146844.108,110,110,23139,3,1,25926,43,-40,-116,-1,-2,0,98162,2331,7391,486,0xf,False,0x0
1783146844.323,111,111,23355,3,1,25869,31,45,-75,-4,-5,-4,98169,2331,7391,500,0xf,False,0x0
1783146844.524,112,112,23555,3,1,25819,27,-25,-57,1,2,-1,98176,2332,7391,509,0xf,False,0x0
1783146844.765,113,113,23796,3,1,25727,-41,-48,-147,-4,-5,-4,98183,2332,7391,509,0xf,False,0x0
1783146844.965,114,114,23997,3,1,25686,-15,-29,-86,5,-4,-5,98190,2332,7391,493,0xf,False,0x0
1783146845.205,115,115,24236,3,1,25619,-21,-45,-55,-3,-1,0,98197,2333,7391,503,0xf,False,0x0
1783146845.405,116,116,24436,3,1,25566,-27,-44,-79,-2,0,-4,98204,2333,7391,492,0xf,False,0x0
1783146845.608,117,117,24639,3,1,25507,-48,-45,-38,-5,-1,3,98210,2334,7391,513,0xf,False,0x0
1783146845.824,118,118,24855,3,1,25477,-34,-13,-131,-3,-1,0,98217,2334,7391,488,0xf,False,0x0
1783146846.024,119,119,25056,3,1,25412,5,-1,-62,-4,4,0,98224,2334,7390,488,0xf,False,0x0
1783146846.225,120,120,25256,3,1,25346,49,-21,-97,-2,-1,-5,98230,2335,7390,508,0xf,False,0x0
1783146846.426,121,121,25457,3,1,25290,-51,-25,-129,-1,5,-5,98237,2335,7390,484,0xf,False,0x0
1783146846.803,122,122,25835,3,1,25195,40,18,-126,-1,3,5,98249,2336,7390,482,0xf,False,0x0
1783146847.004,123,123,26035,3,1,25174,-35,54,-101,3,5,4,98255,2336,7390,512,0xf,False,0x0
1783146847.262,124,124,26293,3,1,25072,-50,41,-85,3,-2,-3,98264,2336,7390,499,0xf,False,0x0
1783146847.463,125,125,26495,3,1,25028,-47,-45,-75,1,-3,2,98270,2337,7390,508,0xf,False,0x0
1783146847.689,126,126,26720,3,1,24960,4,6,-120,4,0,-2,98278,2337,7390,519,0xf,False,0x0
1783146847.890,127,127,26921,3,1,24940,-27,28,-103,3,-1,-2,98284,2338,7390,498,0xf,False,0x0
1783146848.094,128,128,27126,3,1,24879,-18,30,-140,-2,-4,5,98291,2338,7390,485,0xf,False,0x0
1783146848.296,129,129,27327,3,1,24808,0,48,-81,4,-4,0,98298,2338,7390,483,0xf,False,0x0
1783146848.536,130,130,27567,3,1,24748,14,-57,-91,4,5,1,98305,2339,7389,487,0xf,False,0x0
1783146848.736,131,131,27768,3,1,24693,-27,21,-58,1,-4,-4,98312,2339,7389,506,0xf,False,0x0
1783146848.976,132,132,28008,3,1,24615,-42,29,-85,-1,4,0,98320,2339,7389,509,0xf,False,0x0
1783146849.176,133,133,28208,3,1,24583,30,60,-145,-3,-2,-3,98327,2340,7389,493,0xf,False,0x0
1783146849.413,134,134,28445,3,1,24516,28,28,-132,-3,2,-4,98334,2340,7389,497,0xf,False,0x0
1783146849.614,135,135,28645,3,1,24442,-40,48,-77,-4,5,3,98341,2341,7389,502,0xf,False,0x0
1783146849.862,136,136,28893,3,1,24380,-7,51,-77,4,4,2,98349,2341,7389,506,0xf,False,0x0
1783146850.062,137,137,29093,3,1,24340,-18,-2,-78,0,1,0,98356,2341,7389,482,0xf,False,0x0
1783146850.314,138,138,29345,3,1,24245,39,-34,-95,3,0,2,98364,2342,7389,498,0xf,False,0x0
1783146850.514,139,139,29546,3,1,24193,-11,44,-43,2,1,2,98371,2342,7389,486,0xf,False,0x0
1783146850.870,140,140,29902,3,1,24117,21,-4,-82,-1,4,-5,98383,2343,7389,504,0xf,False,0x0
1783146851.317,142,142,30349,3,1,23971,53,-30,-66,4,3,4,98398,2344,7388,514,0xf,False,0x0
1783146851.518,143,143,30549,3,1,23932,18,-49,-54,4,3,3,98405,2344,7388,508,0xf,False,0x0
1783146851.762,144,144,30793,3,1,23870,1,-33,-73,-1,-4,3,98413,2344,7388,502,0xf,False,0x0
1783146851.962,145,145,30994,3,1,23816,-32,3,-62,3,-2,2,98420,2345,7388,489,0xf,False,0x0
1783146852.404,147,147,31435,3,1,23686,27,-9,-90,-5,-4,-5,98435,2346,7388,498,0xf,False,0x0
1783146852.639,148,148,31671,3,1,23624,10,-54,-98,1,5,0,98443,2346,7388,499,0xf,False,0x0
1783146853.054,150,150,32085,3,1,23482,-10,18,-109,-1,-4,1,98457,2347,7388,496,0xf,False,0x0
1783146853.254,151,151,32286,3,1,23438,-21,47,-140,-3,1,1,98464,2347,7388,501,0xf,False,0x0
1783146853.500,152,152,32531,3,1,23357,-10,28,-137,2,5,-5,98473,2348,7387,510,0xf,False,0x0
1783146853.700,153,153,32732,3,1,23337,-43,16,-89,4,0,1,98480,2348,7387,492,0xf,False,0x0
1783146853.941,154,154,32973,3,1,23248,-50,-53,-97,-4,5,-2,98488,2348,7387,496,0xf,False,0x0
1783146854.142,155,155,33174,3,1,23203,20,-8,-153,1,-3,-4,98495,2349,7387,484,0xf,False,0x0
1783146854.380,156,156,33412,3,1,23107,19,28,-66,2,-1,1,98503,2349,7387,503,0xf,False,0x0
1783146854.581,157,157,33613,3,1,23066,-42,36,-37,-3,-4,0,98510,2350,7387,502,0xf,False,0x0
1783146854.830,158,158,33862,3,1,22996,-38,-53,-79,4,1,-3,98519,2350,7387,516,0xf,False,0x0
1783146855.031,159,159,34062,3,1,22941,36,-49,-105,-5,5,-3,98526,2350,7387,511,0xf,False,0x0
1783146855.272,160,160,34304,3,1,22883,-49,29,-150,3,-5,-4,98534,2351,7387,500,0xf,False,0x0
1783146855.473,161,161,34505,3,1,22824,56,-46,-71,0,-4,-1,98541,2351,7387,515,0xf,False,0x0
1783146855.718,162,162,34749,3,1,22737,13,-4,-82,3,3,0,98550,2352,7387,508,0xf,False,0x0
1783146855.918,163,163,34950,3,1,22664,26,27,-59,4,2,-2,98557,2352,7387,495,0xf,False,0x0
1783146856.179,164,164,35210,3,1,22597,-54,11,-131,5,-5,-4,98566,2353,7386,498,0xf,False,0x0
1783146856.379,165,165,35411,3,1,22547,-24,36,-135,-3,-3,-4,98573,2353,7386,486,0xf,False,0x0
1783146856.631,166,166,35662,3,1,22469,5,-33,-140,1,-5,2,98582,2353,7386,519,0xf,False,0x0
1783146856.831,167,167,35863,3,1,22425,5,-9,-154,2,-1,-3,98590,2354,7386,482,0xf,False,0x0
1783146857.057,168,168,36088,3,1,22369,3,-14,-68,-2,2,-4,98598,2354,7386,506,0xf,False,0x0
1783146857.258,169,169,36289,3,1,22309,-3,18,-127,5,-1,-4,98605,2355,7386,518,0xf,False,0x0
1783146857.482,170,170,36514,3,1,22225,-24,25,-95,-4,2,-3,98613,2355,7386,506,0xf,False,0x0
1783146857.908,172,172,36940,3,1,22094,2,-32,-106,-2,0,-3,98628,2356,7386,487,0xf,False,0x0
1783146858.109,173,173,37140,3,1,22038,-40,10,-54,-5,-2,-1,98635,2356,7386,487,0xf,False,0x0
1783146858.372,174,174,37404,3,1,21966,35,57,-112,1,-4,5,98645,2357,7386,509,0xf,False,0x0
1783146858.590,175,175,37621,3,1,21911,-32,-3,-43,-3,-4,0,98653,2357,7385,499,0xf,False,0x0
1783146859.012,177,177,38044,3,1,21770,12,-40,-100,4,-2,5,98668,2358,7385,513,0xf,False,0x0
1783146859.213,178,178,38244,3,1,21704,40,-16,-57,3,1,0,98676,2358,7385,520,0xf,False,0x0
1783146859.414,179,179,38445,3,1,21650,-33,-55,-131,-3,-5,4,98683,2359,7385,489,0xf,False,0x0
1783146859.614,180,180,38646,3,1,21606,2,16,-111,5,4,-4,98690,2359,7385,503,0xf,False,0x0
1783146859.815,181,181,38846,3,1,21547,46,26,-63,-4,-2,-2,98698,2360,7385,519,0xf,False,0x0
1783146860.016,182,182,39047,3,1,21474,-54,-43,-78,-5,-4,-4,98705,2360,7385,502,0xf,False,0x0
1783146860.228,183,183,39260,3,1,21389,22,-24,-138,5,4,-4,98713,2360,7385,485,0xf,False,0x0
1783146860.429,184,184,39460,3,1,21335,47,-9,-48,-2,-3,5,98721,2361,7385,485,0xf,False,0x0
1783146860.662,185,185,39693,3,1,21276,-13,15,-76,4,3,-3,98729,2361,7385,516,0xf,False,0x0
1783146860.862,186,186,39894,3,1,21200,-3,-36,-126,-1,-3,-3,98737,2362,7385,501,0xf,False,0x0
1783146861.110,187,187,40141,3,1,21119,17,-35,-69,-4,-3,-2,98746,2362,7384,498,0xf,False,0x0
1783146861.310,188,188,40342,3,1,21056,-15,-28,-62,1,3,4,98753,2363,7384,496,0xf,False,0x0
1783146861.586,189,189,40617,3,1,20991,4,-32,-106,2,2,-3,98764,2363,7384,507,0xf,False,0x0
1783146861.787,190,190,40818,3,1,20931,-34,-16,-88,1,1,-2,98771,2363,7384,487,0xf,False,0x0
1783146862.047,191,191,41078,3,1,20835,-6,8,-80,0,3,4,98781,2364,7384,486,0xf,False,0x0
1783146862.248,192,192,41279,3,1,20780,-22,-30,-93,3,-5,4,98789,2364,7384,498,0xf,False,0x0
1783146862.477,193,193,41508,3,1,20709,-47,-36,-108,-5,3,1,98798,2365,7384,517,0xf,False,0x0
1783146862.677,194,194,41708,3,1,20635,-56,28,-101,2,-2,-2,98805,2365,7384,513,0xf,False,0x0
1783146862.904,195,195,41935,3,1,20582,-52,-60,-103,0,1,2,98814,2366,7384,519,0xf,False,0x0
1783146863.104,196,196,42136,3,1,20520,4,54,-43,1,1,5,98822,2366,7384,516,0xf,False,0x0
1783146863.364,197,197,42395,3,1,20437,19,-35,-56,3,-5,-4,98832,2367,7384,503,0xf,False,0x0
1783146863.564,198,198,42596,3,1,20350,32,-10,-125,-5,-1,1,98839,2367,7383,518,0xf,False,0x0
1783146863.807,199,199,42839,3,1,20312,-40,-29,-108,-1,2,-2,98849,2368,7383,498,0xf,False,0x0
1783146864.008,200,200,43039,3,1,20231,20,-55,-109,-1,-4,-4,98856,2368,7383,494,0xf,False,0x0
1783146864.249,201,201,43281,3,1,20143,-44,15,-44,-4,-2,0,98866,2369,7383,494,0xf,False,0x0
1783146864.450,202,202,43481,3,1,20096,-50,44,-129,4,-1,-3,98874,2369,7383,491,0xf,False,0x0
1783146864.886,204,204,43917,3,1,19933,6,-33,-143,2,2,5,98891,2370,7383,496,0xf,False,0x0
1783146865.170,205,205,44202,3,1,19839,12,-39,-66,5,4,-5,98902,2370,7383,500,0xf,False,0x0
1783146865.377,206,206,44408,3,1,19781,10,-18,-115,-1,-2,4,98910,2371,7383,503,0xf,False,0x0
1783146865.577,207,207,44608,3,1,19737,26,21,-117,-4,-4,3,98918,2371,7383,502,0xf,False,0x0
1783146865.786,208,208,44818,3,1,19650,-44,-56,-56,4,4,4,98926,2372,7383,484,0xf,False,0x0
1783146865.987,209,209,45018,3,1,19611,17,7,-91,-2,-3,-5,98934,2372,7382,486,0xf,False,0x0
1783146866.195,210,210,45227,3,1,19517,28,-21,-51,-2,2,-3,98943,2373,7382,494,0xf,False,0x0
1783146866.396,211,211,45427,3,1,19474,57,11,-63,-3,-5,4,98951,2373,7382,507,0xf,False,0x0
1783146866.657,212,212,45688,3,1,19388,6,55,-121,1,-5,5,98961,2374,7382,505,0xf,False,0x0
1783146866.857,213,213,45889,3,1,19303,-5,-47,-111,-5,-3,3,98969,2374,7382,489,0xf,False,0x0
1783146867.105,214,214,46136,3,1,19221,-7,39,-150,1,1,4,98979,2375,7382,520,0xf,False,0x0
1783146867.306,215,215,46337,3,1,19162,-6,-15,-155,-3,4,5,98987,2375,7382,520,0xf,False,0x0
1783146867.509,216,216,46540,3,1,19088,-15,33,-117,1,2,1,98996,2375,7382,487,0xf,False,0x0
1783146867.712,217,217,46744,3,1,19003,-36,40,-105,5,-2,3,99004,2376,7382,516,0xf,False,0x0
1783146867.913,218,218,46945,3,1,18950,13,15,-95,-3,-4,5,99012,2376,7382,510,0xf,False,0x0
1783146868.124,219,219,47155,3,1,18886,19,-28,-151,2,-2,-4,99021,2377,7382,490,0xf,False,0x0
1783146868.324,220,220,47356,3,1,18806,48,20,-63,2,4,-2,99029,2377,7382,489,0xf,False,0x0
1783146868.579,221,221,47611,3,1,18730,-51,-60,-130,0,-4,3,99040,2378,7381,499,0xf,False,0x0
1783146868.780,222,222,47811,3,1,18669,0,-27,-51,-4,-4,-4,99048,2378,7381,506,0xf,False,0x0
1783146869.010,223,223,48042,3,1,18594,-51,0,-60,3,-2,-2,99057,2379,7381,498,0xf,False,0x0
1783146869.486,225,225,48517,3,1,18433,40,17,-107,-3,4,5,99077,2380,7381,501,0xf,False,0x0
1783146869.687,226,226,48718,3,1,18353,55,23,-101,-1,0,-1,99086,2380,7381,501,0xf,False,0x0
1783146869.909,227,227,48940,3,1,18280,-37,39,-97,4,3,5,99095,2381,7381,503,0xf,False,0x0
1783146870.110,228,228,49141,3,1,18218,-16,23,-56,2,1,-5,99104,2381,7381,500,0xf,False,0x0
1783146870.358,229,229,49389,3,1,18116,42,37,-76,3,-2,2,99114,2382,7381,499,0xf,False,0x0
1783146870.559,230,230,49590,3,1,18047,-41,-53,-78,-3,-4,5,99123,2382,7381,493,0xf,False,0x0
1783146870.803,231,231,49834,3,1,17945,35,-51,-55,1,5,5,99133,2383,7381,496,0xf,False,0x0
1783146871.003,232,232,50035,3,1,17883,30,-29,-110,-4,-5,5,99142,2383,7380,495,0xf,False,0x0
1783146871.247,233,233,50278,3,1,17796,-51,-39,-59,3,3,3,99152,2384,7380,498,0xf,False,0x0
1783146871.480,234,234,50512,3,1,17703,-26,0,-95,-3,4,4,99162,2384,7380,502,0xf,False,0x0
1783146871.681,235,235,50713,3,1,17664,-23,-30,-109,3,3,-1,99171,2385,7380,503,0xf,False,0x0
1783146871.882,236,236,50913,3,1,17594,27,-54,-69,-5,-3,5,99180,2385,7380,487,0xf,False,0x0
1783146872.083,237,237,51114,3,1,17507,41,44,-137,-5,5,1,99188,2386,7380,505,0xf,False,0x0
1783146872.283,238,238,51315,3,1,17451,26,34,-65,5,2,0,99197,2386,7380,517,0xf,False,0x0
1783146872.484,239,239,51515,3,1,17359,-49,-44,-105,-1,3,-1,99206,2387,7380,506,0xf,False,0x0
1783146872.724,240,240,51755,3,1,17289,9,58,-136,2,-3,1,99217,2387,7380,517,0xf,False,0x0
1783146872.924,241,241,51956,3,1,17217,-56,-13,-81,4,0,3,99225,2388,7380,494,0xf,False,0x0
1783146873.166,242,242,52198,3,1,17107,40,27,-120,2,3,-1,99236,2388,7380,514,0xf,False,0x0
1783146873.367,243,243,52398,3,1,17056,25,-38,-83,3,-1,-3,99245,2389,7380,494,0xf,False,0x0
1783146873.609,244,244,52640,3,1,16965,41,17,-142,4,-3,3,99256,2389,7379,520,0xf,False,0x0
1783146873.810,245,245,52841,3,1,16868,-18,56,-96,1,3,0,99265,2390,7379,501,0xf,False,0x0
1783146874.228,247,247,53260,3,1,16736,-7,22,-114,5,-4,2,99284,2391,7379,511,0xf,False,0x0
1783146874.489,248,248,53520,3,1,16616,-54,26,-36,-2,-5,4,99296,2391,7379,496,0xf,False,0x0
1783146874.689,249,249,53721,3,1,16566,-32,-12,-66,0,3,4,99305,2392,7379,484,0xf,False,0x0
1783146874.925,250,250,53957,3,1,16452,26,-10,-43,1,3,-1,99316,2392,7379,504,0xf,False,0x0
1783146875.126,251,251,54157,3,1,16378,-3,-17,-89,5,1,5,99325,2393,7379,481,0xf,False,0x0
1783146875.346,252,252,54377,3,1,16308,-37,-56,-103,-1,0,1,99335,2394,7379,512,0xf,False,0x0
1783146875.546,253,253,54578,3,1,16217,-12,10,-134,-1,3,-5,99344,2394,7379,498,0xf,False,0x0
1783146875.780,254,254,54812,3,1,16139,-10,-28,-88,5,0,-4,99355,2395,7379,494,0xf,False,0x0
1783146875.981,255,255,55012,3,1,16083,-39,-55,-67,4,2,-3,99365,2395,7378,502,0xf,False,0x0
1783146876.209,256,256,55240,3,1,15968,-32,58,-122,-4,-5,-4,99375,2396,7378,512,0xf,False,0x0
1783146876.409,257,257,55441,3,1,15892,-34,46,-138,1,-5,-5,99385,2396,7378,494,0xf,False,0x0
1783146876.648,258,258,55680,3,1,15815,-53,-43,-70,4,3,-3,99396,2397,7378,520,0xf,False,0x0
1783146876.849,259,259,55881,3,1,15740,-27,-13,-112,4,1,-3,99406,2397,7378,486,0xf,False,0x0
1783146877.078,260,260,56109,3,1,15653,42,-3,-121,0,-4,2,99417,2398,7378,491,0xf,False,0x0
1783146877.278,261,261,56310,3,1,15570,33,-9,-92,-3,-4,1,99426,2398,7378,480,0xf,False,0x0
1783146877.517,262,262,56549,3,1,15475,-60,10,-149,-3,-1,0,99438,2399,7378,499,0xf,False,0x0
1783146877.718,263,263,56749,3,1,15374,-45,-44,-62,0,-2,-2,99448,2400,7378,484,0xf,False,0x0
1783146877.962,264,264,56994,3,1,15286,28,33,-71,-3,3,2,99460,2400,7378,516,0xf,False,0x0
1783146878.163,265,265,57194,3,1,15204,-25,35,-71,-3,1,-3,99469,2401,7378,489,0xf,False,0x0
1783146878.400,266,266,57432,3,1,15107,57,33,-46,-2,-3,3,99481,2401,7378,509,0xf,False,0x0
1783146878.601,267,267,57633,3,1,15034,-59,54,-112,-1,2,-1,99491,2402,7377,494,0xf,False,0x0
1783146878.848,268,268,57880,3,1,14935,18,1,-116,5,2,1,99503,2402,7377,497,0xf,False,0x0
1783146879.049,269,269,58080,3,1,14835,-35,31,-86,3,1,0,99513,2403,7377,496,0xf,False,0x0
1783146879.290,270,270,58321,3,1,14767,18,4,-69,-1,1,4,99525,2404,7377,502,0xf,False,0x0
1783146879.490,271,271,58522,3,1,14675,14,6,-106,0,3,1,99535,2404,7377,503,0xf,False,0x0
1783146879.723,272,272,58754,3,1,14564,-42,-25,-119,1,4,2,99547,2405,7377,519,0xf,False,0x0
1783146879.923,273,273,58955,3,1,14490,15,24,-57,5,-2,3,99557,2405,7377,497,0xf,False,0x0
1783146880.167,274,274,59198,3,1,14368,18,-18,-52,-1,-3,-5,99570,2406,7377,501,0xf,False,0x0
1783146880.367,275,275,59399,3,1,14306,28,-9,-128,3,0,2,99580,2407,7377,484,0xf,False,0x0
1783146880.621,276,276,59653,3,1,14193,5,42,-76,-4,-5,0,99593,2407,7377,509,0xf,False,0x0
1783146880.822,277,277,59853,3,1,14114,-41,55,-88,-1,0,-4,99604,2408,7377,514,0xf,False,0x0
1783146881.033,278,278,60065,3,1,14026,0,14,-116,3,-2,5,99615,2408,7376,508,0xf,False,0x0
1783146881.234,279,279,60265,3,1,13941,-48,43,-69,-4,0,2,99625,2409,7376,502,0xf,False,0x0
1783146881.479,280,280,60511,3,1,13823,9,43,-108,5,3,2,99638,2410,7376,503,0xf,False,0x0
1783146881.680,281,281,60712,3,1,13728,-34,-3,-103,3,2,0,99649,2410,7376,482,0xf,False,0x0
1783146881.947,282,282,60978,3,1,13632,19,12,-92,1,-4,-2,99663,2411,7376,483,0xf,False,0x0
1783146882.149,283,283,61180,3,1,13535,21,28,-35,4,-3,1,99674,2412,7376,509,0xf,False,0x0
1783146882.350,284,284,61381,3,1,13432,10,-3,-124,1,2,-2,99685,2412,7376,497,0xf,False,0x0
1783146882.559,285,285,61590,3,1,13362,39,28,-93,0,-3,4,99696,2413,7376,512,0xf,False,0x0
1783146882.759,286,286,61790,3,1,13261,29,-12,-87,4,1,-5,99707,2413,7376,516,0xf,False,0x0
1783146882.960,287,287,61992,3,1,13178,-60,-52,-101,-3,-1,0,99718,2414,7376,486,0xf,False,0x0
1783146883.202,288,288,62233,3,1,13069,-24,11,-40,5,-3,-3,99732,2415,7376,493,0xf,False,0x0
1783146883.402,289,289,62434,3,1,12973,47,-50,-109,-1,-1,-1,99743,2415,7376,507,0xf,False,0x0
1783146883.615,290,290,62647,3,1,12872,-56,-17,-131,3,-1,-5,99755,2416,7375,514,0xf,False,0x0
1783146883.823,291,291,62854,3,1,12778,23,35,-118,-5,3,3,99767,2416,7375,483,0xf,False,0x0
1783146884.034,292,292,63066,3,1,12666,-27,-28,-49,-5,2,-1,99779,2417,7375,518,0xf,False,0x0
1783146884.235,293,293,63266,3,1,12584,-14,39,-113,0,1,3,99790,2418,7375,483,0xf,False,0x0
1783146884.435,294,294,63467,3,1,12495,-51,-50,-113,-3,-5,-4,99802,2418,7375,502,0xf,False,0x0
1783146884.636,295,295,63667,3,1,12395,28,38,-61,3,-3,1,99813,2419,7375,489,0xf,False,0x0
1783146884.874,296,296,63905,3,1,12254,-16,25,-44,4,1,5,99827,2420,7375,480,0xf,False,0x0
1783146885.074,297,297,64106,3,1,12157,-27,48,-96,0,2,-3,99839,2420,7375,497,0xf,False,0x0
1783146885.343,298,298,64374,3,1,12029,-11,59,-73,1,-3,3,99855,2421,7375,483,0xf,False,0x0
1783146885.543,299,299,64574,3,1,11955,57,14,-110,-4,5,3,99867,2422,7375,493,0xf,False,0x0
1783146885.788,300,300,64820,3,1,11847,-17,-24,-41,-5,0,1,99881,2423,7375,489,0xf,False,0x0
1783146885.989,301,301,65020,3,1,11719,12,42,-128,-1,0,0,99893,2423,7374,503,0xf,False,0x0
1783146886.237,302,302,65269,3,1,11591,-59,24,-54,5,2,-4,99909,2424,7374,487,0xf,False,0x0
1783146886.438,303,303,65469,3,1,11511,-11,53,-87,-4,-2,1,99921,2425,7374,494,0xf,False,0x0
1783146886.650,304,304,65681,3,1,11415,2,46,-102,1,-3,2,99934,2425,7374,484,0xf,False,0x0
1783146886.851,305,305,65882,3,1,11297,7,1,-119,-5,4,-5,99946,2426,7374,484,0xf,False,0x0
1783146887.089,306,306,66120,3,1,11157,23,39,-49,2,3,0,99961,2427,7374,494,0xf,False,0x0
1783146887.290,307,307,66321,3,1,11052,-57,10,-76,1,1,-5,99974,2428,7374,498,0xf,False,0x0
1783146887.518,308,308,66550,3,1,10949,-29,-40,-100,2,-1,3,99989,2428,7374,512,0xf,False,0x0
1783146887.719,309,309,66750,3,1,10833,-39,1,-125,2,2,0,100002,2429,7374,518,0xf,False,0x0
1783146887.942,310,310,66973,3,1,10711,-24,-38,-91,5,-5,1,100016,2430,7374,514,0xf,False,0x0
1783146888.142,311,311,67173,3,1,10631,32,-32,-74,-5,2,1,100029,2430,7374,486,0xf,False,0x0
1783146888.342,312,312,67374,3,1,10495,11,57,-105,-3,-2,3,100043,2431,7374,499,0xf,False,0x0
1783146888.547,313,313,67578,3,1,10388,18,-57,-55,-1,-4,5,100056,2432,7373,506,0xf,False,0x0
1783146888.748,314,314,67779,3,1,10274,60,60,-62,-1,0,-1,100070,2433,7373,498,0xf,False,0x0
1783146888.958,315,315,67990,3,1,10170,55,42,-42,-5,-5,2,100084,2433,7373,500,0xf,False,0x0
1783146889.158,316,316,68190,3,1,10074,19,-24,-89,5,1,3,100098,2434,7373,513,0xf,False,0x0
1783146889.365,317,317,68397,3,1,9933,20,36,-77,0,0,-1,100112,2435,7373,497,0xf,False,0x0
1783146889.566,318,318,68597,3,1,9804,12,44,-138,1,-2,-5,100126,2436,7373,498,0xf,False,0x0
1783146889.770,319,319,68802,3,1,9705,-24,41,-114,-1,-5,5,100140,2436,7373,486,0xf,False,0x0
1783146889.971,320,320,69002,3,1,9587,28,50,-52,5,2,2,100155,2437,7373,502,0xf,False,0x0
1783146890.175,321,321,69207,3,1,9482,-31,43,-141,3,-1,-3,100169,2438,7373,520,0xf,False,0x0
1783146890.376,322,322,69407,3,1,9362,-54,-13,-61,0,-4,4,100184,2439,7373,503,0xf,False,0x0
1783146890.581,323,323,69613,3,1,9224,48,55,-63,3,-4,2,100199,2440,7373,485,0xf,False,0x0
1783146890.782,324,324,69813,3,1,9095,47,-7,-82,-1,-3,-5,100214,2440,7373,502,0xf,False,0x0
1783146890.984,325,325,70015,3,1,8993,35,-55,-104,0,0,2,100229,2441,7372,483,0xf,False,0x0
1783146891.184,326,326,70216,3,1,8834,-40,15,-73,0,-2,-5,100244,2442,7372,506,0xf,False,0x0
1783146891.387,327,327,70418,3,1,8720,-55,14,-49,2,-3,2,100260,2443,7372,504,0xf,False,0x0
1783146891.587,328,328,70619,3,1,8584,-17,-44,-100,3,4,-1,100275,2444,7372,481,0xf,False,0x0
1783146891.793,329,329,70824,3,1,8471,-32,-1,-106,5,-3,2,100291,2444,7372,491,0xf,False,0x0
1783146891.993,330,330,71024,3,1,8349,9,-4,-117,-5,-4,-4,100307,2445,7372,498,0xf,False,0x0
1783146892.194,331,331,71225,3,1,8216,-33,3,-83,4,-3,4,100324,2446,7372,504,0xf,False,0x0
1783146892.394,332,332,71425,3,1,8073,53,11,-123,3,3,-2,100340,2447,7372,483,0xf,False,0x0
1783146892.595,333,333,71626,3,1,7940,33,-34,-83,-2,-5,5,100357,2448,7372,513,0xf,False,0x0
1783146892.795,334,334,71827,3,1,7782,30,-8,-112,-5,-2,-3,100374,2449,7372,512,0xf,False,0x0
1783146892.997,335,335,72028,3,1,7653,-13,-27,-73,-1,4,-5,100391,2450,7372,482,0xf,False,0x0
1783146893.197,336,336,72229,3,1,7497,9,-50,-102,4,0,-5,100408,2451,7372,488,0xf,False,0x0
1783146893.398,337,337,72430,3,1,7353,-25,-52,-74,1,-5,5,100426,2452,7372,486,0xf,False,0x0
1783146893.599,338,338,72630,3,1,7237,6,31,-130,-5,-1,4,100444,2453,7371,513,0xf,False,0x0
1783146893.808,339,339,72839,3,1,7058,-57,-44,-56,4,-1,-5,100463,2454,7371,511,0xf,False,0x0
1783146894.008,340,340,73040,3,1,6899,-6,39,-96,4,2,-3,100481,2455,7371,496,0xf,False,0x0
1783146894.235,341,341,73266,3,1,6741,56,-12,-60,3,-2,3,100503,2456,7371,509,0xf,False,0x0
1783146894.435,342,342,73467,3,1,6564,-28,25,-61,0,2,-1,100522,2457,7371,507,0xf,False,0x0
1783146894.650,343,343,73681,3,1,6416,14,-2,-121,3,5,3,100543,2458,7371,508,0xf,False,0x0
1783146894.850,344,344,73881,3,1,6225,-17,-28,-55,-1,-3,-4,100563,2459,7371,511,0xf,False,0x0
1783146895.123,345,345,74154,3,1,6000,-36,50,-115,3,4,-5,100592,2460,7371,483,0xf,False,0x0
1783146895.324,346,346,74355,3,1,5852,-11,27,-97,-3,-4,1,100613,2462,7371,510,0xf,False,0x0
1783146895.553,347,347,74584,3,1,5628,36,58,-119,1,3,-1,100638,2463,7371,513,0xf,False,0x0
1783146895.753,348,348,74785,3,1,5457,42,-54,-151,-5,-3,0,100660,2464,7371,517,0xf,False,0x0
1783146895.981,349,349,75012,3,1,5241,-7,58,-62,4,-3,-4,100687,2466,7370,502,0xf,False,0x0
1783146896.182,350,350,75214,3,1,5032,3,-3,-97,0,-2,1,100711,2467,7370,489,0xf,False,0x0
1783146896.386,351,351,75418,3,1,4818,36,-44,-95,-3,2,-5,100736,2468,7370,488,0xf,False,0x0
1783146896.587,352,352,75619,3,1,4610,-26,-40,-81,-5,3,2,100761,2469,7370,511,0xf,False,0x0
1783146896.787,353,353,75819,3,1,4416,-25,-46,-49,4,1,4,100788,2471,7370,485,0xf,False,0x0
1783146896.988,354,354,76019,3,1,4181,2,-50,998,-1,4,-4,100816,2472,7370,482,0xf,False,0x0
1783146897.237,355,355,76269,3,1,3886,-29,1,1031,1,-4,-5,100852,2474,7370,499,0xf,False,0x0
1783146897.439,356,356,76470,3,1,3634,-33,1,959,0,-2,4,100883,2476,7370,509,0xf,False,0x0
1783146897.691,357,357,76723,3,1,3262,54,32,1083,1,2,0,100925,2478,7370,484,0xf,False,0x0
1783146898.141,359,359,77172,3,1,2574,-49,39,912,0,-1,2,101010,2483,7370,515,0xf,False,0x0
1783146898.342,360,360,77373,3,1,2216,8,60,854,-3,-3,-4,101054,2485,7370,502,0xf,False,0x0
1783146898.653,361,361,77684,3,1,1529,39,-39,1006,2,-4,-1,101139,2490,7369,513,0xf,False,0x0
1783146898.854,362,362,77885,3,1,860,0,46,1050,1,-5,-4,101218,2494,7369,497,0xf,False,0x0
1783146899.348,364,364,78380,4,1,0,23,-33,909,0,-3,-5,101325,2500,7369,516,0xf,False,0x0
1783146899.607,365,365,78639,4,1,5,9,6,977,5,-2,5,101325,2500,7369,517,0xf,False,0x0
1783146899.808,366,366,78839,4,1,5,-45,52,917,-2,-1,-2,101325,2500,7369,518,0xf,False,0x0
1783146900.073,367,367,79104,4,1,-18,-20,55,1123,-5,-5,3,101325,2500,7369,489,0xf,False,0x0
1783146900.274,368,368,79306,4,1,19,-13,40,936,-1,1,-3,101325,2500,7369,509,0xf,False,0x0
1783146900.537,369,369,79568,4,1,-16,2,25,992,4,2,2,101325,2500,7369,497,0xf,False,0x0
1783146900.738,370,370,79769,4,1,1,-27,21,1151,-2,-3,-1,101325,2500,7369,498,0xf,False,0x0
1783146900.973,371,371,80004,4,1,3,-52,-2,1138,5,-3,-3,101325,2500,7368,500,0xf,False,0x0
1783146901.174,372,372,80205,4,1,-12,12,12,1037,3,-4,4,101325,2500,7368,502,0xf,False,0x0
1783146901.420,373,373,80452,4,1,8,-57,-22,955,5,-5,-2,101325,2500,7368,480,0xf,False,0x0
1783146901.621,374,374,80653,4,1,16,0,3,1045,0,-2,4,101325,2500,7368,517,0xf,False,0x0
1783146901.860,375,375,80891,4,1,13,-28,54,1001,4,-1,0,101325,2500,7368,495,0xf,False,0x0
1783146902.060,376,376,81092,4,1,7,-43,11,921,4,0,4,101325,2500,7368,499,0xf,False,0x0
1783146902.300,377,377,81332,4,1,-14,7,-38,1121,1,-2,3,101325,2500,7368,498,0xf,False,0x0
1783146902.501,378,378,81533,4,1,-15,2,12,957,-2,2,1,101325,2500,7368,480,0xf,False,0x0
1783146902.735,379,379,81767,4,1,-8,31,6,1029,0,5,4,101325,2500,7368,483,0xf,False,0x0
1783146902.936,380,380,81967,4,1,1,6,39,989,3,-4,-1,101325,2500,7368,493,0xf,False,0x0
1783146903.175,381,381,82206,4,1,-17,25,-14,1030,0,-1,-5,101325,2500,7368,481,0xf,False,0x0
1783146903.375,382,382,82407,4,1,6,-24,27,1112,-5,-2,-4,101325,2500,7368,493,0xf,False,0x0
1783146903.608,383,383,82639,4,1,-9,33,60,994,3,3,2,101325,2500,7367,509,0xf,False,0x0
1783146903.808,384,384,82840,4,1,-13,36,-52,960,1,4,-3,101325,2500,7367,503,0xf,False,0x0
1783146904.045,385,385,83077,4,1,2,-57,-31,913,4,1,-1,101325,2500,7367,487,0xf,False,0x0
1783146904.246,386,386,83277,4,1,-19,5,-49,852,2,5,-4,101325,2500,7367,487,0xf,False,0x0
1783146904.518,387,387,83550,4,1,6,-9,41,954,5,-1,1,101325,2500,7367,493,0xf,False,0x0
1783146904.989,389,389,84021,4,1,-16,-47,-25,1027,-2,-5,-3,101325,2500,7367,497,0xf,False,0x0
1783146905.190,390,390,84221,4,1,19,-43,-1,1002,-2,3,-5,101325,2500,7367,512,0xf,False,0x0
1783146905.610,392,392,84642,4,1,-13,37,25,1112,-3,4,-4,101325,2500,7367,513,0xf,False,0x0
1783146905.814,393,393,84846,4,1,1,29,34,865,-4,4,-1,101325,2500,7367,497,0xf,False,0x0
1783146906.015,394,394,85046,4,1,4,-39,43,1060,-3,2,2,101325,2500,7366,503,0xf,False,0x0
1783146906.329,395,395,85360,4,1,8,8,56,881,-5,0,2,101325,2500,7366,507,0xf,False,0x0
1783146906.529,396,396,85561,4,1,-17,29,6,1019,4,4,-3,101325,2500,7366,489,0xf,False,0x0
1783146906.766,397,397,85797,4,1,14,21,39,1044,-2,-1,-1,101325,2500,7366,491,0xf,False,0x0
1783146906.966,398,398,85998,4,1,1,39,-21,1107,-1,4,-1,101325,2500,7366,502,0xf,False,0x0
1783146907.223,399,399,86255,4,1,-4,30,-22,1013,-4,2,-3,101325,2500,7366,491,0xf,False,0x0
1783146907.424,400,400,86455,4,1,11,-53,26,1020,0,5,4,101325,2500,7366,489,0xf,False,0x0
1783146907.691,401,401,86722,4,1,6,51,-49,975,-3,3,3,101325,2500,7366,483,0xf,False,0x0
1783146907.892,402,402,86923,4,1,7,-26,-32,1167,0,0,1,101325,2500,7366,520,0xf,False,0x0
1783146908.136,403,403,87168,4,1,-10,-31,-23,1009,-5,0,-4,101325,2500,7366,492,0xf,False,0x0
1783146908.337,404,404,87369,4,1,0,14,-13,906,-3,-5,3,101325,2500,7366,512,0xf,False,0x0
1783146908.576,405,405,87607,4,1,-5,31,33,986,5,3,-2,101325,2500,7365,490,0xf,False,0x0
1783146909.023,407,407,88054,4,1,-11,23,7,1107,-3,-3,5,101325,2500,7365,486,0xf,False,0x0
1783146909.224,408,408,88255,4,1,-19,8,-52,1027,-2,-4,4,101325,2500,7365,500,0xf,False,0x0
1783146909.730,410,410,88761,4,1,-19,-16,-15,878,-2,-4,1,101325,2500,7365,496,0xf,False,0x0
1783146909.931,411,411,88962,4,1,2,-3,51,1090,-1,-5,5,101325,2500,7365,490,0xf,False,0x0
1783146910.132,412,412,89163,4,1,-20,33,20,995,-1,-4,2,101325,2500,7365,502,0xf,False,0x0
1783146910.334,413,413,89366,4,1,13,45,-25,1129,-4,-3,2,101325,2500,7365,515,0xf,False,0x0
1783146910.535,414,414,89567,4,1,19,-27,-13,903,-2,-2,-3,101325,2500,7365,484,0xf,False,0x0
1783146910.736,415,415,89768,4,1,-20,-43,-31,997,5,-5,-1,101325,2500,7365,518,0xf,False,0x0
1783146910.953,416,416,89985,4,1,-15,-24,21,1031,-3,-1,-3,101325,2500,7365,508,0xf,False,0x0
1783146911.154,417,417,90185,4,1,-10,12,-49,991,-3,5,3,101325,2500,7364,511,0xf,False,0x0
1783146911.368,418,418,90399,4,1,11,32,-5,905,-5,-3,2,101325,2500,7364,491,0xf,False,0x0
1783146911.569,419,419,90600,4,1,9,-35,25,1009,5,-3,-2,101325,2500,7364,493,0xf,False,0x0
1783146911.786,420,420,90817,4,1,-1,14,36,953,2,3,-1,101325,2500,7364,502,0xf,False,0x0
1783146911.986,421,421,91018,4,1,9,7,-39,1052,0,-3,-2,101325,2500,7364,508,0xf,False,0x0
1783146912.187,422,422,91219,4,1,19,-57,-60,1046,2,-1,-1,101325,2500,7364,498,0xf,False,0x0
1783146912.388,423,423,91419,4,1,20,22,-52,1120,5,-1,-1,101325,2500,7364,495,0xf,False,0x0
1783146912.589,424,424,91620,4,1,15,-3,-35,1072,-3,-1,2,101325,2500,7364,503,0xf,False,0x0
1783146912.789,425,425,91820,4,1,-6,57,-50,1005,2,-4,-5,101325,2500,7364,511,0xf,False,0x0
1783146913.110,426,426,92142,4,1,17,-37,28,1045,-5,2,-4,101325,2500,7364,497,0xf,False,0x0
1783146913.312,427,427,92343,4,1,-1,-11,-38,940,1,-5,-3,101325,2500,7364,482,0xf,False,0x0
1783146913.512,428,428,92544,4,1,8,-50,60,1163,2,4,-3,101325,2500,7363,480,0xf,False,0x0
1783146913.713,429,429,92744,4,1,6,35,-42,947,0,3,4,101325,2500,7363,482,0xf,False,0x0
1783146913.914,430,430,92945,4,1,16,-26,-31,1015,4,3,-2,101325,2500,7363,507,0xf,False,0x0
1783146914.114,431,431,93146,4,1,7,35,-33,1067,-4,-1,-4,101325,2500,7363,493,0xf,False,0x0
1783146914.315,432,432,93346,4,1,6,3,58,1074,0,-3,3,101325,2500,7363,520,0xf,False,0x0
1783146914.542,433,433,93574,4,1,-3,13,40,1088,-3,-3,-1,101325,2500,7363,495,0xf,False,0x0
1783146914.743,434,434,93775,4,1,-3,30,18,1094,2,3,1,101325,2500,7363,499,0xf,False,0x0
1783146914.989,435,435,94020,4,1,5,-35,-51,1048,2,-5,0,101325,2500,7363,516,0xf,False,0x0
1783146915.189,436,436,94221,4,1,-18,39,46,1025,4,0,-2,101325,2500,7363,485,0xf,False,0x0
1783146915.474,437,437,94505,4,1,-4,-3,-38,1056,-3,-4,5,101325,2500,7363,499,0xf,False,0x0
1783146915.862,438,438,94893,4,1,-5,-55,-57,1080,0,1,3,101325,2500,7363,509,0xf,False,0x0
1783146916.097,439,439,95128,4,1,-15,-5,7,1019,1,-4,-5,101325,2500,7362,487,0xf,False,0x0
1783146916.297,440,440,95329,4,1,15,2,8,991,-5,1,-3,101325,2500,7362,504,0xf,False,0x0
1783146916.498,441,441,95529,4,1,13,58,40,921,-5,-2,-4,101325,2500,7362,515,0xf,False,0x0
1783146916.773,442,442,95804,4,1,12,-19,-36,885,-4,-4,-1,101325,2500,7362,498,0xf,False,0x0
1783146916.973,443,443,96005,4,1,14,-13,-9,956,-1,-2,0,101325,2500,7362,514,0xf,False,0x0
1783146917.179,444,444,96210,4,1,7,32,28,928,2,2,3,101325,2500,7362,492,0xf,False,0x0
1783146917.396,445,445,96427,4,1,7,-13,23,1070,-2,-2,-5,101325,2500,7362,497,0xf,False,0x0
1783146917.596,446,446,96627,4,1,-8,17,-27,925,-2,-5,-3,101325,2500,7362,493,0xf,False,0x0
1783146918.028,448,448,97060,4,1,3,11,-33,910,-4,3,-4,101325,2500,7362,515,0xf,False,0x0
1783146918.229,449,449,97261,4,1,-7,-52,32,983,-1,5,1,101325,2500,7362,483,0xf,False,0x0
1783146918.435,450,450,97467,4,1,-6,41,-11,1118,5,0,3,101325,2500,7362,484,0xf,False,0x0
1783146918.636,451,451,97667,4,1,16,-33,10,900,3,0,-5,101325,2500,7361,495,0xf,False,0x0
1783146918.837,452,452,97868,4,1,10,-42,-31,990,1,1,-1,101325,2500,7361,498,0xf,False,0x0
1783146919.037,453,453,98068,4,1,11,-53,35,1137,5,3,0,101325,2500,7361,519,0xf,False,0x0
1783146919.251,454,454,98282,4,1,10,26,-39,1120,-2,2,5,101325,2500,7361,513,0xf,False,0x0
1783146919.451,455,455,98482,4,1,9,-22,30,950,0,-1,4,101325,2500,7361,512,0xf,False,0x0
1783146919.654,456,456,98686,4,1,12,-16,-45,1057,-4,3,1,101325,2500,7361,494,0xf,False,0x0
1783146919.855,457,457,98887,4,1,12,-47,9,924,0,-2,3,101325,2500,7361,517,0xf,False,0x0
1783146920.068,458,458,99099,4,1,1,44,60,1082,0,0,1,101325,2500,7361,513,0xf,False,0x0
1783146920.268,459,459,99300,4,1,-17,52,39,854,-1,-3,3,101325,2500,7361,502,0xf,False,0x0
1783146920.470,460,460,99502,4,1,-7,49,54,1045,0,3,4,101325,2500,7361,505,0xf,False,0x0
1783146920.671,461,461,99702,4,1,-20,-12,-9,989,-2,2,3,101325,2500,7361,486,0xf,False,0x0
1783146921.076,463,463,100107,4,1,9,36,-48,923,3,4,1,101325,2500,7360,486,0xf,False,0x0
1783146921.283,464,464,100314,4,1,-12,22,-4,1137,-2,-2,-2,101325,2500,7360,490,0xf,False,0x0
1783146921.483,465,465,100515,4,1,-2,32,-17,993,0,1,-3,101325,2500,7360,517,0xf,False,0x0
1783146922.545,467,467,101577,4,1,16,-37,-59,926,-2,-2,0,101325,2500,7360,516,0xf,False,0x0
1783146922.745,468,468,101777,4,1,5,-49,16,972,0,2,-4,101325,2500,7360,513,0xf,False,0x0
1783146922.946,469,469,101977,4,1,-20,12,15,1132,-1,0,-3,101325,2500,7360,491,0xf,False,0x0
1783146923.147,470,470,102179,4,1,15,42,-39,871,-2,2,-3,101325,2500,7360,502,0xf,False,0x0
1783146923.348,471,471,102379,4,1,-8,-36,-2,1061,5,-1,4,101325,2500,7360,480,0xf,False,0x0
1783146923.549,472,472,102580,4,1,-1,58,16,928,1,5,3,101325,2500,7359,491,0xf,False,0x0
1783146923.755,473,473,102786,4,1,9,-49,60,938,2,-4,5,101325,2500,7359,500,0xf,False,0x0
1783146923.955,474,474,102987,4,1,-10,-9,-19,926,-4,0,2,101325,2500,7359,516,0xf,False,0x0
1783146924.201,475,475,103233,4,1,-13,-54,32,1016,1,3,2,101325,2500,7359,494,0xf,False,0x0
1783146924.402,476,476,103434,4,1,-5,-40,-36,1045,2,5,-5,101325,2500,7359,481,0xf,False,0x0
1783146924.661,477,477,103692,4,1,15,-45,-59,1056,-3,-2,3,101325,2500,7359,517,0xf,False,0x0
1783146924.862,478,478,103893,4,1,2,-25,22,1072,-1,-2,2,101325,2500,7359,490,0xf,False,0x0
1783146925.108,479,479,104139,4,1,0,4,48,1035,-5,2,-2,101325,2500,7359,512,0xf,False,0x0
1783146925.308,480,480,104340,4,1,-1,13,44,978,1,-4,0,101325,2500,7359,494,0xf,False,0x0
1783146925.554,481,481,104585,4,1,9,-48,39,957,-4,3,2,101325,2500,7359,510,0xf,False,0x0
1783146925.754,482,482,104786,4,1,1,-31,-51,1073,-1,-5,3,101325,2500,7359,495,0xf,False,0x0
1783146925.956,483,483,104987,4,1,10,-13,16,1106,4,-4,-4,101325,2500,7359,504,0xf,False,0x0
1783146926.363,485,485,105395,4,1,10,-5,-55,991,-3,3,0,101325,2500,7358,500,0xf,False,0x0
1783146926.568,486,486,105599,4,1,8,33,20,1004,0,1,2,101325,2500,7358,508,0xf,False,0x0
1783146926.768,487,487,105800,4,1,5,-54,54,928,5,5,4,101325,2500,7358,515,0xf,False,0x0
1783146927.172,488,488,106203,4,1,10,-51,35,1093,1,1,5,101325,2500,7358,503,0xf,False,0x0
1783146927.373,489,489,106404,4,1,10,-17,48,996,-1,4,-5,101325,2500,7358,498,0xf,False,0x0
1783146927.573,490,490,106605,4,1,-12,42,34,1129,3,-1,5,101325,2500,7358,490,0xf,False,0x0
1783146927.844,491,491,106875,4,1,-5,-29,35,972,3,-3,3,101325,2500,7358,507,0xf,False,0x0
1783146928.086,492,492,107117,4,1,-13,-23,-1,987,4,0,4,101325,2500,7358,489,0xf,False,0x0
1783146928.286,493,493,107318,4,1,-6,-2,54,963,-5,-2,5,101325,2500,7358,487,0xf,False,0x0
1783146928.488,494,494,107520,4,1,-7,25,7,1122,3,5,0,101325,2500,7357,485,0xf,False,0x0
1783146928.689,495,495,107720,4,1,-20,-33,-32,1035,1,3,4,101325,2500,7357,499,0xf,False,0x0
1783146928.893,496,496,107925,4,1,-18,-2,22,1000,5,1,-4,101325,2500,7357,515,0xf,False,0x0
1783146929.094,497,497,108125,4,1,-6,-24,-57,880,-3,4,4,101325,2500,7357,513,0xf,False,0x0
1783146929.295,498,498,108326,4,1,-19,2,-38,1046,-2,3,5,101325,2500,7357,488,0xf,False,0x0
1783146929.495,499,499,108527,4,1,6,-4,21,953,-2,2,2,101325,2500,7357,509,0xf,False,0x0
1783146929.696,500,500,108728,4,1,3,-40,-6,1039,-5,2,-5,101325,2500,7357,504,0xf,False,0x0
1783146929.897,501,501,108928,4,1,7,-50,4,882,1,2,5,101325,2500,7357,486,0xf,False,0x0
1783146930.135,502,502,109166,4,1,-9,53,34,1018,-5,-4,3,101325,2500,7357,487,0xf,False,0x0
1783146930.335,503,503,109367,4,1,-17,34,58,1080,5,-2,4,101325,2500,7357,491,0xf,False,0x0
1783146930.570,504,504,109602,4,1,18,52,53,1078,5,-3,1,101325,2500,7357,512,0xf,False,0x0
1783146930.771,505,505,109802,4,1,-16,-58,7,993,1,-5,2,101325,2500,7357,503,0xf,False,0x0
1783146930.995,506,506,110027,4,1,-7,-39,-16,1063,2,3,2,101325,2500,7356,517,0xf,False,0x0
1783146931.196,507,507,110227,4,1,-4,-5,15,989,1,4,4,101325,2500,7356,497,0xf,False,0x0
1783146931.698,509,509,110729,4,1,-3,-16,-33,1141,-4,4,3,101325,2500,7356,494,0xf,False,0x0
1783146931.965,510,510,110996,4,1,12,4,-16,1027,-1,-3,-2,101325,2500,7356,495,0xf,False,0x0
1783146932.212,511,511,111243,4,1,7,28,20,1049,2,3,5,101325,2500,7356,504,0xf,False,0x0
1783146932.412,512,512,111444,4,1,-4,56,-26,958,-2,-1,5,101325,2500,7356,503,0xf,False,0x0
1783146932.619,513,513,111651,4,1,-11,36,-23,1089,-3,-1,-5,101325,2500,7356,516,0xf,False,0x0
1783146932.820,514,514,111851,4,1,19,-17,12,1072,-5,-3,5,101325,2500,7356,510,0xf,False,0x0
1783146933.020,515,515,112052,4,1,11,24,-25,878,-4,-1,5,101325,2500,7356,500,0xf,False,0x0
1783146933.220,516,516,112252,4,1,-1,53,-53,983,-5,-1,1,101325,2500,7356,485,0xf,False,0x0
1783146933.421,517,517,112452,4,1,-11,43,-19,953,1,2,-5,101325,2500,7356,500,0xf,False,0x0
1783146933.621,518,518,112653,4,1,12,-30,-7,1088,-3,5,5,101325,2500,7355,481,0xf,False,0x0
1783146933.836,519,519,112868,4,1,10,-3,7,954,3,0,3,101325,2500,7355,510,0xf,False,0x0
1783146934.037,520,520,113068,4,1,-10,55,-49,961,4,-3,4,101325,2500,7355,487,0xf,False,0x0
1783146934.250,521,521,113280,4,1,-6,-50,-48,969,-1,-4,1,101325,2500,7355,496,0xf,False,0x0
1783146934.455,522,522,113487,4,1,4,-31,7,933,-3,-2,-2,101325,2500,7355,520,0xf,False,0x0
1783146934.656,523,523,113687,4,1,0,-53,60,1043,-3,1,-5,101325,2500,7355,503,0xf,False,0x0
1783146934.856,524,524,113888,4,1,-14,-4,45,1069,-5,-5,-3,101325,2500,7355,504,0xf,False,0x0
1783146935.067,525,525,114099,4,1,-14,-37,16,886,-2,-1,0,101325,2500,7355,497,0xf,False,0x0
1783146935.268,526,526,114300,4,1,-1,49,56,953,3,-3,3,101325,2500,7355,489,0xf,False,0x0
1783146935.468,527,527,114500,4,1,-1,21,3,1061,3,-3,3,101325,2500,7355,492,0xf,False,0x0
1783146935.670,528,528,114702,4,1,-18,42,20,880,3,5,5,101325,2500,7355,504,0xf,False,0x0
1783146935.879,529,529,114911,4,1,18,-48,-14,1066,-5,4,2,101325,2500,7355,484,0xf,False,0x0
1783146937.394,530,530,116426,4,1,15,-30,50,1041,-1,-1,4,101325,2500,7354,515,0xf,False,0x0
1783146937.659,531,531,116690,4,1,-9,-42,44,867,2,-4,3,101325,2500,7354,509,0xf,False,0x0
1783146938.171,533,533,117202,4,1,-17,-22,38,1067,5,-5,-3,101325,2500,7354,504,0xf,False,0x0
1783146938.372,534,534,117403,4,1,7,-38,25,918,2,-4,-2,101325,2500,7354,499,0xf,False,0x0
1783146938.572,535,535,117604,4,1,0,-55,-15,878,-2,4,-3,101325,2500,7353,483,0xf,False,0x0
1783146938.823,536,536,117855,4,1,-13,13,-12,876,-4,1,5,101325,2500,7353,518,0xf,False,0x0
1783146939.024,537,537,118056,4,1,1,7,-34,1098,-2,3,2,101325,2500,7353,505,0xf,False,0x0
1783146939.252,538,538,118283,4,1,-1,28,-28,981,1,3,-5,101325,2500,7353,509,0xf,False,0x0
1783146939.452,539,539,118484,4,1,5,-37,46,1048,1,0,4,101325,2500,7353,484,0xf,False,0x0
1783146939.699,540,540,118730,4,1,-1,34,32,1037,-1,4,1,101325,2500,7353,499,0xf,False,0x0
1783146939.900,541,541,118931,4,1,1,-32,-38,1076,-2,0,5,101325,2500,7353,488,0xf,False,0x0
1783146940.167,542,542,119198,4,1,10,20,48,949,-2,4,0,101325,2500,7353,493,0xf,False,0x0
1783146940.368,543,543,119399,4,1,11,40,55,995,1,-4,5,101325,2500,7353,518,0xf,False,0x0
1783146940.569,544,544,119601,4,1,14,-51,8,1017,0,-3,0,101325,2500,7353,506,0xf,False,0x0
1783146940.778,545,545,119810,4,1,-11,-23,53,1107,4,2,-5,101325,2500,7353,490,0xf,False,0x0
1783146940.979,546,546,120010,4,1,-18,10,-30,933,2,1,4,101325,2500,7352,493,0xf,False,0x0
1783146941.193,547,547,120224,4,1,-13,-56,29,1015,-3,3,-1,101325,2500,7352,500,0xf,False,0x0
1783146941.395,548,548,120425,4,1,-6,56,-16,1055,-3,4,3,101325,2500,7352,491,0xf,False,0x0
1783146941.605,549,549,120636,4,1,-16,-32,57,1026,5,4,2,101325,2500,7352,497,0xf,False,0x0
1783146941.805,550,550,120836,4,1,4,-40,42,1039,1,-5,-2,101325,2500,7352,501,0xf,False,0x0
1783146942.006,551,551,121037,4,1,-9,57,-50,916,0,5,-5,101325,2500,7352,512,0xf,False,0x0
1783146942.407,553,553,121438,4,1,5,48,22,956,5,2,-1,101325,2500,7352,488,0xf,False,0x0
1783146942.608,554,554,121639,4,1,13,11,-31,897,-4,-4,-4,101325,2500,7352,513,0xf,False,0x0
1783146942.811,555,555,121842,4,1,-7,-26,-6,1013,1,-4,-3,101325,2500,7352,496,0xf,False,0x0
1783146943.016,556,556,122048,4,1,14,-51,50,1050,5,3,0,101325,2500,7352,488,0xf,False,0x0
1783146943.217,557,557,122248,4,1,3,13,-38,992,0,1,5,101325,2500,7352,519,0xf,False,0x0
1783146943.424,558,558,122456,4,1,0,56,22,1121,-5,-2,-3,101325,2500,7352,488,0xf,False,0x0
1783146943.625,559,559,122657,4,1,-8,-42,-29,1080,-1,-4,-3,101325,2500,7351,487,0xf,False,0x0
1783146943.872,560,560,122903,4,1,-1,22,60,1029,-5,3,-4,101325,2500,7351,498,0xf,False,0x0
1783146944.072,561,561,123104,4,1,-19,52,-43,850,0,3,-4,101325,2500,7351,497,0xf,False,0x0
1783146944.391,562,562,123422,4,1,-11,-24,42,950,-4,4,-5,101325,2500,7351,493,0xf,False,0x0
1783146944.592,563,563,123623,4,1,-2,-24,47,859,0,5,-5,101325,2500,7351,518,0xf,False,0x0
1783146944.792,564,564,123824,4,1,17,14,27,1120,-2,4,-4,101325,2500,7351,518,0xf,False,0x0
1783146944.993,565,565,124025,4,1,-8,19,39,1073,4,5,-2,101325,2500,7351,498,0xf,False,0x0
1783146945.207,566,566,124238,4,1,10,-5,-33,918,-2,-3,3,101325,2500,7351,494,0xf,False,0x0
1783146945.428,567,567,124460,4,1,-3,32,-38,1052,-5,4,-4,101325,2500,7351,496,0xf,False,0x0
1783146945.629,568,568,124660,4,1,4,9,34,998,-1,1,1,101325,2500,7351,505,0xf,False,0x0
1783146945.830,569,569,124862,4,1,-18,18,-5,1060,-1,1,-5,101325,2500,7351,505,0xf,False,0x0
1783146946.031,570,570,125062,4,1,6,15,-22,934,-3,-3,-3,101325,2500,7350,503,0xf,False,0x0
1783146946.231,571,571,125262,4,1,-4,-18,46,1057,4,-5,2,101325,2500,7350,492,0xf,False,0x0
1783146946.431,572,572,125463,4,1,-5,-30,58,930,-3,2,-2,101325,2500,7350,480,0xf,False,0x0
1783146946.663,573,573,125694,4,1,1,-48,4,1048,2,0,3,101325,2500,7350,489,0xf,False,0x0
1783146946.863,574,574,125895,4,1,-7,-22,-58,885,-4,-3,4,101325,2500,7350,480,0xf,False,0x0
1783146947.110,575,575,126141,4,1,0,-47,-37,1104,4,-3,-4,101325,2500,7350,487,0xf,False,0x0
1783146947.310,576,576,126341,4,1,-10,-45,-41,1008,-3,-5,-5,101325,2500,7350,517,0xf,False,0x0
1783146947.553,577,577,126584,4,1,2,-20,-23,1090,3,3,1,101325,2500,7350,499,0xf,False,0x0
1783146947.753,578,578,126785,4,1,4,60,58,952,3,5,1,101325,2500,7350,519,0xf,False,0x0
1783146947.998,579,579,127029,4,1,13,-37,-55,1062,5,5,-1,101325,2500,7350,501,0xf,False,0x0
1783146948.198,580,580,127229,4,1,15,23,21,857,-3,4,-3,101325,2500,7350,497,0xf,False,0x0
1783146948.449,581,581,127481,4,1,-14,14,17,1012,5,-5,3,101325,2500,7350,495,0xf,False,0x0
1783146948.650,582,582,127681,4,1,5,29,-30,1054,-5,-2,-1,101325,2500,7349,518,0xf,False,0x0
1783146948.904,583,583,127935,4,1,-5,56,42,1075,0,5,5,101325,2500,7349,509,0xf,False,0x0
1783146949.104,584,584,128136,4,1,-13,-56,-8,1036,5,-2,-1,101325,2500,7349,499,0xf,False,0x0
1783146949.343,585,585,128375,4,1,-9,-43,25,1111,1,-1,-4,101325,2500,7349,495,0xf,False,0x0
1783146949.544,586,586,128576,4,1,8,47,58,930,-1,-2,-4,101325,2500,7349,501,0xf,False,0x0
1783146949.798,587,587,128829,4,1,-8,9,48,1053,0,3,-1,101325,2500,7349,512,0xf,False,0x0
1783146949.999,588,588,129030,4,1,-5,35,-31,1129,-3,5,-3,101325,2500,7349,517,0xf,False,0x0
1783146950.243,589,589,129275,4,1,11,24,18,865,-2,4,4,101325,2500,7349,508,0xf,False,0x0
1783146950.444,590,590,129475,4,1,-14,7,54,1085,5,3,3,101325,2500,7349,480,0xf,False,0x0
1783146950.711,591,591,129743,4,1,10,-53,-18,1119,-2,-4,-1,101325,2500,7349,485,0xf,False,0x0
1783146950.912,592,592,129943,4,1,-20,12,-27,1125,3,-1,-1,101325,2500,7349,484,0xf,False,0x0
1783146951.178,593,593,130209,4,1,-2,37,52,1090,4,-3,-3,101325,2500,7348,497,0xf,False,0x0
1783146951.378,594,594,130410,4,1,7,12,-2,1044,5,-4,-1,101325,2500,7348,490,0xf,False,0x0
1783146951.613,595,595,130645,4,1,-16,49,36,1051,1,5,-4,101325,2500,7348,504,0xf,False,0x0
1783146952.058,597,597,131089,4,1,18,-6,-51,919,-2,3,-5,101325,2500,7348,492,0xf,False,0x0
1783146952.258,598,598,131290,4,1,7,-43,-33,1025,-1,1,0,101325,2500,7348,489,0xf,False,0x0
1783146952.490,599,599,131521,4,1,-8,52,41,988,0,-3,0,101325,2500,7348,511,0xf,False,0x0
1783146952.691,600,600,131723,4,1,-20,41,1,1132,-5,5,4,101325,2500,7348,493,0xf,False,0x0
1783146952.935,601,601,131966,4,1,-13,-22,-35,980,-2,-4,-3,101325,2500,7348,513,0xf,False,0x0
1783146953.136,602,602,132167,4,1,-19,-18,-51,1010,4,3,-2,101325,2500,7348,505,0xf,False,0x0
1783146953.375,603,603,132406,4,1,-16,31,41,1121,-4,-2,5,101325,2500,7348,501,0xf,False,0x0
1783146953.575,604,604,132606,4,1,1,2,39,967,-2,1,-2,101325,2500,7347,487,0xf,False,0x0
1783146953.897,605,605,132928,4,1,-15,-3,26,980,2,5,2,101325,2500,7347,500,0xf,False,0x0
1783146954.097,606,606,133129,4,1,-6,45,34,965,1,1,1,101325,2500,7347,501,0xf,False,0x0
1783146954.333,607,607,133364,4,1,-9,-5,-33,1086,3,0,5,101325,2500,7347,509,0xf,False,0x0
1783146954.534,608,608,133565,4,1,-20,-25,-6,921,-4,-3,5,101325,2500,7347,486,0xf,False,0x0
1783146954.793,609,609,133824,4,1,-15,47,-38,1058,-5,-3,-5,101325,2500,7347,516,0xf,False,0x0
1783146954.994,610,610,134025,4,1,-19,-28,-37,888,3,5,-3,101325,2500,7347,513,0xf,False,0x0
1783146955.245,611,611,134276,4,1,-5,48,15,1043,3,-5,-1,101325,2500,7347,516,0xf,False,0x0
1783146955.445,612,612,134477,4,1,-10,-29,-29,989,-1,1,4,101325,2500,7347,483,0xf,False,0x0
1783146955.704,613,613,134735,4,1,17,49,-59,1001,-3,-1,4,101325,2500,7347,488,0xf,False,0x0
1783146955.904,614,614,134936,4,1,-20,-36,0,865,3,4,-2,101325,2500,7347,503,0xf,False,0x0
1783146956.134,615,615,135165,4,1,18,-9,-56,1156,1,-2,3,101325,2500,7346,514,0xf,False,0x0
1783146956.335,616,616,135366,4,1,-4,16,34,1127,0,-2,5,101325,2500,7346,497,0xf,False,0x0
1783146956.580,617,617,135612,4,1,-3,3,60,1078,-4,3,4,101325,2500,7346,519,0xf,False,0x0
1783146956.781,618,618,135813,4,1,14,-6,-45,1077,2,-3,-3,101325,2500,7346,496,0xf,False,0x0
1783146957.016,619,619,136048,4,1,9,31,17,943,3,-3,0,101325,2500,7346,514,0xf,False,0x0
1783146957.218,620,620,136250,4,1,8,-60,6,955,-3,0,-5,101325,2500,7346,490,0xf,False,0x0
1783146957.419,621,621,136450,4,1,-18,-27,-12,993,-2,-1,5,101325,2500,7346,517,0xf,False,0x0
1783146957.652,622,622,136684,4,1,13,-54,-12,980,3,1,3,101325,2500,7346,512,0xf,False,0x0
1783146957.852,623,623,136884,4,1,-8,17,-50,896,-3,5,-3,101325,2500,7346,489,0xf,False,0x0
1783146958.061,624,624,137093,4,1,18,-42,13,1003,2,4,2,101325,2500,7346,518,0xf,False,0x0
1783146958.262,625,625,137293,4,1,7,50,8,920,2,3,1,101325,2500,7346,514,0xf,False,0x0
1783146958.465,626,626,137496,4,1,-6,-51,34,941,-5,0,2,101325,2500,7346,488,0xf,False,0x0
1783146958.874,628,628,137906,4,1,9,22,52,912,1,-2,2,101325,2500,7345,487,0xf,False,0x0
1783146959.075,629,629,138106,4,1,17,6,31,1009,-1,2,2,101325,2500,7345,505,0xf,False,0x0
1783146959.276,630,630,138307,4,1,14,24,2,1116,4,5,-2,101325,2500,7345,488,0xf,False,0x0
1783146959.476,631,631,138508,4,1,0,-1,21,976,5,1,1,101325,2500,7345,515,0xf,False,0x0
1783146959.802,632,632,138834,4,1,20,3,22,961,-5,2,2,101325,2500,7345,515,0xf,False,0x0
1783146960.003,633,633,139034,4,1,0,-26,-43,884,-5,5,4,101325,2500,7345,512,0xf,False,0x0
1783146960.244,634,634,139275,4,1,13,47,-21,1066,-4,-4,4,101325,2500,7345,488,0xf,False,0x0
1783146960.445,635,635,139476,4,1,-11,-57,47,890,-3,-5,4,101325,2500,7345,516,0xf,False,0x0
1783146960.703,636,636,139734,4,1,19,24,25,904,-3,-1,3,101325,2500,7345,495,0xf,False,0x0
1783146960.903,637,637,139934,4,1,8,-60,-12,1101,1,-4,4,101325,2500,7345,497,0xf,False,0x0
1783146961.137,638,638,140168,4,1,14,24,3,1054,0,1,-4,101325,2500,7344,504,0xf,False,0x0
1783146961.337,639,639,140369,4,1,1,-42,56,1132,2,5,-1,101325,2500,7344,498,0xf,False,0x0
1783146961.549,640,640,140580,4,1,9,27,-3,1123,-5,3,-1,101325,2500,7344,512,0xf,False,0x0
1783146961.752,641,641,140784,4,1,-2,25,15,1058,5,-1,-4,101325,2500,7344,506,0xf,False,0x0
1783146961.953,642,642,140984,4,1,18,15,38,1027,4,3,4,101325,2500,7344,490,0xf,False,0x0
1783146962.399,644,644,141431,4,1,13,53,48,1125,-4,2,3,101325,2500,7344,516,0xf,False,0x0
1783146962.600,645,645,141632,4,1,14,34,-19,953,-5,3,2,101325,2500,7344,518,0xf,False,0x0
1783146962.801,646,646,141833,4,1,-19,40,-38,944,0,-2,5,101325,2500,7344,504,0xf,False,0x0
1783146963.001,647,647,142033,4,1,-15,-9,-32,1009,-4,-4,-1,101325,2500,7344,487,0xf,False,0x0
1783146963.205,648,648,142236,4,1,-12,-1,28,996,1,1,3,101325,2500,7344,504,0xf,False,0x0
1783146963.614,650,650,142646,4,1,11,-25,25,1132,-3,-4,-2,101325,2500,7343,519,0xf,False,0x0
1783146963.817,651,651,142848,4,1,-17,36,-32,876,-2,4,1,101325,2500,7343,502,0xf,False,0x0
1783146964.023,652,652,143054,4,1,-8,-22,8,1063,0,-1,1,101325,2500,7343,509,0xf,False,0x0
1783146964.232,653,653,143264,4,1,16,-41,-1,1037,4,-2,2,101325,2500,7343,512,0xf,False,0x0
1783146964.440,654,654,143472,4,1,11,9,50,936,-5,3,4,101325,2500,7343,480,0xf,False,0x0
1783146965.235,655,655,144266,4,1,-5,52,-60,1069,0,4,-1,101325,2500,7343,483,0xf,False,0x0
1783146965.465,656,656,144497,4,1,-16,17,-36,946,-3,1,-3,101325,2500,7343,497,0xf,False,0x0
1783146965.772,657,657,144803,4,1,-18,-15,-39,1044,1,-2,-1,101325,2500,7343,493,0xf,False,0x0
1783146965.981,658,658,145012,4,1,12,31,-27,1125,0,-2,0,101325,2500,7342,510,0xf,False,0x0
1783146966.319,659,659,145350,4,1,-9,-29,22,1004,-2,1,1,101325,2500,7342,491,0xf,False,0x0
1783146966.520,660,660,145552,4,1,-1,43,14,937,-2,-3,4,101325,2500,7342,495,0xf,False,0x0
1783146966.721,661,661,145752,4,1,0,35,-19,876,-4,-2,5,101325,2500,7342,512,0xf,False,0x0
1783146966.929,662,662,145961,4,1,-10,46,7,949,-3,1,2,101325,2500,7342,483,0xf,False,0x0
1783146967.130,663,663,146161,4,1,13,-22,60,917,-2,-5,4,101325,2500,7342,482,0xf,False,0x0
1783146967.356,664,664,146388,4,1,16,17,50,1079,-2,2,-4,101325,2500,7342,505,0xf,False,0x0
1783146967.558,665,665,146589,4,1,16,-30,15,942,-2,4,-4,101325,2500,7342,503,0xf,False,0x0
1783146968.002,667,667,147034,4,1,7,11,-3,1096,-5,3,-2,101325,2500,7342,519,0xf,False,0x0
1783146968.239,668,668,147270,4,1,9,5,34,994,-5,-4,-5,101325,2500,7342,518,0xf,False,0x0
1783146968.439,669,669,147471,4,1,11,3,56,1012,-4,2,-5,101325,2500,7342,501,0xf,False,0x0
1783146968.662,670,670,147693,4,1,-14,6,-46,1079,2,3,-5,101325,2500,7341,503,0xf,False,0x0
1783146968.862,671,671,147894,4,1,19,2,-35,933,2,1,-5,101325,2500,7341,516,0xf,False,0x0
1783146969.135,672,672,148166,4,1,-19,44,-52,1103,1,-3,4,101325,2500,7341,513,0xf,False,0x0
1783146969.336,673,673,148367,4,1,-5,40,-26,996,4,-2,2,101325,2500,7341,497,0xf,False,0x0
1783146969.538,674,674,148570,4,1,-16,-17,-2,930,1,-4,3,101325,2500,7341,502,0xf,False,0x0
1783146969.740,675,675,148771,4,1,-15,-18,-57,931,-4,5,2,101325,2500,7341,513,0xf,False,0x0
1783146969.953,676,676,148985,4,1,5,-1,-2,1161,1,0,-2,101325,2500,7341,509,0xf,False,0x0
1783146970.154,677,677,149185,4,1,-16,-44,59,1100,1,-2,2,101325,2500,7341,489,0xf,False,0x0
1783146970.385,678,678,149417,4,1,-7,-12,-41,866,0,4,-4,101325,2500,7341,514,0xf,False,0x0
1783146970.586,679,679,149617,4,1,-6,32,22,897,-2,1,1,101325,2500,7341,484,0xf,False,0x0
1783146970.838,680,680,149869,4,1,-15,-44,10,1047,1,1,0,101325,2500,7341,488,0xf,False,0x0
1783146971.038,681,681,150069,4,1,-9,-2,12,886,3,4,-4,101325,2500,7340,515,0xf,False,0x0
1783146971.309,682,682,150340,4,1,15,24,23,994,-2,5,0,101325,2500,7340,506,0xf,False,0x0
1783146971.510,683,683,150541,4,1,-20,-6,-11,903,0,-2,-2,101325,2500,7340,480,0xf,False,0x0
1783146971.771,684,684,150803,4,1,-4,53,1,966,3,-3,-1,101325,2500,7340,519,0xf,False,0x0
1783146971.972,685,685,151004,4,1,20,21,22,1037,-2,-1,-1,101325,2500,7340,486,0xf,False,0x0
1783146972.203,686,686,151234,4,1,20,-5,19,1027,-1,-3,4,101325,2500,7340,485,0xf,False,0x0
1783146972.404,687,687,151435,4,1,-18,-9,-33,912,-3,5,-5,101325,2500,7340,511,0xf,False,0x0
1783146972.636,688,688,151667,4,1,11,3,-37,902,1,-5,-2,101325,2500,7340,486,0xf,False,0x0
1783146972.836,689,689,151867,4,1,-2,57,-57,958,1,4,3,101325,2500,7340,499,0xf,False,0x0
1783146973.070,690,690,152101,4,1,7,-33,-25,1126,4,-4,1,101325,2500,7340,513,0xf,False,0x0
1783146973.277,691,691,152309,4,1,-1,38,-9,946,-1,-4,2,101325,2500,7340,506,0xf,False,0x0
1783146973.477,692,692,152509,4,1,-3,-58,52,899,1,3,-4,101325,2500,7339,483,0xf,False,0x0
1783146973.678,693,693,152709,4,1,1,-58,13,1023,3,3,1,101325,2500,7339,520,0xf,False,0x0
1783146973.878,694,694,152909,4,1,-18,-6,-56,1140,1,4,3,101325,2500,7339,485,0xf,False,0x0
1783146974.081,695,695,153113,4,1,-1,-36,3,932,-3,3,3,101325,2500,7339,494,0xf,False,0x0
1783146974.282,696,696,153314,4,1,20,-50,-4,1054,-1,-3,-3,101325,2500,7339,500,0xf,False,0x0
1783146974.593,697,697,153624,4,1,9,5,5,1011,-5,2,-1,101325,2500,7339,505,0xf,False,0x0
1783146974.831,698,698,153863,4,1,17,43,-44,951,-1,3,-3,101325,2500,7339,487,0xf,False,0x0
1783146975.032,699,699,154063,4,1,-10,55,13,1051,-1,-2,1,101325,2500,7339,520,0xf,False,0x0
1783146975.407,700,700,154439,4,1,-13,10,-33,1030,0,-5,-1,101325,2500,7339,518,0xf,False,0x0
1783146975.612,701,701,154643,4,1,-9,57,39,976,5,4,0,101325,2500,7339,520,0xf,False,0x0
1783146975.812,702,702,154843,4,1,-13,-29,-24,1000,3,5,2,101325,2500,7339,491,0xf,False,0x0
1783146976.023,703,703,155055,4,1,-6,-11,57,1003,-5,-1,3,101325,2500,7338,500,0xf,False,0x0
1783146976.224,704,704,155255,4,1,15,-11,-32,1086,-2,3,-3,101325,2500,7338,485,0xf,False,0x0
1783146976.432,705,705,155463,4,1,13,18,37,1070,1,5,2,101325,2500,7338,502,0xf,False,0x0
1783146976.636,706,706,155667,4,1,1,-32,57,1092,3,0,4,101325,2500,7338,512,0xf,False,0x0
1783146977.246,709,709,156277,4,1,-15,58,-31,945,-5,2,-3,101325,2500,7338,518,0xf,False,0x0
1783146977.446,710,710,156478,4,1,-8,24,14,1111,0,-3,0,101325,2500,7338,491,0xf,False,0x0
1783146977.649,711,711,156680,4,1,9,24,10,995,1,-4,1,101325,2500,7338,502,0xf,False,0x0
1783146977.850,712,712,156881,4,1,1,15,-35,1026,0,5,5,101325,2500,7338,480,0xf,False,0x0
1783146978.050,713,713,157082,4,1,6,-32,50,1057,0,-1,-2,101325,2500,7338,505,0xf,False,0x0
1783146978.251,714,714,157282,4,1,-4,-22,33,958,0,1,3,101325,2500,7338,511,0xf,False,0x0
1783146978.452,715,715,157483,4,1,4,16,39,1048,3,1,5,101325,2500,7338,517,0xf,False,0x0
1783146978.652,716,716,157684,4,1,2,-50,-11,1031,0,-2,-4,101325,2500,7337,516,0xf,False,0x0
1783146978.870,717,717,157901,4,1,-8,32,40,1076,3,0,-3,101325,2500,7337,505,0xf,False,0x0
1783146979.070,718,718,158102,4,1,15,-31,-54,1050,-1,2,2,101325,2500,7337,486,0xf,False,0x0
1783146979.274,719,719,158306,4,1,-10,-11,-36,1067,-2,1,5,101325,2500,7337,511,0xf,False,0x0
1783146979.475,720,720,158506,4,1,19,-36,-47,982,-2,2,-1,101325,2500,7337,519,0xf,False,0x0
1783146979.711,721,721,158742,4,1,16,54,-46,1064,-1,-5,-4,101325,2500,7337,487,0xf,False,0x0
1783146979.912,722,722,158943,4,1,-17,-48,43,923,-5,5,3,101325,2500,7337,505,0xf,False,0x0
1783146980.127,723,723,159159,4,1,-19,-26,-30,927,3,4,-4,101325,2500,7337,504,0xf,False,0x0
1783146980.328,724,724,159360,4,1,-14,35,15,1056,-2,3,-5,101325,2500,7337,484,0xf,False,0x0
1783146980.543,725,725,159574,4,1,12,-14,18,1071,1,2,3,101325,2500,7337,498,0xf,False,0x0
1783146980.743,726,726,159775,4,1,-13,-18,-22,897,2,4,4,101325,2500,7337,500,0xf,False,0x0
1783146980.987,727,727,160019,4,1,-1,-12,-60,974,4,-2,3,101325,2500,7336,480,0xf,False,0x0
1783146981.188,728,728,160219,4,1,10,-11,-34,1022,1,-5,-5,101325,2500,7336,498,0xf,False,0x0
1783146981.443,729,729,160475,4,1,8,-46,-4,996,-4,5,5,101325,2500,7336,518,0xf,False,0x0
1783146981.644,730,730,160675,4,1,-13,-33,32,1074,3,5,0,101325,2500,7336,483,0xf,False,0x0
1783146981.845,731,731,160876,4,1,7,25,18,1137,-4,-5,-2,101325,2500,7336,484,0xf,False,0x0
1783146982.087,732,732,161118,4,1,-5,47,52,1057,4,-3,5,101325,2500,7336,491,0xf,False,0x0
1783146982.287,733,733,161319,4,1,-2,43,-24,963,-2,3,-5,101325,2500,7336,491,0xf,False,0x0
1783146982.495,734,734,161527,4,1,-8,-18,-47,1067,-4,2,4,101325,2500,7336,493,0xf,False,0x0
1783146982.696,735,735,161727,4,1,12,-58,-6,1099,5,0,3,101325,2500,7336,491,0xf,False,0x0
1783146982.896,736,736,161928,4,1,-8,1,25,898,4,0,2,101325,2500,7336,493,0xf,False,0x0
1783146983.097,737,737,162128,4,1,-18,52,44,1030,-3,4,-3,101325,2500,7336,505,0xf,False,0x0
1783146983.298,738,738,162329,4,1,4,-29,15,891,5,3,1,101325,2500,7336,513,0xf,False,0x0
1783146983.498,739,739,162530,4,1,-12,19,-40,1067,2,-5,-1,101325,2500,7335,510,0xf,False,0x0
1783146983.723,740,740,162755,4,1,-10,-45,6,1121,-1,-1,1,101325,2500,7335,484,0xf,False,0x0
1783146983.925,741,741,162956,4,1,-11,13,-13,1029,-3,-5,3,101325,2500,7335,506,0xf,False,0x0
1783146984.174,742,742,163205,4,1,-13,55,-54,991,2,-2,2,101325,2500,7335,489,0xf,False,0x0
1783146984.374,743,743,163405,4,1,-14,10,-23,1018,-5,-5,-5,101325,2500,7335,482,0xf,False,0x0
1783146984.607,744,744,163639,4,1,-13,-30,-2,923,4,1,5,101325,2500,7335,492,0xf,False,0x0
1783146984.808,745,745,163839,4,1,-9,-37,3,1048,4,5,3,101325,2500,7335,515,0xf,False,0x0
1783146985.067,746,746,164099,4,1,1,-38,-46,1115,3,5,2,101325,2500,7335,513,0xf,False,0x0
1783146985.267,747,747,164299,4,1,-10,-58,49,1115,2,5,4,101325,2500,7335,503,0xf,False,0x0
1783146985.535,748,748,164567,4,1,-2,-55,27,1090,0,-5,4,101325,2500,7335,508,0xf,False,0x0
1783146985.736,749,749,164768,4,1,-17,8,-9,941,-4,2,-2,101325,2500,7335,511,0xf,False,0x0
1783146985.937,750,750,164968,4,1,15,33,60,971,4,4,-4,101325,2500,7335,514,0xf,False,0x0
1783146986.161,751,751,165193,4,1,-14,-11,11,1066,-2,-4,-3,101325,2500,7334,481,0xf,False,0x0
1783146986.362,752,752,165394,4,1,-4,-41,26,1048,-4,5,3,101325,2500,7334,488,0xf,False,0x0
1783146986.574,753,753,165605,4,1,13,48,-2,978,0,4,-3,101325,2500,7334,497,0xf,False,0x0
1783146986.774,754,754,165806,4,1,-4,42,26,979,5,5,-3,101325,2500,7334,505,0xf,False,0x0
1783146986.976,755,755,166007,4,1,-16,-23,-1,947,-1,-1,4,101325,2500,7334,506,0xf,False,0x0
1783146987.177,756,756,166208,4,1,12,-31,-58,1055,-1,-1,-2,101325,2500,7334,490,0xf,False,0x0
1783146987.377,757,757,166409,4,1,-7,-32,-14,933,-2,3,-5,101325,2500,7334,481,0xf,False,0x0
1783146987.578,758,758,166610,4,1,17,57,-21,934,3,-2,-4,101325,2500,7334,488,0xf,False,0x0
1783146987.802,759,759,166834,4,1,-7,37,44,998,1,2,-4,101325,2500,7334,497,0xf,False,0x0
1783146988.005,760,760,167036,4,1,8,24,57,845,-5,3,-2,101325,2500,7334,502,0xf,False,0x0
1783146988.205,761,761,167237,4,1,8,-12,19,1041,5,-2,0,101325,2500,7334,500,0xf,False,0x0
1783146988.411,762,762,167442,4,1,13,-50,30,973,-3,5,-1,101325,2500,7334,494,0xf,False,0x0
1783146988.611,763,763,167643,4,1,-6,-44,25,940,-1,3,-4,101325,2500,7333,498,0xf,False,0x0
1783146988.824,764,764,167855,4,1,-8,56,-34,876,1,4,0,101325,2500,7333,496,0xf,False,0x0
1783146989.024,765,765,168055,4,1,10,-7,47,971,3,5,-4,101325,2500,7333,519,0xf,False,0x0
1783146989.232,766,766,168263,4,1,-8,-46,-7,1006,-1,1,-3,101325,2500,7333,501,0xf,False,0x0
1783146989.432,767,767,168464,4,1,20,-40,-29,1018,-5,-3,-4,101325,2500,7333,489,0xf,False,0x0
1783146989.648,768,768,168679,4,1,-15,59,-57,1044,-1,-1,0,101325,2500,7333,504,0xf,False,0x0
1783146989.848,769,769,168879,4,1,-5,-16,-27,971,3,-5,1,101325,2500,7333,491,0xf,False,0x0
1783146990.075,770,770,169106,4,1,-2,-25,23,974,-4,-2,-3,101325,2500,7333,485,0xf,False,0x0
1783146990.275,771,771,169307,4,1,11,-51,-55,946,-5,0,5,101325,2500,7333,519,0xf,False,0x0
1783146990.480,772,772,169512,4,1,13,15,20,894,-1,-5,1,101325,2500,7333,484,0xf,False,0x0
1783146990.680,773,773,169712,4,1,5,29,-15,982,-5,-5,0,101325,2500,7333,480,0xf,False,0x0
1783146991.099,775,775,170131,4,1,6,35,22,1046,1,-2,-5,101325,2500,7332,509,0xf,False,0x0
1783146991.301,776,776,170332,4,1,-20,-52,-46,901,3,4,-3,101325,2500,7332,490,0xf,False,0x0
1783146991.502,777,777,170533,4,1,7,19,-26,947,-4,5,4,101325,2500,7332,504,0xf,False,0x0
1783146991.705,778,778,170736,4,1,-5,34,48,1035,-5,-3,-3,101325,2500,7332,503,0xf,False,0x0
1783146991.905,779,779,170936,4,1,-8,-22,49,928,0,-2,3,101325,2500,7332,497,0xf,False,0x0
1783146992.106,780,780,171137,4,1,-19,26,0,921,4,-2,3,101325,2500,7332,498,0xf,False,0x0
1783146992.307,781,781,171338,4,1,-14,-1,42,988,-1,-4,2,101325,2500,7332,499,0xf,False,0x0
1783146992.708,783,783,171740,4,1,14,-18,-16,1107,-2,-4,2,101325,2500,7332,514,0xf,False,0x0
1783146992.914,784,784,171945,4,1,-10,28,44,1143,-4,5,5,101325,2500,7332,496,0xf,False,0x0
1783146993.114,785,785,172146,4,1,-1,14,55,1101,5,0,2,101325,2500,7332,514,0xf,False,0x0
1783146993.334,786,786,172366,4,1,16,-44,1,969,4,2,-4,101325,2500,7332,502,0xf,False,0x0
1783146993.535,787,787,172566,4,1,-20,1,-41,1008,2,-1,-3,101325,2500,7331,489,0xf,False,0x0
1783146993.748,788,788,172779,4,1,-18,-59,-38,1047,-2,-2,0,101325,2500,7331,488,0xf,False,0x0
1783146993.948,789,789,172980,4,1,3,23,7,1049,-4,-4,5,101325,2500,7331,502,0xf,False,0x0
1783146994.157,790,790,173188,4,1,-3,43,-33,988,-3,-4,3,101325,2500,7331,514,0xf,False,0x0
1783146994.358,791,791,173389,4,1,-8,55,-31,954,2,1,-4,101325,2500,7331,493,0xf,False,0x0
1783146994.605,792,792,173636,4,1,-17,36,-30,978,2,-3,-4,101325,2500,7331,497,0xf,False,0x0
1783146994.806,793,793,173837,4,1,18,58,-53,993,1,5,0,101325,2500,7331,507,0xf,False,0x0
1783146995.064,794,794,174095,4,1,7,-49,-16,1010,0,2,-5,101325,2500,7331,502,0xf,False,0x0
1783146995.264,795,795,174296,4,1,3,22,-25,1056,-5,-5,5,101325,2500,7331,517,0xf,False,0x0
1783146995.505,796,796,174536,4,1,15,21,-30,1090,-1,2,3,101325,2500,7331,485,0xf,False,0x0
1783146995.705,797,797,174737,4,1,7,-43,-21,981,4,-3,2,101325,2500,7331,520,0xf,False,0x0
1783146995.945,798,798,174977,4,1,18,-16,-12,934,5,2,-1,101325,2500,7331,513,0xf,False,0x0
1783146996.146,799,799,175177,4,1,-12,52,17,1007,-1,4,2,101325,2500,7330,507,0xf,False,0x0
1783146996.408,800,800,175440,4,1,-2,17,-18,913,-5,-3,0,101325,2500,7330,484,0xf,False,0x0
1783146996.855,802,802,175887,4,1,16,25,-15,940,-5,-4,1,101325,2500,7330,512,0xf,False,0x0
1783146997.058,803,803,176089,4,1,18,16,-23,996,0,0,1,101325,2500,7330,503,0xf,False,0x0
1783146997.269,804,804,176300,4,1,4,24,46,1112,2,5,2,101325,2500,7330,500,0xf,False,0x0
1783146997.469,805,805,176500,4,1,2,-46,-15,1102,-1,-5,4,101325,2500,7330,512,0xf,False,0x0
1783146997.679,806,806,176711,4,1,-7,5,1,1042,3,-5,-1,101325,2500,7330,507,0xf,False,0x0
1783146997.880,807,807,176911,4,1,-12,-28,57,895,1,3,-4,101325,2500,7330,506,0xf,False,0x0
1783146998.086,808,808,177117,4,1,-2,1,-9,986,5,0,0,101325,2500,7330,484,0xf,False,0x0
1783146998.286,809,809,177318,4,1,0,13,-28,887,2,0,-1,101325,2500,7330,480,0xf,False,0x0
1783146998.487,810,810,177519,4,1,-19,18,-45,932,1,2,5,101325,2500,7329,514,0xf,False,0x0
1783146998.688,811,811,177719,4,1,-6,3,5,1067,0,-2,1,101325,2500,7329,514,0xf,False,0x0
1783146998.888,812,812,177920,4,1,17,-41,19,1034,0,3,-2,101325,2500,7329,488,0xf,False,0x0
1783146999.089,813,813,178121,4,1,-16,19,-1,977,-2,2,5,101325,2500,7329,510,0xf,False,0x0
1783146999.317,814,814,178348,4,1,-15,57,32,1034,5,1,-2,101325,2500,7329,485,0xf,False,0x0
1783146999.517,815,815,178548,4,1,-2,38,-28,1085,1,4,-1,101325,2500,7329,509,0xf,False,0x0
1783146999.725,816,816,178757,4,1,-12,-1,2,938,-3,-4,3,101325,2500,7329,510,0xf,False,0x0
1783147000.159,818,818,179190,4,1,17,10,-1,920,1,3,2,101325,2500,7329,498,0xf,False,0x0
1783147000.359,819,819,179391,4,1,-9,-48,-47,935,1,1,3,101325,2500,7329,489,0xf,False,0x0
1783147000.598,820,820,179629,4,1,-12,8,-18,1134,-5,0,-4,101325,2500,7329,490,0xf,False,0x0
1783147000.799,821,821,179830,4,1,12,0,-29,964,-2,-4,-1,101325,2500,7329,493,0xf,False,0x0
1783147001.255,823,823,180287,4,1,15,-6,39,1130,-1,-3,-1,101325,2500,7328,519,0xf,False,0x0
1783147001.501,824,824,180532,4,1,-1,-14,42,1060,1,1,-5,101325,2500,7328,485,0xf,False,0x0
1783147001.701,825,825,180733,4,1,5,-48,48,872,-3,-5,5,101325,2500,7328,503,0xf,False,0x0
1783147001.944,826,826,180976,4,1,-5,42,-32,913,4,-5,1,101325,2500,7328,483,0xf,False,0x0
1783147002.146,827,827,181177,4,1,10,19,28,1019,0,-2,3,101325,2500,7328,498,0xf,False,0x0
1783147002.346,828,828,181378,4,1,10,-52,52,1049,-4,2,4,101325,2500,7328,491,0xf,False,0x0
1783147002.547,829,829,181579,4,1,14,6,55,1063,-5,-5,-5,101325,2500,7328,482,0xf,False,0x0
1783147002.748,830,830,181779,4,1,-15,55,-6,917,0,-1,-4,101325,2500,7328,511,0xf,False,0x0
1783147002.950,831,831,181982,4,1,-6,56,56,1119,2,0,-2,101325,2500,7328,480,0xf,False,0x0
1783147003.151,832,832,182182,4,1,15,54,29,851,-1,-5,4,101325,2500,7328,511,0xf,False,0x0
1783147003.351,833,833,182383,4,1,-6,28,54,891,2,-5,1,101325,2500,7328,515,0xf,False,0x0
1783147003.552,834,834,182583,4,1,-4,59,37,1054,-4,3,3,101325,2500,7327,510,0xf,False,0x0
1783147003.774,835,835,182805,4,1,2,-41,27,953,-1,-5,2,101325,2500,7327,503,0xf,False,0x0
1783147003.974,836,836,183005,4,1,7,-1,-21,1036,-1,-2,-3,101325,2500,7327,480,0xf,False,0x0
1783147004.204,837,837,183235,4,1,20,17,-25,1089,-4,3,5,101325,2500,7327,510,0xf,False,0x0
1783147004.404,838,838,183436,4,1,3,-25,33,1039,-4,5,5,101325,2500,7327,507,0xf,False,0x0
1783147004.606,839,839,183638,4,1,-17,-35,-18,891,5,-5,3,101325,2500,7327,506,0xf,False,0x0
1783147004.809,840,840,183841,4,1,4,-28,-10,1006,-4,5,-1,101325,2500,7327,515,0xf,False,0x0
1783147005.010,841,841,184041,4,1,17,-50,1,1067,-4,5,3,101325,2500,7327,482,0xf,False,0x0
1783147005.211,842,842,184242,4,1,1,-30,41,969,-1,5,-3,101325,2500,7327,480,0xf,False,0x0
1783147005.411,843,843,184443,4,1,-11,51,18,925,2,-3,5,101325,2500,7327,496,0xf,False,0x0
1783147005.612,844,844,184644,4,1,8,-31,42,867,2,0,-2,101325,2500,7327,487,0xf,False,0x0
1783147005.813,845,845,184845,4,1,-5,-24,-3,912,-2,1,2,101325,2500,7327,506,0xf,False,0x0
1783147006.068,846,846,185100,4,1,4,40,44,976,3,-3,-1,101325,2500,7326,485,0xf,False,0x0
1783147006.269,847,847,185300,4,1,-12,37,59,996,0,-3,0,101325,2500,7326,507,0xf,False,0x0
1783147006.481,848,848,185512,4,1,1,-15,49,978,4,-5,-2,101325,2500,7326,490,0xf,False,0x0
1783147006.681,849,849,185713,4,1,-17,29,-29,955,-4,2,4,101325,2500,7326,486,0xf,False,0x0
1783147006.932,850,850,185964,4,1,19,33,14,992,2,2,1,101325,2500,7326,484,0xf,False,0x0
1783147007.133,851,851,186164,4,1,7,1,22,960,-3,-1,1,101325,2500,7326,495,0xf,False,0x0
1783147007.381,852,852,186412,4,1,-4,-42,7,1027,-4,5,3,101325,2500,7326,483,0xf,False,0x0
1783147007.806,854,854,186837,4,1,19,49,13,952,-4,2,-3,101325,2500,7326,518,0xf,False,0x0
1783147008.007,855,855,187038,4,1,0,-54,-31,993,1,-3,1,101325,2500,7326,502,0xf,False,0x0
1783147008.260,856,856,187292,4,1,9,-48,-32,1151,5,-2,-5,101325,2500,7326,508,0xf,False,0x0
1783147008.461,857,857,187492,4,1,-7,8,42,935,-2,-5,1,101325,2500,7326,516,0xf,False,0x0
1783147008.717,858,858,187748,4,1,13,27,-53,1125,1,-2,-4,101325,2500,7325,485,0xf,False,0x0
1783147008.917,859,859,187949,4,1,11,23,-8,921,5,1,1,101325,2500,7325,520,0xf,False,0x0
1783147009.150,860,860,188182,4,1,20,8,14,964,1,0,-1,101325,2500,7325,482,0xf,False,0x0
1783147009.351,861,861,188382,4,1,-14,2,-51,1073,-2,3,-3,101325,2500,7325,499,0xf,False,0x0
1783147009.818,863,863,188849,4,1,8,-3,-48,1075,2,4,-3,101325,2500,7325,509,0xf,False,0x0
1783147010.040,864,864,189072,4,1,-1,-48,-5,1094,1,-1,-2,101325,2500,7325,503,0xf,False,0x0
1783147010.241,865,865,189273,4,1,20,7,27,905,-2,5,5,101325,2500,7325,508,0xf,False,0x0
1783147010.510,866,866,189541,4,1,10,-25,24,892,-3,0,0,101325,2500,7325,482,0xf,False,0x0
1783147010.710,867,867,189742,4,1,19,32,-10,834,4,5,-3,101325,2500,7325,483,0xf,False,0x0
1783147010.958,868,868,189989,4,1,6,6,10,907,-1,1,3,101325,2500,7325,512,0xf,False,0x0
1783147011.158,869,869,190190,4,1,3,56,-35,1074,-4,3,5,101325,2500,7324,501,0xf,False,0x0
1783147011.389,870,870,190420,4,1,-15,-48,4,978,1,-5,-1,101325,2500,7324,509,0xf,False,0x0
1783147011.589,871,871,190621,4,1,13,-14,-12,933,-5,-2,-3,101325,2500,7324,499,0xf,False,0x0
1783147011.862,872,872,190894,4,1,7,-37,38,1014,-3,-3,2,101325,2500,7324,496,0xf,False,0x0
1783147012.063,873,873,191094,4,1,20,10,51,958,0,-1,-3,101325,2500,7324,511,0xf,False,0x0
1783147012.309,874,874,191341,4,1,-5,-43,1,965,1,1,-4,101325,2500,7324,491,0xf,False,0x0
1783147012.510,875,875,191542,4,1,-1,-41,-7,935,-2,-2,-2,101325,2500,7324,517,0xf,False,0x0
1783147012.753,876,876,191785,4,1,4,19,-56,1087,-4,-1,-3,101325,2500,7324,510,0xf,False,0x0
1783147012.953,877,877,191985,4,1,11,55,-17,974,-2,-1,5,101325,2500,7324,517,0xf,False,0x0
1783147013.208,878,878,192239,4,1,-5,10,-44,917,4,-3,-3,101325,2500,7324,494,0xf,False,0x0
1783147013.409,879,879,192440,4,1,3,59,-23,953,4,-3,5,101325,2500,7324,518,0xf,False,0x0
1783147013.679,880,880,192710,4,1,-15,3,26,954,5,0,5,101325,2500,7323,489,0xf,False,0x0
1783147013.879,881,881,192910,4,1,-15,60,16,939,2,-5,-1,101325,2500,7323,497,0xf,False,0x0
1783147014.144,882,882,193175,4,1,-14,-33,-16,1000,-1,2,-2,101325,2500,7323,502,0xf,False,0x0
1783147014.347,883,883,193379,4,1,-15,10,40,865,4,-5,-4,101325,2500,7323,490,0xf,False,0x0
1783147014.549,884,884,193581,4,1,-19,0,-44,958,1,-4,3,101325,2500,7323,489,0xf,False,0x0
1783147014.756,885,885,193787,4,1,-12,7,-34,1002,3,2,-3,101325,2500,7323,485,0xf,False,0x0
1783147014.957,886,886,193988,4,1,-2,-53,37,1039,5,2,1,101325,2500,7323,481,0xf,False,0x0
1783147015.158,887,887,194190,4,1,7,41,42,1046,-3,-3,3,101325,2500,7323,489,0xf,False,0x0
1783147015.359,888,888,194390,4,1,-15,45,59,909,-3,1,0,101325,2500,7323,503,0xf,False,0x0
1783147015.560,889,889,194591,4,1,7,-13,-42,1016,-3,5,4,101325,2500,7323,501,0xf,False,0x0
1783147015.760,890,890,194792,4,1,7,0,-10,1084,-1,2,4,101325,2500,7323,516,0xf,False,0x0
1783147016.009,891,891,195040,4,1,1,43,-56,1165,-5,-2,5,101325,2500,7322,509,0xf,False,0x0
1783147016.210,892,892,195241,4,1,-10,43,-7,916,-2,4,-2,101325,2500,7322,511,0xf,False,0x0
1783147016.457,893,893,195488,4,1,15,7,4,936,-3,-1,-3,101325,2500,7322,480,0xf,False,0x0
1783147016.658,894,894,195689,4,1,-20,57,-49,978,-1,-3,1,101325,2500,7322,485,0xf,False,0x0
1783147016.901,895,895,195933,4,1,-12,-54,-56,869,4,-5,2,101325,2500,7322,502,0xf,False,0x0
1783147017.102,896,896,196133,4,1,-2,54,10,1131,-2,1,0,101325,2500,7322,509,0xf,False,0x0
1783147017.337,897,897,196368,4,1,5,26,9,1080,-2,5,4,101325,2500,7322,519,0xf,False,0x0
1783147017.537,898,898,196569,4,1,-16,1,-14,1083,2,4,1,101325,2500,7322,512,0xf,False,0x0
1783147017.782,899,899,196813,4,1,0,-50,34,974,-5,-3,-2,101325,2500,7322,499,0xf,False,0x0
1783147017.982,900,900,197014,4,1,-19,7,17,938,-1,2,4,101325,2500,7322,519,0xf,False,0x0
1783147018.223,901,901,197255,4,1,7,-40,-60,855,-3,3,-3,101325,2500,7322,502,0xf,False,0x0
1783147018.424,902,902,197455,4,1,15,-5,-25,968,-1,-4,3,101325,2500,7322,506,0xf,False,0x0
1783147018.665,903,903,197696,4,1,-18,-47,32,958,1,4,-2,101325,2500,7321,489,0xf,False,0x0
1783147018.865,904,904,197897,4,1,10,36,8,927,3,-2,4,101325,2500,7321,515,0xf,False,0x0
1783147019.128,905,905,198159,4,1,5,13,-43,1012,2,2,3,101325,2500,7321,480,0xf,False,0x0
1783147019.329,906,906,198360,4,1,-18,43,-33,1009,-4,-4,5,101325,2500,7321,505,0xf,False,0x0
1783147019.596,907,907,198627,4,1,-18,-43,58,967,1,5,-5,101325,2500,7321,514,0xf,False,0x0
1783147019.796,908,908,198827,4,1,20,4,11,1109,2,-4,-4,101325,2500,7321,512,0xf,False,0x0
1783147020.057,909,909,199088,4,1,14,31,8,979,2,-1,-5,101325,2500,7321,496,0xf,False,0x0
1783147020.257,910,910,199288,4,1,10,-40,15,1132,2,-4,0,101325,2500,7321,520,0xf,False,0x0
1783147020.506,911,911,199537,4,1,-18,6,19,1042,0,-5,1,101325,2500,7321,512,0xf,False,0x0
1783147020.706,912,912,199738,4,1,-14,38,-59,943,1,4,0,101325,2500,7321,502,0xf,False,0x0
1783147020.973,913,913,200004,4,1,-6,-52,14,1133,-1,-4,-4,101325,2500,7320,496,0xf,False,0x0
1783147021.174,914,914,200205,4,1,15,18,-37,1055,3,-2,-3,101325,2500,7320,505,0xf,False,0x0
1783147021.423,915,915,200455,4,1,2,-41,-11,960,-5,1,-1,101325,2500,7320,511,0xf,False,0x0
1783147021.623,916,916,200655,4,1,-14,21,55,1015,-5,-4,4,101325,2500,7320,518,0xf,False,0x0
1783147021.849,917,917,200881,4,1,-5,34,4,946,0,-2,0,101325,2500,7320,499,0xf,False,0x0
1783147022.050,918,918,201081,4,1,-6,30,60,937,-4,1,4,101325,2500,7320,494,0xf,False,0x0
1783147022.267,919,919,201299,4,1,1,-41,-6,928,0,-1,-5,101325,2500,7320,498,0xf,False,0x0
1783147022.468,920,920,201499,4,1,12,1,-47,1136,2,-4,0,101325,2500,7320,508,0xf,False,0x0
1783147022.710,921,921,201741,4,1,-16,6,36,1044,-2,-3,-5,101325,2500,7320,502,0xf,False,0x0
1783147022.911,922,922,201942,4,1,-5,-34,44,933,-4,-1,2,101325,2500,7320,519,0xf,False,0x0
1783147023.148,923,923,202179,4,1,12,-31,-51,954,-4,0,1,101325,2500,7320,511,0xf,False,0x0
1783147023.349,924,924,202380,4,1,-5,11,-40,1127,2,3,-5,101325,2500,7320,486,0xf,False,0x0
1783147023.558,925,925,202589,4,1,1,56,42,943,-5,-2,4,101325,2500,7319,485,0xf,False,0x0
1783147023.759,926,926,202790,4,1,-16,35,32,979,4,2,5,101325,2500,7319,513,0xf,False,0x0
1783147024.043,927,927,203074,4,1,9,-41,-20,1027,-1,-2,-1,101325,2500,7319,508,0xf,False,0x0
1783147024.244,928,928,203275,4,1,15,37,20,1089,2,-5,-5,101325,2500,7319,481,0xf,False,0x0
1783147024.486,929,929,203517,4,1,12,2,-21,909,2,2,-3,101325,2500,7319,513,0xf,False,0x0
1783147024.687,930,930,203718,4,1,16,-5,7,1040,2,1,3,101325,2500,7319,512,0xf,False,0x0
1783147024.905,931,931,203937,4,1,-19,46,25,1073,4,2,5,101325,2500,7319,483,0xf,False,0x0
1783147025.106,932,932,204137,4,1,-4,8,16,976,5,2,-2,101325,2500,7319,488,0xf,False,0x0
1783147025.354,933,933,204385,4,1,-13,-38,-19,1052,-4,1,2,101325,2500,7319,513,0xf,False,0x0
1783147025.554,934,934,204586,4,1,-16,1,-10,942,-3,-3,2,101325,2500,7319,482,0xf,False,0x0
1783147025.817,935,935,204849,4,1,-10,-1,-1,999,-2,-2,5,101325,2500,7319,486,0xf,False,0x0
1783147026.019,936,936,205050,4,1,10,-52,-44,1019,4,-5,1,101325,2500,7318,513,0xf,False,0x0
1783147026.257,937,937,205289,4,1,20,57,-4,1022,1,2,0,101325,2500,7318,511,0xf,False,0x0
1783147026.458,938,938,205489,4,1,-1,-11,6,953,-4,-1,1,101325,2500,7318,516,0xf,False,0x0
1783147026.911,940,940,205942,4,1,10,-23,-26,1145,-1,4,1,101325,2500,7318,495,0xf,False,0x0
1783147027.188,941,941,206219,4,1,-19,27,30,976,4,-4,-4,101325,2500,7318,497,0xf,False,0x0
1783147027.388,942,942,206420,4,1,6,29,49,1086,1,-1,5,101325,2500,7318,492,0xf,False,0x0
1783147027.643,943,943,206674,4,1,1,55,32,1021,-2,-1,2,101325,2500,7318,517,0xf,False,0x0
1783147027.844,944,944,206875,4,1,7,47,-58,956,5,-4,5,101325,2500,7318,510,0xf,False,0x0
1783147028.098,945,945,207129,4,1,19,19,27,1002,5,-3,1,101325,2500,7318,481,0xf,False,0x0
1783147028.298,946,946,207330,4,1,-20,51,10,994,-3,5,-5,101325,2500,7318,480,0xf,False,0x0
1783147028.574,947,947,207605,4,1,-6,-29,-59,909,1,-1,1,101325,2500,7317,487,0xf,False,0x0
1783147028.774,948,948,207806,4,1,20,20,51,1119,-2,-4,-3,101325,2500,7317,500,0xf,False,0x0
1783147029.049,949,949,208081,4,1,17,38,60,1112,-2,-5,1,101325,2500,7317,519,0xf,False,0x0
1783147029.251,950,950,208282,4,1,-12,-39,17,972,-4,3,-3,101325,2500,7317,481,0xf,False,0x0
1783147029.510,951,951,208541,4,1,19,2,-32,986,-5,-4,-3,101325,2500,7317,505,0xf,False,0x0
1783147029.711,952,952,208742,4,1,-9,-28,30,933,4,-2,-4,101325,2500,7317,485,0xf,False,0x0
1783147029.947,953,953,208979,4,1,-4,53,26,968,2,4,4,101325,2500,7317,498,0xf,False,0x0
1783147030.183,954,954,209214,4,1,17,-32,8,1097,1,0,-5,101325,2500,7317,487,0xf,False,0x0
1783147030.384,955,955,209415,4,1,-9,24,-20,902,-1,-5,-5,101325,2500,7317,501,0xf,False,0x0
1783147030.585,956,956,209616,4,1,-7,-7,21,932,1,2,4,101325,2500,7317,483,0xf,False,0x0
1783147030.786,957,957,209817,4,1,-16,-55,0,971,3,-4,3,101325,2500,7317,493,0xf,False,0x0
1783147030.988,958,958,210019,4,1,-20,10,18,887,2,0,-1,101325,2500,7316,491,0xf,False,0x0
1783147031.204,959,959,210235,4,1,-10,-36,-45,1035,1,5,-3,101325,2500,7316,504,0xf,False,0x0
1783147031.542,960,960,210573,4,1,-5,-2,-25,882,-5,1,-5,101325,2500,7316,501,0xf,False,0x0
1783147031.758,961,961,210789,4,1,6,-51,-52,1007,-5,-4,0,101325,2500,7316,509,0xf,False,0x0
1783147031.977,962,962,211009,4,1,-13,-10,53,978,3,-2,1,101325,2500,7316,483,0xf,False,0x0
1783147032.519,964,964,211550,4,1,10,22,56,1057,-5,-2,1,101325,2500,7316,520,0xf,False,0x0
1783147032.735,965,965,211766,4,1,-9,9,23,912,-4,-2,4,101325,2500,7316,486,0xf,False,0x0
1783147032.935,966,966,211967,4,1,-10,-31,-35,1160,4,-2,1,101325,2500,7316,488,0xf,False,0x0
1783147033.327,967,967,212358,4,1,9,28,4,861,2,3,5,101325,2500,7316,519,0xf,False,0x0
1783147033.528,968,968,212559,4,1,-7,37,-11,908,1,-4,-4,101325,2500,7315,494,0xf,False,0x0
1783147033.777,969,969,212809,4,1,-12,-38,59,974,-3,4,0,101325,2500,7315,511,0xf,False,0x0
1783147033.978,970,970,213009,4,1,18,8,19,990,1,-2,-3,101325,2500,7315,504,0xf,False,0x0
1783147034.238,971,971,213269,4,1,-15,16,22,1010,5,3,5,101325,2500,7315,515,0xf,False,0x0
1783147034.439,972,972,213470,4,1,2,46,-1,1006,4,-1,0,101325,2500,7315,503,0xf,False,0x0
1783147034.681,973,973,213712,4,1,12,49,60,1145,0,5,-1,101325,2500,7315,505,0xf,False,0x0
1783147034.881,974,974,213913,4,1,-15,14,23,1031,1,-2,-5,101325,2500,7315,482,0xf,False,0x0
1783147035.138,975,975,214170,4,1,-19,11,1,980,1,3,-3,101325,2500,7315,490,0xf,False,0x0
1783147035.339,976,976,214371,4,1,11,9,-45,1094,-1,-1,-4,101325,2500,7315,513,0xf,False,0x0
1783147035.540,977,977,214572,4,1,9,27,-57,1117,-3,0,0,101325,2500,7315,490,0xf,False,0x0
1783147035.796,978,978,214827,4,1,-7,-48,31,1036,2,-4,5,101325,2500,7315,480,0xf,False,0x0
1783147035.997,979,979,215028,4,1,-3,-6,-28,944,4,3,-3,101325,2500,7314,495,0xf,False,0x0
1783147036.197,980,980,215229,4,1,6,59,-44,902,5,-5,-2,101325,2500,7314,518,0xf,False,0x0
1783147036.599,982,982,215630,4,1,15,33,-43,1000,-5,-1,1,101325,2500,7314,502,0xf,False,0x0
1783147036.799,983,983,215831,4,1,-17,-19,-2,861,4,-3,-1,101325,2500,7314,486,0xf,False,0x0
1783147037.035,984,984,216067,4,1,-13,-5,-1,942,-4,2,3,101325,2500,7314,505,0xf,False,0x0
1783147037.236,985,985,216268,4,1,2,-31,23,1054,5,-5,1,101325,2500,7314,484,0xf,False,0x0
1783147037.645,987,987,216677,4,1,7,42,-1,927,-3,1,3,101325,2500,7314,518,0xf,False,0x0
1783147037.846,988,988,216878,4,1,6,-55,-55,1006,0,-5,-1,101325,2500,7314,488,0xf,False,0x0
1783147038.048,989,989,217079,4,1,-9,58,21,1093,-5,3,3,101325,2500,7314,482,0xf,False,0x0
1783147038.248,990,990,217279,4,1,-11,25,19,1036,1,-2,3,101325,2500,7314,509,0xf,False,0x0
1783147038.450,991,991,217481,4,1,-10,-21,-56,1154,0,0,3,101325,2500,7314,496,0xf,False,0x0
1783147038.656,992,992,217687,4,1,-18,-51,-37,1046,1,-1,-5,101325,2500,7313,482,0xf,False,0x0
1783147038.856,993,993,217888,4,1,-5,48,-9,900,-4,5,3,101325,2500,7313,482,0xf,False,0x0
1783147039.057,994,994,218088,4,1,-4,-31,-41,1102,-2,2,-3,101325,2500,7313,515,0xf,False,0x0
1783147039.259,995,995,218290,4,1,16,-3,12,1095,4,2,-2,101325,2500,7313,491,0xf,False,0x0
1783147039.460,996,996,218491,4,1,-7,-34,-51,879,-5,0,-5,101325,2500,7313,516,0xf,False,0x0
1783147039.660,997,997,218692,4,1,-16,46,-51,899,-4,4,1,101325,2500,7313,499,0xf,False,0x0
1783147039.873,998,998,218904,4,1,-13,-14,-13,882,-5,1,5,101325,2500,7313,510,0xf,False,0x0
1783147040.122,999,999,219154,4,1,-8,-47,33,933,5,-3,4,101325,2500,7313,499,0xf,False,0x0
1783147040.523,1001,1001,219555,4,1,-17,54,34,966,-2,-1,-4,101325,2500,7313,484,0xf,False,0x0
1783147040.801,1002,1002,219833,4,1,-12,26,39,895,0,1,-4,101325,2500,7313,503,0xf,False,0x0
1783147041.159,1003,1003,220191,4,1,12,35,7,875,0,1,3,101325,2500,7312,519,0xf,False,0x0
1783147041.390,1004,1004,220421,4,1,17,30,-9,953,3,-2,-3,101325,2500,7312,499,0xf,False,0x0
1783147041.590,1005,1005,220622,4,1,-11,-19,2,1070,4,2,5,101325,2500,7312,490,0xf,False,0x0
1783147041.828,1006,1006,220859,4,1,-1,20,-34,948,0,3,3,101325,2500,7312,480,0xf,False,0x0
1783147042.028,1007,1007,221060,4,1,4,1,28,1022,2,5,1,101325,2500,7312,499,0xf,False,0x0
1783147042.250,1008,1008,221281,4,1,-18,13,18,980,2,-3,-3,101325,2500,7312,519,0xf,False,0x0
1783147042.451,1009,1009,221482,4,1,4,58,-38,984,5,-1,5,101325,2500,7312,489,0xf,False,0x0
1783147042.733,1010,1010,221764,4,1,-13,43,11,1107,4,4,-5,101325,2500,7312,503,0xf,False,0x0
1783147042.956,1011,1011,221987,4,1,10,-33,-8,889,2,5,-4,101325,2500,7312,492,0xf,False,0x0
1783147043.176,1012,1012,222208,4,1,-19,19,-43,856,-1,-4,-4,101325,2500,7312,488,0xf,False,0x0
1783147043.594,1014,1014,222625,4,1,12,13,45,937,-5,-3,5,101325,2500,7311,505,0xf,False,0x0
1783147043.806,1015,1015,222837,4,1,3,38,-50,1015,1,1,-1,101325,2500,7311,516,0xf,False,0x0
1783147044.006,1016,1016,223037,4,1,-10,-8,6,977,-2,-3,-2,101325,2500,7311,501,0xf,False,0x0
1783147044.242,1017,1017,223274,4,1,-17,-8,14,1148,4,3,2,101325,2500,7311,510,0xf,False,0x0
1783147044.443,1018,1018,223474,4,1,6,23,-59,1053,3,4,4,101325,2500,7311,495,0xf,False,0x0
1783147044.644,1019,1019,223676,4,1,15,8,-14,991,3,4,5,101325,2500,7311,495,0xf,False,0x0
1783147044.845,1020,1020,223876,4,1,-16,-51,-1,978,2,4,-1,101325,2500,7311,498,0xf,False,0x0
1783147045.050,1021,1021,224082,4,1,20,57,-25,968,-1,0,-4,101325,2500,7311,500,0xf,False,0x0
1783147045.252,1022,1022,224283,4,1,5,-4,10,967,-4,2,-2,101325,2500,7311,505,0xf,False,0x0
1783147045.501,1023,1023,224532,4,1,17,-39,22,1022,2,2,0,101325,2500,7311,507,0xf,False,0x0
1783147045.701,1024,1024,224733,4,1,16,-44,28,1108,-1,4,-1,101325,2500,7311,494,0xf,False,0x0
1783147046.146,1026,1026,225177,4,1,-6,50,-4,897,-1,5,5,101325,2500,7310,484,0xf,False,0x0
1783147046.399,1027,1027,225430,4,1,9,23,19,1065,0,1,2,101325,2500,7310,510,0xf,False,0x0
1783147046.600,1028,1028,225631,4,1,10,-1,-35,971,4,0,-5,101325,2500,7310,500,0xf,False,0x0
1783147046.852,1029,1029,225883,4,1,-9,35,-8,977,-2,5,-4,101325,2500,7310,491,0xf,False,0x0
1783147047.053,1030,1030,226084,4,1,9,-51,53,1022,-2,2,-3,101325,2500,7310,516,0xf,False,0x0
1783147047.299,1031,1031,226330,4,1,5,-41,-45,1016,0,5,-3,101325,2500,7310,480,0xf,False,0x0
1783147047.499,1032,1032,226530,4,1,17,39,48,948,-2,-3,1,101325,2500,7310,502,0xf,False,0x0
1783147047.737,1033,1033,226768,4,1,-11,21,27,1036,1,5,5,101325,2500,7310,482,0xf,False,0x0
1783147047.938,1034,1034,226969,4,1,8,58,-56,1042,-5,-3,2,101325,2500,7310,502,0xf,False,0x0
1783147048.213,1035,1035,227244,4,1,20,-52,60,967,4,4,-3,101325,2500,7310,499,0xf,False,0x0
1783147048.413,1036,1036,227445,4,1,7,-34,23,1076,-4,3,-1,101325,2500,7310,486,0xf,False,0x0
1783147048.687,1037,1037,227718,4,1,-2,40,-38,1057,3,2,3,101325,2500,7309,487,0xf,False,0x0
1783147048.887,1038,1038,227919,4,1,0,5,32,991,0,0,4,101325,2500,7309,494,0xf,False,0x0
1783147049.145,1039,1039,228177,4,1,12,1,-57,1018,-5,0,-3,101325,2500,7309,513,0xf,False,0x0
1783147049.346,1040,1040,228378,4,1,-15,-30,9,1068,-5,2,4,101325,2500,7309,517,0xf,False,0x0
1783147049.592,1041,1041,228623,4,1,19,-35,31,947,5,-3,1,101325,2500,7309,504,0xf,False,0x0
1783147049.792,1042,1042,228824,4,1,16,28,-46,864,5,3,-4,101325,2500,7309,519,0xf,False,0x0
1783147050.029,1043,1043,229060,4,1,2,-20,42,952,5,4,3,101325,2500,7309,494,0xf,False,0x0
1783147050.229,1044,1044,229261,4,1,11,51,12,1083,-5,5,-3,101325,2500,7309,509,0xf,False,0x0
1783147050.677,1046,1046,229709,4,1,-11,21,-39,904,-5,2,-1,101325,2500,7309,499,0xf,False,0x0
1783147050.902,1047,1047,229934,4,1,11,58,-1,950,-3,-4,-4,101325,2500,7309,512,0xf,False,0x0
1783147051.103,1048,1048,230134,4,1,1,21,-13,905,1,2,-2,101325,2500,7308,508,0xf,False,0x0
1783147051.369,1049,1049,230400,4,1,18,-24,25,1013,-5,-1,-1,101325,2500,7308,494,0xf,False,0x0
1783147051.570,1050,1050,230601,4,1,5,50,-37,1146,0,3,0,101325,2500,7308,505,0xf,False,0x0
1783147052.029,1052,1052,231060,4,1,15,28,-17,924,5,2,3,101325,2500,7308,490,0xf,False,0x0
1783147052.305,1053,1053,231337,4,1,7,-49,-33,881,-2,3,5,101325,2500,7308,516,0xf,False,0x0
1783147052.506,1054,1054,231537,4,1,14,24,16,903,1,2,-4,101325,2500,7308,486,0xf,False,0x0
1783147052.748,1055,1055,231779,4,1,18,-35,22,1123,-5,-1,5,101325,2500,7308,483,0xf,False,0x0
1783147052.948,1056,1056,231980,4,1,-13,40,-50,975,3,1,-5,101325,2500,7308,506,0xf,False,0x0
1783147053.424,1058,1058,232455,4,1,7,55,20,992,5,-4,-1,101325,2500,7308,502,0xf,False,0x0
1783147053.677,1059,1059,232709,4,1,-17,25,-3,963,2,5,-2,101325,2500,7307,509,0xf,False,0x0
1783147053.880,1060,1060,232911,4,1,-2,48,-39,1041,4,4,5,101325,2500,7307,496,0xf,False,0x0
1783147054.080,1061,1061,233111,4,1,-6,5,-6,851,1,2,0,101325,2500,7307,485,0xf,False,0x0
1783147054.295,1062,1062,233326,4,1,10,16,-48,903,3,2,-4,101325,2500,7307,509,0xf,False,0x0
1783147054.495,1063,1063,233526,4,1,7,21,36,1099,-3,-1,4,101325,2500,7307,520,0xf,False,0x0
1783147054.711,1064,1064,233742,4,1,12,-13,-8,992,-5,4,5,101325,2500,7307,510,0xf,False,0x0
1783147054.911,1065,1065,233942,4,1,-20,-40,0,1034,-5,1,2,101325,2500,7307,516,0xf,False,0x0
1783147055.314,1067,1067,234346,4,1,0,9,37,1133,-4,-4,-2,101325,2500,7307,496,0xf,False,0x0
1783147055.537,1068,1068,234569,4,1,6,47,13,946,2,-3,-5,101325,2500,7307,504,0xf,False,0x0
1783147055.738,1069,1069,234770,4,1,10,-42,38,1096,2,-2,-3,101325,2500,7307,507,0xf,False,0x0
1783147056.008,1070,1070,235039,4,1,7,-7,38,958,-5,0,-3,101325,2500,7306,482,0xf,False,0x0
1783147056.208,1071,1071,235240,4,1,-8,20,-18,1036,0,4,1,101325,2500,7306,510,0xf,False,0x0
1783147056.459,1072,1072,235490,4,1,-8,35,-26,1051,-1,3,4,101325,2500,7306,504,0xf,False,0x0
1783147056.659,1073,1073,235691,4,1,-19,-39,-49,954,-3,-2,4,101325,2500,7306,519,0xf,False,0x0
1783147056.925,1074,1074,235957,4,1,0,48,1,1061,-2,3,-1,101325,2500,7306,482,0xf,False,0x0
1783147057.126,1075,1075,236157,4,1,5,-57,11,1093,4,4,1,101325,2500,7306,495,0xf,False,0x0
1783147057.390,1076,1076,236421,4,1,-19,-34,-9,1042,5,0,1,101325,2500,7306,492,0xf,False,0x0
1783147057.591,1077,1077,236622,4,1,4,-37,-41,877,2,-5,1,101325,2500,7306,486,0xf,False,0x0
1783147057.848,1078,1078,236879,4,1,-20,47,55,1002,-4,-1,-3,101325,2500,7306,509,0xf,False,0x0
1783147058.049,1079,1079,237080,4,1,-18,10,-6,989,3,2,-1,101325,2500,7306,487,0xf,False,0x0
1783147058.291,1080,1080,237322,4,1,8,-47,22,1082,-4,-4,5,101325,2500,7306,485,0xf,False,0x0
1783147058.492,1081,1081,237523,4,1,-8,-29,11,1003,-4,3,2,101325,2500,7305,509,0xf,False,0x0
1783147058.750,1082,1082,237781,4,1,-14,-16,-40,911,2,2,3,101325,2500,7305,510,0xf,False,0x0
1783147059.386,1085,1085,238417,4,1,19,10,32,1111,-4,1,1,101325,2500,7305,519,0xf,False,0x0
1783147059.620,1086,1086,238651,4,1,11,-26,44,1092,5,-5,-3,101325,2500,7305,515,0xf,False,0x0
1783147059.820,1087,1087,238852,4,1,-11,-59,42,870,0,5,-5,101325,2500,7305,517,0xf,False,0x0
1783147060.036,1088,1088,239067,4,1,3,-35,-45,941,-4,5,3,101325,2500,7305,498,0xf,False,0x0
1783147060.236,1089,1089,239268,4,1,-18,-55,-28,992,5,-4,-5,101325,2500,7305,496,0xf,False,0x0
1783147060.675,1091,1091,239706,4,1,4,-28,55,993,2,1,5,101325,2500,7305,510,0xf,False,0x0
1783147060.877,1092,1092,239908,4,1,-17,20,24,997,-3,-5,1,101325,2500,7305,494,0xf,False,0x0
1783147061.104,1093,1093,240135,4,1,-17,55,34,1082,-5,-4,3,101325,2500,7304,511,0xf,False,0x0
1783147061.304,1094,1094,240336,4,1,-15,-15,-41,1098,1,-5,4,101325,2500,7304,500,0xf,False,0x0
1783147061.510,1095,1095,240541,4,1,-18,-42,33,988,-3,2,2,101325,2500,7304,497,0xf,False,0x0
1783147061.911,1097,1097,240943,4,1,1,-6,21,1048,-5,-5,-4,101325,2500,7304,499,0xf,False,0x0
1783147062.338,1099,1099,241370,4,1,-3,-25,-55,844,0,3,-3,101325,2500,7304,488,0xf,False,0x0
1783147062.539,1100,1100,241570,4,1,17,60,-53,902,-2,4,-3,101325,2500,7304,488,0xf,False,0x0
1783147062.820,1101,1101,241852,4,1,-17,-60,3,960,-3,-3,0,101325,2500,7304,493,0xf,False,0x0
1783147063.022,1102,1102,242053,4,1,7,-22,-36,923,-2,-3,4,101325,2500,7304,506,0xf,False,0x0
1783147063.532,1103,1103,242563,4,1,-17,25,-6,1097,3,5,-2,101325,2500,7303,518,0xf,False,0x0
1783147063.732,1104,1104,242763,4,1,-5,34,35,1032,-3,0,-1,101325,2500,7303,503,0xf,False,0x0
1783147063.991,1105,1105,243022,4,1,13,-53,-37,913,-3,3,0,101325,2500,7303,515,0xf,False,0x0
1783147064.191,1106,1106,243223,4,1,0,22,21,1065,-2,-5,5,101325,2500,7303,503,0xf,False,0x0
1783147064.395,1107,1107,243427,4,1,-12,22,-60,1007,5,5,1,101325,2500,7303,482,0xf,False,0x0
1783147064.596,1108,1108,243627,4,1,3,36,-49,989,2,-1,0,101325,2500,7303,508,0xf,False,0x0
1783147064.844,1109,1109,243876,4,1,9,-32,-40,991,1,0,-5,101325,2500,7303,480,0xf,False,0x0
1783147065.045,1110,1110,244076,4,1,-16,-10,-6,902,-4,-5,-3,101325,2500,7303,493,0xf,False,0x0
1783147065.277,1111,1111,244308,4,1,-3,-55,5,963,5,5,4,101325,2500,7303,496,0xf,False,0x0
1783147065.477,1112,1112,244509,4,1,-11,-56,-60,1021,5,4,0,101325,2500,7303,488,0xf,False,0x0
1783147065.730,1113,1113,244762,4,1,5,-27,-44,976,0,-1,2,101325,2500,7303,488,0xf,False,0x0
1783147065.932,1114,1114,244963,4,1,-9,-53,50,947,-5,2,-4,101325,2500,7303,484,0xf,False,0x0
1783147066.133,1115,1115,245164,4,1,5,11,-54,1145,-3,-2,2,101325,2500,7302,498,0xf,False,0x0
1783147066.337,1116,1116,245369,4,1,-20,-50,39,1018,-5,-1,1,101325,2500,7302,515,0xf,False,0x0
1783147066.538,1117,1117,245570,4,1,12,30,33,920,-4,-2,-1,101325,2500,7302,517,0xf,False,0x0
1783147066.755,1118,1118,245787,4,1,4,10,8,918,2,5,-5,101325,2500,7302,480,0xf,False,0x0
1783147066.956,1119,1119,245988,4,1,-6,-56,-35,1000,2,-3,-2,101325,2500,7302,497,0xf,False,0x0
1783147067.157,1120,1120,246188,4,1,-20,20,-11,1011,5,4,1,101325,2500,7302,510,0xf,False,0x0
1783147067.381,1121,1121,246412,4,1,7,59,-29,1064,-1,1,-4,101325,2500,7302,480,0xf,False,0x0
1783147067.581,1122,1122,246613,4,1,-4,-36,-5,996,-3,4,-3,101325,2500,7302,515,0xf,False,0x0
1783147067.800,1123,1123,246831,4,1,-13,-59,-23,1067,0,-1,-3,101325,2500,7302,485,0xf,False,0x0
1783147068.000,1124,1124,247031,4,1,16,12,1,1026,2,-1,2,101325,2500,7302,513,0xf,False,0x0
1783147068.261,1125,1125,247293,4,1,-11,43,-14,1089,-4,1,-5,101325,2500,7302,519,0xf,False,0x0
1783147068.462,1126,1126,247493,4,1,10,28,11,882,-1,0,-2,101325,2500,7302,515,0xf,False,0x0
1783147068.713,1127,1127,247744,4,1,17,-19,-26,1118,1,-2,-1,101325,2500,7301,511,0xf,False,0x0
1783147068.914,1128,1128,247945,4,1,-7,47,29,1044,2,5,2,101325,2500,7301,481,0xf,False,0x0
1783147069.172,1129,1129,248204,4,1,14,-21,34,1085,5,-3,4,101325,2500,7301,518,0xf,False,0x0
1783147069.373,1130,1130,248405,4,1,8,-30,34,1023,-2,-2,-2,101325,2500,7301,515,0xf,False,0x0
1783147069.581,1131,1131,248612,4,1,-20,-60,0,1034,-3,4,-4,101325,2500,7301,499,0xf,False,0x0
1783147069.781,1132,1132,248812,4,1,18,0,-11,977,-4,2,0,101325,2500,7301,489,0xf,False,0x0
1783147070.026,1133,1133,249057,4,1,11,-9,-22,1067,-2,3,-2,101325,2500,7301,510,0xf,False,0x0
1783147070.226,1134,1134,249258,4,1,-18,7,55,1038,-3,5,3,101325,2500,7301,506,0xf,False,0x0
1783147070.552,1135,1135,249583,4,1,-2,2,11,1046,-1,2,-3,101325,2500,7301,511,0xf,False,0x0
1783147070.753,1136,1136,249784,4,1,-11,54,-33,961,-1,0,-4,101325,2500,7301,507,0xf,False,0x0
1783147070.996,1137,1137,250027,4,1,1,-28,-43,1090,-1,1,2,101325,2500,7300,516,0xf,False,0x0
1783147071.197,1138,1138,250228,4,1,-14,3,-5,1083,5,-3,4,101325,2500,7300,503,0xf,False,0x0
1783147071.400,1139,1139,250432,4,1,6,33,15,1143,3,2,3,101325,2500,7300,491,0xf,False,0x0
1783147071.602,1140,1140,250633,4,1,-12,53,-38,1052,-2,-2,1,101325,2500,7300,487,0xf,False,0x0
1783147071.803,1141,1141,250834,4,1,-1,-40,12,1040,-4,-4,1,101325,2500,7300,486,0xf,False,0x0
1783147072.204,1143,1143,251236,4,1,-5,-52,-45,887,-5,0,-4,101325,2500,7300,515,0xf,False,0x0
1783147072.475,1144,1144,251507,4,1,8,49,32,1099,5,5,3,101325,2500,7300,507,0xf,False,0x0
1783147072.936,1146,1146,251968,4,1,-3,38,-48,919,-1,0,0,101325,2500,7300,511,0xf,False,0x0
1783147073.136,1147,1147,252168,4,1,13,12,24,912,4,4,3,101325,2500,7300,516,0xf,False,0x0
1783147073.337,1148,1148,252368,4,1,-17,24,-32,1108,-4,4,-5,101325,2500,7300,482,0xf,False,0x0
1783147073.539,1149,1149,252571,4,1,17,-28,11,1062,3,0,0,101325,2500,7299,507,0xf,False,0x0
1783147073.740,1150,1150,252771,4,1,15,-15,48,904,-5,3,2,101325,2500,7299,507,0xf,False,0x0
1783147073.941,1151,1151,252973,4,1,-4,45,-35,1046,-5,-3,1,101325,2500,7299,517,0xf,False,0x0
1783147074.142,1152,1152,253174,4,1,-12,12,-28,1020,-4,3,1,101325,2500,7299,503,0xf,False,0x0
1783147074.343,1153,1153,253374,4,1,-17,44,29,1082,3,3,1,101325,2500,7299,511,0xf,False,0x0
1783147074.543,1154,1154,253575,4,1,-10,-33,11,1056,-3,5,1,101325,2500,7299,484,0xf,False,0x0
1783147074.754,1155,1155,253786,4,1,7,-8,54,1070,0,-4,-3,101325,2500,7299,484,0xf,False,0x0
1783147074.955,1156,1156,253986,4,1,14,60,-58,961,0,0,5,101325,2500,7299,495,0xf,False,0x0
1783147075.231,1157,1157,254263,4,1,-2,46,-33,913,5,-3,3,101325,2500,7299,482,0xf,False,0x0
1783147075.432,1158,1158,254463,4,1,-5,-56,-24,1007,-3,-1,-4,101325,2500,7299,482,0xf,False,0x0
1783147075.696,1159,1159,254728,4,1,0,-16,-54,1004,4,-2,1,101325,2500,7299,481,0xf,False,0x0
1783147075.897,1160,1160,254929,4,1,4,35,-21,981,-1,5,-5,101325,2500,7299,507,0xf,False,0x0
1783147076.098,1161,1161,255129,4,1,-1,54,-18,938,3,1,-2,101325,2500,7298,498,0xf,False,0x0
1783147076.342,1162,1162,255374,4,1,8,59,26,1028,2,5,-1,101325,2500,7298,508,0xf,False,0x0
1783147076.544,1163,1163,255575,4,1,-12,46,-56,1101,1,-3,3,101325,2500,7298,480,0xf,False,0x0
1783147076.790,1164,1164,255821,4,1,11,-44,-39,935,3,4,1,101325,2500,7298,489,0xf,False,0x0
1783147076.990,1165,1165,256022,4,1,1,-60,-38,1051,5,2,1,101325,2500,7298,502,0xf,False,0x0
1783147077.248,1166,1166,256280,4,1,15,-31,15,984,-3,-2,0,101325,2500,7298,480,0xf,False,0x0
1783147077.449,1167,1167,256480,4,1,12,-7,35,950,0,-4,-5,101325,2500,7298,480,0xf,False,0x0
1783147077.717,1168,1168,256748,4,1,-9,-58,-39,994,4,-5,1,101325,2500,7298,490,0xf,False,0x0
1783147077.917,1169,1169,256949,4,1,16,11,24,961,-4,1,-3,101325,2500,7298,508,0xf,False,0x0
1783147078.185,1170,1170,257216,4,1,-7,9,4,1129,-1,1,2,101325,2500,7298,483,0xf,False,0x0
1783147078.386,1171,1171,257417,4,1,-11,-30,26,1072,3,2,1,101325,2500,7298,484,0xf,False,0x0
1783147078.650,1172,1172,257682,4,1,2,-42,20,1072,-3,5,1,101325,2500,7297,487,0xf,False,0x0
1783147078.851,1173,1173,257882,4,1,15,-2,54,991,3,4,1,101325,2500,7297,496,0xf,False,0x0
1783147079.110,1174,1174,258141,4,1,8,2,24,860,0,5,1,101325,2500,7297,498,0xf,False,0x0
1783147079.311,1175,1175,258342,4,1,2,52,-35,1001,5,5,3,101325,2500,7297,499,0xf,False,0x0
1783147079.566,1176,1176,258597,4,1,11,7,55,843,5,5,4,101325,2500,7297,490,0xf,False,0x0
1783147079.768,1177,1177,258799,4,1,-19,-59,2,1062,-3,-3,4,101325,2500,7297,497,0xf,False,0x0
1783147080.038,1178,1178,259069,4,1,-1,-26,24,1001,-2,2,-3,101325,2500,7297,490,0xf,False,0x0
1783147080.239,1179,1179,259270,4,1,-14,-41,-33,1051,3,5,-4,101325,2500,7297,501,0xf,False,0x0
1783147080.440,1180,1180,259471,4,1,16,-13,-6,1047,1,3,5,101325,2500,7297,511,0xf,False,0x0
1783147080.642,1181,1181,259673,4,1,10,55,17,950,1,0,-2,101325,2500,7297,506,0xf,False,0x0
1783147080.842,1182,1182,259874,4,1,18,-15,-4,989,5,2,-4,101325,2500,7297,517,0xf,False,0x0
1783147081.043,1183,1183,260075,4,1,16,21,43,969,-4,-2,-4,101325,2500,7296,492,0xf,False,0x0
1783147081.244,1184,1184,260275,4,1,10,-17,-17,1032,-1,5,5,101325,2500,7296,501,0xf,False,0x0
1783147081.469,1185,1185,260501,4,1,1,50,-27,1129,-4,3,3,101325,2500,7296,507,0xf,False,0x0
1783147081.671,1186,1186,260702,4,1,1,43,-36,952,-2,3,3,101325,2500,7296,507,0xf,False,0x0
1783147081.930,1187,1187,260962,4,1,12,-21,-6,1036,5,-3,-5,101325,2500,7296,513,0xf,False,0x0
1783147082.132,1188,1188,261163,4,1,-1,34,23,956,1,-2,1,101325,2500,7296,507,0xf,False,0x0
1783147082.384,1189,1189,261416,4,1,-12,-57,-32,1040,2,1,0,101325,2500,7296,485,0xf,False,0x0
1783147082.585,1190,1190,261616,4,1,-6,-4,48,1100,-3,-5,-3,101325,2500,7296,508,0xf,False,0x0
1783147082.828,1191,1191,261859,4,1,9,53,-46,1123,2,-2,0,101325,2500,7296,482,0xf,False,0x0
1783147083.028,1192,1192,262060,4,1,10,-27,1,955,-3,-2,-2,101325,2500,7296,497,0xf,False,0x0
1783147083.274,1193,1193,262305,4,1,-19,-56,52,965,5,4,0,101325,2500,7296,498,0xf,False,0x0
1783147083.474,1194,1194,262505,4,1,-11,10,-60,1041,4,-5,3,101325,2500,7295,520,0xf,False,0x0
1783147083.721,1195,1195,262752,4,1,-14,-41,-50,1145,-5,-4,-4,101325,2500,7295,518,0xf,False,0x0
1783147083.921,1196,1196,262952,4,1,1,51,-40,1091,-5,-5,3,101325,2500,7295,513,0xf,False,0x0
1783147084.174,1197,1197,263206,4,1,13,42,41,992,1,-1,0,101325,2500,7295,508,0xf,False,0x0
1783147084.393,1198,1198,263425,4,1,12,-21,-36,1077,3,-4,2,101325,2500,7295,497,0xf,False,0x0
1783147084.595,1199,1199,263626,4,1,-15,53,9,1060,-2,1,2,101325,2500,7295,503,0xf,False,0x0
1783147084.796,1200,1200,263827,4,1,11,-56,9,1046,2,-3,1,101325,2500,7295,485,0xf,False,0x0
1783147085.033,1201,1201,264065,4,1,-12,-9,-49,953,4,4,1,101325,2500,7295,520,0xf,False,0x0
1783147085.234,1202,1202,264265,4,1,7,1,-49,840,-1,3,5,101325,2500,7295,509,0xf,False,0x0
1783147085.478,1203,1203,264509,4,1,-4,-27,22,891,-1,2,-1,101325,2500,7295,497,0xf,False,0x0
1783147085.880,1205,1205,264911,4,1,16,-10,12,995,-3,0,3,101325,2500,7295,519,0xf,False,0x0
1783147086.080,1206,1206,265112,4,1,15,-47,-24,1134,-2,0,2,101325,2500,7294,499,0xf,False,0x0
1783147086.332,1207,1207,265364,4,1,20,-20,-23,984,5,-5,3,101325,2500,7294,495,0xf,False,0x0
1783147086.533,1208,1208,265564,4,1,-1,24,-34,902,-2,-4,-3,101325,2500,7294,518,0xf,False,0x0
1783147086.776,1209,1209,265807,4,1,-4,45,22,1069,2,0,-4,101325,2500,7294,481,0xf,False,0x0
1783147086.977,1210,1210,266008,4,1,-10,5,18,1082,5,5,4,101325,2500,7294,517,0xf,False,0x0
1783147087.243,1211,1211,266274,4,1,-9,38,-21,900,4,5,5,101325,2500,7294,482,0xf,False,0x0
1783147087.644,1213,1213,266676,4,1,-12,57,38,1120,-4,2,1,101325,2500,7294,487,0xf,False,0x0
1783147087.851,1214,1214,266883,4,1,0,37,38,1104,3,2,1,101325,2500,7294,487,0xf,False,0x0
1783147088.052,1215,1215,267083,4,1,-16,-54,-22,1084,-5,-3,-4,101325,2500,7294,510,0xf,False,0x0
1783147088.266,1216,1216,267298,4,1,12,-30,-42,1013,-5,1,1,101325,2500,7294,498,0xf,False,0x0
1783147088.467,1217,1217,267498,4,1,-18,50,45,949,5,-3,0,101325,2500,7294,520,0xf,False,0x0
1783147088.669,1218,1218,267700,4,1,15,-20,-21,893,1,3,2,101325,2500,7293,513,0xf,False,0x0
1783147088.870,1219,1219,267901,4,1,-16,52,-45,980,-4,-1,-3,101325,2500,7293,481,0xf,False,0x0
1783147089.071,1220,1220,268103,4,1,18,-10,-9,987,-5,1,3,101325,2500,7293,488,0xf,False,0x0
1783147089.272,1221,1221,268303,4,1,18,55,-40,1086,2,-1,-4,101325,2500,7293,517,0xf,False,0x0
1783147089.514,1222,1222,268545,4,1,7,-41,-29,868,4,4,0,101325,2500,7293,519,0xf,False,0x0
1783147089.714,1223,1223,268745,4,1,2,-25,16,1168,-5,-5,5,101325,2500,7293,514,0xf,False,0x0
1783147089.914,1224,1224,268946,4,1,-11,56,48,1010,2,5,-3,101325,2500,7293,497,0xf,False,0x0
1783147090.181,1225,1225,269212,4,1,1,23,39,922,5,3,4,101325,2500,7293,502,0xf,False,0x0
1783147090.399,1226,1226,269430,4,1,-2,-20,-2,975,2,-1,0,101325,2500,7293,505,0xf,False,0x0
1783147090.657,1227,1227,269689,4,1,-12,-14,-35,1044,5,-5,3,101325,2500,7293,503,0xf,False,0x0
1783147090.939,1228,1228,269971,4,1,-6,50,-23,1052,-5,0,-2,101325,2500,7293,496,0xf,False,0x0
1783147091.166,1229,1229,270197,4,1,10,26,46,855,5,4,0,101325,2500,7292,495,0xf,False,0x0
1783147091.366,1230,1230,270398,4,1,-20,14,51,924,-1,4,0,101325,2500,7292,503,0xf,False,0x0
1783147091.567,1231,1231,270598,4,1,9,30,-59,904,1,3,0,101325,2500,7292,486,0xf,False,0x0
1783147091.769,1232,1232,270800,4,1,-16,-14,6,950,5,-3,-1,101325,2500,7292,488,0xf,False,0x0
1783147091.970,1233,1233,271001,4,1,-1,-45,9,1039,4,-2,5,101325,2500,7292,514,0xf,False,0x0
1783147092.171,1234,1234,271203,4,1,18,21,-4,1034,-3,3,5,101325,2500,7292,513,0xf,False,0x0
1783147092.414,1235,1235,271445,4,1,-18,-10,-17,1069,1,2,1,101325,2500,7292,488,0xf,False,0x0
1783147093.527,1236,1236,272558,4,1,10,30,-48,902,-2,0,0,101325,2500,7291,518,0xf,False,0x0
1783147093.840,1237,1237,272871,4,1,-3,-24,-24,955,-2,1,0,101325,2500,7291,495,0xf,False,0x0
1783147094.434,1239,1239,273465,4,1,3,5,-38,1124,3,2,3,101325,2500,7291,491,0xf,False,0x0
1783147094.640,1240,1240,273671,4,1,-1,21,-34,1014,1,-4,5,101325,2500,7291,520,0xf,False,0x0
1783147095.085,1242,1242,274116,4,1,14,-20,-6,919,0,5,5,101325,2500,7291,520,0xf,False,0x0
1783147095.286,1243,1243,274318,4,1,18,-4,-10,922,-2,-5,-1,101325,2500,7291,492,0xf,False,0x0
1783147095.489,1244,1244,274520,4,1,18,20,22,1081,5,-2,3,101325,2500,7291,510,0xf,False,0x0
1783147095.689,1245,1245,274721,4,1,3,-22,-60,943,2,1,3,101325,2500,7291,505,0xf,False,0x0
1783147095.890,1246,1246,274921,4,1,-3,37,-17,902,-3,-1,3,101325,2500,7291,507,0xf,False,0x0
1783147096.135,1247,1247,275166,4,1,-20,26,52,929,-4,-5,4,101325,2500,7290,508,0xf,False,0x0
1783147096.337,1248,1248,275368,4,1,-4,-4,58,927,5,-1,2,101325,2500,7290,488,0xf,False,0x0
1783147096.782,1249,1249,275813,4,1,6,8,-16,1142,3,4,-5,101325,2500,7290,497,0xf,False,0x0
1783147096.983,1250,1250,276015,4,1,13,40,24,894,2,5,3,101325,2500,7290,518,0xf,False,0x0
1783147097.220,1251,1251,276251,4,1,4,0,-31,1068,5,2,2,101325,2500,7290,519,0xf,False,0x0
1783147097.430,1252,1252,276462,4,1,12,50,41,940,-4,5,4,101325,2500,7290,498,0xf,False,0x0
1783147099.028,1253,1253,278060,4,1,10,53,46,888,1,-4,3,101325,2500,7289,507,0xf,False,0x0
1783147099.283,1254,1254,278315,4,1,-4,28,26,1065,-3,-5,-1,101325,2500,7289,484,0xf,False,0x0
1783147099.530,1255,1255,278562,4,1,17,-51,-10,923,5,-2,1,101325,2500,7289,516,0xf,False,0x0
1783147099.796,1256,1256,278827,4,1,-18,20,29,1109,-5,-3,0,101325,2500,7289,519,0xf,False,0x0
1783147099.997,1257,1257,279028,4,1,-14,-2,-49,1141,-5,-4,-4,101325,2500,7289,520,0xf,False,0x0
1783147100.198,1258,1258,279229,4,1,-14,4,-15,916,-2,-5,1,101325,2500,7289,496,0xf,False,0x0
1783147100.398,1259,1259,279430,4,1,17,31,-28,838,1,-5,-4,101325,2500,7289,509,0xf,False,0x0
1783147100.640,1260,1260,279672,4,1,-4,-35,-25,1006,4,-5,-4,101325,2500,7289,505,0xf,False,0x0
1783147100.841,1261,1261,279873,4,1,-3,22,27,898,3,-1,-4,101325,2500,7289,484,0xf,False,0x0
1783147101.087,1262,1262,280119,4,1,15,51,57,1077,-2,5,1,101325,2500,7288,512,0xf,False,0x0
1783147101.287,1263,1263,280319,4,1,-19,-29,15,1149,-1,-3,3,101325,2500,7288,498,0xf,False,0x0
1783147101.499,1264,1264,280530,4,1,-9,-17,6,1037,-4,-4,-2,101325,2500,7288,508,0xf,False,0x0
1783147101.769,1265,1265,280800,4,1,1,26,-48,931,-3,-3,1,101325,2500,7288,487,0xf,False,0x0
1783147101.973,1266,1266,281004,4,1,-6,25,-12,907,2,4,-1,101325,2500,7288,513,0xf,False,0x0
1783147102.375,1268,1268,281407,4,1,-10,-1,-8,1002,-2,5,-4,101325,2500,7288,484,0xf,False,0x0
1783147102.576,1269,1269,281608,4,1,20,13,1,965,-3,-2,-4,101325,2500,7288,480,0xf,False,0x0
1783147102.786,1270,1270,281818,4,1,10,-7,-1,963,-1,-2,3,101325,2500,7288,496,0xf,False,0x0
1783147102.987,1271,1271,282018,4,1,-13,-4,-8,943,3,-4,4,101325,2500,7288,504,0xf,False,0x0
1783147103.249,1272,1272,282281,4,1,-10,35,-56,956,2,-1,-5,101325,2500,7288,488,0xf,False,0x0
1783147103.450,1273,1273,282481,4,1,3,-20,24,924,-3,1,-1,101325,2500,7288,483,0xf,False,0x0
1783147103.757,1274,1274,282788,4,1,2,2,37,1025,0,-3,5,101325,2500,7287,480,0xf,False,0x0
1783147103.964,1275,1275,282995,4,1,3,16,36,1013,-2,-3,5,101325,2500,7287,507,0xf,False,0x0
1783147104.164,1276,1276,283196,4,1,2,-43,12,1126,0,0,-4,101325,2500,7287,508,0xf,False,0x0
1783147104.367,1277,1277,283398,4,1,-2,49,-36,934,-4,-3,-2,101325,2500,7287,480,0xf,False,0x0
1783147104.578,1278,1278,283609,4,1,-9,-35,44,852,-4,4,-2,101325,2500,7287,505,0xf,False,0x0
1783147104.778,1279,1279,283810,4,1,3,36,-53,923,-4,-5,-1,101325,2500,7287,500,0xf,False,0x0
1783147104.979,1280,1280,284010,4,1,-18,9,-22,1087,-1,-2,3,101325,2500,7287,512,0xf,False,0x0
1783147105.179,1281,1281,284211,4,1,8,33,-51,1117,1,-4,-4,101325,2500,7287,516,0xf,False,0x0
1783147105.632,1283,1283,284664,4,1,11,13,-16,1000,-4,4,-5,101325,2500,7287,493,0xf,False,0x0
1783147105.833,1284,1284,284864,4,1,18,-53,46,1067,-1,5,3,101325,2500,7287,509,0xf,False,0x0
1783147106.045,1285,1285,285077,4,1,-13,-26,-25,1038,-1,0,4,101325,2500,7286,480,0xf,False,0x0
1783147106.246,1286,1286,285277,4,1,-1,-22,-54,1083,-4,1,3,101325,2500,7286,493,0xf,False,0x0
1783147106.463,1287,1287,285495,4,1,14,-60,40,949,4,-2,4,101325,2500,7286,519,0xf,False,0x0
1783147106.867,1289,1289,285898,4,1,7,-7,29,915,3,-5,-1,101325,2500,7286,484,0xf,False,0x0
1783147107.067,1290,1290,286099,4,1,-8,-8,-25,1035,2,4,5,101325,2500,7286,519,0xf,False,0x0
1783147107.269,1291,1291,286301,4,1,-17,19,-7,895,3,0,0,101325,2500,7286,501,0xf,False,0x0
1783147107.470,1292,1292,286502,4,1,-2,37,34,1118,5,4,4,101325,2500,7286,508,0xf,False,0x0
1783147107.681,1293,1293,286713,4,1,20,45,-42,950,-1,-4,-5,101325,2500,7286,480,0xf,False,0x0
1783147107.882,1294,1294,286913,4,1,17,15,23,1103,0,2,-5,101325,2500,7286,509,0xf,False,0x0
1783147108.147,1295,1295,287178,4,1,18,30,48,1069,-4,-5,1,101325,2500,7286,514,0xf,False,0x0
1783147108.347,1296,1296,287379,4,1,-1,44,-38,880,3,-2,0,101325,2500,7286,502,0xf,False,0x0
1783147108.610,1297,1297,287642,4,1,-19,-36,7,1040,4,-3,-3,101325,2500,7285,484,0xf,False,0x0
1783147108.812,1298,1298,287843,4,1,0,-8,2,981,1,1,-5,101325,2500,7285,487,0xf,False,0x0
1783147109.077,1299,1299,288108,4,1,-16,-56,-28,898,1,2,5,101325,2500,7285,504,0xf,False,0x0
1783147109.278,1300,1300,288309,4,1,17,-26,-59,1048,-5,-4,-3,101325,2500,7285,504,0xf,False,0x0
1783147109.548,1301,1301,288579,4,1,-5,30,-56,974,-2,4,3,101325,2500,7285,506,0xf,False,0x0
1783147109.748,1302,1302,288780,4,1,9,4,60,989,-3,1,-2,101325,2500,7285,488,0xf,False,0x0
1783147110.021,1303,1303,289052,4,1,-6,-49,-51,938,1,-4,-5,101325,2500,7285,512,0xf,False,0x0
1783147110.223,1304,1304,289254,4,1,19,-41,14,898,3,2,-2,101325,2500,7285,499,0xf,False,0x0
1783147110.497,1305,1305,289529,4,1,-20,-9,-53,858,0,0,3,101325,2500,7285,510,0xf,False,0x0
1783147110.698,1306,1306,289730,4,1,6,39,-32,1008,5,5,4,101325,2500,7285,497,0xf,False,0x0
1783147110.963,1307,1307,289995,4,1,-12,-39,-49,1079,5,-5,3,101325,2500,7285,480,0xf,False,0x0
1783147111.166,1308,1308,290197,4,1,9,-46,51,1103,4,1,2,101325,2500,7284,483,0xf,False,0x0
1783147111.415,1309,1309,290447,4,1,-2,5,60,954,4,3,3,101325,2500,7284,519,0xf,False,0x0
1783147111.617,1310,1310,290648,4,1,-7,-40,52,928,-1,-1,-2,101325,2500,7284,507,0xf,False,0x0
1783147111.873,1311,1311,290905,4,1,2,27,-37,1065,2,-5,3,101325,2500,7284,494,0xf,False,0x0
1783147112.075,1312,1312,291107,4,1,8,28,31,946,5,-5,4,101325,2500,7284,500,0xf,False,0x0
1783147112.276,1313,1313,291308,4,1,16,-57,48,941,3,-1,-2,101325,2500,7284,519,0xf,False,0x0
1783147112.480,1314,1314,291511,4,1,-11,43,45,1095,-5,1,-4,101325,2500,7284,516,0xf,False,0x0
1783147112.681,1315,1315,291713,4,1,-18,34,31,928,3,2,2,101325,2500,7284,482,0xf,False,0x0
1783147112.883,1316,1316,291914,4,1,2,-57,-3,1102,-5,-2,-1,101325,2500,7284,503,0xf,False,0x0
1783147113.096,1317,1317,292127,4,1,14,-7,28,1068,0,-5,4,101325,2500,7284,480,0xf,False,0x0
1783147113.297,1318,1318,292328,4,1,4,42,-55,1091,5,5,-1,101325,2500,7284,484,0xf,False,0x0
1783147113.499,1319,1319,292531,4,1,0,-21,0,1006,3,4,3,101325,2500,7283,488,0xf,False,0x0
1783147113.700,1320,1320,292731,4,1,-17,-24,51,964,3,-5,3,101325,2500,7283,483,0xf,False,0x0
1783147113.914,1321,1321,292945,4,1,-1,-19,47,1001,5,4,-3,101325,2500,7283,510,0xf,False,0x0
1783147114.114,1322,1322,293145,4,1,-4,-50,-34,1146,1,-3,3,101325,2500,7283,500,0xf,False,0x0
1783147114.377,1323,1323,293409,4,1,7,-4,45,1107,3,-3,3,101325,2500,7283,518,0xf,False,0x0
1783147114.578,1324,1324,293609,4,1,7,35,18,941,0,-4,-4,101325,2500,7283,517,0xf,False,0x0
1783147114.833,1325,1325,293865,4,1,-10,58,-12,1020,-5,-3,0,101325,2500,7283,491,0xf,False,0x0
1783147115.036,1326,1326,294067,4,1,-10,58,44,964,2,2,0,101325,2500,7283,501,0xf,False,0x0
1783147115.288,1327,1327,294320,4,1,-13,53,-26,997,-2,2,4,101325,2500,7283,480,0xf,False,0x0
1783147115.490,1328,1328,294521,4,1,3,47,50,968,-4,-1,-2,101325,2500,7283,481,0xf,False,0x0
1783147115.989,1330,1330,295020,4,1,7,-13,-5,906,5,-2,0,101325,2500,7282,520,0xf,False,0x0
1783147116.197,1331,1331,295228,4,1,15,23,52,1049,0,1,0,101325,2500,7282,482,0xf,False,0x0
1783147116.397,1332,1332,295428,4,1,-17,55,-22,959,1,5,1,101325,2500,7282,493,0xf,False,0x0
1783147116.845,1333,1333,295877,4,1,-18,-25,-36,985,-1,0,-5,101325,2500,7282,519,0xf,False,0x0
1783147117.046,1334,1334,296078,4,1,19,28,2,1037,0,-4,2,101325,2500,7282,511,0xf,False,0x0
1783147117.491,1336,1336,296522,4,1,-18,2,42,1021,-1,-1,2,101325,2500,7282,519,0xf,False,0x0
1783147117.692,1337,1337,296724,4,1,-5,-38,-16,927,5,5,0,101325,2500,7282,512,0xf,False,0x0
1783147117.893,1338,1338,296925,4,1,9,-53,6,1061,-2,-2,-2,101325,2500,7282,517,0xf,False,0x0
1783147118.094,1339,1339,297125,4,1,8,54,5,1043,4,-3,-4,101325,2500,7282,514,0xf,False,0x0
1783147118.294,1340,1340,297326,4,1,16,38,-4,929,5,5,5,101325,2500,7282,515,0xf,False,0x0
1783147118.501,1341,1341,297532,4,1,19,-47,-3,1145,-1,0,1,101325,2500,7281,495,0xf,False,0x0
1783147118.701,1342,1342,297733,4,1,-11,-47,54,1056,3,-1,5,101325,2500,7281,489,0xf,False,0x0
1783147118.920,1343,1343,297951,4,1,-6,44,-6,984,3,-1,3,101325,2500,7281,499,0xf,False,0x0
1783147119.120,1344,1344,298152,4,1,0,8,-23,998,5,-3,-5,101325,2500,7281,511,0xf,False,0x0
1783147119.336,1345,1345,298367,4,1,17,16,-31,1086,-1,-3,5,101325,2500,7281,504,0xf,False,0x0
1783147119.536,1346,1346,298568,4,1,18,-12,-4,971,-3,-3,-5,101325,2500,7281,507,0xf,False,0x0
1783147119.781,1347,1347,298812,4,1,-9,-49,34,931,1,2,4,101325,2500,7281,493,0xf,False,0x0
1783147119.983,1348,1348,299015,4,1,-17,60,-21,1023,1,1,-3,101325,2500,7281,508,0xf,False,0x0
1783147120.184,1349,1349,299215,4,1,-19,-33,38,958,-5,4,3,101325,2500,7281,503,0xf,False,0x0
1783147120.414,1350,1350,299445,4,1,-16,-2,47,899,1,-2,-5,101325,2500,7281,495,0xf,False,0x0
1783147120.614,1351,1351,299646,4,1,17,-55,-26,1084,0,-5,-1,101325,2500,7281,517,0xf,False,0x0
1783147120.819,1352,1352,299850,4,1,-3,7,-13,903,4,-2,2,101325,2500,7281,488,0xf,False,0x0
1783147121.019,1353,1353,300051,4,1,14,-43,8,905,-5,3,5,101325,2500,7280,487,0xf,False,0x0
1783147121.229,1354,1354,300260,4,1,-6,-57,8,1049,-1,-5,-2,101325,2500,7280,497,0xf,False,0x0
1783147121.429,1355,1355,300461,4,1,1,-59,-40,1099,2,-2,5,101325,2500,7280,485,0xf,False,0x0
1783147121.686,1356,1356,300717,4,1,-15,9,18,1127,2,0,2,101325,2500,7280,504,0xf,False,0x0
1783147121.886,1357,1357,300918,4,1,-16,-52,-19,932,-2,-5,-1,101325,2500,7280,512,0xf,False,0x0
1783147122.129,1358,1358,301160,4,1,-3,14,59,911,0,-4,0,101325,2500,7280,483,0xf,False,0x0
1783147122.329,1359,1359,301361,4,1,3,2,44,978,0,3,2,101325,2500,7280,500,0xf,False,0x0
1783147122.591,1360,1360,301623,4,1,18,-14,-43,923,1,2,5,101325,2500,7280,516,0xf,False,0x0
1783147122.791,1361,1361,301823,4,1,-17,25,-9,886,3,0,1,101325,2500,7280,498,0xf,False,0x0
1783147123.046,1362,1362,302077,4,1,-14,-2,26,856,3,-2,-2,101325,2500,7280,491,0xf,False,0x0
1783147123.247,1363,1363,302279,4,1,11,60,-41,1093,-4,2,2,101325,2500,7280,486,0xf,False,0x0
1783147123.494,1364,1364,302526,4,1,-7,-16,-31,975,-2,-2,5,101325,2500,7279,498,0xf,False,0x0
1783147123.697,1365,1365,302728,4,1,-1,58,-42,990,3,-3,-4,101325,2500,7279,499,0xf,False,0x0
1783147123.938,1366,1366,302969,4,1,13,-11,-14,1029,-2,4,-4,101325,2500,7279,481,0xf,False,0x0
1783147124.138,1367,1367,303169,4,1,18,35,33,1065,5,-2,-4,101325,2500,7279,519,0xf,False,0x0
1783147124.347,1368,1368,303378,4,1,14,-13,-22,976,3,1,-2,101325,2500,7279,507,0xf,False,0x0
1783147124.548,1369,1369,303579,4,1,1,-27,-1,1141,3,4,0,101325,2500,7279,484,0xf,False,0x0
1783147124.790,1370,1370,303821,4,1,-12,59,55,989,0,1,4,101325,2500,7279,514,0xf,False,0x0
1783147124.990,1371,1371,304022,4,1,-20,-18,-36,929,4,-5,-4,101325,2500,7279,480,0xf,False,0x0
1783147125.230,1372,1372,304261,4,1,19,45,-28,916,-4,4,-4,101325,2500,7279,520,0xf,False,0x0
1783147125.431,1373,1373,304462,4,1,5,0,5,1088,-5,0,-1,101325,2500,7279,508,0xf,False,0x0
1783147125.712,1374,1374,304744,4,1,-7,-44,-47,845,4,3,2,101325,2500,7279,490,0xf,False,0x0
1783147125.913,1375,1375,304944,4,1,1,38,41,1055,5,-2,2,101325,2500,7279,483,0xf,False,0x0
1783147126.148,1376,1376,305179,4,1,17,-51,-59,988,-1,-4,0,101325,2500,7278,503,0xf,False,0x0
1783147126.349,1377,1377,305380,4,1,5,7,-8,893,-4,-2,4,101325,2500,7278,518,0xf,False,0x0
1783147126.561,1378,1378,305592,4,1,-1,-22,17,947,-5,3,-2,101325,2500,7278,484,0xf,False,0x0
1783147126.762,1379,1379,305793,4,1,1,54,-34,986,4,1,-1,101325,2500,7278,506,0xf,False,0x0
1783147126.999,1380,1380,306031,4,1,19,-53,26,987,-3,5,-4,101325,2500,7278,515,0xf,False,0x0
1783147127.200,1381,1381,306231,4,1,-16,-52,-42,969,-1,0,4,101325,2500,7278,503,0xf,False,0x0
1783147127.404,1382,1382,306436,4,1,6,36,43,983,1,5,3,101325,2500,7278,494,0xf,False,0x0
1783147127.607,1383,1383,306638,4,1,8,-32,-48,1093,2,-5,2,101325,2500,7278,488,0xf,False,0x0
1783147127.875,1384,1384,306907,4,1,-2,59,-20,912,1,5,4,101325,2500,7278,480,0xf,False,0x0
1783147128.076,1385,1385,307107,4,1,1,4,-49,1088,0,0,-1,101325,2500,7278,502,0xf,False,0x0
1783147128.308,1386,1386,307339,4,1,-18,40,12,929,-1,-5,3,101325,2500,7278,503,0xf,False,0x0
1783147128.718,1388,1388,307749,4,1,10,18,34,1028,5,-2,0,101325,2500,7277,495,0xf,False,0x0
1783147128.934,1389,1389,307965,4,1,-12,27,27,897,0,4,-1,101325,2500,7277,486,0xf,False,0x0
1783147129.348,1391,1391,308380,4,1,-13,51,51,1088,4,5,3,101325,2500,7277,516,0xf,False,0x0
1783147129.549,1392,1392,308580,4,1,-4,-41,41,899,4,-1,-4,101325,2500,7277,502,0xf,False,0x0
1783147129.749,1393,1393,308781,4,1,20,32,25,1018,1,3,5,101325,2500,7277,513,0xf,False,0x0
1783147129.950,1394,1394,308981,4,1,18,59,25,1088,-2,3,-2,101325,2500,7277,490,0xf,False,0x0
1783147130.350,1396,1396,309382,4,1,-10,43,31,1049,-3,-5,-4,101325,2500,7277,514,0xf,False,0x0
1783147130.559,1397,1397,309590,4,1,8,-5,15,856,0,-2,5,101325,2500,7277,510,0xf,False,0x0
1783147130.760,1398,1398,309791,4,1,15,-31,-38,893,1,-4,-3,101325,2500,7277,485,0xf,False,0x0
1783147131.016,1399,1399,310047,4,1,-3,-7,10,974,4,-2,-2,101325,2500,7276,488,0xf,False,0x0
1783147131.216,1400,1400,310248,4,1,-3,3,-56,946,3,-5,-4,101325,2500,7276,518,0xf,False,0x0
1783147131.685,1402,1402,310716,4,1,0,-52,-52,1071,-3,-3,0,101325,2500,7276,481,0xf,False,0x0
1783147131.886,1403,1403,310917,4,1,8,22,52,1022,4,0,0,101325,2500,7276,503,0xf,False,0x0
1783147132.088,1404,1404,311119,4,1,6,-35,-29,896,3,3,0,101325,2500,7276,502,0xf,False,0x0
1783147132.565,1406,1406,311596,4,1,-13,-16,-43,976,5,-3,-1,101325,2500,7276,489,0xf,False,0x0
1783147132.778,1407,1407,311810,4,1,2,-28,-22,888,0,0,0,101325,2500,7276,500,0xf,False,0x0
1783147133.030,1408,1408,312061,4,1,18,-57,47,1066,-3,-1,-3,101325,2500,7276,486,0xf,False,0x0
1783147133.230,1409,1409,312262,4,1,7,-29,44,1052,-1,0,-1,101325,2500,7276,498,0xf,False,0x0
1783147133.431,1410,1410,312462,4,1,-19,3,53,876,2,0,-4,101325,2500,7276,492,0xf,False,0x0
1783147133.631,1411,1411,312663,4,1,-9,-2,-60,926,4,-5,-1,101325,2500,7275,486,0xf,False,0x0
1783147133.926,1412,1412,312958,4,1,-20,41,-18,1085,-5,-2,-4,101325,2500,7275,504,0xf,False,0x0
1783147134.127,1413,1413,313158,4,1,-2,28,21,938,-5,-5,-1,101325,2500,7275,492,0xf,False,0x0
1783147134.328,1414,1414,313360,4,1,9,30,3,1060,-4,-3,-5,101325,2500,7275,497,0xf,False,0x0
1783147134.528,1415,1415,313560,4,1,16,55,28,968,-1,1,-4,101325,2500,7275,514,0xf,False,0x0
1783147134.740,1416,1416,313771,4,1,-19,58,-24,924,3,0,4,101325,2500,7275,503,0xf,False,0x0
1783147134.940,1417,1417,313972,4,1,1,15,-52,1004,4,-2,0,101325,2500,7275,480,0xf,False,0x0
