rx_time,seq,pkt_no,ms,flight_mode,eject_state,altitude_cm,acc_x,acc_y,acc_z,gyro_x,gyro_y,gyro_z,pressure,bmp_temp,voltage_mv,current_ma,system_status,ack_received,crc16
1783864040.476,1,1,0,0,0,-6,50,28,1017,4,-2,5,101325,2500,7400,504,0xf,False,0x0
1783864040.676,2,2,200,0,0,2,-10,55,1030,4,3,3,101325,2500,7400,496,0xf,False,0x0
1783864040.876,3,3,400,0,0,4,27,-39,1002,3,-1,-5,101325,2500,7400,480,0xf,False,0x0
1783864041.077,4,4,601,0,0,18,18,14,954,4,-1,1,101325,2500,7400,500,0xf,False,0x0
1783864041.279,5,5,803,0,0,11,54,36,1031,4,0,-5,101325,2500,7400,494,0xf,False,0x0
1783864041.480,6,6,1004,0,0,19,-15,-46,1050,-4,0,0,101325,2500,7400,514,0xf,False,0x0
1783864041.680,7,7,1204,0,0,-12,38,-51,1039,2,0,2,101325,2500,7400,490,0xf,False,0x0
1783864041.910,8,8,1434,0,0,13,-56,-13,1050,1,2,-1,101325,2500,7400,514,0xf,False,0x0
1783864042.123,9,9,1647,0,0,-11,-33,-42,985,-1,-3,0,101325,2500,7400,489,0xf,False,0x0
1783864042.525,11,11,2049,0,0,-17,54,-48,1016,0,2,5,101325,2500,7400,501,0xf,False,0x0
1783864042.725,12,12,2249,0,0,-15,-2,29,1047,3,2,-1,101325,2500,7400,514,0xf,False,0x0
1783864042.925,13,13,2449,0,0,-15,-1,-49,992,-5,-4,1,101325,2500,7400,490,0xf,False,0x0
1783864043.126,14,14,2650,0,0,-5,-15,-16,973,2,0,4,101325,2500,7399,484,0xf,False,0x0
1783864043.326,15,15,2850,0,0,-16,51,20,953,0,-5,0,101325,2500,7399,484,0xf,False,0x0
1783864043.527,16,16,3050,0,0,3,-60,51,1029,1,1,0,101325,2500,7399,497,0xf,False,0x0
1783864043.727,17,17,3251,0,0,8,56,34,984,5,4,1,101325,2500,7399,498,0xf,False,0x0
1783864043.927,18,18,3451,0,0,10,48,46,1006,1,-5,-1,101325,2500,7399,520,0xf,False,0x0
1783864044.130,19,19,3654,0,0,16,-7,8,1035,-4,-4,-1,101325,2500,7399,490,0xf,False,0x0
1783864044.330,20,20,3854,0,0,-13,24,-29,970,5,4,-3,101325,2500,7399,495,0xf,False,0x0
1783864044.543,21,21,4067,0,0,-4,41,-2,992,-1,0,4,101325,2500,7399,503,0xf,False,0x0
1783864044.743,22,22,4267,0,0,-5,-20,-15,1040,-1,4,-5,101325,2500,7399,514,0xf,False,0x0
1783864044.972,23,23,4496,0,0,20,-6,-16,1008,-1,5,2,101325,2500,7399,518,0xf,False,0x0
1783864045.173,24,24,4697,0,0,14,-54,-29,955,0,1,-5,101325,2500,7399,515,0xf,False,0x0
1783864045.388,25,25,4912,0,0,-12,-36,30,1048,2,-1,3,101325,2500,7399,490,0xf,False,0x0
1783864045.589,26,26,5113,1,0,-15,-43,41,1026,3,4,2,101325,2500,7398,518,0xf,False,0x0
1783864045.796,27,27,5320,1,0,2,-6,-25,1027,-3,4,-2,101325,2500,7398,498,0xf,False,0x0
1783864045.997,28,28,5521,1,0,-14,58,-26,993,1,-3,4,101325,2500,7398,507,0xf,False,0x0
1783864046.230,29,29,5753,1,0,-7,-43,39,1012,-5,3,4,101325,2500,7398,482,0xf,False,0x0
1783864046.430,30,30,5954,1,0,19,41,38,1045,-4,1,-2,101325,2500,7398,486,0xf,False,0x0
1783864046.658,31,31,6182,1,0,-19,56,31,955,-2,-1,4,101325,2500,7398,498,0xf,False,0x0
1783864046.859,32,32,6383,1,0,3,-29,-28,1002,3,0,1,101325,2500,7398,501,0xf,False,0x0
1783864047.072,33,33,6596,1,0,-10,-39,-18,1042,2,-2,-3,101325,2500,7398,514,0xf,False,0x0
1783864047.272,34,34,6796,1,0,-8,12,46,1031,-2,3,-2,101325,2500,7398,504,0xf,False,0x0
1783864047.686,36,36,7210,1,0,-11,11,-42,972,-2,4,4,101325,2500,7398,509,0xf,False,0x0
1783864047.903,37,37,7427,1,0,-13,-26,9,1016,3,-5,1,101325,2500,7398,495,0xf,False,0x0
1783864048.103,38,38,7627,1,0,0,50,51,997,-5,5,0,101325,2500,7397,495,0xf,False,0x0
1783864048.310,39,39,7834,1,0,5,54,-52,1020,1,5,2,101325,2500,7397,486,0xf,False,0x0
1783864048.510,40,40,8034,1,0,-7,-42,-58,956,-1,3,-1,101325,2500,7397,503,0xf,False,0x0
1783864048.737,41,41,8261,1,0,7,24,-6,976,4,-3,4,101325,2500,7397,510,0xf,False,0x0
1783864048.957,42,42,8481,1,0,-11,-20,31,958,-4,-5,3,101325,2500,7397,504,0xf,False,0x0
1783864049.157,43,43,8681,1,0,-12,-37,56,987,-5,-1,4,101325,2500,7397,485,0xf,False,0x0
1783864049.360,44,44,8884,1,0,-11,-22,-54,980,4,1,1,101325,2500,7397,493,0xf,False,0x0
1783864049.560,45,45,9084,1,0,-15,54,19,983,5,0,-4,101325,2500,7397,516,0xf,False,0x0
1783864049.764,46,46,9288,1,0,8,47,12,968,0,-4,-2,101325,2500,7397,501,0xf,False,0x0
1783864049.964,47,47,9488,1,0,0,-16,-2,1001,0,-1,4,101325,2500,7397,486,0xf,False,0x0
1783864050.165,48,48,9689,1,0,12,-21,21,958,0,0,-1,101325,2500,7397,497,0xf,False,0x0
1783864050.366,49,49,9890,1,0,-3,-1,-54,1046,2,-1,-3,101325,2500,7397,507,0xf,False,0x0
1783864050.566,50,50,10090,2,0,586,21,14,1099,-4,-3,-3,101255,2496,7396,492,0xf,False,0x0
1783864050.766,51,51,10290,2,0,1836,7,43,1477,-5,-2,-5,101102,2488,7396,504,0xf,False,0x0
1783864050.979,52,52,10503,2,0,3127,-31,44,1734,-2,-3,3,100945,2479,7396,507,0xf,False,0x0
1783864051.179,53,53,10703,2,0,4286,-31,-44,2062,-5,4,0,100800,2472,7396,490,0xf,False,0x0
1783864051.412,54,54,10936,2,0,5613,42,17,2385,-3,4,-1,100637,2463,7396,491,0xf,False,0x0
1783864051.612,55,55,11136,2,0,6735,17,50,2643,-1,-4,-3,100500,2456,7396,508,0xf,False,0x0
1783864051.864,56,56,11388,2,0,8135,14,60,2898,-1,1,-5,100333,2447,7396,493,0xf,False,0x0
1783864052.065,57,57,11589,2,0,9195,-9,-40,3105,3,2,-2,100205,2440,7396,482,0xf,False,0x0
1783864052.276,58,58,11800,2,0,10269,-50,-16,3233,4,3,-4,100073,2433,7396,515,0xf,False,0x0
1783864052.476,59,59,12000,2,0,11234,-57,-16,3421,3,-5,-1,99953,2426,7396,502,0xf,False,0x0
1783864052.722,60,60,12246,2,0,12426,31,16,3453,3,-4,-2,99809,2419,7396,500,0xf,False,0x0
1783864052.923,61,61,12447,2,0,13340,-11,23,3458,5,-3,-5,99696,2413,7396,498,0xf,False,0x0
1783864053.160,62,62,12684,2,0,14381,9,59,3524,2,-5,5,99567,2406,7395,480,0xf,False,0x0
1783864053.361,63,63,12885,2,0,15256,1,-18,3435,2,-2,4,99463,2400,7395,481,0xf,False,0x0
1783864053.599,64,64,13123,2,0,16241,-39,-58,3324,-2,-4,2,99343,2394,7395,500,0xf,False,0x0
1783864053.799,65,65,13323,2,0,17029,44,-11,3214,4,-4,3,99246,2389,7395,486,0xf,False,0x0
1783864054.036,66,66,13560,2,0,17935,0,10,3008,-4,-4,-3,99137,2383,7395,518,0xf,False,0x0
1783864054.236,67,67,13760,2,0,18642,-44,-47,2775,0,4,2,99048,2378,7395,510,0xf,False,0x0
1783864054.451,68,68,13975,2,0,19419,7,-11,2460,3,-5,-4,98957,2373,7395,510,0xf,False,0x0
1783864054.651,69,69,14175,2,0,20055,-41,-31,2221,-4,1,-3,98876,2369,7395,484,0xf,False,0x0
1783864054.886,70,70,14410,2,0,20817,-60,-46,1889,-2,4,0,98786,2364,7395,491,0xf,False,0x0
1783864055.086,71,71,14610,2,0,21430,13,38,1621,4,1,0,98712,2360,7395,500,0xf,False,0x0
1783864055.305,72,72,14829,2,0,22041,-19,38,1286,5,4,2,98637,2356,7395,483,0xf,False,0x0
1783864055.505,73,73,15029,2,0,22558,-17,29,-179,-2,1,-1,98571,2353,7394,485,0xf,False,0x0
1783864055.714,74,74,15238,2,0,23087,-21,-50,-228,3,-2,-3,98507,2349,7394,515,0xf,False,0x0
1783864056.118,76,76,15642,2,0,24030,52,42,-260,2,0,-3,98394,2343,7394,506,0xf,False,0x0
1783864056.319,77,77,15843,2,0,24434,20,-27,-252,-5,-1,0,98343,2341,7394,515,0xf,False,0x0
1783864056.522,78,78,16046,2,0,24828,-46,-31,-249,4,-4,2,98295,2338,7394,518,0xf,False,0x0
1783864056.722,79,79,16246,2,0,25197,13,-27,-334,-3,1,4,98252,2336,7394,497,0xf,False,0x0
1783864056.939,80,80,16463,2,0,25545,-37,-1,-343,-3,4,0,98209,2334,7394,508,0xf,False,0x0
1783864057.140,81,81,16664,2,0,25828,-58,40,-365,2,0,1,98174,2332,7394,498,0xf,False,0x0
1783864057.435,82,82,16959,2,0,26213,-15,15,-382,3,1,2,98128,2329,7394,494,0xf,False,0x0
1783864057.635,83,83,17159,2,0,26418,-17,58,-363,5,-5,5,98102,2328,7394,502,0xf,False,0x0
1783864057.907,84,84,17431,2,0,26653,47,-46,-375,-3,-4,3,98071,2326,7394,501,0xf,False,0x0
1783864058.107,85,85,17631,2,0,26818,59,-47,-362,1,0,-1,98054,2325,7393,492,0xf,False,0x0
1783864058.308,86,86,17832,2,0,26915,-43,39,-404,5,-3,5,98039,2324,7393,499,0xf,False,0x0
1783864058.510,87,87,18034,2,0,27024,25,-58,-392,4,3,-5,98029,2324,7393,519,0xf,False,0x0
1783864058.711,88,88,18235,2,0,27060,57,24,-420,3,-4,2,98022,2324,7393,506,0xf,False,0x0
1783864058.912,89,89,18436,2,0,27112,-58,26,-437,-4,4,5,98019,2323,7393,520,0xf,False,0x0
1783864059.137,90,90,18660,3,1,27079,-13,41,-46,4,3,-5,98023,2324,7393,490,0xf,False,0x0
1783864059.337,91,91,18861,3,1,27012,-15,-29,-91,-2,-2,0,98029,2324,7393,493,0xf,False,0x0
1783864059.549,92,92,19073,3,1,26972,-48,38,-104,1,2,-1,98036,2324,7393,502,0xf,False,0x0
1783864059.750,93,93,19274,3,1,26909,58,53,-90,-3,-1,-5,98042,2325,7393,508,0xf,False,0x0
1783864059.970,94,94,19494,3,1,26870,12,7,-36,1,4,-2,98048,2325,7393,520,0xf,False,0x0
1783864060.170,95,95,19694,3,1,26821,-19,6,-139,2,5,-3,98055,2325,7393,492,0xf,False,0x0
1783864060.408,96,96,19932,3,1,26738,-42,6,-102,0,-4,-2,98062,2326,7393,515,0xf,False,0x0
1783864060.608,97,97,20132,3,1,26709,10,17,-130,0,-2,-4,98068,2326,7392,515,0xf,False,0x0
1783864060.855,98,98,20379,3,1,26648,6,44,-62,-3,-2,-2,98076,2326,7392,484,0xf,False,0x0
1783864061.055,99,99,20579,3,1,26571,30,-7,-138,3,-3,4,98082,2327,7392,492,0xf,False,0x0
1783864061.271,100,100,20795,3,1,26542,25,46,-69,-1,2,2,98089,2327,7392,497,0xf,False,0x0
1783864061.471,101,101,20995,3,1,26488,-51,33,-133,5,0,2,98095,2327,7392,514,0xf,False,0x0
1783864061.713,102,102,21237,3,1,26412,57,-46,-56,0,-4,-5,98103,2328,7392,512,0xf,False,0x0
1783864061.914,103,103,21438,3,1,26358,-37,57,-78,1,5,0,98109,2328,7392,481,0xf,False,0x0
1783864062.375,105,105,21899,3,1,26222,38,-6,-62,0,5,-5,98123,2329,7392,483,0xf,False,0x0
1783864062.618,106,106,22142,3,1,26159,-29,-37,-106,2,-4,3,98131,2329,7392,500,0xf,False,0x0
1783864062.818,107,107,22342,3,1,26121,26,47,-126,1,-3,-5,98137,2330,7392,505,0xf,False,0x0
1783864063.046,108,108,22570,3,1,26064,20,-1,-98,4,-3,3,98144,2330,7391,487,0xf,False,0x0
1783864063.246,109,109,22770,3,1,26031,58,4,-116,-1,4,4,98151,2330,7391,518,0xf,False,0x0
1783864063.480,110,110,23004,3,1,25970,13,23,-102,-2,2,0,98158,2331,7391,500,0xf,False,0x0
1783864063.978,112,112,23502,3,1,25840,-59,-60,-57,-5,-2,-1,98174,2332,7391,516,0xf,False,0x0
1783864064.178,113,113,23702,3,1,25770,32,1,-117,4,3,-3,98180,2332,7391,515,0xf,False,0x0
1783864064.417,114,114,23941,3,1,25706,-30,0,-97,2,-2,5,98188,2332,7391,485,0xf,False,0x0
1783864064.617,115,115,24141,3,1,25671,32,-28,-91,4,0,1,98194,2333,7391,497,0xf,False,0x0
1783864064.886,116,116,24410,3,1,25584,-28,-14,-89,-1,4,3,98203,2333,7391,503,0xf,False,0x0
1783864065.087,117,117,24611,3,1,25526,-45,45,-134,0,1,-5,98209,2334,7391,510,0xf,False,0x0
1783864065.320,118,118,24844,3,1,25461,-49,-55,-81,-4,4,1,98217,2334,7391,507,0xf,False,0x0
1783864065.521,119,119,25044,3,1,25439,-59,50,-119,-3,1,3,98223,2334,7390,486,0xf,False,0x0
1783864065.965,121,121,25489,3,1,25298,-13,60,-61,-1,0,-2,98238,2335,7390,484,0xf,False,0x0
1783864066.191,122,122,25715,3,1,25244,-5,40,-83,4,-3,-5,98245,2335,7390,511,0xf,False,0x0
1783864066.393,123,123,25916,3,1,25180,44,-12,-62,-4,0,5,98251,2336,7390,511,0xf,False,0x0
1783864066.649,124,124,26173,3,1,25119,57,34,-140,-5,2,-2,98260,2336,7390,490,0xf,False,0x0
1783864066.850,125,125,26374,3,1,25050,7,-45,-73,2,2,3,98266,2337,7390,487,0xf,False,0x0
1783864067.054,126,126,26578,3,1,24993,-49,-5,-102,2,-4,-5,98273,2337,7390,498,0xf,False,0x0
1783864067.255,127,127,26779,3,1,24964,-53,-10,-101,0,-4,4,98280,2337,7390,499,0xf,False,0x0
1783864067.480,128,128,27004,3,1,24913,-22,-49,-90,-1,3,-4,98287,2338,7390,487,0xf,False,0x0
1783864067.680,129,129,27204,3,1,24863,-15,58,-132,4,2,1,98293,2338,7390,484,0xf,False,0x0
1783864067.927,130,130,27451,3,1,24791,57,-24,-111,-1,2,-4,98302,2338,7390,517,0xf,False,0x0
1783864068.127,131,131,27651,3,1,24723,30,46,-85,0,-5,2,98308,2339,7389,491,0xf,False,0x0
1783864068.357,132,132,27881,3,1,24647,10,-6,-38,-4,1,1,98316,2339,7389,505,0xf,False,0x0
1783864068.557,133,133,28081,3,1,24594,-24,-36,-127,3,0,-3,98322,2340,7389,498,0xf,False,0x0
1783864068.783,134,134,28307,3,1,24547,2,32,-89,-3,-5,1,98330,2340,7389,516,0xf,False,0x0
1783864068.983,135,135,28507,3,1,24501,23,17,-135,-4,-4,-3,98336,2340,7389,481,0xf,False,0x0
1783864069.220,136,136,28744,3,1,24407,-15,-60,-73,5,-2,-5,98344,2341,7389,501,0xf,False,0x0
1783864069.420,137,137,28944,3,1,24378,23,5,-70,1,3,-3,98351,2341,7389,489,0xf,False,0x0
1783864069.659,138,138,29183,3,1,24293,-32,-31,-144,-3,3,-4,98359,2342,7389,504,0xf,False,0x0
1783864069.859,139,139,29383,3,1,24245,6,14,-93,-1,1,0,98366,2342,7389,507,0xf,False,0x0
1783864070.091,140,140,29615,3,1,24168,-24,24,-121,4,2,-3,98373,2342,7389,489,0xf,False,0x0
1783864070.292,141,141,29816,3,1,24146,-51,-46,-63,0,-3,0,98380,2343,7389,482,0xf,False,0x0
1783864070.511,142,142,30035,3,1,24084,26,-56,-84,2,4,-1,98388,2343,7388,493,0xf,False,0x0
1783864070.711,143,143,30235,3,1,24027,31,-22,-46,1,0,0,98394,2343,7388,499,0xf,False,0x0
1783864070.912,144,144,30436,3,1,23947,10,-36,-112,-5,1,1,98401,2344,7388,515,0xf,False,0x0
1783864071.113,145,145,30637,3,1,23907,24,18,-96,-2,5,-5,98408,2344,7388,506,0xf,False,0x0
1783864071.314,146,146,30837,3,1,23854,7,-44,-118,-2,1,-2,98415,2344,7388,490,0xf,False,0x0
1783864071.514,147,147,31038,3,1,23810,-25,10,-115,-4,-2,3,98422,2345,7388,501,0xf,False,0x0
1783864071.718,148,148,31242,3,1,23737,25,20,-100,-4,0,3,98428,2345,7388,518,0xf,False,0x0
1783864072.140,150,150,31664,3,1,23637,-28,-48,-80,0,-4,-5,98443,2346,7388,504,0xf,False,0x0
1783864072.340,151,151,31864,3,1,23572,33,-10,-113,-3,2,-3,98450,2346,7388,508,0xf,False,0x0
1783864072.575,152,152,32099,3,1,23513,-55,27,-131,-4,0,1,98458,2347,7388,496,0xf,False,0x0
1783864072.776,153,153,32300,3,1,23434,51,52,-76,-5,2,4,98465,2347,7388,512,0xf,False,0x0
1783864073.014,154,154,32538,3,1,23385,36,18,-120,5,2,1,98473,2348,7387,489,0xf,False,0x0
1783864073.214,155,155,32738,3,1,23302,-59,-44,-34,1,5,-1,98480,2348,7387,511,0xf,False,0x0
1783864073.452,156,156,32976,3,1,23257,-15,-53,-115,3,-3,5,98488,2348,7387,481,0xf,False,0x0
1783864073.652,157,157,33176,3,1,23196,-14,21,-93,-2,-1,-1,98495,2349,7387,488,0xf,False,0x0
1783864074.303,160,160,33827,3,1,23022,-19,38,-79,-1,5,-5,98518,2350,7387,509,0xf,False,0x0
1783864074.504,161,161,34028,3,1,22954,-3,-55,-83,5,1,1,98525,2350,7387,516,0xf,False,0x0
1783864074.912,163,163,34435,3,1,22812,41,-59,-51,4,2,2,98539,2351,7387,509,0xf,False,0x0
1783864075.131,164,164,34655,3,1,22769,-6,-47,-152,2,-1,-1,98547,2352,7387,482,0xf,False,0x0
1783864075.331,165,165,34855,3,1,22690,-13,19,-107,-2,-5,0,98554,2352,7387,492,0xf,False,0x0
1783864075.544,166,166,35067,3,1,22653,60,-9,-94,5,5,-1,98561,2352,7386,485,0xf,False,0x0
1783864075.744,167,167,35268,3,1,22610,54,24,-131,5,-1,2,98568,2353,7386,504,0xf,False,0x0
1783864075.946,168,168,35470,3,1,22544,16,-36,-130,2,-3,-5,98576,2353,7386,496,0xf,False,0x0
1783864076.147,169,169,35671,3,1,22461,19,-59,-79,0,2,-1,98583,2353,7386,511,0xf,False,0x0
1783864076.349,170,170,35873,3,1,22434,-18,-50,-123,-1,4,2,98590,2354,7386,506,0xf,False,0x0
1783864076.551,171,171,36075,3,1,22364,-20,-53,-41,2,3,-3,98597,2354,7386,500,0xf,False,0x0
1783864076.762,172,172,36286,3,1,22274,35,14,-117,-3,1,4,98605,2355,7386,514,0xf,False,0x0
1783864076.971,173,173,36495,3,1,22233,16,38,-75,2,1,0,98612,2355,7386,486,0xf,False,0x0
1783864077.172,174,174,36696,3,1,22168,28,-10,-65,-4,-3,-1,98619,2355,7386,502,0xf,False,0x0
1783864077.392,175,175,36916,3,1,22096,-16,44,-113,3,5,-4,98627,2356,7386,519,0xf,False,0x0
1783864077.592,176,176,37116,3,1,22033,-33,-51,-138,-3,-1,2,98635,2356,7386,510,0xf,False,0x0
1783864077.804,177,177,37328,3,1,21967,0,40,-139,-5,-3,3,98642,2357,7386,481,0xf,False,0x0
1783864078.005,178,178,37528,3,1,21914,-40,-59,-57,-1,4,-3,98650,2357,7385,491,0xf,False,0x0
1783864078.411,180,180,37935,3,1,21819,54,-21,-106,3,-4,-3,98664,2358,7385,487,0xf,False,0x0
1783864078.613,181,181,38137,3,1,21728,-60,20,-104,-5,-2,-2,98672,2358,7385,517,0xf,False,0x0
1783864078.813,182,182,38337,3,1,21665,27,-2,-69,0,-5,4,98679,2359,7385,486,0xf,False,0x0
1783864079.014,183,183,38538,3,1,21638,-33,41,-121,2,0,2,98686,2359,7385,503,0xf,False,0x0
1783864079.214,184,184,38738,3,1,21566,3,-38,-103,3,2,-3,98694,2359,7385,505,0xf,False,0x0
1783864079.447,185,185,38971,3,1,21502,-36,23,-128,2,-2,3,98702,2360,7385,505,0xf,False,0x0
1783864079.648,186,186,39172,3,1,21418,19,-41,-72,-2,4,0,98710,2360,7385,499,0xf,False,0x0
1783864079.880,187,187,39404,3,1,21359,31,30,-107,1,3,4,98718,2361,7385,495,0xf,False,0x0
1783864080.081,188,188,39605,3,1,21303,-50,-40,-51,2,0,-2,98726,2361,7385,483,0xf,False,0x0
1783864080.303,189,189,39827,3,1,21238,3,1,-63,5,4,-1,98734,2361,7385,483,0xf,False,0x0
1783864080.761,191,191,40285,3,1,21111,-22,-40,-111,-3,-1,2,98751,2362,7384,492,0xf,False,0x0
1783864080.962,192,192,40486,3,1,21048,-35,13,-70,4,3,-3,98759,2363,7384,494,0xf,False,0x0
1783864081.221,193,193,40745,3,1,20944,-16,21,-96,-3,-3,-3,98769,2363,7384,518,0xf,False,0x0
1783864081.422,194,194,40946,3,1,20892,7,-38,-148,0,-4,2,98776,2364,7384,486,0xf,False,0x0
1783864081.667,195,195,41191,3,1,20806,-22,-52,-138,-1,-2,-2,98786,2364,7384,495,0xf,False,0x0
1783864081.867,196,196,41391,3,1,20738,-23,-18,-100,1,0,-1,98793,2365,7384,496,0xf,False,0x0
1783864082.320,198,198,41844,3,1,20617,-19,-8,-100,-3,2,3,98810,2366,7384,499,0xf,False,0x0
1783864082.588,199,199,42111,3,1,20532,-36,32,-123,3,-2,4,98821,2366,7384,520,0xf,False,0x0
1783864082.788,200,200,42312,3,1,20463,32,21,-41,0,0,3,98828,2367,7384,486,0xf,False,0x0
1783864083.060,201,201,42584,3,1,20367,-34,-29,-49,0,0,-3,98839,2367,7383,497,0xf,False,0x0
1783864083.260,202,202,42784,3,1,20327,49,31,-130,-5,4,2,98847,2367,7383,484,0xf,False,0x0
1783864083.701,204,204,43225,3,1,20181,27,53,-94,1,-5,-5,98864,2368,7383,515,0xf,False,0x0
1783864083.955,205,205,43479,3,1,20086,-19,49,-116,-3,-1,3,98874,2369,7383,480,0xf,False,0x0
1783864084.156,206,206,43680,3,1,20023,-38,15,-85,-4,-3,-2,98881,2369,7383,480,0xf,False,0x0
1783864084.411,207,207,43935,3,1,19954,9,41,-57,4,4,-5,98891,2370,7383,501,0xf,False,0x0
1783864084.611,208,208,44135,3,1,19872,31,23,-68,-4,-5,1,98899,2370,7383,480,0xf,False,0x0
1783864084.859,209,209,44383,3,1,19790,15,25,-96,1,2,1,98909,2371,7383,488,0xf,False,0x0
1783864085.060,210,210,44584,3,1,19740,-12,42,-85,3,-5,1,98917,2371,7383,515,0xf,False,0x0
1783864085.313,211,211,44837,3,1,19668,58,-26,-120,-2,-5,-2,98927,2372,7383,496,0xf,False,0x0
1783864085.514,212,212,45037,3,1,19575,57,-16,-122,3,5,-5,98935,2372,7382,505,0xf,False,0x0
1783864085.774,213,213,45298,3,1,19497,54,57,-65,4,-5,-4,98945,2373,7382,482,0xf,False,0x0
1783864085.974,214,214,45498,3,1,19419,43,-13,-82,0,5,2,98954,2373,7382,483,0xf,False,0x0
1783864086.218,215,215,45742,3,1,19343,45,-1,-82,1,5,-5,98963,2374,7382,496,0xf,False,0x0
1783864086.418,216,216,45942,3,1,19306,30,-35,-118,-3,0,-2,98971,2374,7382,485,0xf,False,0x0
1783864086.666,217,217,46190,3,1,19221,28,57,-119,5,2,5,98981,2375,7382,499,0xf,False,0x0
1783864086.866,218,218,46390,3,1,19145,-10,-17,-138,-1,-3,-1,98990,2375,7382,513,0xf,False,0x0
1783864087.103,219,219,46627,3,1,19047,20,-5,-157,-5,-3,-2,98999,2376,7382,516,0xf,False,0x0
1783864087.304,220,220,46828,3,1,18976,56,59,-38,5,-4,0,99007,2376,7382,487,0xf,False,0x0
1783864087.556,221,221,47080,3,1,18923,37,34,-58,3,2,-1,99018,2377,7382,505,0xf,False,0x0
1783864087.757,222,222,47281,3,1,18820,15,-42,-95,-3,5,5,99026,2377,7382,518,0xf,False,0x0
1783864088.022,223,223,47546,3,1,18733,20,-23,-51,0,-4,3,99037,2378,7381,507,0xf,False,0x0
1783864088.223,224,224,47747,3,1,18669,60,-33,-131,-3,-4,-1,99045,2378,7381,499,0xf,False,0x0
1783864088.486,225,225,48010,3,1,18593,41,0,-104,-2,-5,1,99056,2379,7381,512,0xf,False,0x0
1783864088.686,226,226,48210,3,1,18538,-12,45,-142,1,0,1,99064,2379,7381,497,0xf,False,0x0
1783864089.147,228,228,48671,3,1,18376,-24,22,-76,1,5,0,99084,2380,7381,504,0xf,False,0x0
1783864089.613,230,230,49136,3,1,18223,-43,-28,-135,-3,2,-1,99103,2381,7381,495,0xf,False,0x0
1783864089.858,231,231,49382,3,1,18103,-32,-1,-131,-5,-5,-3,99114,2382,7381,496,0xf,False,0x0
1783864090.059,232,232,49582,3,1,18033,-15,38,-58,1,1,-5,99122,2382,7381,511,0xf,False,0x0
1783864090.323,233,233,49847,3,1,17957,56,-15,-150,-1,2,4,99134,2383,7381,507,0xf,False,0x0
1783864090.523,234,234,50047,3,1,17868,-60,30,-58,1,0,5,99142,2383,7380,487,0xf,False,0x0
1783864090.781,235,235,50305,3,1,17808,-9,-28,-113,-4,2,-4,99153,2384,7380,513,0xf,False,0x0
1783864090.982,236,236,50506,3,1,17735,30,-26,-69,1,2,-1,99162,2384,7380,482,0xf,False,0x0
1783864091.231,237,237,50755,3,1,17640,29,-22,-88,3,-3,4,99173,2385,7380,491,0xf,False,0x0
1783864091.432,238,238,50956,3,1,17580,-39,-40,-143,-3,3,3,99182,2385,7380,509,0xf,False,0x0
1783864091.684,239,239,51208,3,1,17461,-15,-40,-61,-2,-4,-4,99192,2386,7380,506,0xf,False,0x0
1783864092.151,241,241,51675,3,1,17298,13,42,-83,1,4,-4,99213,2387,7380,511,0xf,False,0x0
1783864092.351,242,242,51875,3,1,17253,59,-59,-70,-3,3,4,99222,2387,7380,493,0xf,False,0x0
1783864092.627,243,243,52151,3,1,17131,23,53,-41,0,-1,-5,99234,2388,7380,488,0xf,False,0x0
1783864092.828,244,244,52352,3,1,17049,6,-47,-34,1,1,-1,99243,2389,7380,481,0xf,False,0x0
1783864093.087,245,245,52611,3,1,16958,1,-32,-77,-3,3,4,99255,2389,7379,484,0xf,False,0x0
1783864093.288,246,246,52812,3,1,16872,-25,49,-37,-4,5,-4,99264,2390,7379,482,0xf,False,0x0
1783864093.561,247,247,53085,3,1,16801,-34,-44,-115,-5,-3,2,99276,2390,7379,501,0xf,False,0x0
1783864093.761,248,248,53285,3,1,16708,-2,48,-120,4,0,5,99285,2391,7379,495,0xf,False,0x0
1783864094.044,249,249,53568,3,1,16592,17,57,-69,-1,-4,-4,99298,2392,7379,506,0xf,False,0x0
1783864094.244,250,250,53768,3,1,16535,-45,55,-72,-4,5,-5,99307,2392,7379,491,0xf,False,0x0
1783864094.506,251,251,54030,3,1,16425,-39,-15,-70,0,4,4,99319,2393,7379,503,0xf,False,0x0
1783864094.707,252,252,54231,3,1,16370,-31,-58,-124,-3,5,4,99328,2393,7379,491,0xf,False,0x0
1783864094.973,253,253,54497,3,1,16252,52,22,-57,4,0,-4,99341,2394,7379,494,0xf,False,0x0
1783864095.173,254,254,54697,3,1,16171,-44,25,-77,0,3,-2,99350,2394,7379,513,0xf,False,0x0
1783864095.413,255,255,54937,3,1,16078,-35,-25,-131,-2,-1,-2,99361,2395,7379,505,0xf,False,0x0
1783864095.614,256,256,55138,3,1,16028,49,-21,-77,5,-1,-2,99371,2395,7378,517,0xf,False,0x0
1783864095.874,257,257,55398,3,1,15922,-32,52,-53,-4,-1,1,99383,2396,7378,491,0xf,False,0x0
1783864096.075,258,258,55598,3,1,15838,-17,4,-87,-1,4,-5,99392,2397,7378,509,0xf,False,0x0
1783864096.321,259,259,55845,3,1,15726,-58,10,-53,-4,2,3,99404,2397,7378,489,0xf,False,0x0
1783864096.522,260,260,56046,3,1,15678,29,33,-61,0,5,3,99414,2398,7378,508,0xf,False,0x0
1783864096.763,261,261,56287,3,1,15565,-1,-1,-46,-4,5,0,99425,2398,7378,483,0xf,False,0x0
1783864096.963,262,262,56487,3,1,15491,11,6,-115,3,-1,3,99435,2399,7378,499,0xf,False,0x0
1783864097.197,263,263,56721,3,1,15408,-9,55,-140,4,-2,1,99446,2399,7378,498,0xf,False,0x0
1783864097.398,264,264,56922,3,1,15305,-57,48,-88,-5,-2,0,99456,2400,7378,489,0xf,False,0x0
1783864097.639,265,265,57162,3,1,15220,-14,29,-69,-3,4,3,99468,2401,7378,496,0xf,False,0x0
1783864097.839,266,266,57363,3,1,15145,2,56,-83,-5,0,3,99478,2401,7378,507,0xf,False,0x0
1783864098.083,267,267,57607,3,1,15037,-52,2,-68,-4,5,-4,99490,2402,7377,497,0xf,False,0x0
1783864098.283,268,268,57807,3,1,14973,50,3,-157,-2,-4,-5,99500,2402,7377,500,0xf,False,0x0
1783864098.592,269,269,58116,3,1,14847,-23,17,-89,4,2,-1,99515,2403,7377,517,0xf,False,0x0
1783864098.792,270,270,58316,3,1,14739,17,-47,-65,3,-1,5,99525,2404,7377,490,0xf,False,0x0
1783864099.030,271,271,58554,3,1,14643,1,-55,-61,-5,0,5,99537,2404,7377,513,0xf,False,0x0
1783864099.230,272,272,58754,3,1,14556,56,-1,-65,0,4,-2,99547,2405,7377,504,0xf,False,0x0
1783864099.507,273,273,59031,3,1,14452,-24,-50,-56,2,-1,2,99561,2406,7377,485,0xf,False,0x0
1783864099.708,274,274,59232,3,1,14351,2,15,-106,2,1,-5,99572,2406,7377,519,0xf,False,0x0
1783864099.968,275,275,59492,3,1,14257,-25,-5,-59,2,4,-2,99585,2407,7377,507,0xf,False,0x0
1783864100.169,276,276,59692,3,1,14163,-50,-32,-122,2,-1,-1,99595,2407,7377,498,0xf,False,0x0
1783864100.431,277,277,59954,3,1,14060,33,51,-75,4,5,1,99609,2408,7377,516,0xf,False,0x0
1783864100.631,278,278,60155,3,1,13965,20,-46,-61,0,-2,3,99620,2409,7376,488,0xf,False,0x0
1783864100.888,279,279,60412,3,1,13852,45,40,-102,2,-5,-1,99633,2409,7376,483,0xf,False,0x0
1783864101.088,280,280,60612,3,1,13789,23,21,-82,-3,2,4,99644,2410,7376,487,0xf,False,0x0
1783864101.344,281,281,60868,3,1,13645,50,-42,-91,3,-1,1,99657,2411,7376,488,0xf,False,0x0
1783864101.545,282,282,61069,3,1,13582,-22,20,-96,3,-3,4,99668,2411,7376,495,0xf,False,0x0
1783864101.816,283,283,61340,3,1,13464,47,-28,-106,-2,4,3,99683,2412,7376,488,0xf,False,0x0
1783864102.016,284,284,61540,3,1,13353,8,51,-100,1,1,4,99694,2413,7376,500,0xf,False,0x0
1783864102.260,285,285,61783,3,1,13272,41,35,-109,-1,-3,2,99707,2413,7376,507,0xf,False,0x0
1783864102.460,286,286,61984,3,1,13184,-34,20,-98,5,-3,5,99718,2414,7376,494,0xf,False,0x0
1783864102.757,287,287,62281,3,1,13026,-10,-58,-96,3,3,3,99734,2415,7376,484,0xf,False,0x0
1783864103.207,289,289,62731,3,1,12812,34,-16,-131,2,-2,-5,99760,2416,7375,484,0xf,False,0x0
1783864103.407,290,290,62931,3,1,12727,29,50,-115,5,4,3,99771,2417,7375,505,0xf,False,0x0
1783864103.683,291,291,63207,3,1,12599,23,55,-79,-2,1,1,99787,2418,7375,510,0xf,False,0x0
1783864103.884,292,292,63408,3,1,12522,-45,-12,-38,-1,2,-2,99798,2418,7375,510,0xf,False,0x0
1783864104.317,294,294,63841,3,1,12312,13,-37,-109,-5,3,-4,99823,2420,7375,487,0xf,False,0x0
1783864104.619,295,295,64143,3,1,12139,57,-6,-79,3,3,-1,99841,2420,7375,485,0xf,False,0x0
1783864104.820,296,296,64344,3,1,12062,42,48,-62,1,0,-1,99853,2421,7375,507,0xf,False,0x0
1783864105.074,297,297,64598,3,1,11949,-9,19,-83,-1,5,-2,99868,2422,7375,498,0xf,False,0x0
1783864105.275,298,298,64799,3,1,11849,60,-12,-95,0,2,-2,99880,2423,7375,499,0xf,False,0x0
1783864105.534,299,299,65058,3,1,11713,-49,-32,-151,2,1,-5,99896,2423,7374,507,0xf,False,0x0
1783864105.986,301,301,65510,3,1,11489,-22,-4,-77,3,4,0,99923,2425,7374,491,0xf,False,0x0
1783864106.187,302,302,65710,3,1,11399,-58,34,-55,3,-5,4,99936,2426,7374,480,0xf,False,0x0
1783864106.462,303,303,65986,3,1,11228,0,41,-58,-5,-4,-5,99953,2426,7374,496,0xf,False,0x0
1783864106.663,304,304,66187,3,1,11123,-21,-3,-83,1,2,0,99966,2427,7374,500,0xf,False,0x0
1783864106.925,305,305,66449,3,1,10989,20,-16,-103,-5,1,-5,99982,2428,7374,493,0xf,False,0x0
1783864107.125,306,306,66649,3,1,10913,-42,-30,-45,-4,-4,-5,99995,2429,7374,497,0xf,False,0x0
1783864107.389,307,307,66913,3,1,10771,-31,-2,-141,5,-3,-5,100012,2430,7374,495,0xf,False,0x0
1783864107.589,308,308,67113,3,1,10661,25,-2,-70,0,2,4,100025,2430,7374,487,0xf,False,0x0
1783864107.848,309,309,67372,3,1,10496,8,41,-136,-2,4,2,100042,2431,7374,488,0xf,False,0x0
1783864108.048,310,310,67572,3,1,10401,-22,-33,-85,1,2,5,100056,2432,7373,507,0xf,False,0x0
1783864108.306,311,311,67830,3,1,10255,-17,-50,-153,5,4,-2,100073,2433,7373,504,0xf,False,0x0
1783864108.506,312,312,68030,3,1,10131,39,-22,-131,4,-1,-1,100087,2434,7373,508,0xf,False,0x0
1783864108.774,313,313,68298,3,1,10007,-55,-24,-123,-1,0,-2,100105,2435,7373,488,0xf,False,0x0
1783864108.975,314,314,68499,3,1,9895,-26,-47,-50,-4,-2,-4,100119,2435,7373,517,0xf,False,0x0
1783864109.226,315,315,68750,3,1,9749,35,-8,-63,5,-4,-4,100137,2436,7373,511,0xf,False,0x0
1783864109.427,316,316,68951,3,1,9607,-42,6,-83,-3,3,-4,100151,2437,7373,490,0xf,False,0x0
1783864109.677,317,317,69201,3,1,9474,-25,-59,-127,5,-3,-2,100169,2438,7373,511,0xf,False,0x0
1783864109.877,318,318,69401,3,1,9364,-54,12,-114,-2,-3,1,100183,2439,7373,515,0xf,False,0x0
1783864110.124,319,319,69648,3,1,9207,38,-49,-38,2,1,5,100202,2440,7373,497,0xf,False,0x0
1783864110.559,321,321,70083,3,1,8938,40,-43,-71,1,2,3,100234,2441,7372,492,0xf,False,0x0
1783864110.759,322,322,70283,3,1,8798,1,44,-99,-2,-4,4,100249,2442,7372,502,0xf,False,0x0
1783864111.009,323,323,70533,3,1,8657,-41,3,-86,-2,2,-1,100269,2443,7372,508,0xf,False,0x0
1783864111.209,324,324,70733,3,1,8537,42,-41,-117,-4,4,-2,100284,2444,7372,518,0xf,False,0x0
1783864111.472,325,325,70996,3,1,8356,-10,-31,-57,-5,5,-2,100305,2445,7372,496,0xf,False,0x0
1783864111.673,326,326,71197,3,1,8230,-54,-4,-74,-5,4,-1,100321,2446,7372,507,0xf,False,0x0
1783864111.918,327,327,71442,3,1,8065,-44,52,-125,-4,0,-4,100341,2447,7372,519,0xf,False,0x0
1783864112.119,328,328,71643,3,1,7916,25,13,-77,2,2,2,100358,2448,7372,505,0xf,False,0x0
1783864112.374,329,329,71898,3,1,7764,-11,-54,-126,1,5,1,100380,2449,7372,481,0xf,False,0x0
1783864112.575,330,330,72099,3,1,7588,-47,-43,-31,3,-4,4,100397,2450,7372,513,0xf,False,0x0
1783864113.290,333,333,72814,3,1,7062,20,30,-140,-4,-1,-1,100460,2453,7371,491,0xf,False,0x0
1783864113.490,334,334,73014,3,1,6942,28,43,-140,-5,0,4,100479,2454,7371,503,0xf,False,0x0
1783864113.751,335,335,73275,3,1,6721,-51,54,-112,3,-2,1,100504,2456,7371,487,0xf,False,0x0
1783864113.951,336,336,73475,3,1,6589,-13,29,-149,-2,5,5,100523,2457,7371,497,0xf,False,0x0
1783864114.183,337,337,73707,3,1,6395,5,-8,-124,-2,-2,3,100546,2458,7371,509,0xf,False,0x0
1783864114.383,338,338,73907,3,1,6206,2,5,-140,-5,0,1,100566,2459,7371,520,0xf,False,0x0
1783864114.631,339,339,74155,3,1,5990,8,32,-133,-1,2,0,100592,2460,7371,490,0xf,False,0x0
1783864114.832,340,340,74355,3,1,5823,-4,15,-53,0,2,-1,100613,2462,7371,498,0xf,False,0x0
1783864115.109,341,341,74633,3,1,5586,8,6,-83,3,3,-4,100643,2463,7371,488,0xf,False,0x0
1783864115.309,342,342,74833,3,1,5387,-32,54,-144,0,-5,3,100666,2464,7371,482,0xf,False,0x0
1783864115.559,343,343,75083,3,1,5147,-55,58,-37,-2,-5,2,100695,2466,7370,501,0xf,False,0x0
1783864115.759,344,344,75283,3,1,4945,50,51,-71,4,-1,-5,100719,2467,7370,492,0xf,False,0x0
1783864116.033,345,345,75557,3,1,4700,57,-26,-142,4,2,1,100753,2469,7370,494,0xf,False,0x0
1783864116.233,346,346,75757,3,1,4475,3,56,-137,-4,-3,-2,100780,2470,7370,519,0xf,False,0x0
1783864116.537,347,347,76061,3,1,4113,-28,-29,965,-2,4,0,100822,2473,7370,519,0xf,False,0x0
1783864116.737,348,348,76261,3,1,3901,-30,49,1096,5,0,-1,100851,2474,7370,500,0xf,False,0x0
1783864117.000,349,349,76524,3,1,3556,52,-40,929,5,4,4,100892,2476,7370,514,0xf,False,0x0
1783864117.201,350,350,76725,3,1,3276,-48,35,986,0,-3,-4,100925,2478,7370,492,0xf,False,0x0
1783864117.463,351,351,76987,3,1,2871,-60,29,949,-3,-4,4,100973,2481,7370,481,0xf,False,0x0
1783864117.664,352,352,77188,3,1,2540,15,-4,934,1,-5,4,101013,2483,7370,486,0xf,False,0x0
1783864117.908,353,353,77432,3,1,2098,0,-8,1081,3,-3,-1,101069,2486,7370,507,0xf,False,0x0
1783864118.109,354,354,77633,3,1,1636,16,-51,1048,3,2,4,101123,2489,7369,488,0xf,False,0x0
1783864118.349,355,355,77873,3,1,910,-54,50,1040,4,-2,-5,101213,2494,7369,517,0xf,False,0x0
1783864118.550,356,356,78074,4,1,-13,-44,-10,1011,-3,-5,-5,101325,2500,7369,483,0xf,False,0x0
1783864118.800,357,357,78324,4,1,-18,33,-19,901,5,-2,-1,101325,2500,7369,490,0xf,False,0x0
1783864119.001,358,358,78525,4,1,-6,25,16,1002,1,-4,-2,101325,2500,7369,512,0xf,False,0x0
1783864119.250,359,359,78774,4,1,1,28,36,857,1,-3,-4,101325,2500,7369,504,0xf,False,0x0
1783864119.450,360,360,78974,4,1,-19,0,18,903,4,3,3,101325,2500,7369,514,0xf,False,0x0
1783864119.675,361,361,79198,4,1,-7,-52,-55,892,-5,-5,-2,101325,2500,7369,520,0xf,False,0x0
1783864119.875,362,362,79399,4,1,-17,-5,-44,1005,1,-2,0,101325,2500,7369,502,0xf,False,0x0
1783864120.115,363,363,79638,4,1,-14,30,29,1000,3,-3,-1,101325,2500,7369,487,0xf,False,0x0
1783864120.315,364,364,79839,4,1,5,-56,-50,903,1,3,5,101325,2500,7369,503,0xf,False,0x0
1783864120.548,365,365,80072,4,1,-17,-41,-29,1009,2,0,2,101325,2500,7368,486,0xf,False,0x0
1783864120.749,366,366,80273,4,1,11,-21,31,960,2,5,-3,101325,2500,7368,482,0xf,False,0x0
1783864120.994,367,367,80518,4,1,16,-7,8,1024,2,-1,4,101325,2500,7368,512,0xf,False,0x0
1783864121.195,368,368,80718,4,1,12,-30,-7,880,-1,-3,0,101325,2500,7368,517,0xf,False,0x0
1783864121.429,369,369,80953,4,1,20,27,-9,974,5,0,3,101325,2500,7368,486,0xf,False,0x0
1783864121.629,370,370,81153,4,1,18,-23,3,894,3,-1,5,101325,2500,7368,514,0xf,False,0x0
1783864121.841,371,371,81365,4,1,-13,8,-55,1028,3,5,-3,101325,2500,7368,507,0xf,False,0x0
1783864122.041,372,372,81565,4,1,-13,6,-19,1091,2,5,-3,101325,2500,7368,489,0xf,False,0x0
1783864122.274,373,373,81798,4,1,14,-2,-22,1033,-1,-5,3,101325,2500,7368,520,0xf,False,0x0
1783864122.474,374,374,81998,4,1,-5,20,-8,1002,-1,-5,-2,101325,2500,7368,519,0xf,False,0x0
1783864122.710,375,375,82234,4,1,11,15,-55,1119,0,1,5,101325,2500,7368,485,0xf,False,0x0
1783864122.911,376,376,82435,4,1,5,47,25,948,5,5,5,101325,2500,7368,494,0xf,False,0x0
1783864123.156,377,377,82680,4,1,-20,40,-58,1005,5,-2,-3,101325,2500,7367,482,0xf,False,0x0
1783864123.357,378,378,82881,4,1,8,-59,55,1041,5,5,0,101325,2500,7367,497,0xf,False,0x0
1783864123.576,379,379,83100,4,1,-7,-19,14,849,5,-5,1,101325,2500,7367,508,0xf,False,0x0
1783864123.776,380,380,83300,4,1,-8,23,-39,923,-5,2,2,101325,2500,7367,516,0xf,False,0x0
1783864123.997,381,381,83521,4,1,19,5,-17,956,-4,4,2,101325,2500,7367,504,0xf,False,0x0
1783864124.198,382,382,83721,4,1,9,11,-4,1095,-4,-3,-1,101325,2500,7367,492,0xf,False,0x0
1783864124.417,383,383,83941,4,1,-2,53,-26,1029,-2,-3,-4,101325,2500,7367,487,0xf,False,0x0
1783864124.617,384,384,84141,4,1,20,-21,-17,908,-4,1,-5,101325,2500,7367,493,0xf,False,0x0
1783864124.880,385,385,84404,4,1,-5,45,-48,962,2,0,2,101325,2500,7367,510,0xf,False,0x0
1783864125.080,386,386,84604,4,1,4,-46,22,850,5,-1,2,101325,2500,7367,514,0xf,False,0x0
1783864125.346,387,387,84870,4,1,-20,56,1,836,4,-3,-4,101325,2500,7367,494,0xf,False,0x0
1783864125.547,388,388,85071,4,1,10,10,-54,990,-4,-2,-3,101325,2500,7366,503,0xf,False,0x0
1783864125.799,389,389,85323,4,1,-3,22,51,996,2,2,0,101325,2500,7366,483,0xf,False,0x0
1783864125.999,390,390,85523,4,1,-11,-59,18,1102,-4,5,3,101325,2500,7366,481,0xf,False,0x0
1783864126.256,391,391,85780,4,1,4,13,48,964,2,-5,-2,101325,2500,7366,508,0xf,False,0x0
1783864126.457,392,392,85981,4,1,17,54,-24,935,2,1,-2,101325,2500,7366,496,0xf,False,0x0
1783864126.691,393,393,86215,4,1,-8,4,7,1012,-5,0,-3,101325,2500,7366,496,0xf,False,0x0
1783864126.891,394,394,86415,4,1,-18,31,-17,883,3,-2,2,101325,2500,7366,492,0xf,False,0x0
1783864127.134,395,395,86658,4,1,17,-30,-40,999,2,5,-4,101325,2500,7366,519,0xf,False,0x0
1783864127.334,396,396,86858,4,1,10,6,48,1024,1,-3,-1,101325,2500,7366,516,0xf,False,0x0
1783864127.587,397,397,87111,4,1,-14,-27,-29,914,5,-1,-1,101325,2500,7366,484,0xf,False,0x0
1783864127.788,398,398,87311,4,1,13,-31,41,1152,-4,2,-5,101325,2500,7366,520,0xf,False,0x0
1783864128.025,399,399,87549,4,1,0,59,32,935,4,-1,2,101325,2500,7365,503,0xf,False,0x0
1783864128.225,400,400,87749,4,1,-12,3,32,983,-5,3,1,101325,2500,7365,498,0xf,False,0x0
1783864128.455,401,401,87979,4,1,1,-37,5,974,-1,1,-3,101325,2500,7365,504,0xf,False,0x0
1783864128.655,402,402,88179,4,1,-7,22,-3,1130,4,0,-2,101325,2500,7365,501,0xf,False,0x0
1783864128.893,403,403,88417,4,1,-1,54,-18,1096,1,1,3,101325,2500,7365,507,0xf,False,0x0
1783864129.094,404,404,88618,4,1,-5,-15,-13,1030,-3,0,5,101325,2500,7365,480,0xf,False,0x0
1783864129.353,405,405,88876,4,1,-5,7,21,989,-4,-4,4,101325,2500,7365,484,0xf,False,0x0
1783864129.553,406,406,89077,4,1,14,-21,1,1079,-5,3,3,101325,2500,7365,517,0xf,False,0x0
1783864129.808,407,407,89332,4,1,15,-8,-39,888,2,-3,-1,101325,2500,7365,512,0xf,False,0x0
1783864130.008,408,408,89532,4,1,4,6,-19,940,4,-4,-5,101325,2500,7365,488,0xf,False,0x0
1783864130.474,410,410,89997,4,1,-3,56,56,1054,1,-2,4,101325,2500,7365,515,0xf,False,0x0
1783864130.718,411,411,90242,4,1,1,-43,31,1021,-2,2,0,101325,2500,7364,508,0xf,False,0x0
1783864130.919,412,412,90443,4,1,-8,29,38,881,0,-5,-4,101325,2500,7364,497,0xf,False,0x0
1783864131.174,413,413,90698,4,1,-18,25,15,947,1,-4,5,101325,2500,7364,481,0xf,False,0x0
1783864131.374,414,414,90898,4,1,-12,1,37,983,0,1,-2,101325,2500,7364,482,0xf,False,0x0
1783864131.623,415,415,91147,4,1,-10,48,41,899,-4,1,-4,101325,2500,7364,519,0xf,False,0x0
1783864131.824,416,416,91348,4,1,0,57,32,905,4,5,-1,101325,2500,7364,502,0xf,False,0x0
1783864132.070,417,417,91594,4,1,6,21,-44,933,3,2,2,101325,2500,7364,501,0xf,False,0x0
1783864132.271,418,418,91794,4,1,-2,17,37,1165,-2,-4,5,101325,2500,7364,505,0xf,False,0x0
1783864132.525,419,419,92049,4,1,-3,-4,5,997,-5,-2,4,101325,2500,7364,495,0xf,False,0x0
1783864132.726,420,420,92250,4,1,-9,-54,44,967,-3,4,-5,101325,2500,7364,499,0xf,False,0x0
1783864132.956,421,421,92480,4,1,-19,8,-36,1019,-5,2,-5,101325,2500,7364,486,0xf,False,0x0
1783864133.157,422,422,92681,4,1,3,-43,48,1012,3,-1,5,101325,2500,7363,486,0xf,False,0x0
1783864133.385,423,423,92909,4,1,19,16,-27,1035,2,1,-4,101325,2500,7363,509,0xf,False,0x0
1783864133.585,424,424,93109,4,1,-2,-27,-43,1162,-2,5,3,101325,2500,7363,498,0xf,False,0x0
1783864133.817,425,425,93341,4,1,19,27,31,1012,4,-3,0,101325,2500,7363,495,0xf,False,0x0
1783864134.018,426,426,93542,4,1,-4,-11,21,856,0,-5,0,101325,2500,7363,506,0xf,False,0x0
1783864134.282,427,427,93806,4,1,17,11,-5,997,5,3,1,101325,2500,7363,493,0xf,False,0x0
1783864134.483,428,428,94007,4,1,-19,18,26,1055,3,-2,-3,101325,2500,7363,511,0xf,False,0x0
1783864134.712,429,429,94236,4,1,20,-22,-46,940,2,3,3,101325,2500,7363,489,0xf,False,0x0
1783864134.913,430,430,94436,4,1,-11,-28,23,954,1,0,-2,101325,2500,7363,491,0xf,False,0x0
1783864135.131,431,431,94655,4,1,7,-50,37,1128,0,-2,-1,101325,2500,7363,490,0xf,False,0x0
1783864135.334,432,432,94858,4,1,14,8,-50,1005,-4,-1,3,101325,2500,7363,498,0xf,False,0x0
1783864135.534,433,433,95058,4,1,0,-42,-31,1042,3,5,2,101325,2500,7362,488,0xf,False,0x0
1783864136.148,436,436,95672,4,1,11,53,-33,1029,5,-3,-2,101325,2500,7362,499,0xf,False,0x0
1783864136.349,437,437,95873,4,1,-5,-7,40,1019,5,-5,5,101325,2500,7362,480,0xf,False,0x0
1783864136.635,438,438,96158,4,1,14,-36,32,1109,-5,-5,1,101325,2500,7362,508,0xf,False,0x0
1783864136.835,439,439,96359,4,1,-15,18,-10,1003,4,-3,-3,101325,2500,7362,484,0xf,False,0x0
1783864137.121,440,440,96645,4,1,-1,24,-60,1005,3,-4,5,101325,2500,7362,506,0xf,False,0x0
1783864137.322,441,441,96845,4,1,4,15,42,966,3,3,0,101325,2500,7362,515,0xf,False,0x0
1783864137.578,442,442,97102,4,1,-11,60,42,964,3,-5,-5,101325,2500,7362,509,0xf,False,0x0
1783864137.779,443,443,97303,4,1,7,-12,57,970,-4,-4,-5,101325,2500,7362,482,0xf,False,0x0
1783864138.059,444,444,97583,4,1,-15,39,21,871,0,1,1,101325,2500,7361,494,0xf,False,0x0
1783864138.260,445,445,97784,4,1,-1,-30,-29,977,0,1,-4,101325,2500,7361,490,0xf,False,0x0
1783864138.526,446,446,98050,4,1,-20,6,50,1084,-3,5,0,101325,2500,7361,513,0xf,False,0x0
1783864138.726,447,447,98250,4,1,-15,-34,-51,1052,2,0,-1,101325,2500,7361,494,0xf,False,0x0
1783864138.968,448,448,98492,4,1,-12,8,44,925,3,3,-2,101325,2500,7361,505,0xf,False,0x0
1783864139.168,449,449,98692,4,1,1,-8,-38,965,-1,-1,2,101325,2500,7361,494,0xf,False,0x0
1783864139.429,450,450,98953,4,1,-19,10,-53,964,2,-2,-3,101325,2500,7361,489,0xf,False,0x0
1783864139.630,451,451,99154,4,1,4,8,53,942,5,0,-2,101325,2500,7361,493,0xf,False,0x0
1783864139.877,452,452,99401,4,1,-18,57,22,994,-5,2,5,101325,2500,7361,482,0xf,False,0x0
1783864140.078,453,453,99602,4,1,-3,-44,39,946,3,-5,-5,101325,2500,7361,482,0xf,False,0x0
1783864140.337,454,454,99861,4,1,20,-22,-25,989,4,5,0,101325,2500,7361,489,0xf,False,0x0
1783864140.538,455,455,100062,4,1,12,43,-35,1060,0,5,-1,101325,2500,7360,487,0xf,False,0x0
1783864140.833,456,456,100357,4,1,0,-41,-5,1095,-3,1,0,101325,2500,7360,500,0xf,False,0x0
1783864141.034,457,457,100558,4,1,-8,58,17,1055,-5,1,-3,101325,2500,7360,504,0xf,False,0x0
1783864141.310,458,458,100833,4,1,-14,-19,53,1042,-3,0,2,101325,2500,7360,503,0xf,False,0x0
1783864141.510,459,459,101034,4,1,20,-36,-47,855,-1,0,1,101325,2500,7360,500,0xf,False,0x0
1783864141.799,460,460,101323,4,1,-12,-26,-50,995,-3,-4,3,101325,2500,7360,520,0xf,False,0x0
1783864142.000,461,461,101524,4,1,-20,9,-31,950,3,0,-5,101325,2500,7360,481,0xf,False,0x0
1783864142.252,462,462,101776,4,1,19,33,-60,1118,4,-2,-2,101325,2500,7360,492,0xf,False,0x0
1783864142.453,463,463,101977,4,1,-17,31,-46,1091,2,-5,4,101325,2500,7360,489,0xf,False,0x0
1783864142.734,464,464,102258,4,1,7,18,55,1109,5,0,1,101325,2500,7360,510,0xf,False,0x0
1783864142.942,465,465,102466,4,1,20,-37,-6,954,-5,3,-5,101325,2500,7360,485,0xf,False,0x0
1783864143.143,466,466,102667,4,1,11,1,-36,1103,-2,-1,-5,101325,2500,7359,510,0xf,False,0x0
1783864143.544,468,468,103068,4,1,15,-9,-14,926,1,5,-2,101325,2500,7359,514,0xf,False,0x0
1783864143.782,469,469,103306,4,1,8,-34,37,1025,-4,-5,5,101325,2500,7359,509,0xf,False,0x0
1783864143.982,470,470,103506,4,1,7,2,-24,974,-3,-1,5,101325,2500,7359,504,0xf,False,0x0
1783864144.248,471,471,103772,4,1,5,-51,57,1008,2,-2,4,101325,2500,7359,508,0xf,False,0x0
1783864144.449,472,472,103973,4,1,1,16,29,894,-5,-3,-3,101325,2500,7359,514,0xf,False,0x0
1783864144.728,473,473,104252,4,1,-14,36,-7,1018,3,-5,-2,101325,2500,7359,514,0xf,False,0x0
1783864144.929,474,474,104453,4,1,19,-1,33,1082,-5,2,2,101325,2500,7359,496,0xf,False,0x0
1783864145.209,475,475,104733,4,1,3,-46,-22,1115,-4,-2,-3,101325,2500,7359,504,0xf,False,0x0
1783864145.410,476,476,104934,4,1,-7,-51,8,1054,-4,-2,2,101325,2500,7359,520,0xf,False,0x0
1783864145.681,477,477,105205,4,1,-13,9,11,830,1,-1,0,101325,2500,7358,484,0xf,False,0x0
1783864145.882,478,478,105406,4,1,20,-53,58,971,4,0,4,101325,2500,7358,508,0xf,False,0x0
1783864146.174,479,479,105697,4,1,10,20,-42,1030,-1,-2,1,101325,2500,7358,509,0xf,False,0x0
1783864146.374,480,480,105898,4,1,-2,0,-58,1066,0,4,4,101325,2500,7358,505,0xf,False,0x0
1783864146.685,481,481,106208,4,1,19,-57,50,942,-2,-1,-1,101325,2500,7358,499,0xf,False,0x0
1783864146.885,482,482,106409,4,1,5,-55,16,1055,5,1,-3,101325,2500,7358,504,0xf,False,0x0
1783864147.169,483,483,106693,4,1,13,-26,0,1023,1,4,4,101325,2500,7358,512,0xf,False,0x0
1783864147.370,484,484,106893,4,1,-12,48,-54,1094,4,4,-1,101325,2500,7358,485,0xf,False,0x0
1783864147.637,485,485,107161,4,1,14,-41,-4,960,-4,-5,1,101325,2500,7358,496,0xf,False,0x0
1783864147.838,486,486,107362,4,1,11,43,16,1021,3,-2,3,101325,2500,7358,500,0xf,False,0x0
1783864148.093,487,487,107617,4,1,-2,52,-15,864,-4,-4,-1,101325,2500,7357,493,0xf,False,0x0
1783864148.293,488,488,107817,4,1,-13,21,-8,1086,0,-4,-1,101325,2500,7357,517,0xf,False,0x0
1783864148.544,489,489,108067,4,1,-14,22,45,1116,-5,4,2,101325,2500,7357,490,0xf,False,0x0
1783864148.745,490,490,108269,4,1,-3,-16,41,924,-4,-2,3,101325,2500,7357,515,0xf,False,0x0
1783864148.995,491,491,108519,4,1,-15,-6,17,1148,1,-2,1,101325,2500,7357,501,0xf,False,0x0
1783864149.646,494,494,109170,4,1,-17,-32,52,1069,4,1,2,101325,2500,7357,484,0xf,False,0x0
1783864149.932,495,495,109455,4,1,1,37,-54,1093,-5,-3,-1,101325,2500,7357,484,0xf,False,0x0
1783864150.132,496,496,109656,4,1,3,-7,2,1074,-1,3,4,101325,2500,7357,490,0xf,False,0x0
1783864150.403,497,497,109927,4,1,13,-33,56,1048,4,-4,1,101325,2500,7357,513,0xf,False,0x0
1783864150.603,498,498,110127,4,1,8,-31,-4,1103,0,4,4,101325,2500,7356,513,0xf,False,0x0
1783864150.866,499,499,110390,4,1,11,39,-47,971,-3,-4,1,101325,2500,7356,485,0xf,False,0x0
1783864151.066,500,500,110590,4,1,-17,29,49,953,-2,-2,3,101325,2500,7356,513,0xf,False,0x0
1783864151.329,501,501,110853,4,1,5,32,-7,940,3,2,-1,101325,2500,7356,501,0xf,False,0x0
1783864151.529,502,502,111053,4,1,-19,45,-8,1098,2,-1,-3,101325,2500,7356,513,0xf,False,0x0
1783864151.826,503,503,111350,4,1,-19,-8,-45,902,-3,-2,-5,101325,2500,7356,481,0xf,False,0x0
1783864152.027,504,504,111551,4,1,0,31,-29,930,-2,3,-3,101325,2500,7356,505,0xf,False,0x0
1783864152.298,505,505,111822,4,1,20,41,-12,964,-3,-4,-1,101325,2500,7356,519,0xf,False,0x0
1783864152.498,506,506,112022,4,1,1,-36,5,905,-4,1,-1,101325,2500,7356,520,0xf,False,0x0
1783864152.787,507,507,112311,4,1,-18,11,27,1011,4,4,-4,101325,2500,7356,514,0xf,False,0x0
1783864152.988,508,508,112512,4,1,18,-7,-34,1051,5,-3,-4,101325,2500,7355,520,0xf,False,0x0
1783864153.245,509,509,112769,4,1,-10,-60,-13,1091,4,-5,1,101325,2500,7355,481,0xf,False,0x0
1783864153.448,510,510,112971,4,1,-5,20,-10,1114,3,-2,-5,101325,2500,7355,492,0xf,False,0x0
1783864153.751,511,511,113275,4,1,8,8,47,997,1,2,4,101325,2500,7355,495,0xf,False,0x0
1783864154.255,513,513,113779,4,1,0,42,-54,986,1,-3,2,101325,2500,7355,498,0xf,False,0x0
1783864154.456,514,514,113980,4,1,-6,16,21,917,-4,-3,5,101325,2500,7355,486,0xf,False,0x0
1783864154.769,515,515,114293,4,1,13,-55,60,872,4,1,-3,101325,2500,7355,514,0xf,False,0x0
1783864154.969,516,516,114493,4,1,18,20,16,975,-2,5,-3,101325,2500,7355,498,0xf,False,0x0
1783864155.255,517,517,114779,4,1,12,7,-57,1016,1,3,5,101325,2500,7355,497,0xf,False,0x0
1783864155.456,518,518,114980,4,1,1,57,-23,934,4,-5,1,101325,2500,7355,482,0xf,False,0x0
1783864155.725,519,519,115249,4,1,3,-49,38,1033,-1,4,5,101325,2500,7354,483,0xf,False,0x0
1783864155.926,520,520,115450,4,1,14,6,5,905,-2,5,5,101325,2500,7354,487,0xf,False,0x0
1783864156.425,522,522,115949,4,1,-9,-53,59,983,-2,-2,5,101325,2500,7354,496,0xf,False,0x0
1783864156.688,523,523,116212,4,1,14,6,40,974,-2,-5,0,101325,2500,7354,504,0xf,False,0x0
1783864156.888,524,524,116412,4,1,8,57,-58,1081,-1,4,2,101325,2500,7354,497,0xf,False,0x0
1783864157.353,526,526,116877,4,1,-14,-10,-11,907,-5,-4,3,101325,2500,7354,494,0xf,False,0x0
1783864157.631,527,527,117155,4,1,16,-38,-46,1089,5,4,2,101325,2500,7354,499,0xf,False,0x0
1783864157.832,528,528,117355,4,1,-12,-39,56,883,-2,-5,2,101325,2500,7354,486,0xf,False,0x0
1783864158.108,529,529,117632,4,1,-2,50,21,1046,1,1,1,101325,2500,7353,494,0xf,False,0x0
1783864158.308,530,530,117832,4,1,10,1,12,856,4,-5,-5,101325,2500,7353,480,0xf,False,0x0
1783864158.615,531,531,118139,4,1,-7,-43,38,1039,-5,-2,-3,101325,2500,7353,507,0xf,False,0x0
1783864159.097,533,533,118621,4,1,13,19,50,922,-5,3,4,101325,2500,7353,482,0xf,False,0x0
1783864159.297,534,534,118821,4,1,-15,-41,36,953,-1,2,3,101325,2500,7353,503,0xf,False,0x0
1783864159.619,535,535,119143,4,1,7,5,-25,1041,2,0,3,101325,2500,7353,496,0xf,False,0x0
1783864159.820,536,536,119343,4,1,-19,-29,-43,949,-2,-5,4,101325,2500,7353,511,0xf,False,0x0
1783864160.092,537,537,119616,4,1,19,27,25,998,-2,0,0,101325,2500,7353,486,0xf,False,0x0
1783864160.293,538,538,119817,4,1,4,-49,-15,929,0,0,-2,101325,2500,7353,497,0xf,False,0x0
1783864160.581,539,539,120104,4,1,-17,-12,-31,926,-5,3,-1,101325,2500,7352,506,0xf,False,0x0
1783864160.781,540,540,120305,4,1,-6,17,11,1034,1,-1,4,101325,2500,7352,499,0xf,False,0x0
1783864161.069,541,541,120593,4,1,-8,36,-4,870,-3,1,3,101325,2500,7352,517,0xf,False,0x0
1783864161.270,542,542,120794,4,1,-20,29,41,917,1,1,0,101325,2500,7352,514,0xf,False,0x0
1783864161.528,543,543,121052,4,1,5,12,48,1020,-4,0,4,101325,2500,7352,499,0xf,False,0x0
1783864161.729,544,544,121252,4,1,-12,2,21,872,4,1,4,101325,2500,7352,486,0xf,False,0x0
1783864162.005,545,545,121529,4,1,-4,13,17,1058,-2,-2,-2,101325,2500,7352,484,0xf,False,0x0
1783864162.206,546,546,121730,4,1,13,47,-1,1012,2,-2,-5,101325,2500,7352,492,0xf,False,0x0
1783864162.474,547,547,121998,4,1,-19,-31,-41,1026,2,-5,3,101325,2500,7352,500,0xf,False,0x0
1783864162.675,548,548,122199,4,1,-13,-35,43,960,-3,-5,-4,101325,2500,7352,496,0xf,False,0x0
1783864162.958,549,549,122481,4,1,9,57,-7,937,-5,-3,-1,101325,2500,7352,512,0xf,False,0x0
1783864163.158,550,550,122682,4,1,-3,24,58,1083,4,-2,1,101325,2500,7351,518,0xf,False,0x0
1783864163.443,551,551,122966,4,1,-13,5,9,938,3,1,1,101325,2500,7351,480,0xf,False,0x0
1783864163.643,552,552,123167,4,1,-6,3,-37,979,-4,-4,3,101325,2500,7351,505,0xf,False,0x0
1783864164.060,553,553,123584,4,1,-16,29,-16,845,-4,4,-5,101325,2500,7351,501,0xf,False,0x0
1783864164.261,554,554,123785,4,1,-7,-7,-33,1093,-4,2,0,101325,2500,7351,520,0xf,False,0x0
1783864164.534,555,555,124058,4,1,7,-30,-13,970,-5,-3,-3,101325,2500,7351,480,0xf,False,0x0
1783864164.734,556,556,124258,4,1,-2,14,25,892,1,5,-1,101325,2500,7351,489,0xf,False,0x0
1783864165.012,557,557,124536,4,1,-2,14,44,904,1,2,5,101325,2500,7351,514,0xf,False,0x0
1783864165.213,558,558,124737,4,1,6,-3,-59,983,-3,5,-4,101325,2500,7351,515,0xf,False,0x0
1783864165.497,559,559,125021,4,1,16,45,30,976,5,4,-5,101325,2500,7350,520,0xf,False,0x0
1783864165.698,560,560,125222,4,1,-15,-9,36,993,2,1,5,101325,2500,7350,489,0xf,False,0x0
1783864165.949,561,561,125473,4,1,1,24,-50,1070,-5,3,-1,101325,2500,7350,485,0xf,False,0x0
1783864166.149,562,562,125673,4,1,13,34,10,1107,-4,-5,2,101325,2500,7350,490,0xf,False,0x0
1783864166.412,563,563,125936,4,1,-1,9,-29,904,0,5,-4,101325,2500,7350,518,0xf,False,0x0
1783864166.612,564,564,126136,4,1,-18,54,-38,1126,0,3,-1,101325,2500,7350,505,0xf,False,0x0
1783864166.869,565,565,126393,4,1,-4,-36,43,931,0,1,0,101325,2500,7350,496,0xf,False,0x0
1783864167.070,566,566,126594,4,1,-2,53,20,1087,-4,-1,-4,101325,2500,7350,513,0xf,False,0x0
1783864167.334,567,567,126858,4,1,9,-27,-25,1022,3,2,-4,101325,2500,7350,511,0xf,False,0x0
1783864167.534,568,568,127058,4,1,15,60,51,1049,-1,-4,2,101325,2500,7350,511,0xf,False,0x0
1783864167.815,569,569,127338,4,1,20,57,0,918,-4,-1,0,101325,2500,7350,486,0xf,False,0x0
1783864168.015,570,570,127539,4,1,8,-16,49,1059,4,5,-4,101325,2500,7349,487,0xf,False,0x0
1783864168.494,572,572,128018,4,1,8,-44,-52,1106,-3,5,0,101325,2500,7349,512,0xf,False,0x0
1783864168.776,573,573,128300,4,1,0,-57,-33,1042,4,-3,-1,101325,2500,7349,509,0xf,False,0x0
1783864168.977,574,574,128501,4,1,0,-41,44,943,5,-2,-3,101325,2500,7349,506,0xf,False,0x0
1783864169.249,575,575,128773,4,1,14,57,-10,1000,5,0,1,101325,2500,7349,501,0xf,False,0x0
1783864169.450,576,576,128974,4,1,5,-44,-56,1090,-5,-1,4,101325,2500,7349,497,0xf,False,0x0
1783864169.740,577,577,129264,4,1,-16,52,-57,984,1,-2,4,101325,2500,7349,486,0xf,False,0x0
1783864169.941,578,578,129465,4,1,12,3,-40,1098,-2,-5,-4,101325,2500,7349,520,0xf,False,0x0
1783864170.223,579,579,129747,4,1,-4,53,-31,887,-5,3,0,101325,2500,7349,497,0xf,False,0x0
1783864170.423,580,580,129947,4,1,6,-1,-1,941,-5,-1,-1,101325,2500,7349,480,0xf,False,0x0
1783864170.624,581,581,130148,4,1,0,30,-1,1016,-5,-5,-3,101325,2500,7348,503,0xf,False,0x0
1783864170.837,582,582,130361,4,1,13,-37,-47,1102,-5,2,1,101325,2500,7348,511,0xf,False,0x0
1783864171.038,583,583,130562,4,1,-12,44,37,1022,-1,3,-2,101325,2500,7348,480,0xf,False,0x0
1783864171.238,584,584,130762,4,1,-8,-47,11,840,-3,3,2,101325,2500,7348,481,0xf,False,0x0
1783864171.439,585,585,130963,4,1,15,-35,31,1021,4,4,-1,101325,2500,7348,487,0xf,False,0x0
1783864171.724,586,586,131248,4,1,0,30,-8,1028,3,-2,-4,101325,2500,7348,516,0xf,False,0x0
1783864171.924,587,587,131448,4,1,-6,22,-25,979,1,5,-4,101325,2500,7348,515,0xf,False,0x0
1783864172.216,588,588,131740,4,1,-14,22,47,1042,-3,-5,0,101325,2500,7348,493,0xf,False,0x0
1783864172.747,590,590,132271,4,1,0,-11,-7,997,1,-1,3,101325,2500,7348,500,0xf,False,0x0
1783864172.948,591,591,132472,4,1,-19,-23,-57,1014,-4,-4,0,101325,2500,7348,489,0xf,False,0x0
1783864173.210,592,592,132734,4,1,1,-13,37,1109,-4,-1,-1,101325,2500,7347,497,0xf,False,0x0
1783864173.410,593,593,132934,4,1,-2,60,-57,1075,-4,-5,0,101325,2500,7347,482,0xf,False,0x0
1783864173.672,594,594,133196,4,1,-4,-27,38,974,3,4,2,101325,2500,7347,508,0xf,False,0x0
1783864173.873,595,595,133396,4,1,19,4,-26,1033,-3,5,5,101325,2500,7347,502,0xf,False,0x0
1783864174.169,596,596,133693,4,1,-17,58,-16,978,-4,-3,5,101325,2500,7347,499,0xf,False,0x0
1783864174.370,597,597,133894,4,1,-19,-40,50,1119,-2,-1,-3,101325,2500,7347,489,0xf,False,0x0
1783864174.627,598,598,134151,4,1,17,-14,18,1075,-3,0,-2,101325,2500,7347,508,0xf,False,0x0
1783864174.828,599,599,134352,4,1,1,-20,18,1009,-1,2,5,101325,2500,7347,514,0xf,False,0x0
1783864175.143,600,600,134667,4,1,-4,44,-21,981,0,1,-5,101325,2500,7347,502,0xf,False,0x0
1783864175.343,601,601,134867,4,1,-5,3,5,960,-2,0,5,101325,2500,7347,502,0xf,False,0x0
1783864175.639,602,602,135163,4,1,20,-12,-11,977,-4,2,-3,101325,2500,7346,514,0xf,False,0x0
1783864175.840,603,603,135364,4,1,-16,5,-46,1114,1,3,-2,101325,2500,7346,485,0xf,False,0x0
1783864176.123,604,604,135647,4,1,-8,38,-20,980,0,0,-5,101325,2500,7346,489,0xf,False,0x0
1783864176.596,606,606,136120,4,1,-17,8,15,1007,-5,-1,3,101325,2500,7346,511,0xf,False,0x0
1783864176.796,607,607,136320,4,1,15,60,-34,976,1,-4,5,101325,2500,7346,497,0xf,False,0x0
1783864177.082,608,608,136606,4,1,-15,28,46,879,-4,-2,5,101325,2500,7346,493,0xf,False,0x0
1783864177.282,609,609,136806,4,1,7,17,24,1136,0,0,3,101325,2500,7346,496,0xf,False,0x0
1783864177.593,610,610,137117,4,1,11,41,-27,920,5,2,0,101325,2500,7346,485,0xf,False,0x0
1783864177.794,611,611,137318,4,1,-7,24,60,1045,0,5,-2,101325,2500,7346,512,0xf,False,0x0
1783864178.094,612,612,137618,4,1,-18,28,-10,1014,4,-4,3,101325,2500,7345,480,0xf,False,0x0
1783864178.294,613,613,137818,4,1,1,54,55,894,3,-2,4,101325,2500,7345,490,0xf,False,0x0
1783864178.564,614,614,138087,4,1,4,-58,52,1057,-3,-2,-5,101325,2500,7345,502,0xf,False,0x0
1783864178.764,615,615,138288,4,1,-10,-44,-36,912,3,-3,-3,101325,2500,7345,500,0xf,False,0x0
1783864179.024,616,616,138548,4,1,-4,-8,12,1077,0,-5,-2,101325,2500,7345,490,0xf,False,0x0
1783864179.225,617,617,138749,4,1,6,30,-3,1077,2,-3,3,101325,2500,7345,502,0xf,False,0x0
1783864179.492,618,618,139016,4,1,9,-1,11,1014,-5,-4,1,101325,2500,7345,515,0xf,False,0x0
1783864180.002,620,620,139526,4,1,-5,13,-25,1093,-3,1,2,101325,2500,7345,487,0xf,False,0x0
1783864180.203,621,621,139727,4,1,9,-46,-6,1020,-5,2,2,101325,2500,7345,518,0xf,False,0x0
1783864180.472,622,622,139996,4,1,3,-47,-55,984,-4,-5,2,101325,2500,7345,510,0xf,False,0x0
1783864180.673,623,623,140197,4,1,-20,-51,-53,884,0,-3,1,101325,2500,7344,497,0xf,False,0x0
1783864180.951,624,624,140475,4,1,16,-59,49,899,2,5,0,101325,2500,7344,513,0xf,False,0x0
1783864181.436,626,626,140960,4,1,16,35,8,849,-3,4,-5,101325,2500,7344,515,0xf,False,0x0
1783864181.637,627,627,141161,4,1,-12,-40,-29,1012,-4,4,-1,101325,2500,7344,506,0xf,False,0x0
1783864181.982,628,628,141506,4,1,-8,3,-17,1026,1,3,-4,101325,2500,7344,489,0xf,False,0x0
1783864182.183,629,629,141707,4,1,19,-33,44,1054,-2,0,2,101325,2500,7344,516,0xf,False,0x0
1783864182.453,630,630,141977,4,1,13,-18,56,1067,-1,-5,0,101325,2500,7344,483,0xf,False,0x0
1783864182.980,632,632,142504,4,1,-10,-26,26,903,-1,-4,0,101325,2500,7343,514,0xf,False,0x0
1783864183.181,633,633,142705,4,1,-17,-1,-40,1034,-4,5,-2,101325,2500,7343,512,0xf,False,0x0
1783864183.442,634,634,142966,4,1,-6,-38,58,880,-2,5,5,101325,2500,7343,513,0xf,False,0x0
1783864183.643,635,635,143167,4,1,19,8,54,890,5,4,2,101325,2500,7343,483,0xf,False,0x0
1783864183.912,636,636,143436,4,1,4,-9,-21,922,-2,-3,4,101325,2500,7343,489,0xf,False,0x0
1783864184.113,637,637,143637,4,1,-4,-29,-33,1036,-1,-1,-2,101325,2500,7343,500,0xf,False,0x0
1783864184.383,638,638,143907,4,1,-6,-2,31,1069,-1,-4,-2,101325,2500,7343,485,0xf,False,0x0
1783864184.584,639,639,144107,4,1,-18,-11,-25,921,0,5,-5,101325,2500,7343,495,0xf,False,0x0
1783864184.850,640,640,144374,4,1,19,46,9,1017,2,0,-4,101325,2500,7343,507,0xf,False,0x0
1783864185.050,641,641,144574,4,1,-19,-50,37,987,4,-5,1,101325,2500,7343,480,0xf,False,0x0
1783864185.336,642,642,144859,4,1,-19,55,-1,935,2,-4,2,101325,2500,7343,513,0xf,False,0x0
1783864185.536,643,643,145060,4,1,12,51,19,886,-2,4,0,101325,2500,7342,494,0xf,False,0x0
1783864185.796,644,644,145320,4,1,-7,6,-30,986,0,3,2,101325,2500,7342,492,0xf,False,0x0
1783864185.997,645,645,145521,4,1,-11,-1,-38,954,-3,2,-2,101325,2500,7342,519,0xf,False,0x0
1783864186.278,646,646,145802,4,1,5,38,-52,1022,2,-1,3,101325,2500,7342,492,0xf,False,0x0
1783864186.479,647,647,146003,4,1,11,29,-53,981,-1,-5,-1,101325,2500,7342,482,0xf,False,0x0
1783864186.745,648,648,146269,4,1,16,26,-4,1022,-2,4,-2,101325,2500,7342,498,0xf,False,0x0
1783864186.946,649,649,146470,4,1,3,0,37,913,3,5,-2,101325,2500,7342,512,0xf,False,0x0
1783864187.209,650,650,146733,4,1,-13,24,-8,1048,-2,-3,-5,101325,2500,7342,517,0xf,False,0x0
1783864187.409,651,651,146933,4,1,10,18,23,959,3,-5,-5,101325,2500,7342,486,0xf,False,0x0
1783864187.648,652,652,147172,4,1,16,26,-20,1086,-3,-2,-3,101325,2500,7342,493,0xf,False,0x0
1783864187.848,653,653,147372,4,1,-2,-21,50,919,-2,3,4,101325,2500,7342,499,0xf,False,0x0
1783864188.132,654,654,147656,4,1,15,-28,-8,955,5,-1,-5,101325,2500,7341,491,0xf,False,0x0
1783864188.333,655,655,147857,4,1,17,21,24,954,-2,-3,0,101325,2500,7341,512,0xf,False,0x0
1783864188.611,656,656,148135,4,1,-11,52,-18,853,-4,4,0,101325,2500,7341,492,0xf,False,0x0
1783864188.811,657,657,148335,4,1,4,-36,-8,1096,5,-3,5,101325,2500,7341,500,0xf,False,0x0
1783864189.088,658,658,148612,4,1,20,-43,7,968,-3,5,-1,101325,2500,7341,506,0xf,False,0x0
1783864189.289,659,659,148813,4,1,0,-9,32,1032,-3,1,-4,101325,2500,7341,511,0xf,False,0x0
1783864189.585,660,660,149109,4,1,-12,33,-26,1033,-5,-5,-5,101325,2500,7341,505,0xf,False,0x0
1783864190.061,662,662,149585,4,1,12,21,27,996,4,2,2,101325,2500,7341,504,0xf,False,0x0
1783864190.262,663,663,149786,4,1,8,-50,-4,1088,-4,3,-2,101325,2500,7341,505,0xf,False,0x0
1783864190.550,664,664,150074,4,1,-5,7,13,884,0,-1,5,101325,2500,7340,490,0xf,False,0x0
1783864190.750,665,665,150274,4,1,19,-35,58,880,-3,-1,-2,101325,2500,7340,497,0xf,False,0x0
1783864191.015,666,666,150539,4,1,-13,32,39,858,-2,3,4,101325,2500,7340,487,0xf,False,0x0
1783864191.716,669,669,151240,4,1,-2,28,-1,997,5,-4,2,101325,2500,7340,495,0xf,False,0x0
1783864192.012,670,670,151536,4,1,-15,2,49,1063,-2,2,5,101325,2500,7340,501,0xf,False,0x0
1783864192.213,671,671,151737,4,1,-8,-29,7,1100,0,1,-2,101325,2500,7340,483,0xf,False,0x0
1783864192.497,672,672,152021,4,1,11,49,-35,1001,2,-4,2,101325,2500,7340,500,0xf,False,0x0
1783864192.697,673,673,152221,4,1,15,-18,36,1088,0,1,-2,101325,2500,7340,502,0xf,False,0x0
1783864192.987,674,674,152511,4,1,2,-60,21,1098,4,3,2,101325,2500,7339,498,0xf,False,0x0
1783864193.189,675,675,152713,4,1,-14,27,-25,866,-4,4,-3,101325,2500,7339,507,0xf,False,0x0
1783864193.488,676,676,153012,4,1,17,50,-24,982,-2,0,1,101325,2500,7339,514,0xf,False,0x0
1783864193.688,677,677,153212,4,1,16,-1,-25,1102,-2,-5,0,101325,2500,7339,514,0xf,False,0x0
1783864193.954,678,678,153478,4,1,-12,-50,-36,950,-5,1,-1,101325,2500,7339,505,0xf,False,0x0
1783864194.155,679,679,153679,4,1,-1,-26,-43,919,-4,2,-1,101325,2500,7339,518,0xf,False,0x0
1783864194.425,680,680,153949,4,1,3,19,25,1034,2,0,-3,101325,2500,7339,493,0xf,False,0x0
1783864194.625,681,681,154149,4,1,12,30,51,1077,-3,-1,1,101325,2500,7339,501,0xf,False,0x0
1783864194.905,682,682,154429,4,1,-11,42,-12,995,4,-4,-1,101325,2500,7339,480,0xf,False,0x0
1783864195.106,683,683,154630,4,1,-7,-18,-30,1105,0,0,5,101325,2500,7339,505,0xf,False,0x0
1783864195.380,684,684,154904,4,1,-1,-9,16,979,-1,5,5,101325,2500,7339,513,0xf,False,0x0
1783864195.581,685,685,155105,4,1,1,-41,52,864,0,4,-2,101325,2500,7338,496,0xf,False,0x0
1783864195.862,686,686,155386,4,1,-9,-33,60,1112,-3,2,1,101325,2500,7338,486,0xf,False,0x0
1783864196.336,688,688,155860,4,1,12,-1,-4,971,1,4,5,101325,2500,7338,501,0xf,False,0x0
1783864196.537,689,689,156060,4,1,-1,-7,-50,1083,0,-4,-1,101325,2500,7338,517,0xf,False,0x0
1783864196.799,690,690,156323,4,1,17,58,37,1030,-4,1,-4,101325,2500,7338,493,0xf,False,0x0
1783864197.000,691,691,156523,4,1,-2,32,52,1136,-5,-3,1,101325,2500,7338,482,0xf,False,0x0
1783864197.257,692,692,156781,4,1,10,-36,-55,992,5,5,3,101325,2500,7338,498,0xf,False,0x0
1783864197.458,693,693,156982,4,1,15,-16,-60,1026,4,3,2,101325,2500,7338,519,0xf,False,0x0
1783864197.756,694,694,157279,4,1,6,6,-24,1092,5,-1,-2,101325,2500,7338,515,0xf,False,0x0
1783864197.956,695,695,157480,4,1,-2,-3,-24,992,-2,-3,5,101325,2500,7338,480,0xf,False,0x0
1783864198.256,696,696,157779,4,1,-11,-39,-18,1018,2,0,0,101325,2500,7337,511,0xf,False,0x0
1783864198.456,697,697,157980,4,1,10,-2,-29,1035,5,5,-2,101325,2500,7337,487,0xf,False,0x0
1783864198.715,698,698,158239,4,1,16,56,43,1073,4,-2,-5,101325,2500,7337,516,0xf,False,0x0
1783864198.915,699,699,158439,4,1,-7,55,16,975,5,2,0,101325,2500,7337,492,0xf,False,0x0
1783864199.182,700,700,158706,4,1,-15,-34,-31,1018,2,3,5,101325,2500,7337,484,0xf,False,0x0
1783864199.383,701,701,158907,4,1,-9,8,53,1123,-3,-4,2,101325,2500,7337,484,0xf,False,0x0
1783864199.645,702,702,159169,4,1,17,50,-18,1001,-2,-3,-1,101325,2500,7337,483,0xf,False,0x0
1783864199.845,703,703,159369,4,1,4,-31,-15,1045,5,-1,2,101325,2500,7337,506,0xf,False,0x0
1783864200.135,704,704,159659,4,1,3,31,7,1063,2,2,5,101325,2500,7337,493,0xf,False,0x0
1783864200.336,705,705,159860,4,1,-1,19,20,1091,3,5,3,101325,2500,7337,493,0xf,False,0x0
1783864200.664,706,706,160188,4,1,4,-52,-1,941,-5,1,4,101325,2500,7336,509,0xf,False,0x0
1783864200.865,707,707,160389,4,1,12,19,-49,946,-2,5,4,101325,2500,7336,514,0xf,False,0x0
1783864201.137,708,708,160661,4,1,6,-23,5,888,-5,4,-4,101325,2500,7336,482,0xf,False,0x0
1783864201.337,709,709,160861,4,1,-15,-24,-5,1044,-4,5,-2,101325,2500,7336,488,0xf,False,0x0
1783864201.614,710,710,161138,4,1,-12,-7,-52,1007,-2,3,5,101325,2500,7336,519,0xf,False,0x0
1783864201.814,711,711,161338,4,1,4,57,48,1044,4,-5,-4,101325,2500,7336,493,0xf,False,0x0
1783864202.015,712,712,161539,4,1,20,33,-28,1050,0,-1,2,101325,2500,7336,511,0xf,False,0x0
1783864202.215,713,713,161739,4,1,8,16,-19,1046,1,3,4,101325,2500,7336,518,0xf,False,0x0
1783864202.416,714,714,161940,4,1,-8,56,14,883,-3,5,5,101325,2500,7336,518,0xf,False,0x0
1783864202.622,715,715,162146,4,1,-14,-50,-44,1001,-5,-5,4,101325,2500,7336,503,0xf,False,0x0
1783864202.822,716,716,162346,4,1,2,15,-28,937,-3,3,1,101325,2500,7336,491,0xf,False,0x0
1783864203.120,717,717,162644,4,1,-5,19,45,1101,1,-1,-5,101325,2500,7335,493,0xf,False,0x0
1783864203.320,718,718,162844,4,1,-3,50,36,991,5,3,0,101325,2500,7335,511,0xf,False,0x0
1783864203.588,719,719,163112,4,1,-4,12,19,1042,3,-1,3,101325,2500,7335,511,0xf,False,0x0
1783864203.788,720,720,163312,4,1,10,-32,-26,935,-3,-1,2,101325,2500,7335,497,0xf,False,0x0
1783864204.079,721,721,163603,4,1,-4,-19,7,1000,0,5,5,101325,2500,7335,513,0xf,False,0x0
1783864204.280,722,722,163804,4,1,12,-45,34,1013,2,1,5,101325,2500,7335,487,0xf,False,0x0
1783864204.558,723,723,164082,4,1,0,-12,-36,1051,4,-5,-1,101325,2500,7335,507,0xf,False,0x0
1783864204.758,724,724,164282,4,1,6,8,38,1091,4,1,-3,101325,2500,7335,494,0xf,False,0x0
1783864205.051,725,725,164575,4,1,-11,27,58,1103,-4,-4,0,101325,2500,7335,500,0xf,False,0x0
1783864205.252,726,726,164776,4,1,14,44,-31,965,3,-1,4,101325,2500,7335,486,0xf,False,0x0
1783864205.552,727,727,165076,4,1,-4,-35,26,1111,4,-4,5,101325,2500,7334,518,0xf,False,0x0
1783864205.953,729,729,165477,4,1,19,26,-31,929,0,-2,3,101325,2500,7334,493,0xf,False,0x0
1783864206.155,730,730,165679,4,1,-20,48,21,1043,-2,5,-4,101325,2500,7334,498,0xf,False,0x0
1783864206.355,731,731,165879,4,1,20,-6,29,987,-3,4,-4,101325,2500,7334,495,0xf,False,0x0
1783864206.556,732,732,166080,4,1,-3,-54,-42,1044,5,-1,-2,101325,2500,7334,510,0xf,False,0x0
1783864206.757,733,733,166281,4,1,-7,52,11,979,0,-1,3,101325,2500,7334,503,0xf,False,0x0
1783864207.039,734,734,166563,4,1,-11,-53,-34,1062,2,5,4,101325,2500,7334,508,0xf,False,0x0
1783864207.240,735,735,166764,4,1,12,22,56,1162,3,-5,2,101325,2500,7334,482,0xf,False,0x0
1783864207.501,736,736,167025,4,1,17,23,24,1140,-4,-3,-4,101325,2500,7334,488,0xf,False,0x0
1783864207.702,737,737,167226,4,1,4,-44,-17,1119,0,5,-2,101325,2500,7334,515,0xf,False,0x0
1783864207.973,738,738,167497,4,1,15,-30,12,1048,5,-1,-5,101325,2500,7334,491,0xf,False,0x0
1783864208.173,739,739,167697,4,1,10,-17,39,942,3,-5,0,101325,2500,7333,481,0xf,False,0x0
1783864208.420,740,740,167944,4,1,-20,36,-3,1100,-4,5,5,101325,2500,7333,500,0xf,False,0x0
1783864208.621,741,741,168145,4,1,12,-14,-56,975,-2,4,5,101325,2500,7333,499,0xf,False,0x0
1783864208.881,742,742,168405,4,1,-9,38,46,1048,0,1,0,101325,2500,7333,501,0xf,False,0x0
1783864209.082,743,743,168606,4,1,11,-20,3,893,5,5,0,101325,2500,7333,502,0xf,False,0x0
1783864209.342,744,744,168866,4,1,-6,41,35,954,-2,-2,3,101325,2500,7333,483,0xf,False,0x0
1783864209.542,745,745,169066,4,1,-7,27,-45,1005,5,1,3,101325,2500,7333,480,0xf,False,0x0
1783864209.807,746,746,169331,4,1,-16,18,14,929,5,-4,4,101325,2500,7333,493,0xf,False,0x0
1783864210.007,747,747,169531,4,1,-4,21,-27,1121,4,-2,5,101325,2500,7333,512,0xf,False,0x0
1783864210.297,748,748,169821,4,1,-3,-44,39,1078,5,-3,1,101325,2500,7333,504,0xf,False,0x0
1783864210.498,749,749,170022,4,1,-13,42,-4,994,5,4,-4,101325,2500,7332,520,0xf,False,0x0
1783864210.762,750,750,170286,4,1,-13,-50,34,933,3,3,-2,101325,2500,7332,503,0xf,False,0x0
1783864210.963,751,751,170487,4,1,-20,15,-16,1010,3,4,-3,101325,2500,7332,480,0xf,False,0x0
1783864211.215,752,752,170739,4,1,-16,13,-27,1124,-2,5,1,101325,2500,7332,510,0xf,False,0x0
1783864211.416,753,753,170940,4,1,-18,-20,55,1035,0,1,-1,101325,2500,7332,506,0xf,False,0x0
1783864211.705,754,754,171229,4,1,8,15,35,846,2,-4,-5,101325,2500,7332,496,0xf,False,0x0
1783864211.906,755,755,171430,4,1,19,-45,22,989,0,-1,1,101325,2500,7332,492,0xf,False,0x0
1783864212.172,756,756,171696,4,1,-17,-18,58,1067,5,-5,4,101325,2500,7332,516,0xf,False,0x0
1783864212.373,757,757,171897,4,1,-10,46,-58,943,4,0,-3,101325,2500,7332,487,0xf,False,0x0
1783864212.634,758,758,172158,4,1,16,-15,-17,892,5,2,-3,101325,2500,7332,497,0xf,False,0x0
1783864212.834,759,759,172358,4,1,-15,-48,-5,1059,0,4,2,101325,2500,7332,497,0xf,False,0x0
1783864213.112,760,760,172636,4,1,-10,-58,34,1118,5,2,4,101325,2500,7331,518,0xf,False,0x0
1783864213.313,761,761,172837,4,1,7,30,7,1124,-5,0,2,101325,2500,7331,494,0xf,False,0x0
1783864213.590,762,762,173113,4,1,6,-42,26,1101,-1,-5,-2,101325,2500,7331,484,0xf,False,0x0
1783864213.790,763,763,173314,4,1,-10,-18,-5,1034,5,3,0,101325,2500,7331,506,0xf,False,0x0
1783864214.076,764,764,173600,4,1,-1,-16,47,1023,5,0,4,101325,2500,7331,508,0xf,False,0x0
1783864214.277,765,765,173801,4,1,-10,23,-25,1005,2,-1,-1,101325,2500,7331,502,0xf,False,0x0
1783864214.536,766,766,174060,4,1,5,34,18,1086,-5,2,-4,101325,2500,7331,505,0xf,False,0x0
1783864214.736,767,767,174260,4,1,-17,33,51,879,3,1,-4,101325,2500,7331,500,0xf,False,0x0
1783864215.022,768,768,174546,4,1,-15,36,23,963,5,3,-3,101325,2500,7331,510,0xf,False,0x0
1783864215.222,769,769,174746,4,1,-17,-43,59,987,4,4,1,101325,2500,7331,485,0xf,False,0x0
1783864215.508,770,770,175032,4,1,11,31,-1,886,3,3,-5,101325,2500,7330,486,0xf,False,0x0
1783864215.708,771,771,175232,4,1,13,45,-55,904,0,2,-3,101325,2500,7330,515,0xf,False,0x0
1783864215.991,772,772,175515,4,1,-6,1,-56,1012,2,4,3,101325,2500,7330,489,0xf,False,0x0
1783864216.192,773,773,175716,4,1,-13,49,0,1033,1,1,1,101325,2500,7330,486,0xf,False,0x0
1783864216.437,774,774,175961,4,1,-13,12,-39,998,-2,5,-5,101325,2500,7330,519,0xf,False,0x0
1783864216.638,775,775,176162,4,1,3,45,51,932,2,1,1,101325,2500,7330,487,0xf,False,0x0
1783864216.918,776,776,176442,4,1,13,59,41,1049,-1,3,5,101325,2500,7330,484,0xf,False,0x0
1783864217.119,777,777,176643,4,1,16,-54,-9,1024,2,-1,-2,101325,2500,7330,492,0xf,False,0x0
1783864217.386,778,778,176910,4,1,-1,-19,-39,949,4,0,2,101325,2500,7330,502,0xf,False,0x0
1783864217.586,779,779,177110,4,1,-15,54,-32,1055,-4,1,3,101325,2500,7330,491,0xf,False,0x0
1783864217.837,780,780,177361,4,1,15,41,-14,946,3,1,-5,101325,2500,7330,517,0xf,False,0x0
1783864218.038,781,781,177562,4,1,-1,38,-18,1013,2,-3,1,101325,2500,7329,520,0xf,False,0x0
1783864218.273,782,782,177797,4,1,-7,0,3,1022,4,-1,2,101325,2500,7329,495,0xf,False,0x0
1783864218.473,783,783,177997,4,1,-8,11,34,952,2,-4,-2,101325,2500,7329,481,0xf,False,0x0
1783864218.725,784,784,178249,4,1,11,51,-26,1040,4,-4,3,101325,2500,7329,480,0xf,False,0x0
1783864218.926,785,785,178450,4,1,16,22,-42,945,4,-1,-3,101325,2500,7329,515,0xf,False,0x0
1783864219.204,786,786,178728,4,1,0,-55,-22,1155,3,-1,3,101325,2500,7329,500,0xf,False,0x0
1783864219.404,787,787,178928,4,1,14,50,36,941,0,-2,-2,101325,2500,7329,518,0xf,False,0x0
1783864219.667,788,788,179191,4,1,-2,-60,-24,956,4,4,0,101325,2500,7329,487,0xf,False,0x0
1783864219.867,789,789,179391,4,1,-15,36,-9,972,-4,-4,-2,101325,2500,7329,501,0xf,False,0x0
1783864220.123,790,790,179647,4,1,7,39,21,1088,1,-5,-4,101325,2500,7329,503,0xf,False,0x0
1783864220.324,791,791,179848,4,1,-4,-34,-25,971,2,-2,1,101325,2500,7329,514,0xf,False,0x0
1783864220.626,792,792,180150,4,1,-4,-50,48,922,-1,0,-2,101325,2500,7328,518,0xf,False,0x0
1783864220.827,793,793,180351,4,1,-5,12,46,1001,-3,2,0,101325,2500,7328,515,0xf,False,0x0
1783864221.089,794,794,180613,4,1,-7,-53,24,1129,-1,5,5,101325,2500,7328,517,0xf,False,0x0
1783864221.289,795,795,180813,4,1,-18,-22,-2,1008,1,-2,2,101325,2500,7328,511,0xf,False,0x0
1783864221.567,796,796,181091,4,1,2,-44,27,885,-3,-3,-2,101325,2500,7328,519,0xf,False,0x0
1783864221.768,797,797,181292,4,1,9,14,-29,1087,1,-3,-1,101325,2500,7328,505,0xf,False,0x0
1783864222.058,798,798,181582,4,1,2,-5,-2,927,1,-5,1,101325,2500,7328,515,0xf,False,0x0
1783864222.259,799,799,181782,4,1,-11,-19,46,954,-5,1,-3,101325,2500,7328,496,0xf,False,0x0
1783864222.517,800,800,182041,4,1,2,-34,-3,1041,-5,-5,5,101325,2500,7328,509,0xf,False,0x0
1783864222.717,801,801,182241,4,1,-16,0,-24,905,2,2,2,101325,2500,7328,492,0xf,False,0x0
1783864223.014,802,802,182538,4,1,-4,51,-34,910,0,-4,-2,101325,2500,7327,491,0xf,False,0x0
1783864223.215,803,803,182739,4,1,-19,37,-37,1031,-2,-1,-5,101325,2500,7327,490,0xf,False,0x0
1783864223.505,804,804,183029,4,1,-12,-50,10,953,-1,5,-5,101325,2500,7327,497,0xf,False,0x0
1783864223.706,805,805,183230,4,1,10,26,13,1104,0,0,3,101325,2500,7327,502,0xf,False,0x0
1783864223.981,806,806,183505,4,1,-5,-26,36,1067,1,1,-5,101325,2500,7327,496,0xf,False,0x0
1783864224.182,807,807,183705,4,1,-1,21,-47,945,-2,5,1,101325,2500,7327,485,0xf,False,0x0
1783864224.474,808,808,183998,4,1,-4,3,42,912,4,-3,-2,101325,2500,7327,492,0xf,False,0x0
1783864224.675,809,809,184199,4,1,-20,-12,-60,1041,-3,-4,0,101325,2500,7327,505,0xf,False,0x0
1783864224.939,810,810,184463,4,1,-5,3,-16,961,-1,1,4,101325,2500,7327,481,0xf,False,0x0
1783864225.140,811,811,184664,4,1,15,15,40,897,5,-4,2,101325,2500,7327,506,0xf,False,0x0
1783864225.442,812,812,184965,4,1,-10,-18,57,992,4,-3,-4,101325,2500,7327,500,0xf,False,0x0
1783864225.642,813,813,185166,4,1,-20,-42,-23,921,4,3,4,101325,2500,7326,514,0xf,False,0x0
1783864225.952,814,814,185476,4,1,15,-10,47,941,-4,-2,2,101325,2500,7326,512,0xf,False,0x0
1783864226.153,815,815,185677,4,1,-15,3,36,916,0,-5,5,101325,2500,7326,519,0xf,False,0x0
1783864226.439,816,816,185963,4,1,0,-35,60,905,0,0,-2,101325,2500,7326,517,0xf,False,0x0
1783864226.640,817,817,186164,4,1,13,27,-28,984,3,-4,-2,101325,2500,7326,495,0xf,False,0x0
1783864226.909,818,818,186433,4,1,-18,-60,-18,958,-5,-2,0,101325,2500,7326,504,0xf,False,0x0
1783864227.110,819,819,186633,4,1,20,33,3,1060,3,5,4,101325,2500,7326,515,0xf,False,0x0
1783864227.395,820,820,186919,4,1,-14,29,13,952,2,-3,-5,101325,2500,7326,515,0xf,False,0x0
1783864227.596,821,821,187119,4,1,-9,57,-19,988,0,4,4,101325,2500,7326,509,0xf,False,0x0
1783864227.865,822,822,187389,4,1,11,-37,-24,1068,-2,1,2,101325,2500,7326,519,0xf,False,0x0
1783864228.065,823,823,187589,4,1,-14,27,46,931,-4,3,-3,101325,2500,7325,493,0xf,False,0x0
1783864228.392,824,824,187916,4,1,-8,-54,-3,938,3,5,0,101325,2500,7325,490,0xf,False,0x0
1783864228.592,825,825,188116,4,1,-11,30,-28,969,4,-5,-3,101325,2500,7325,499,0xf,False,0x0
1783864228.849,826,826,188373,4,1,-10,-5,-56,1139,-2,-2,0,101325,2500,7325,488,0xf,False,0x0
1783864229.050,827,827,188574,4,1,10,18,-36,1041,-1,2,1,101325,2500,7325,500,0xf,False,0x0
1783864229.349,828,828,188873,4,1,-15,28,-12,1136,4,2,5,101325,2500,7325,511,0xf,False,0x0
1783864229.550,829,829,189074,4,1,-17,-28,-16,1058,5,2,2,101325,2500,7325,508,0xf,False,0x0
1783864229.862,830,830,189386,4,1,-13,35,-29,972,3,-1,2,101325,2500,7325,513,0xf,False,0x0
1783864230.063,831,831,189587,4,1,11,-43,-34,925,-3,-3,-4,101325,2500,7325,513,0xf,False,0x0
1783864230.370,832,832,189894,4,1,-4,-57,28,895,-5,-2,3,101325,2500,7325,497,0xf,False,0x0
1783864230.571,833,833,190095,4,1,2,28,-24,935,-4,4,-1,101325,2500,7324,493,0xf,False,0x0
1783864230.854,834,834,190378,4,1,-2,-50,33,1056,-5,-5,4,101325,2500,7324,520,0xf,False,0x0
1783864231.055,835,835,190579,4,1,12,22,-33,1019,4,-5,-4,101325,2500,7324,481,0xf,False,0x0
1783864231.312,836,836,190836,4,1,13,-38,-56,933,-3,2,3,101325,2500,7324,511,0xf,False,0x0
1783864231.513,837,837,191037,4,1,-7,35,60,897,4,-5,-4,101325,2500,7324,503,0xf,False,0x0
1783864231.769,838,838,191293,4,1,0,9,35,980,2,-3,-5,101325,2500,7324,518,0xf,False,0x0
1783864231.970,839,839,191494,4,1,6,18,23,914,-3,-1,-5,101325,2500,7324,496,0xf,False,0x0
1783864232.242,840,840,191766,4,1,-10,-36,32,1136,3,2,2,101325,2500,7324,487,0xf,False,0x0
1783864232.443,841,841,191967,4,1,-2,12,0,965,-4,-4,4,101325,2500,7324,510,0xf,False,0x0
1783864232.899,843,843,192423,4,1,-9,-8,-51,1073,2,3,5,101325,2500,7324,491,0xf,False,0x0
1783864233.159,844,844,192683,4,1,7,33,7,980,-1,4,5,101325,2500,7323,508,0xf,False,0x0
1783864233.359,845,845,192883,4,1,-4,29,32,1054,1,4,3,101325,2500,7323,486,0xf,False,0x0
1783864233.631,846,846,193155,4,1,-12,-44,32,1044,-4,0,1,101325,2500,7323,485,0xf,False,0x0
1783864233.831,847,847,193355,4,1,-18,-10,18,955,4,-1,2,101325,2500,7323,503,0xf,False,0x0
1783864234.307,849,849,193831,4,1,16,52,-58,1091,4,3,1,101325,2500,7323,500,0xf,False,0x0
1783864234.508,850,850,194032,4,1,18,-9,-37,884,0,-1,-5,101325,2500,7323,505,0xf,False,0x0
1783864234.722,851,851,194246,4,1,-7,28,-15,996,4,2,0,101325,2500,7323,483,0xf,False,0x0
1783864234.922,852,852,194446,4,1,6,15,-57,889,-1,3,-3,101325,2500,7323,490,0xf,False,0x0
1783864235.127,853,853,194651,4,1,-5,55,30,990,4,5,-5,101325,2500,7323,515,0xf,False,0x0
1783864235.328,854,854,194852,4,1,0,56,10,959,3,2,2,101325,2500,7323,514,0xf,False,0x0
1783864235.649,855,855,195173,4,1,16,-34,-13,1049,3,-3,1,101325,2500,7322,497,0xf,False,0x0
1783864235.850,856,856,195374,4,1,0,-23,0,899,3,-3,1,101325,2500,7322,514,0xf,False,0x0
1783864236.101,857,857,195625,4,1,15,41,-58,1044,-3,-4,-3,101325,2500,7322,511,0xf,False,0x0
1783864236.302,858,858,195826,4,1,-2,48,59,1012,-4,-5,2,101325,2500,7322,487,0xf,False,0x0
1783864236.606,859,859,196130,4,1,-11,26,-4,1093,-4,-2,2,101325,2500,7322,508,0xf,False,0x0
1783864236.806,860,860,196330,4,1,5,-35,11,1088,-4,4,-5,101325,2500,7322,484,0xf,False,0x0
1783864237.092,861,861,196616,4,1,17,58,9,1087,-2,4,-5,101325,2500,7322,487,0xf,False,0x0
1783864237.292,862,862,196816,4,1,10,-6,15,920,5,0,1,101325,2500,7322,493,0xf,False,0x0
1783864237.578,863,863,197102,4,1,-7,-43,-5,1032,-4,5,1,101325,2500,7322,519,0xf,False,0x0
1783864237.778,864,864,197302,4,1,8,52,25,885,3,-4,-5,101325,2500,7322,518,0xf,False,0x0
1783864238.089,865,865,197613,4,1,-4,52,17,1134,5,-5,-2,101325,2500,7321,489,0xf,False,0x0
1783864238.289,866,866,197813,4,1,19,15,41,1139,3,2,-3,101325,2500,7321,487,0xf,False,0x0
1783864238.579,867,867,198103,4,1,7,-12,-45,935,0,-4,-1,101325,2500,7321,486,0xf,False,0x0
1783864238.779,868,868,198303,4,1,9,45,36,922,5,1,-5,101325,2500,7321,517,0xf,False,0x0
1783864239.034,869,869,198558,4,1,-3,20,-29,883,1,-4,4,101325,2500,7321,487,0xf,False,0x0
1783864239.234,870,870,198758,4,1,5,36,-31,890,-4,0,0,101325,2500,7321,495,0xf,False,0x0
1783864239.522,871,871,199046,4,1,-15,37,-44,1019,-3,-2,5,101325,2500,7321,489,0xf,False,0x0
1783864239.723,872,872,199247,4,1,-10,-40,-27,1083,-4,1,4,101325,2500,7321,511,0xf,False,0x0
1783864240.010,873,873,199533,4,1,14,-39,-9,1041,3,4,3,101325,2500,7321,515,0xf,False,0x0
1783864240.211,874,874,199735,4,1,9,-16,-48,1065,0,-4,-1,101325,2500,7321,488,0xf,False,0x0
1783864240.496,875,875,200020,4,1,15,16,3,1022,-1,5,1,101325,2500,7320,489,0xf,False,0x0
1783864240.697,876,876,200221,4,1,-2,-47,14,1087,4,3,-5,101325,2500,7320,494,0xf,False,0x0
1783864240.969,877,877,200493,4,1,10,58,-56,900,3,3,1,101325,2500,7320,490,0xf,False,0x0
1783864241.631,880,880,201155,4,1,-11,-5,39,1061,4,-1,2,101325,2500,7320,488,0xf,False,0x0
1783864241.925,881,881,201449,4,1,-6,-27,-44,927,-1,2,3,101325,2500,7320,509,0xf,False,0x0
1783864242.126,882,882,201650,4,1,3,35,2,1052,5,3,3,101325,2500,7320,508,0xf,False,0x0
1783864242.409,883,883,201933,4,1,-6,-46,7,897,-3,3,-5,101325,2500,7320,518,0xf,False,0x0
1783864242.610,884,884,202134,4,1,-18,-15,52,1055,-1,5,5,101325,2500,7320,483,0xf,False,0x0
1783864242.925,885,885,202449,4,1,-12,-6,1,994,5,-1,-2,101325,2500,7320,483,0xf,False,0x0
1783864243.126,886,886,202650,4,1,-20,20,57,918,3,1,1,101325,2500,7319,491,0xf,False,0x0
1783864243.405,887,887,202929,4,1,-4,33,-57,969,3,-2,-4,101325,2500,7319,484,0xf,False,0x0
1783864243.606,888,888,203130,4,1,18,-36,58,1044,5,-4,2,101325,2500,7319,515,0xf,False,0x0
1783864243.807,889,889,203331,4,1,2,-17,26,1019,-4,-1,3,101325,2500,7319,489,0xf,False,0x0
1783864244.016,890,890,203540,4,1,-5,-30,54,1051,1,4,-1,101325,2500,7319,490,0xf,False,0x0
1783864244.217,891,891,203741,4,1,-3,60,-38,970,-1,4,-5,101325,2500,7319,514,0xf,False,0x0
1783864244.418,892,892,203942,4,1,-9,-48,-31,975,4,4,0,101325,2500,7319,484,0xf,False,0x0
1783864244.618,893,893,204142,4,1,0,-41,-26,923,-3,-3,5,101325,2500,7319,506,0xf,False,0x0
1783864244.841,894,894,204365,4,1,-16,36,13,1007,-2,2,5,101325,2500,7319,511,0xf,False,0x0
1783864245.042,895,895,204565,4,1,0,-7,36,1023,0,3,-3,101325,2500,7319,488,0xf,False,0x0
1783864245.298,896,896,204821,4,1,14,-16,31,984,-1,2,3,101325,2500,7319,485,0xf,False,0x0
1783864245.498,897,897,205022,4,1,-13,-32,-6,845,4,-1,-2,101325,2500,7318,507,0xf,False,0x0
1783864245.763,898,898,205287,4,1,15,-49,-41,950,-1,0,2,101325,2500,7318,486,0xf,False,0x0
1783864245.963,899,899,205487,4,1,-17,-27,-15,1047,4,0,-1,101325,2500,7318,505,0xf,False,0x0
1783864246.222,900,900,205746,4,1,1,43,-22,1015,-4,3,2,101325,2500,7318,500,0xf,False,0x0
1783864246.422,901,901,205946,4,1,20,54,37,1143,0,5,1,101325,2500,7318,504,0xf,False,0x0
1783864246.674,902,902,206198,4,1,3,-39,-36,1098,-2,-1,4,101325,2500,7318,495,0xf,False,0x0
1783864246.875,903,903,206399,4,1,-10,38,-44,1049,2,5,2,101325,2500,7318,493,0xf,False,0x0
1783864247.149,904,904,206673,4,1,16,18,-7,900,-1,-5,1,101325,2500,7318,499,0xf,False,0x0
1783864247.349,905,905,206873,4,1,9,8,-56,856,4,-5,-2,101325,2500,7318,488,0xf,False,0x0
1783864247.634,906,906,207158,4,1,-15,34,18,941,-5,-4,0,101325,2500,7318,482,0xf,False,0x0
1783864247.835,907,907,207359,4,1,-13,48,36,969,5,-4,2,101325,2500,7318,494,0xf,False,0x0
1783864248.148,908,908,207672,4,1,12,43,25,901,-1,5,4,101325,2500,7317,512,0xf,False,0x0
1783864248.348,909,909,207872,4,1,1,-51,53,1024,1,-5,0,101325,2500,7317,482,0xf,False,0x0
1783864248.624,910,910,208148,4,1,8,27,34,1138,-2,2,-3,101325,2500,7317,496,0xf,False,0x0
1783864248.824,911,911,208348,4,1,1,-60,42,1075,0,3,-2,101325,2500,7317,518,0xf,False,0x0
1783864249.091,912,912,208615,4,1,-17,12,25,871,5,1,4,101325,2500,7317,489,0xf,False,0x0
1783864249.292,913,913,208816,4,1,8,-27,-38,993,-2,-4,-3,101325,2500,7317,512,0xf,False,0x0
1783864249.559,914,914,209083,4,1,10,-33,33,1116,2,4,5,101325,2500,7317,491,0xf,False,0x0
1783864249.760,915,915,209284,4,1,7,-15,-43,1109,-3,5,0,101325,2500,7317,487,0xf,False,0x0
1783864250.020,916,916,209544,4,1,13,39,21,939,0,-5,4,101325,2500,7317,481,0xf,False,0x0
1783864250.220,917,917,209744,4,1,-20,37,23,874,0,4,1,101325,2500,7317,498,0xf,False,0x0
1783864250.509,918,918,210033,4,1,2,47,-48,1041,2,-1,-3,101325,2500,7316,506,0xf,False,0x0
1783864250.710,919,919,210234,4,1,5,48,38,967,1,-5,-3,101325,2500,7316,519,0xf,False,0x0
1783864250.990,920,920,210514,4,1,10,58,35,1013,0,4,-1,101325,2500,7316,500,0xf,False,0x0
1783864251.191,921,921,210715,4,1,17,31,-60,1071,-5,-3,-4,101325,2500,7316,496,0xf,False,0x0
1783864251.448,922,922,210972,4,1,-3,-16,-22,1029,-3,3,-2,101325,2500,7316,504,0xf,False,0x0
1783864251.649,923,923,211173,4,1,-5,54,59,994,-3,-1,-1,101325,2500,7316,481,0xf,False,0x0
1783864251.939,924,924,211462,4,1,4,47,-21,1027,-1,-1,-1,101325,2500,7316,503,0xf,False,0x0
1783864252.139,925,925,211663,4,1,-6,48,58,1018,5,4,-5,101325,2500,7316,499,0xf,False,0x0
1783864252.437,926,926,211961,4,1,-20,-39,17,1018,-4,-1,-1,101325,2500,7316,513,0xf,False,0x0
1783864252.638,927,927,212162,4,1,-20,34,24,930,-5,-4,-3,101325,2500,7316,519,0xf,False,0x0
1783864252.900,928,928,212424,4,1,-13,54,-34,890,-4,-3,2,101325,2500,7316,502,0xf,False,0x0
1783864253.101,929,929,212625,4,1,11,32,-31,988,-4,3,3,101325,2500,7315,498,0xf,False,0x0
1783864253.387,930,930,212911,4,1,12,41,2,1025,3,-5,-1,101325,2500,7315,497,0xf,False,0x0
1783864253.588,931,931,213112,4,1,12,-15,24,1030,3,-4,-4,101325,2500,7315,482,0xf,False,0x0
1783864253.882,932,932,213406,4,1,-5,41,18,1005,-4,-5,-3,101325,2500,7315,507,0xf,False,0x0
1783864254.083,933,933,213607,4,1,-16,-13,-7,968,5,-4,-4,101325,2500,7315,497,0xf,False,0x0
1783864254.377,934,934,213901,4,1,-18,-44,37,913,1,3,-1,101325,2500,7315,481,0xf,False,0x0
1783864254.578,935,935,214102,4,1,-13,-27,-50,897,0,-3,-5,101325,2500,7315,518,0xf,False,0x0
1783864254.863,936,936,214387,4,1,7,-12,-57,944,-4,0,-2,101325,2500,7315,505,0xf,False,0x0
1783864255.064,937,937,214588,4,1,-6,-40,-26,1130,3,-2,5,101325,2500,7315,480,0xf,False,0x0
1783864255.347,938,938,214871,4,1,-11,-59,-23,915,-1,2,5,101325,2500,7315,516,0xf,False,0x0
1783864255.548,939,939,215072,4,1,6,57,-12,935,2,5,3,101325,2500,7314,483,0xf,False,0x0
1783864256.021,941,941,215545,4,1,-6,-3,32,1041,-4,1,0,101325,2500,7314,488,0xf,False,0x0
1783864256.476,943,943,216000,4,1,-1,-20,-37,991,1,4,0,101325,2500,7314,520,0xf,False,0x0
1783864256.737,944,944,216261,4,1,1,5,49,1049,5,5,-5,101325,2500,7314,520,0xf,False,0x0
1783864256.938,945,945,216462,4,1,19,-52,12,927,4,0,-2,101325,2500,7314,485,0xf,False,0x0
1783864257.236,946,946,216760,4,1,-12,-20,-22,917,-2,4,1,101325,2500,7314,505,0xf,False,0x0
1783864257.437,947,947,216961,4,1,-20,-53,44,1064,5,-4,1,101325,2500,7314,511,0xf,False,0x0
1783864257.714,948,948,217238,4,1,8,-17,18,987,4,-2,-1,101325,2500,7314,501,0xf,False,0x0
1783864257.915,949,949,217439,4,1,3,43,-45,997,4,-1,-1,101325,2500,7314,501,0xf,False,0x0
1783864258.195,950,950,217719,4,1,7,-51,36,889,-1,-5,-1,101325,2500,7313,481,0xf,False,0x0
1783864258.396,951,951,217920,4,1,15,-25,-35,1037,1,-3,4,101325,2500,7313,499,0xf,False,0x0
1783864258.651,952,952,218175,4,1,12,16,53,1016,3,-3,5,101325,2500,7313,501,0xf,False,0x0
1783864258.852,953,953,218376,4,1,13,-59,40,879,1,-1,5,101325,2500,7313,493,0xf,False,0x0
1783864259.118,954,954,218642,4,1,19,24,19,881,1,-4,2,101325,2500,7313,503,0xf,False,0x0
1783864259.319,955,955,218843,4,1,-18,-23,58,943,-1,4,-2,101325,2500,7313,514,0xf,False,0x0
1783864259.580,956,956,219104,4,1,-17,43,22,1049,4,0,2,101325,2500,7313,496,0xf,False,0x0
1783864259.781,957,957,219305,4,1,-10,-7,-2,967,3,3,5,101325,2500,7313,491,0xf,False,0x0
1783864260.052,958,958,219576,4,1,-9,-55,-31,1003,-3,3,5,101325,2500,7313,488,0xf,False,0x0
1783864260.252,959,959,219776,4,1,2,-56,-9,1000,-1,-5,-2,101325,2500,7313,518,0xf,False,0x0
1783864260.525,960,960,220049,4,1,18,31,-4,1062,0,4,5,101325,2500,7312,517,0xf,False,0x0
1783864260.725,961,961,220249,4,1,19,-47,-57,1023,5,-4,-4,101325,2500,7312,481,0xf,False,0x0
1783864261.013,962,962,220537,4,1,3,21,23,1007,1,4,-5,101325,2500,7312,499,0xf,False,0x0
1783864261.214,963,963,220738,4,1,16,-29,47,1011,3,-2,3,101325,2500,7312,497,0xf,False,0x0
1783864261.415,964,964,220939,4,1,17,-44,18,965,-3,4,-1,101325,2500,7312,492,0xf,False,0x0
1783864261.632,965,965,221156,4,1,18,-17,21,1041,0,3,4,101325,2500,7312,516,0xf,False,0x0
1783864261.833,966,966,221357,4,1,5,-54,-27,1078,-4,-2,-1,101325,2500,7312,520,0xf,False,0x0
1783864262.034,967,967,221558,4,1,18,-2,36,1055,-4,0,0,101325,2500,7312,503,0xf,False,0x0
1783864262.235,968,968,221758,4,1,-1,53,42,1071,3,-3,-5,101325,2500,7312,511,0xf,False,0x0
1783864262.502,969,969,222026,4,1,15,-37,57,1102,-3,-1,-4,101325,2500,7312,517,0xf,False,0x0
1783864262.703,970,970,222227,4,1,0,-28,-49,915,3,2,2,101325,2500,7312,520,0xf,False,0x0
1783864262.968,971,971,222492,4,1,7,23,-49,1059,-4,1,-4,101325,2500,7312,509,0xf,False,0x0
1783864263.168,972,972,222692,4,1,18,54,-19,874,-3,-5,4,101325,2500,7311,500,0xf,False,0x0
1783864263.446,973,973,222970,4,1,4,-59,21,989,0,-5,-2,101325,2500,7311,511,0xf,False,0x0
1783864263.646,974,974,223170,4,1,15,19,43,1133,-1,-3,5,101325,2500,7311,498,0xf,False,0x0
1783864263.932,975,975,223456,4,1,-4,-10,44,888,0,-1,-2,101325,2500,7311,487,0xf,False,0x0
1783864264.132,976,976,223656,4,1,17,56,4,1056,-5,4,-3,101325,2500,7311,480,0xf,False,0x0
1783864264.389,977,977,223913,4,1,16,-6,52,974,1,1,-1,101325,2500,7311,503,0xf,False,0x0
1783864264.589,978,978,224113,4,1,8,-27,-1,1053,2,1,-4,101325,2500,7311,503,0xf,False,0x0
1783864264.849,979,979,224373,4,1,-7,-43,-31,871,0,2,-4,101325,2500,7311,485,0xf,False,0x0
1783864265.049,980,980,224573,4,1,19,24,-20,938,5,-1,4,101325,2500,7311,502,0xf,False,0x0
1783864265.309,981,981,224833,4,1,0,36,-42,928,-1,5,-5,101325,2500,7311,505,0xf,False,0x0
1783864265.510,982,982,225034,4,1,1,19,31,1027,-2,5,0,101325,2500,7310,497,0xf,False,0x0
1783864265.787,983,983,225311,4,1,1,-1,45,962,5,0,-2,101325,2500,7310,501,0xf,False,0x0
1783864265.988,984,984,225512,4,1,-8,-27,-25,956,5,1,5,101325,2500,7310,520,0xf,False,0x0
1783864266.241,985,985,225765,4,1,19,0,32,848,-1,-2,1,101325,2500,7310,510,0xf,False,0x0
1783864266.442,986,986,225966,4,1,12,-35,60,956,1,2,-4,101325,2500,7310,493,0xf,False,0x0
1783864266.694,987,987,226218,4,1,16,37,-59,1027,0,0,4,101325,2500,7310,519,0xf,False,0x0
1783864266.894,988,988,226418,4,1,15,-48,-51,1070,3,5,-1,101325,2500,7310,517,0xf,False,0x0
1783864267.155,989,989,226679,4,1,4,47,40,1042,-5,1,4,101325,2500,7310,500,0xf,False,0x0
1783864267.356,990,990,226880,4,1,-8,-13,-53,937,3,-5,5,101325,2500,7310,513,0xf,False,0x0
1783864267.825,992,992,227349,4,1,5,37,49,935,-1,-5,-2,101325,2500,7310,507,0xf,False,0x0
1783864268.118,993,993,227642,4,1,-19,-60,-51,1099,3,2,0,101325,2500,7309,510,0xf,False,0x0
1783864268.318,994,994,227842,4,1,19,3,34,938,1,4,-2,101325,2500,7309,517,0xf,False,0x0
1783864268.600,995,995,228124,4,1,13,47,18,942,-4,5,-2,101325,2500,7309,516,0xf,False,0x0
1783864268.801,996,996,228325,4,1,10,-19,-7,1126,3,-4,-4,101325,2500,7309,509,0xf,False,0x0
1783864269.061,997,997,228585,4,1,9,-20,57,913,-2,-3,4,101325,2500,7309,501,0xf,False,0x0
1783864269.262,998,998,228785,4,1,-12,3,50,925,5,-2,1,101325,2500,7309,498,0xf,False,0x0
1783864269.524,999,999,229048,4,1,-14,-3,23,1127,-1,-5,-1,101325,2500,7309,496,0xf,False,0x0
1783864269.724,1000,1000,229248,4,1,16,-9,-54,1036,-2,-1,0,101325,2500,7309,494,0xf,False,0x0
1783864270.002,1001,1001,229526,4,1,18,-37,11,871,5,-1,-2,101325,2500,7309,490,0xf,False,0x0
1783864270.202,1002,1002,229726,4,1,4,11,-23,1020,-3,-4,-1,101325,2500,7309,481,0xf,False,0x0
1783864270.487,1003,1003,230010,4,1,-14,-41,-45,980,-5,-5,0,101325,2500,7308,496,0xf,False,0x0
1783864270.687,1004,1004,230211,4,1,12,27,1,1081,-2,-1,0,101325,2500,7308,501,0xf,False,0x0
1783864270.967,1005,1005,230491,4,1,12,-26,-43,944,-3,0,3,101325,2500,7308,506,0xf,False,0x0
1783864271.174,1006,1006,230698,4,1,20,-52,21,861,3,1,-4,101325,2500,7308,501,0xf,False,0x0
1783864271.375,1007,1007,230899,4,1,-4,-32,-51,915,4,3,-2,101325,2500,7308,495,0xf,False,0x0
1783864271.612,1008,1008,231136,4,1,-16,55,-38,1046,2,0,-1,101325,2500,7308,516,0xf,False,0x0
1783864271.813,1009,1009,231337,4,1,13,44,-4,954,-4,-2,3,101325,2500,7308,515,0xf,False,0x0
1783864272.014,1010,1010,231537,4,1,15,-25,46,1083,-3,2,2,101325,2500,7308,498,0xf,False,0x0
1783864272.214,1011,1011,231738,4,1,-14,48,13,1098,-3,4,-3,101325,2500,7308,500,0xf,False,0x0
1783864272.474,1012,1012,231998,4,1,6,-46,-17,924,0,0,-4,101325,2500,7308,482,0xf,False,0x0
1783864272.674,1013,1013,232198,4,1,13,-23,55,1148,-4,1,-4,101325,2500,7308,517,0xf,False,0x0
1783864272.985,1014,1014,232509,4,1,14,24,28,878,-2,3,-5,101325,2500,7307,494,0xf,False,0x0
1783864273.186,1015,1015,232710,4,1,-1,7,-10,1162,-4,3,-5,101325,2500,7307,501,0xf,False,0x0
1783864273.507,1016,1016,233031,4,1,-5,-20,19,905,0,-3,0,101325,2500,7307,499,0xf,False,0x0
1783864273.977,1018,1018,233501,4,1,-16,14,-23,1091,2,0,-4,101325,2500,7307,498,0xf,False,0x0
1783864274.177,1019,1019,233701,4,1,-14,-47,60,890,2,2,5,101325,2500,7307,482,0xf,False,0x0
1783864274.452,1020,1020,233976,4,1,-10,49,-2,908,1,4,-5,101325,2500,7307,501,0xf,False,0x0
1783864274.652,1021,1021,234176,4,1,-17,40,-18,953,-5,-3,0,101325,2500,7307,498,0xf,False,0x0
1783864274.909,1022,1022,234433,4,1,-2,-57,-16,1006,0,-4,-1,101325,2500,7307,514,0xf,False,0x0
1783864275.110,1023,1023,234634,4,1,18,27,-46,1062,0,-1,-1,101325,2500,7307,481,0xf,False,0x0
1783864275.378,1024,1024,234902,4,1,-11,21,-17,877,0,4,2,101325,2500,7307,497,0xf,False,0x0
1783864275.579,1025,1025,235103,4,1,-14,3,-20,918,0,0,-5,101325,2500,7306,492,0xf,False,0x0
1783864275.848,1026,1026,235372,4,1,-3,53,8,1060,5,-1,-4,101325,2500,7306,503,0xf,False,0x0
1783864276.049,1027,1027,235573,4,1,-10,-7,-13,1119,2,0,5,101325,2500,7306,484,0xf,False,0x0
1783864276.306,1028,1028,235830,4,1,-7,-53,-35,1105,-5,-4,-5,101325,2500,7306,480,0xf,False,0x0
1783864276.507,1029,1029,236031,4,1,14,21,-26,1004,3,-2,-3,101325,2500,7306,508,0xf,False,0x0
1783864276.772,1030,1030,236296,4,1,6,-43,-29,907,-3,3,1,101325,2500,7306,519,0xf,False,0x0
1783864276.973,1031,1031,236497,4,1,-19,-41,-45,1087,-2,1,-4,101325,2500,7306,482,0xf,False,0x0
1783864277.261,1032,1032,236785,4,1,-9,-43,0,1039,5,-3,-5,101325,2500,7306,519,0xf,False,0x0
1783864277.462,1033,1033,236985,4,1,-8,-49,-17,1014,4,-2,5,101325,2500,7306,498,0xf,False,0x0
1783864277.779,1034,1034,237303,4,1,-17,50,-33,1003,0,-1,-1,101325,2500,7306,501,0xf,False,0x0
1783864277.980,1035,1035,237504,4,1,-13,-39,29,955,-3,0,3,101325,2500,7305,486,0xf,False,0x0
1783864278.267,1036,1036,237791,4,1,7,-52,6,1093,-2,0,3,101325,2500,7305,503,0xf,False,0x0
1783864278.468,1037,1037,237992,4,1,3,44,-15,863,0,5,1,101325,2500,7305,510,0xf,False,0x0
1783864278.752,1038,1038,238276,4,1,6,-30,-58,1048,-3,0,-2,101325,2500,7305,519,0xf,False,0x0
1783864278.952,1039,1039,238476,4,1,8,17,-28,967,3,-2,0,101325,2500,7305,504,0xf,False,0x0
1783864279.222,1040,1040,238746,4,1,-11,-29,-35,905,0,2,5,101325,2500,7305,486,0xf,False,0x0
1783864279.423,1041,1041,238947,4,1,2,46,0,1005,-5,2,1,101325,2500,7305,488,0xf,False,0x0
1783864279.684,1042,1042,239208,4,1,0,1,23,930,-2,1,-1,101325,2500,7305,480,0xf,False,0x0
1783864279.884,1043,1043,239408,4,1,20,19,57,998,0,4,-5,101325,2500,7305,486,0xf,False,0x0
1783864280.148,1044,1044,239672,4,1,12,-47,53,993,5,-4,4,101325,2500,7305,485,0xf,False,0x0
1783864280.349,1045,1045,239873,4,1,4,33,-11,1114,5,-4,-5,101325,2500,7305,510,0xf,False,0x0
1783864280.622,1046,1046,240146,4,1,-11,-29,18,897,3,1,-3,101325,2500,7304,480,0xf,False,0x0
1783864280.822,1047,1047,240346,4,1,-3,43,40,1010,0,-3,4,101325,2500,7304,495,0xf,False,0x0
1783864281.120,1048,1048,240644,4,1,2,-24,-21,898,-5,-5,1,101325,2500,7304,516,0xf,False,0x0
1783864281.587,1050,1050,241111,4,1,-16,-40,49,945,4,0,-1,101325,2500,7304,488,0xf,False,0x0
1783864281.788,1051,1051,241312,4,1,-11,19,-6,939,5,5,-5,101325,2500,7304,496,0xf,False,0x0
1783864282.048,1052,1052,241572,4,1,16,-58,39,1016,-4,0,-4,101325,2500,7304,497,0xf,False,0x0
1783864282.248,1053,1053,241772,4,1,-11,-53,-35,909,1,0,1,101325,2500,7304,520,0xf,False,0x0
1783864282.504,1054,1054,242028,4,1,5,-21,-23,1005,0,3,2,101325,2500,7304,517,0xf,False,0x0
1783864282.705,1055,1055,242229,4,1,-5,32,16,1016,-1,-2,3,101325,2500,7304,489,0xf,False,0x0
1783864282.967,1056,1056,242491,4,1,16,54,31,890,-1,4,2,101325,2500,7304,489,0xf,False,0x0
1783864283.168,1057,1057,242692,4,1,8,41,-21,1072,4,-2,0,101325,2500,7303,507,0xf,False,0x0
1783864283.441,1058,1058,242965,4,1,5,16,2,1043,4,5,4,101325,2500,7303,485,0xf,False,0x0
1783864283.641,1059,1059,243165,4,1,9,-58,7,881,5,-3,0,101325,2500,7303,504,0xf,False,0x0
1783864283.902,1060,1060,243426,4,1,-7,-30,-30,1118,0,3,5,101325,2500,7303,490,0xf,False,0x0
1783864284.102,1061,1061,243626,4,1,9,-35,17,1049,-5,-2,2,101325,2500,7303,504,0xf,False,0x0
1783864284.387,1062,1062,243911,4,1,9,52,57,998,-5,-1,-4,101325,2500,7303,512,0xf,False,0x0
1783864284.588,1063,1063,244112,4,1,-2,39,-12,885,-5,4,0,101325,2500,7303,493,0xf,False,0x0
1783864284.915,1064,1064,244439,4,1,16,58,38,908,-3,-3,-1,101325,2500,7303,507,0xf,False,0x0
1783864285.116,1065,1065,244640,4,1,0,19,-46,930,-1,3,2,101325,2500,7303,518,0xf,False,0x0
1783864285.396,1066,1066,244920,4,1,13,-35,-27,937,-4,1,5,101325,2500,7303,513,0xf,False,0x0
1783864285.597,1067,1067,245121,4,1,-9,-59,-39,1067,-1,5,-3,101325,2500,7302,499,0xf,False,0x0
1783864285.907,1068,1068,245431,4,1,-9,12,-52,950,5,4,-3,101325,2500,7302,504,0xf,False,0x0
1783864286.108,1069,1069,245632,4,1,-3,25,11,989,2,4,0,101325,2500,7302,496,0xf,False,0x0
1783864286.396,1070,1070,245920,4,1,3,45,-23,1109,0,0,-3,101325,2500,7302,488,0xf,False,0x0
1783864286.596,1071,1071,246120,4,1,-11,48,-14,958,5,0,-2,101325,2500,7302,515,0xf,False,0x0
1783864286.878,1072,1072,246402,4,1,-13,59,57,1098,-2,0,5,101325,2500,7302,513,0xf,False,0x0
1783864287.079,1073,1073,246602,4,1,3,-34,10,1145,1,-3,1,101325,2500,7302,495,0xf,False,0x0
1783864287.368,1074,1074,246892,4,1,4,-17,2,1074,1,-5,-3,101325,2500,7302,495,0xf,False,0x0
1783864287.568,1075,1075,247092,4,1,3,9,-41,1104,-5,3,4,101325,2500,7302,509,0xf,False,0x0
1783864287.871,1076,1076,247395,4,1,13,-5,14,1059,5,-2,2,101325,2500,7302,514,0xf,False,0x0
1783864288.071,1077,1077,247595,4,1,16,-54,46,1040,-4,2,2,101325,2500,7301,498,0xf,False,0x0
1783864288.366,1078,1078,247890,4,1,-9,50,-41,1025,-3,5,-1,101325,2500,7301,505,0xf,False,0x0
1783864288.567,1079,1079,248091,4,1,-19,-33,-53,915,-2,-4,1,101325,2500,7301,508,0xf,False,0x0
1783864288.836,1080,1080,248360,4,1,4,25,-26,899,-3,1,2,101325,2500,7301,513,0xf,False,0x0
1783864289.036,1081,1081,248560,4,1,-7,-33,15,990,3,-5,-1,101325,2500,7301,513,0xf,False,0x0
1783864289.333,1082,1082,248857,4,1,8,21,31,900,-5,-1,-5,101325,2500,7301,517,0xf,False,0x0
1783864289.534,1083,1083,249057,4,1,-8,-24,52,1144,-3,0,-2,101325,2500,7301,485,0xf,False,0x0
1783864289.843,1084,1084,249367,4,1,1,-5,54,945,-3,-3,3,101325,2500,7301,502,0xf,False,0x0
1783864290.043,1085,1085,249567,4,1,18,20,51,1111,1,5,2,101325,2500,7301,482,0xf,False,0x0
1783864290.318,1086,1086,249842,4,1,-17,-36,10,936,-2,-2,-2,101325,2500,7301,506,0xf,False,0x0
1783864290.519,1087,1087,250042,4,1,-18,-45,-26,1066,-4,1,-4,101325,2500,7300,493,0xf,False,0x0
1783864290.847,1088,1088,250371,4,1,-13,-50,41,992,5,0,2,101325,2500,7300,493,0xf,False,0x0
1783864291.048,1089,1089,250572,4,1,-2,59,27,909,0,-2,0,101325,2500,7300,498,0xf,False,0x0
1783864291.307,1090,1090,250831,4,1,12,35,-22,1102,-4,-5,-4,101325,2500,7300,491,0xf,False,0x0
1783864291.508,1091,1091,251032,4,1,1,37,-22,1034,3,0,2,101325,2500,7300,486,0xf,False,0x0
1783864291.784,1092,1092,251308,4,1,-4,-18,-27,1085,1,-4,-3,101325,2500,7300,516,0xf,False,0x0
1783864291.985,1093,1093,251509,4,1,12,35,-3,984,-3,-2,3,101325,2500,7300,505,0xf,False,0x0
1783864292.258,1094,1094,251782,4,1,-17,33,26,1026,1,4,5,101325,2500,7300,485,0xf,False,0x0
1783864292.778,1096,1096,252301,4,1,17,23,-10,1005,-4,5,-5,101325,2500,7300,494,0xf,False,0x0
1783864292.978,1097,1097,252502,4,1,-3,10,-58,1000,5,-5,-1,101325,2500,7299,487,0xf,False,0x0
1783864293.265,1098,1098,252788,4,1,-5,-7,-31,1100,0,4,5,101325,2500,7299,484,0xf,False,0x0
1783864293.465,1099,1099,252989,4,1,-15,57,27,1145,-5,-5,3,101325,2500,7299,512,0xf,False,0x0
1783864293.759,1100,1100,253283,4,1,17,-25,32,1093,-3,2,-1,101325,2500,7299,493,0xf,False,0x0
1783864293.959,1101,1101,253483,4,1,13,-19,16,925,-3,4,-2,101325,2500,7299,505,0xf,False,0x0
1783864294.208,1102,1102,253732,4,1,4,43,45,978,1,1,3,101325,2500,7299,483,0xf,False,0x0
1783864294.409,1103,1103,253933,4,1,-4,39,-39,1002,1,1,3,101325,2500,7299,492,0xf,False,0x0
1783864294.684,1104,1104,254207,4,1,-11,-11,41,999,2,-4,4,101325,2500,7299,506,0xf,False,0x0
1783864294.884,1105,1105,254408,4,1,3,-58,-5,950,4,-3,0,101325,2500,7299,499,0xf,False,0x0
1783864295.196,1106,1106,254720,4,1,-19,-4,3,1091,5,-2,0,101325,2500,7299,519,0xf,False,0x0
1783864295.397,1107,1107,254921,4,1,5,-42,10,1005,-1,-3,-2,101325,2500,7299,517,0xf,False,0x0
1783864295.695,1108,1108,255219,4,1,-2,48,28,1056,-3,-2,-2,101325,2500,7298,512,0xf,False,0x0
1783864295.895,1109,1109,255419,4,1,2,6,-60,1119,0,4,0,101325,2500,7298,486,0xf,False,0x0
1783864296.396,1111,1111,255920,4,1,-10,7,-36,965,3,2,5,101325,2500,7298,505,0xf,False,0x0
1783864296.657,1112,1112,256180,4,1,15,31,33,984,1,-1,3,101325,2500,7298,492,0xf,False,0x0
1783864296.857,1113,1113,256381,4,1,-1,-34,39,929,1,0,5,101325,2500,7298,514,0xf,False,0x0
1783864297.133,1114,1114,256657,4,1,5,-12,-26,1018,3,-5,1,101325,2500,7298,513,0xf,False,0x0
1783864297.334,1115,1115,256858,4,1,-13,3,0,1118,3,-4,3,101325,2500,7298,499,0xf,False,0x0
1783864297.643,1116,1116,257167,4,1,-13,53,-12,966,0,0,2,101325,2500,7298,507,0xf,False,0x0
1783864297.844,1117,1117,257368,4,1,-3,-28,16,1108,-4,4,3,101325,2500,7298,492,0xf,False,0x0
1783864298.153,1118,1118,257677,4,1,2,27,36,1111,-2,4,-1,101325,2500,7297,507,0xf,False,0x0
1783864298.354,1119,1119,257878,4,1,1,47,-42,1072,-4,5,0,101325,2500,7297,500,0xf,False,0x0
1783864298.664,1120,1120,258188,4,1,-3,-47,-6,991,-1,3,3,101325,2500,7297,518,0xf,False,0x0
1783864298.865,1121,1121,258389,4,1,16,-42,8,926,0,-2,2,101325,2500,7297,491,0xf,False,0x0
1783864299.346,1123,1123,258870,4,1,-19,23,16,942,2,-3,-1,101325,2500,7297,506,0xf,False,0x0
1783864299.617,1124,1124,259141,4,1,-4,35,25,947,3,4,1,101325,2500,7297,500,0xf,False,0x0
1783864299.818,1125,1125,259342,4,1,3,27,-46,941,-3,-4,4,101325,2500,7297,480,0xf,False,0x0
1783864300.083,1126,1126,259607,4,1,0,-12,10,1066,-5,3,5,101325,2500,7297,504,0xf,False,0x0
1783864300.284,1127,1127,259808,4,1,-17,52,7,1036,-4,-3,4,101325,2500,7297,487,0xf,False,0x0
1783864300.536,1128,1128,260060,4,1,-9,-35,28,1009,-2,0,0,101325,2500,7296,507,0xf,False,0x0
1783864300.737,1129,1129,260260,4,1,-19,52,54,1016,3,0,-4,101325,2500,7296,513,0xf,False,0x0
1783864300.988,1130,1130,260512,4,1,-3,-24,-32,1074,2,-4,1,101325,2500,7296,509,0xf,False,0x0
1783864301.188,1131,1131,260712,4,1,-6,6,-12,925,0,-3,5,101325,2500,7296,511,0xf,False,0x0
1783864301.453,1132,1132,260977,4,1,5,60,58,915,-5,-4,0,101325,2500,7296,488,0xf,False,0x0
1783864301.655,1133,1133,261179,4,1,20,25,-41,897,4,0,0,101325,2500,7296,499,0xf,False,0x0
1783864301.920,1134,1134,261443,4,1,9,19,56,933,1,5,5,101325,2500,7296,509,0xf,False,0x0
1783864302.120,1135,1135,261644,4,1,6,6,-47,990,1,-2,4,101325,2500,7296,514,0xf,False,0x0
1783864302.375,1136,1136,261899,4,1,-4,-28,20,1128,0,4,0,101325,2500,7296,487,0xf,False,0x0
1783864302.576,1137,1137,262100,4,1,-14,-2,1,1034,4,4,-5,101325,2500,7296,489,0xf,False,0x0
1783864302.829,1138,1138,262352,4,1,14,54,48,953,-3,-2,0,101325,2500,7296,481,0xf,False,0x0
1783864303.327,1140,1140,262851,4,1,7,-35,-53,970,1,5,1,101325,2500,7295,487,0xf,False,0x0
1783864303.528,1141,1141,263052,4,1,3,-45,-53,924,4,5,-3,101325,2500,7295,491,0xf,False,0x0
1783864303.780,1142,1142,263304,4,1,10,-9,28,1035,0,5,1,101325,2500,7295,518,0xf,False,0x0
1783864303.980,1143,1143,263504,4,1,-6,-25,33,945,5,-5,2,101325,2500,7295,498,0xf,False,0x0
1783864304.246,1144,1144,263770,4,1,-9,8,-35,917,2,-2,2,101325,2500,7295,512,0xf,False,0x0
1783864304.447,1145,1145,263971,4,1,-2,-12,-14,968,3,0,2,101325,2500,7295,493,0xf,False,0x0
1783864304.703,1146,1146,264227,4,1,-15,10,-9,1119,5,-4,1,101325,2500,7295,491,0xf,False,0x0
1783864305.197,1148,1148,264721,4,1,20,34,46,1060,2,3,-4,101325,2500,7295,513,0xf,False,0x0
1783864305.397,1149,1149,264921,4,1,-8,34,-54,896,-2,-1,5,101325,2500,7295,503,0xf,False,0x0
1783864305.709,1150,1150,265233,4,1,3,17,-14,968,3,-3,0,101325,2500,7294,514,0xf,False,0x0
1783864305.910,1151,1151,265434,4,1,-9,6,-41,864,-1,-4,-2,101325,2500,7294,517,0xf,False,0x0
1783864306.413,1153,1153,265937,4,1,7,-33,-58,1111,5,4,-4,101325,2500,7294,493,0xf,False,0x0
1783864306.678,1154,1154,266202,4,1,-16,5,18,1018,3,1,0,101325,2500,7294,509,0xf,False,0x0
1783864306.879,1155,1155,266402,4,1,17,-48,-2,943,3,0,-1,101325,2500,7294,483,0xf,False,0x0
1783864307.182,1156,1156,266706,4,1,10,52,44,1008,-4,0,-3,101325,2500,7294,486,0xf,False,0x0
1783864307.382,1157,1157,266906,4,1,-7,-16,35,1057,1,4,2,101325,2500,7294,505,0xf,False,0x0
1783864307.694,1158,1158,267217,4,1,-5,-33,-59,967,3,-3,-1,101325,2500,7294,495,0xf,False,0x0
1783864307.894,1159,1159,267418,4,1,-8,-12,17,1108,5,1,3,101325,2500,7294,489,0xf,False,0x0
1783864308.131,1160,1160,267654,4,1,-13,-24,-47,1027,2,2,-2,101325,2500,7293,480,0xf,False,0x0
1783864308.331,1161,1161,267855,4,1,19,1,-13,1056,0,5,-1,101325,2500,7293,489,0xf,False,0x0
1783864308.618,1162,1162,268142,4,1,-18,-46,9,1059,1,2,-3,101325,2500,7293,520,0xf,False,0x0
1783864308.818,1163,1163,268342,4,1,-18,32,-57,1044,0,-5,-4,101325,2500,7293,508,0xf,False,0x0
1783864309.064,1164,1164,268588,4,1,-1,49,36,913,0,-3,-5,101325,2500,7293,500,0xf,False,0x0
1783864309.265,1165,1165,268789,4,1,11,13,-19,959,-1,-3,-5,101325,2500,7293,493,0xf,False,0x0
1783864309.535,1166,1166,269059,4,1,-12,-32,-8,1129,4,2,-2,101325,2500,7293,505,0xf,False,0x0
1783864309.735,1167,1167,269259,4,1,11,1,-25,957,-4,5,-3,101325,2500,7293,501,0xf,False,0x0
1783864309.998,1168,1168,269522,4,1,-7,36,-24,1079,-4,-4,5,101325,2500,7293,512,0xf,False,0x0
1783864310.198,1169,1169,269722,4,1,-2,-32,-8,1048,-4,5,5,101325,2500,7293,505,0xf,False,0x0
1783864310.483,1170,1170,270007,4,1,17,-50,35,1029,-2,5,1,101325,2500,7292,514,0xf,False,0x0
1783864310.683,1171,1171,270207,4,1,-7,-26,27,1017,0,-5,3,101325,2500,7292,483,0xf,False,0x0
1783864311.180,1173,1173,270704,4,1,-7,57,-46,916,2,3,5,101325,2500,7292,509,0xf,False,0x0
1783864311.432,1174,1174,270956,4,1,5,-58,3,1065,3,0,2,101325,2500,7292,495,0xf,False,0x0
1783864311.633,1175,1175,271157,4,1,18,40,-42,936,1,4,-5,101325,2500,7292,490,0xf,False,0x0
1783864312.086,1177,1177,271610,4,1,4,41,57,989,-2,-1,-3,101325,2500,7292,506,0xf,False,0x0
1783864312.344,1178,1178,271868,4,1,13,-33,-25,928,-4,-1,0,101325,2500,7292,506,0xf,False,0x0
1783864312.544,1179,1179,272068,4,1,16,-53,45,1118,2,-2,5,101325,2500,7292,518,0xf,False,0x0
1783864312.828,1180,1180,272352,4,1,-5,24,-8,1063,5,-5,-2,101325,2500,7292,489,0xf,False,0x0
1783864313.029,1181,1181,272553,4,1,12,-9,-43,1015,-3,-2,1,101325,2500,7291,515,0xf,False,0x0
1783864313.329,1182,1182,272853,4,1,8,4,-14,901,3,-4,1,101325,2500,7291,508,0xf,False,0x0
1783864313.530,1183,1183,273054,4,1,3,-40,39,925,4,-3,0,101325,2500,7291,519,0xf,False,0x0
1783864313.814,1184,1184,273338,4,1,18,41,-34,1077,3,-5,1,101325,2500,7291,516,0xf,False,0x0
1783864314.014,1185,1185,273538,4,1,-11,54,-34,860,3,4,5,101325,2500,7291,484,0xf,False,0x0
1783864314.279,1186,1186,273803,4,1,20,27,42,1020,-3,3,2,101325,2500,7291,488,0xf,False,0x0
1783864314.480,1187,1187,274004,4,1,-2,3,-36,1128,-4,0,4,101325,2500,7291,482,0xf,False,0x0
1783864314.773,1188,1188,274297,4,1,-14,56,36,943,2,-3,5,101325,2500,7291,502,0xf,False,0x0
1783864314.974,1189,1189,274498,4,1,-17,22,-18,878,2,-1,-4,101325,2500,7291,507,0xf,False,0x0
1783864315.237,1190,1190,274761,4,1,-5,57,18,882,4,0,0,101325,2500,7291,504,0xf,False,0x0
1783864315.438,1191,1191,274962,4,1,14,-39,23,1031,0,1,1,101325,2500,7291,482,0xf,False,0x0
1783864315.712,1192,1192,275236,4,1,16,-33,-11,1097,4,-2,-1,101325,2500,7290,515,0xf,False,0x0
1783864315.912,1193,1193,275436,4,1,8,-32,-45,1001,3,1,3,101325,2500,7290,515,0xf,False,0x0
1783864316.196,1194,1194,275720,4,1,-11,-57,57,926,1,-3,-4,101325,2500,7290,490,0xf,False,0x0
1783864316.397,1195,1195,275921,4,1,16,-7,43,1096,-4,-1,-5,101325,2500,7290,505,0xf,False,0x0
1783864316.669,1196,1196,276193,4,1,-13,60,51,995,3,3,-5,101325,2500,7290,499,0xf,False,0x0
1783864316.869,1197,1197,276393,4,1,-2,-56,29,985,-2,5,2,101325,2500,7290,498,0xf,False,0x0
1783864317.155,1198,1198,276679,4,1,1,-26,-16,947,4,-3,4,101325,2500,7290,486,0xf,False,0x0
1783864317.355,1199,1199,276879,4,1,1,-29,-10,1046,0,0,-3,101325,2500,7290,515,0xf,False,0x0
1783864317.657,1200,1200,277181,4,1,4,53,-52,1041,-3,3,-5,101325,2500,7290,484,0xf,False,0x0
1783864317.857,1201,1201,277381,4,1,4,46,28,979,0,-1,4,101325,2500,7290,512,0xf,False,0x0
1783864318.114,1202,1202,277638,4,1,6,-5,-21,1045,5,-1,-4,101325,2500,7289,507,0xf,False,0x0
1783864318.314,1203,1203,277838,4,1,-14,19,1,1017,0,2,0,101325,2500,7289,505,0xf,False,0x0
1783864318.614,1204,1204,278138,4,1,2,10,25,1052,1,3,1,101325,2500,7289,507,0xf,False,0x0
1783864318.815,1205,1205,278339,4,1,12,46,-36,1044,0,-1,5,101325,2500,7289,492,0xf,False,0x0
1783864319.050,1206,1206,278573,4,1,20,43,26,888,-4,4,-5,101325,2500,7289,480,0xf,False,0x0
1783864319.250,1207,1207,278774,4,1,5,-23,-56,989,1,5,-4,101325,2500,7289,513,0xf,False,0x0
1783864319.506,1208,1208,279030,4,1,-17,41,15,973,-2,5,-5,101325,2500,7289,480,0xf,False,0x0
1783864319.706,1209,1209,279230,4,1,12,21,-59,1082,-5,-5,3,101325,2500,7289,508,0xf,False,0x0
1783864319.977,1210,1210,279501,4,1,3,-14,46,1115,3,5,-2,101325,2500,7289,507,0xf,False,0x0
1783864320.177,1211,1211,279701,4,1,-7,28,30,895,0,4,-5,101325,2500,7289,500,0xf,False,0x0
1783864320.485,1212,1212,280009,4,1,-12,28,56,1057,2,-1,-2,101325,2500,7288,498,0xf,False,0x0
1783864320.686,1213,1213,280210,4,1,-1,14,35,964,4,5,1,101325,2500,7288,488,0xf,False,0x0
1783864320.994,1214,1214,280518,4,1,-16,-31,-20,880,-5,5,5,101325,2500,7288,484,0xf,False,0x0
1783864321.195,1215,1215,280719,4,1,20,-40,-32,894,5,0,1,101325,2500,7288,490,0xf,False,0x0
1783864321.458,1216,1216,280982,4,1,-14,-60,2,916,-4,-1,3,101325,2500,7288,504,0xf,False,0x0
1783864321.659,1217,1217,281183,4,1,3,-16,-40,955,-2,2,1,101325,2500,7288,495,0xf,False,0x0
1783864321.932,1218,1218,281456,4,1,-17,43,36,1105,1,3,-2,101325,2500,7288,503,0xf,False,0x0
1783864322.132,1219,1219,281656,4,1,-11,29,-52,1088,-4,4,3,101325,2500,7288,507,0xf,False,0x0
1783864322.416,1220,1220,281940,4,1,15,-50,-51,933,-4,5,4,101325,2500,7288,519,0xf,False,0x0
1783864322.617,1221,1221,282140,4,1,1,-13,-46,1036,-1,-5,-2,101325,2500,7288,480,0xf,False,0x0
1783864322.905,1222,1222,282429,4,1,-9,-43,22,928,2,0,-4,101325,2500,7288,499,0xf,False,0x0
1783864323.105,1223,1223,282629,4,1,11,-18,-12,990,-5,-2,0,101325,2500,7287,495,0xf,False,0x0
1783864323.385,1224,1224,282909,4,1,-19,56,-12,936,2,5,3,101325,2500,7287,511,0xf,False,0x0
1783864323.586,1225,1225,283109,4,1,2,-37,10,987,-1,2,-4,101325,2500,7287,488,0xf,False,0x0
1783864323.847,1226,1226,283371,4,1,18,60,56,861,-1,-2,5,101325,2500,7287,511,0xf,False,0x0
1783864324.048,1227,1227,283571,4,1,-7,3,45,1081,-2,-1,2,101325,2500,7287,491,0xf,False,0x0
1783864324.300,1228,1228,283824,4,1,-5,6,-12,924,0,4,5,101325,2500,7287,501,0xf,False,0x0
1783864324.501,1229,1229,284025,4,1,16,59,-28,1052,5,0,-5,101325,2500,7287,501,0xf,False,0x0
1783864324.769,1230,1230,284292,4,1,-1,52,33,900,-3,-3,3,101325,2500,7287,489,0xf,False,0x0
1783864324.969,1231,1231,284493,4,1,4,-14,-47,907,-3,-2,4,101325,2500,7287,483,0xf,False,0x0
1783864325.258,1232,1232,284781,4,1,8,32,30,954,-2,-5,-2,101325,2500,7287,503,0xf,False,0x0
1783864325.737,1234,1234,285261,4,1,17,-18,0,1067,3,0,-4,101325,2500,7286,520,0xf,False,0x0
1783864325.937,1235,1235,285461,4,1,-7,-40,-49,958,5,-5,5,101325,2500,7286,495,0xf,False,0x0
1783864326.232,1236,1236,285756,4,1,19,33,48,1060,2,3,4,101325,2500,7286,498,0xf,False,0x0
1783864326.432,1237,1237,285956,4,1,0,-40,36,994,1,-2,-1,101325,2500,7286,508,0xf,False,0x0
1783864326.695,1238,1238,286219,4,1,-11,-28,-42,1002,-2,-4,4,101325,2500,7286,514,0xf,False,0x0
1783864326.895,1239,1239,286419,4,1,17,26,-41,898,2,3,2,101325,2500,7286,491,0xf,False,0x0
1783864327.164,1240,1240,286688,4,1,17,-59,-41,1156,4,-4,2,101325,2500,7286,480,0xf,False,0x0
1783864327.364,1241,1241,286888,4,1,-5,24,-38,888,4,3,-4,101325,2500,7286,489,0xf,False,0x0
1783864327.653,1242,1242,287177,4,1,12,13,26,952,-3,0,-3,101325,2500,7286,482,0xf,False,0x0
1783864327.853,1243,1243,287377,4,1,-12,-49,9,1084,0,1,3,101325,2500,7286,485,0xf,False,0x0
1783864328.165,1244,1244,287689,4,1,2,10,-1,870,-3,2,3,101325,2500,7285,499,0xf,False,0x0
1783864328.365,1245,1245,287889,4,1,-8,-6,-54,1058,4,-4,3,101325,2500,7285,496,0xf,False,0x0
1783864328.652,1246,1246,288176,4,1,-10,45,44,1087,3,5,3,101325,2500,7285,491,0xf,False,0x0
1783864328.853,1247,1247,288377,4,1,-7,-23,12,1127,-2,-4,4,101325,2500,7285,509,0xf,False,0x0
1783864329.107,1248,1248,288631,4,1,-17,18,-48,982,-4,-4,-2,101325,2500,7285,480,0xf,False,0x0
1783864329.308,1249,1249,288831,4,1,10,-27,0,871,-1,-5,0,101325,2500,7285,493,0xf,False,0x0
1783864329.601,1250,1250,289125,4,1,-7,7,37,980,1,0,1,101325,2500,7285,482,0xf,False,0x0
1783864329.802,1251,1251,289326,4,1,17,-45,-27,1120,-5,3,1,101325,2500,7285,492,0xf,False,0x0
1783864330.078,1252,1252,289602,4,1,-8,60,23,977,-2,-4,5,101325,2500,7285,485,0xf,False,0x0
1783864330.278,1253,1253,289802,4,1,-20,55,51,1078,-1,2,5,101325,2500,7285,511,0xf,False,0x0
1783864330.585,1254,1254,290109,4,1,3,15,-58,1037,5,2,1,101325,2500,7284,496,0xf,False,0x0
1783864330.786,1255,1255,290310,4,1,19,47,30,840,-2,4,0,101325,2500,7284,510,0xf,False,0x0
1783864331.071,1256,1256,290595,4,1,0,-45,-35,1085,4,-1,-3,101325,2500,7284,509,0xf,False,0x0
1783864331.272,1257,1257,290796,4,1,19,10,-12,990,3,-2,-3,101325,2500,7284,504,0xf,False,0x0
1783864331.542,1258,1258,291066,4,1,-15,42,5,1056,3,-4,-1,101325,2500,7284,485,0xf,False,0x0
1783864331.743,1259,1259,291267,4,1,-9,35,20,1093,-1,3,-2,101325,2500,7284,481,0xf,False,0x0
1783864332.025,1260,1260,291549,4,1,-13,-22,-48,1073,4,2,2,101325,2500,7284,516,0xf,False,0x0
1783864332.225,1261,1261,291749,4,1,-1,-35,54,1022,-2,-4,4,101325,2500,7284,520,0xf,False,0x0
1783864332.498,1262,1262,292022,4,1,-17,32,51,989,4,-1,-3,101325,2500,7284,488,0xf,False,0x0
1783864332.699,1263,1263,292223,4,1,-10,-45,-52,856,5,2,0,101325,2500,7284,482,0xf,False,0x0
1783864332.997,1264,1264,292521,4,1,-11,-18,-22,836,5,1,-3,101325,2500,7283,504,0xf,False,0x0
1783864333.198,1265,1265,292721,4,1,12,13,37,1067,-3,-3,3,101325,2500,7283,480,0xf,False,0x0
1783864333.527,1266,1266,293051,4,1,-3,-28,-54,1001,-2,3,4,101325,2500,7283,514,0xf,False,0x0
1783864333.728,1267,1267,293252,4,1,10,35,-37,1048,-4,-1,-5,101325,2500,7283,498,0xf,False,0x0
1783864333.992,1268,1268,293516,4,1,-20,6,-25,1064,3,-5,3,101325,2500,7283,496,0xf,False,0x0
1783864334.193,1269,1269,293717,4,1,-6,17,0,1010,-3,-4,3,101325,2500,7283,480,0xf,False,0x0
1783864334.467,1270,1270,293991,4,1,0,-42,22,897,1,-4,-5,101325,2500,7283,500,0xf,False,0x0
1783864334.668,1271,1271,294192,4,1,17,36,6,1057,0,4,5,101325,2500,7283,482,0xf,False,0x0
1783864334.986,1272,1272,294510,4,1,-3,10,-48,1059,3,-4,-5,101325,2500,7283,502,0xf,False,0x0
1783864335.186,1273,1273,294710,4,1,11,-19,-10,1153,-3,4,5,101325,2500,7283,510,0xf,False,0x0
1783864335.468,1274,1274,294992,4,1,13,-6,8,1130,1,1,-1,101325,2500,7283,513,0xf,False,0x0
1783864335.668,1275,1275,295192,4,1,10,50,-55,1072,2,5,1,101325,2500,7282,482,0xf,False,0x0
1783864335.969,1276,1276,295493,4,1,-17,58,-39,1033,-1,-2,1,101325,2500,7282,493,0xf,False,0x0
1783864336.170,1277,1277,295694,4,1,10,-17,46,957,4,4,5,101325,2500,7282,480,0xf,False,0x0
1783864336.426,1278,1278,295950,4,1,4,12,-7,919,-5,-5,-1,101325,2500,7282,503,0xf,False,0x0
1783864336.627,1279,1279,296151,4,1,-20,54,-6,862,2,-2,5,101325,2500,7282,482,0xf,False,0x0
1783864336.891,1280,1280,296415,4,1,-4,15,53,978,2,-5,-1,101325,2500,7282,511,0xf,False,0x0
1783864337.091,1281,1281,296615,4,1,-9,42,-44,1120,-3,5,2,101325,2500,7282,504,0xf,False,0x0
1783864337.358,1282,1282,296882,4,1,15,-6,30,1046,3,-4,1,101325,2500,7282,508,0xf,False,0x0
1783864337.559,1283,1283,297083,4,1,-2,23,9,1055,4,-5,3,101325,2500,7282,480,0xf,False,0x0
1783864337.854,1284,1284,297378,4,1,13,-18,21,1073,-3,-2,1,101325,2500,7282,513,0xf,False,0x0
1783864338.054,1285,1285,297578,4,1,-7,-33,28,1020,3,-1,0,101325,2500,7281,499,0xf,False,0x0
1783864338.302,1286,1286,297826,4,1,-3,-49,28,914,-5,-1,2,101325,2500,7281,484,0xf,False,0x0
1783864338.781,1288,1288,298305,4,1,10,40,26,1073,5,-4,3,101325,2500,7281,493,0xf,False,0x0
1783864339.264,1290,1290,298788,4,1,20,1,12,1022,5,2,3,101325,2500,7281,489,0xf,False,0x0
1783864339.465,1291,1291,298988,4,1,-2,42,22,961,-5,-4,4,101325,2500,7281,518,0xf,False,0x0
1783864339.785,1292,1292,299309,4,1,-17,-20,-39,970,0,4,0,101325,2500,7281,497,0xf,False,0x0
1783864339.986,1293,1293,299510,4,1,-17,-53,-34,984,-1,-2,0,101325,2500,7281,487,0xf,False,0x0
1783864340.297,1294,1294,299821,4,1,11,1,-19,1001,0,-1,3,101325,2500,7281,496,0xf,False,0x0
1783864340.497,1295,1295,300021,4,1,-9,-52,-11,953,-2,-4,5,101325,2500,7280,509,0xf,False,0x0
1783864340.757,1296,1296,300281,4,1,8,38,-52,988,0,-4,-4,101325,2500,7280,517,0xf,False,0x0
1783864340.957,1297,1297,300481,4,1,15,-17,-34,978,-1,-3,5,101325,2500,7280,506,0xf,False,0x0
1783864341.219,1298,1298,300743,4,1,7,-34,14,964,4,5,-3,101325,2500,7280,499,0xf,False,0x0
1783864341.420,1299,1299,300944,4,1,8,15,30,1101,2,2,-5,101325,2500,7280,488,0xf,False,0x0
1783864341.688,1300,1300,301212,4,1,-9,-31,22,1001,-2,-3,-1,101325,2500,7280,518,0xf,False,0x0
1783864341.889,1301,1301,301413,4,1,-8,-58,-14,937,-1,-3,2,101325,2500,7280,485,0xf,False,0x0
1783864342.159,1302,1302,301683,4,1,14,2,-36,886,5,-5,0,101325,2500,7280,482,0xf,False,0x0
1783864342.359,1303,1303,301883,4,1,19,-21,-9,1009,4,3,0,101325,2500,7280,493,0xf,False,0x0
1783864342.614,1304,1304,302138,4,1,-14,-30,-24,1072,-4,4,-4,101325,2500,7280,514,0xf,False,0x0
1783864342.815,1305,1305,302339,4,1,-3,31,60,933,-1,0,-4,101325,2500,7280,497,0xf,False,0x0
1783864343.116,1306,1306,302640,4,1,-15,-38,-5,1125,3,4,5,101325,2500,7279,517,0xf,False,0x0
1783864343.598,1308,1308,303122,4,1,11,32,48,1000,-3,-5,0,101325,2500,7279,514,0xf,False,0x0
1783864343.799,1309,1309,303323,4,1,1,1,44,843,0,4,1,101325,2500,7279,484,0xf,False,0x0
1783864344.061,1310,1310,303585,4,1,-3,-14,-16,1041,-2,5,1,101325,2500,7279,508,0xf,False,0x0
1783864344.262,1311,1311,303786,4,1,3,-32,-14,942,2,4,-5,101325,2500,7279,482,0xf,False,0x0
1783864344.566,1312,1312,304090,4,1,12,48,-13,998,-1,-5,4,101325,2500,7279,491,0xf,False,0x0
1783864344.766,1313,1313,304290,4,1,-3,4,54,997,2,1,-3,101325,2500,7279,487,0xf,False,0x0
1783864345.041,1314,1314,304564,4,1,20,-23,44,1052,3,3,5,101325,2500,7279,517,0xf,False,0x0
1783864345.241,1315,1315,304765,4,1,-14,5,57,986,5,3,-2,101325,2500,7279,494,0xf,False,0x0
1783864345.541,1316,1316,305065,4,1,14,-11,-4,998,-3,-3,-2,101325,2500,7278,515,0xf,False,0x0
1783864345.741,1317,1317,305265,4,1,1,35,55,1040,-2,-4,-5,101325,2500,7278,498,0xf,False,0x0
1783864346.034,1318,1318,305557,4,1,17,-10,-43,894,-3,2,-2,101325,2500,7278,490,0xf,False,0x0
1783864346.234,1319,1319,305758,4,1,-17,-27,41,1004,-4,-3,4,101325,2500,7278,498,0xf,False,0x0
1783864346.514,1320,1320,306038,4,1,-16,42,48,1023,4,0,3,101325,2500,7278,491,0xf,False,0x0
1783864346.715,1321,1321,306238,4,1,-1,11,-49,973,4,0,-3,101325,2500,7278,491,0xf,False,0x0
1783864346.995,1322,1322,306519,4,1,12,-28,56,1044,5,5,5,101325,2500,7278,493,0xf,False,0x0
1783864347.196,1323,1323,306720,4,1,6,-10,-32,986,-4,-1,-2,101325,2500,7278,502,0xf,False,0x0
1783864347.486,1324,1324,307010,4,1,4,-9,39,987,-4,2,0,101325,2500,7278,507,0xf,False,0x0
1783864347.687,1325,1325,307211,4,1,18,-5,58,1022,-3,-4,0,101325,2500,7278,515,0xf,False,0x0
1783864348.000,1326,1326,307524,4,1,16,-17,-14,1031,3,1,0,101325,2500,7277,504,0xf,False,0x0
1783864348.201,1327,1327,307725,4,1,-11,17,-27,1040,-1,3,4,101325,2500,7277,506,0xf,False,0x0
1783864348.473,1328,1328,307997,4,1,-10,-49,57,1018,3,-3,-2,101325,2500,7277,501,0xf,False,0x0
1783864348.674,1329,1329,308198,4,1,9,-26,24,1041,4,-5,-3,101325,2500,7277,487,0xf,False,0x0
1783864348.935,1330,1330,308459,4,1,11,20,-44,872,0,-4,2,101325,2500,7277,486,0xf,False,0x0
1783864349.400,1332,1332,308924,4,1,5,-10,54,952,1,0,-2,101325,2500,7277,513,0xf,False,0x0
1783864349.601,1333,1333,309125,4,1,-6,34,43,1058,1,-2,1,101325,2500,7277,511,0xf,False,0x0
1783864349.879,1334,1334,309403,4,1,0,-56,1,1017,3,3,2,101325,2500,7277,496,0xf,False,0x0
1783864350.080,1335,1335,309604,4,1,-10,-14,-48,866,-2,-2,-4,101325,2500,7277,506,0xf,False,0x0
1783864350.405,1336,1336,309929,4,1,12,-35,14,1006,-5,-3,2,101325,2500,7277,494,0xf,False,0x0
1783864350.606,1337,1337,310129,4,1,13,-45,5,982,-3,0,2,101325,2500,7276,491,0xf,False,0x0
1783864350.882,1338,1338,310406,4,1,4,-33,-40,1066,-4,-3,1,101325,2500,7276,481,0xf,False,0x0
1783864351.082,1339,1339,310606,4,1,16,-7,20,1023,-1,0,1,101325,2500,7276,511,0xf,False,0x0
1783864351.379,1340,1340,310903,4,1,-20,49,40,1017,-2,-5,4,101325,2500,7276,519,0xf,False,0x0
1783864351.580,1341,1341,311104,4,1,11,-56,-46,1011,4,-3,-1,101325,2500,7276,510,0xf,False,0x0
1783864351.844,1342,1342,311368,4,1,-13,42,-59,1094,1,-4,4,101325,2500,7276,503,0xf,False,0x0
1783864352.045,1343,1343,311569,4,1,-20,45,-49,1046,1,-5,3,101325,2500,7276,501,0xf,False,0x0
1783864352.314,1344,1344,311838,4,1,13,53,43,1006,2,-2,2,101325,2500,7276,518,0xf,False,0x0
1783864352.514,1345,1345,312038,4,1,12,55,39,902,4,-5,-1,101325,2500,7276,516,0xf,False,0x0
1783864352.775,1346,1346,312299,4,1,5,55,-26,1068,3,3,-2,101325,2500,7276,487,0xf,False,0x0
1783864352.975,1347,1347,312499,4,1,11,-37,22,1026,-2,-3,3,101325,2500,7276,505,0xf,False,0x0
1783864353.274,1348,1348,312798,4,1,-18,19,53,869,-4,-5,5,101325,2500,7275,519,0xf,False,0x0
1783864353.475,1349,1349,312999,4,1,-6,-59,10,1008,-4,3,1,101325,2500,7275,496,0xf,False,0x0
1783864353.760,1350,1350,313284,4,1,-16,28,22,983,2,3,3,101325,2500,7275,503,0xf,False,0x0
1783864353.960,1351,1351,313484,4,1,-14,42,-57,1153,3,1,5,101325,2500,7275,514,0xf,False,0x0
1783864354.419,1353,1353,313943,4,1,18,60,-24,1079,2,-1,3,101325,2500,7275,500,0xf,False,0x0
1783864354.670,1354,1354,314194,4,1,6,39,-57,1131,-1,-1,3,101325,2500,7275,501,0xf,False,0x0
1783864354.871,1355,1355,314395,4,1,-6,-21,-25,1057,4,5,3,101325,2500,7275,509,0xf,False,0x0
1783864355.158,1356,1356,314682,4,1,-5,-17,5,1041,5,-2,-2,101325,2500,7275,517,0xf,False,0x0
1783864355.359,1357,1357,314883,4,1,1,-53,39,980,-5,0,0,101325,2500,7275,492,0xf,False,0x0
1783864355.633,1358,1358,315157,4,1,-10,60,-55,1067,4,2,5,101325,2500,7274,490,0xf,False,0x0
1783864356.107,1360,1360,315631,4,1,20,0,55,884,-3,-3,-1,101325,2500,7274,517,0xf,False,0x0
1783864356.308,1361,1361,315832,4,1,17,-52,29,864,4,5,1,101325,2500,7274,497,0xf,False,0x0
1783864356.551,1362,1362,316075,4,1,0,12,-19,1009,2,0,2,101325,2500,7274,499,0xf,False,0x0
1783864356.752,1363,1363,316276,4,1,-20,-18,25,1066,-3,0,-3,101325,2500,7274,483,0xf,False,0x0
1783864357.031,1364,1364,316555,4,1,-7,-40,23,988,3,-5,-1,101325,2500,7274,514,0xf,False,0x0
1783864357.232,1365,1365,316756,4,1,7,36,54,1029,-3,4,4,101325,2500,7274,517,0xf,False,0x0
1783864357.549,1366,1366,317073,4,1,17,0,23,1055,-1,2,3,101325,2500,7274,499,0xf,False,0x0
1783864357.750,1367,1367,317274,4,1,-12,0,-5,983,3,3,-1,101325,2500,7274,511,0xf,False,0x0
1783864358.054,1368,1368,317577,4,1,9,-52,19,1049,1,5,2,101325,2500,7273,509,0xf,False,0x0
1783864358.254,1369,1369,317778,4,1,17,-54,39,1013,4,4,3,101325,2500,7273,511,0xf,False,0x0
1783864358.525,1370,1370,318049,4,1,-8,46,8,1008,-3,-2,4,101325,2500,7273,507,0xf,False,0x0
1783864358.726,1371,1371,318250,4,1,-3,-55,-7,887,5,2,0,101325,2500,7273,481,0xf,False,0x0
1783864358.997,1372,1372,318521,4,1,8,-55,-58,915,1,4,-2,101325,2500,7273,512,0xf,False,0x0
1783864359.197,1373,1373,318721,4,1,20,15,55,911,4,-3,-3,101325,2500,7273,498,0xf,False,0x0
1783864359.486,1374,1374,319010,4,1,6,14,-54,1004,5,-5,1,101325,2500,7273,505,0xf,False,0x0
1783864359.686,1375,1375,319210,4,1,-6,-23,-16,1113,3,-5,1,101325,2500,7273,514,0xf,False,0x0
1783864359.957,1376,1376,319481,4,1,-9,-56,15,1046,1,2,-1,101325,2500,7273,487,0xf,False,0x0
1783864360.157,1377,1377,319681,4,1,-19,-27,21,991,-2,2,2,101325,2500,7273,500,0xf,False,0x0
1783864360.417,1378,1378,319941,4,1,-10,-32,21,1106,-1,5,-2,101325,2500,7273,485,0xf,False,0x0
1783864360.617,1379,1379,320141,4,1,7,-33,-1,897,2,5,-4,101325,2500,7272,517,0xf,False,0x0
1783864360.924,1380,1380,320448,4,1,-6,52,54,1078,2,-1,5,101325,2500,7272,498,0xf,False,0x0
1783864361.382,1382,1382,320906,4,1,12,-35,35,1110,-3,4,5,101325,2500,7272,502,0xf,False,0x0
1783864361.582,1383,1383,321106,4,1,3,-24,-9,1061,-4,0,5,101325,2500,7272,491,0xf,False,0x0
1783864361.845,1384,1384,321369,4,1,20,-24,-18,1147,0,-1,2,101325,2500,7272,502,0xf,False,0x0
1783864362.046,1385,1385,321570,4,1,-12,-39,48,1065,3,-1,-3,101325,2500,7272,484,0xf,False,0x0
1783864362.304,1386,1386,321828,4,1,11,49,31,1090,5,5,1,101325,2500,7272,520,0xf,False,0x0
1783864362.505,1387,1387,322029,4,1,-7,27,-7,987,3,4,2,101325,2500,7272,490,0xf,False,0x0
1783864362.794,1388,1388,322318,4,1,-17,-27,-30,921,-5,0,1,101325,2500,7272,495,0xf,False,0x0
1783864362.994,1389,1389,322518,4,1,1,29,-9,1020,-2,-3,-4,101325,2500,7271,481,0xf,False,0x0
1783864363.282,1390,1390,322805,4,1,-11,-39,48,1019,-5,4,4,101325,2500,7271,501,0xf,False,0x0
1783864363.482,1391,1391,323006,4,1,0,10,-19,1059,0,-5,5,101325,2500,7271,502,0xf,False,0x0
1783864363.783,1392,1392,323307,4,1,-12,55,-42,947,3,0,-4,101325,2500,7271,498,0xf,False,0x0
1783864363.984,1393,1393,323507,4,1,6,15,-55,951,0,-5,1,101325,2500,7271,487,0xf,False,0x0
1783864364.274,1394,1394,323798,4,1,14,52,52,1076,5,-3,0,101325,2500,7271,498,0xf,False,0x0
1783864364.474,1395,1395,323998,4,1,-3,-32,-14,940,-1,-5,5,101325,2500,7271,494,0xf,False,0x0
1783864364.731,1396,1396,324255,4,1,-1,-2,-35,994,3,2,5,101325,2500,7271,500,0xf,False,0x0
1783864364.932,1397,1397,324456,4,1,-12,-54,7,890,0,-5,-1,101325,2500,7271,503,0xf,False,0x0
1783864365.200,1398,1398,324724,4,1,-15,43,-20,1019,-1,-4,0,101325,2500,7271,507,0xf,False,0x0
1783864365.401,1399,1399,324925,4,1,-13,13,43,1120,0,0,-3,101325,2500,7271,487,0xf,False,0x0
1783864365.655,1400,1400,325179,4,1,3,-21,46,986,5,1,-4,101325,2500,7270,510,0xf,False,0x0
1783864365.856,1401,1401,325380,4,1,-8,58,1,906,0,2,-2,101325,2500,7270,500,0xf,False,0x0
1783864366.349,1403,1403,325873,4,1,-2,15,40,1011,-2,-4,4,101325,2500,7270,502,0xf,False,0x0
1783864366.609,1404,1404,326133,4,1,-3,-39,43,994,5,-4,-3,101325,2500,7270,483,0xf,False,0x0
1783864366.810,1405,1405,326334,4,1,-2,4,47,873,4,3,-4,101325,2500,7270,520,0xf,False,0x0
1783864367.093,1406,1406,326617,4,1,14,7,-9,1094,4,-2,-3,101325,2500,7270,487,0xf,False,0x0
1783864367.293,1407,1407,326817,4,1,-14,7,-52,901,-2,-3,-3,101325,2500,7270,500,0xf,False,0x0
1783864367.583,1408,1408,327107,4,1,1,-8,28,1083,1,-2,2,101325,2500,7270,509,0xf,False,0x0
1783864368.058,1410,1410,327582,4,1,5,-48,-51,1043,5,5,-4,101325,2500,7269,489,0xf,False,0x0
1783864368.259,1411,1411,327783,4,1,19,-8,53,1143,5,-3,-5,101325,2500,7269,499,0xf,False,0x0
1783864368.506,1412,1412,328030,4,1,15,49,-38,1137,3,1,-3,101325,2500,7269,493,0xf,False,0x0
1783864368.706,1413,1413,328230,4,1,-12,55,-51,1157,-2,-2,-3,101325,2500,7269,480,0xf,False,0x0
1783864369.001,1414,1414,328525,4,1,4,40,49,955,1,5,-1,101325,2500,7269,493,0xf,False,0x0
1783864369.201,1415,1415,328725,4,1,-1,40,-7,1023,5,-5,5,101325,2500,7269,510,0xf,False,0x0
1783864369.487,1416,1416,329011,4,1,12,57,-11,964,-4,3,-3,101325,2500,7269,497,0xf,False,0x0
1783864369.688,1417,1417,329212,4,1,0,27,-28,853,-2,-3,2,101325,2500,7269,493,0xf,False,0x0
1783864369.956,1418,1418,329480,4,1,-15,10,20,1066,-4,-3,-5,101325,2500,7269,481,0xf,False,0x0
1783864370.157,1419,1419,329681,4,1,4,52,-42,866,-3,1,-2,101325,2500,7269,520,0xf,False,0x0
1783864370.476,1420,1420,330000,4,1,7,27,36,941,5,5,-2,101325,2500,7268,499,0xf,False,0x0
1783864370.676,1421,1421,330200,4,1,19,40,-36,1126,-1,-3,-1,101325,2500,7268,490,0xf,False,0x0
1783864370.977,1422,1422,330501,4,1,5,8,-28,972,3,-3,-4,101325,2500,7268,498,0xf,False,0x0
1783864371.177,1423,1423,330701,4,1,-18,-10,-41,1004,-4,-3,-5,101325,2500,7268,504,0xf,False,0x0
1783864371.468,1424,1424,330992,4,1,-9,15,30,1054,-1,-2,-3,101325,2500,7268,490,0xf,False,0x0
1783864371.669,1425,1425,331193,4,1,0,-19,21,1017,-3,3,-5,101325,2500,7268,498,0xf,False,0x0
1783864371.939,1426,1426,331463,4,1,-18,1,7,1055,1,-4,0,101325,2500,7268,497,0xf,False,0x0
1783864372.140,1427,1427,331664,4,1,3,49,60,900,-2,3,3,101325,2500,7268,491,0xf,False,0x0
1783864372.410,1428,1428,331934,4,1,-5,-21,10,1028,-1,-1,-4,101325,2500,7268,514,0xf,False,0x0
1783864372.611,1429,1429,332135,4,1,13,-56,8,991,-5,5,2,101325,2500,7268,481,0xf,False,0x0
1783864372.877,1430,1430,332401,4,1,19,10,6,1027,-3,3,3,101325,2500,7268,505,0xf,False,0x0
1783864373.078,1431,1431,332602,4,1,14,-43,22,1082,0,-3,-4,101325,2500,7267,504,0xf,False,0x0
1783864373.352,1432,1432,332876,4,1,-3,-40,-28,1049,-1,0,5,101325,2500,7267,480,0xf,False,0x0
1783864373.553,1433,1433,333077,4,1,3,52,59,879,-1,1,1,101325,2500,7267,482,0xf,False,0x0
1783864373.837,1434,1434,333361,4,1,5,39,59,921,-5,5,2,101325,2500,7267,504,0xf,False,0x0
1783864374.037,1435,1435,333561,4,1,20,26,-60,1022,-4,2,4,101325,2500,7267,514,0xf,False,0x0
1783864374.284,1436,1436,333808,4,1,-4,60,42,895,0,1,3,101325,2500,7267,505,0xf,False,0x0
1783864374.485,1437,1437,334009,4,1,13,-54,23,920,3,-3,-3,101325,2500,7267,481,0xf,False,0x0
1783864374.735,1438,1438,334259,4,1,-9,-15,-39,989,5,-2,-3,101325,2500,7267,488,0xf,False,0x0
1783864374.935,1439,1439,334459,4,1,7,30,32,1045,0,2,5,101325,2500,7267,509,0xf,False,0x0
1783864375.194,1440,1440,334718,4,1,-1,14,17,908,3,0,-2,101325,2500,7267,487,0xf,False,0x0
1783864375.394,1441,1441,334918,4,1,-19,18,12,865,-4,1,0,101325,2500,7267,487,0xf,False,0x0
1783864375.670,1442,1442,335194,4,1,12,52,19,944,-4,1,0,101325,2500,7266,519,0xf,False,0x0
1783864375.871,1443,1443,335395,4,1,-1,-1,-12,1055,-3,1,3,101325,2500,7266,509,0xf,False,0x0
1783864376.157,1444,1444,335681,4,1,15,20,54,986,1,-1,5,101325,2500,7266,489,0xf,False,0x0
1783864376.358,1445,1445,335882,4,1,-12,3,-46,940,-5,-2,-1,101325,2500,7266,502,0xf,False,0x0
1783864376.649,1446,1446,336172,4,1,-5,-11,41,1038,2,5,-5,101325,2500,7266,491,0xf,False,0x0
1783864376.849,1447,1447,336373,4,1,-8,-2,31,879,3,-1,-1,101325,2500,7266,498,0xf,False,0x0
1783864377.105,1448,1448,336629,4,1,19,-48,-45,890,4,-3,5,101325,2500,7266,498,0xf,False,0x0
1783864377.305,1449,1449,336829,4,1,9,30,-24,943,-1,1,-1,101325,2500,7266,483,0xf,False,0x0
1783864377.523,1450,1450,337047,4,1,9,-42,-40,1064,2,5,3,101325,2500,7266,504,0xf,False,0x0
1783864377.723,1451,1451,337247,4,1,-14,40,18,1101,-5,4,-4,101325,2500,7266,483,0xf,False,0x0
1783864377.951,1452,1452,337475,4,1,17,-26,26,960,2,4,4,101325,2500,7266,494,0xf,False,0x0
1783864378.152,1453,1453,337676,4,1,1,39,-43,917,0,-3,2,101325,2500,7265,482,0xf,False,0x0
1783864378.383,1454,1454,337907,4,1,-20,57,-59,945,-2,0,5,101325,2500,7265,518,0xf,False,0x0
1783864378.583,1455,1455,338107,4,1,-19,-1,-29,959,-4,4,3,101325,2500,7265,484,0xf,False,0x0
1783864378.814,1456,1456,338338,4,1,-11,-58,-49,952,-2,4,-5,101325,2500,7265,512,0xf,False,0x0
1783864379.015,1457,1457,338539,4,1,6,-25,-33,1079,-4,1,4,101325,2500,7265,504,0xf,False,0x0
1783864379.262,1458,1458,338786,4,1,17,-47,-2,901,1,1,-2,101325,2500,7265,492,0xf,False,0x0
1783864379.463,1459,1459,338987,4,1,12,-11,-26,965,0,-2,2,101325,2500,7265,494,0xf,False,0x0
1783864379.726,1460,1460,339250,4,1,10,21,0,1072,-4,-5,-5,101325,2500,7265,513,0xf,False,0x0
1783864380.208,1462,1462,339732,4,1,-10,-60,-57,1089,2,-2,-1,101325,2500,7265,517,0xf,False,0x0
1783864380.409,1463,1463,339933,4,1,17,46,-2,982,0,2,-1,101325,2500,7265,511,0xf,False,0x0
1783864380.692,1464,1464,340216,4,1,-2,41,47,1043,-2,5,3,101325,2500,7264,488,0xf,False,0x0
1783864380.893,1465,1465,340416,4,1,-19,19,-27,897,1,1,-2,101325,2500,7264,489,0xf,False,0x0
1783864381.194,1466,1466,340718,4,1,-10,47,-57,1049,0,-4,-5,101325,2500,7264,484,0xf,False,0x0
1783864381.395,1467,1467,340919,4,1,7,-24,-35,898,-2,-3,-3,101325,2500,7264,505,0xf,False,0x0
1783864381.674,1468,1468,341197,4,1,14,59,-28,1130,1,-4,0,101325,2500,7264,488,0xf,False,0x0
1783864381.874,1469,1469,341398,4,1,-19,-23,53,952,-2,0,5,101325,2500,7264,486,0xf,False,0x0
1783864382.158,1470,1470,341682,4,1,9,20,-30,1096,-3,-3,-3,101325,2500,7264,490,0xf,False,0x0
1783864382.359,1471,1471,341883,4,1,-8,17,-44,880,0,-4,3,101325,2500,7264,509,0xf,False,0x0
1783864382.655,1472,1472,342179,4,1,-12,-52,51,984,5,3,-1,101325,2500,7264,511,0xf,False,0x0
1783864382.856,1473,1473,342380,4,1,-16,4,-23,996,-5,3,3,101325,2500,7264,519,0xf,False,0x0
1783864383.147,1474,1474,342671,4,1,-20,-48,-25,1044,-4,-3,-5,101325,2500,7263,486,0xf,False,0x0
1783864383.348,1475,1475,342872,4,1,-11,41,-27,1044,-3,5,0,101325,2500,7263,518,0xf,False,0x0
1783864383.640,1476,1476,343164,4,1,-9,-7,18,1100,4,4,-1,101325,2500,7263,484,0xf,False,0x0
1783864383.841,1477,1477,343365,4,1,12,-19,45,849,-2,2,4,101325,2500,7263,494,0xf,False,0x0
1783864384.090,1478,1478,343613,4,1,10,41,-8,953,3,-2,-2,101325,2500,7263,493,0xf,False,0x0
1783864384.290,1479,1479,343814,4,1,-19,48,-26,934,-1,2,-1,101325,2500,7263,507,0xf,False,0x0
1783864384.532,1480,1480,344056,4,1,-12,-14,34,887,-5,4,3,101325,2500,7263,481,0xf,False,0x0
1783864384.733,1481,1481,344257,4,1,18,-50,14,953,0,-2,-2,101325,2500,7263,480,0xf,False,0x0
1783864385.023,1482,1482,344547,4,1,16,-34,-35,966,1,2,-2,101325,2500,7263,511,0xf,False,0x0
1783864385.223,1483,1483,344747,4,1,-3,9,41,1034,-2,-3,4,101325,2500,7263,488,0xf,False,0x0
1783864385.498,1484,1484,345022,4,1,11,16,4,971,5,-3,-1,101325,2500,7262,513,0xf,False,0x0
1783864385.699,1485,1485,345223,4,1,-8,37,-14,1025,-4,-1,4,101325,2500,7262,506,0xf,False,0x0
1783864385.994,1486,1486,345518,4,1,-15,16,21,908,4,3,1,101325,2500,7262,489,0xf,False,0x0
1783864386.194,1487,1487,345718,4,1,17,-15,42,971,3,0,-3,101325,2500,7262,482,0xf,False,0x0
1783864386.465,1488,1488,345989,4,1,5,23,-30,937,3,0,-3,101325,2500,7262,503,0xf,False,0x0
1783864386.666,1489,1489,346190,4,1,-10,-48,24,935,2,2,-2,101325,2500,7262,495,0xf,False,0x0
1783864386.916,1490,1490,346440,4,1,-18,7,2,1009,3,4,0,101325,2500,7262,512,0xf,False,0x0
1783864387.117,1491,1491,346641,4,1,-10,33,-45,1063,-3,-5,5,101325,2500,7262,519,0xf,False,0x0
1783864387.375,1492,1492,346899,4,1,12,-42,45,1098,0,-3,0,101325,2500,7262,508,0xf,False,0x0
1783864387.576,1493,1493,347100,4,1,10,-24,45,884,3,5,-2,101325,2500,7262,513,0xf,False,0x0
1783864387.834,1494,1494,347358,4,1,-2,53,-13,981,4,-1,3,101325,2500,7262,487,0xf,False,0x0
1783864388.035,1495,1495,347559,4,1,-5,44,-57,1136,-2,-1,5,101325,2500,7261,514,0xf,False,0x0
1783864388.303,1496,1496,347827,4,1,3,-3,46,1036,5,-1,2,101325,2500,7261,516,0xf,False,0x0
1783864388.503,1497,1497,348027,4,1,0,36,47,1076,-2,-3,-2,101325,2500,7261,503,0xf,False,0x0
1783864388.763,1498,1498,348287,4,1,-9,33,-57,989,-5,-5,0,101325,2500,7261,485,0xf,False,0x0
1783864388.964,1499,1499,348488,4,1,-5,-4,-8,943,-4,0,0,101325,2500,7261,495,0xf,False,0x0
1783864389.240,1500,1500,348764,4,1,-11,-52,-11,840,-5,-1,-5,101325,2500,7261,480,0xf,False,0x0
1783864389.441,1501,1501,348965,4,1,19,-2,2,1008,5,1,-4,101325,2500,7261,515,0xf,False,0x0
1783864389.693,1502,1502,349217,4,1,-8,35,15,915,0,1,4,101325,2500,7261,516,0xf,False,0x0
1783864389.894,1503,1503,349418,4,1,2,52,-31,1058,-4,1,-3,101325,2500,7261,501,0xf,False,0x0
1783864390.157,1504,1504,349681,4,1,15,-20,51,923,-1,1,3,101325,2500,7261,514,0xf,False,0x0
1783864390.358,1505,1505,349882,4,1,19,-8,16,927,-5,3,-4,101325,2500,7261,495,0xf,False,0x0
1783864390.651,1506,1506,350175,4,1,19,58,-45,893,1,-3,4,101325,2500,7260,519,0xf,False,0x0
1783864390.851,1507,1507,350375,4,1,7,18,50,944,-2,-4,4,101325,2500,7260,483,0xf,False,0x0
1783864391.163,1508,1508,350687,4,1,15,-14,-9,1104,1,-3,-5,101325,2500,7260,485,0xf,False,0x0
1783864391.364,1509,1509,350888,4,1,6,44,-40,1038,-5,0,-5,101325,2500,7260,504,0xf,False,0x0
1783864391.633,1510,1510,351157,4,1,-15,-56,14,1041,-1,0,1,101325,2500,7260,513,0xf,False,0x0
1783864391.834,1511,1511,351357,4,1,20,-6,45,1076,3,1,-3,101325,2500,7260,482,0xf,False,0x0
1783864392.089,1512,1512,351612,4,1,6,33,35,1130,1,3,-4,101325,2500,7260,507,0xf,False,0x0
1783864392.289,1513,1513,351813,4,1,20,-30,-35,902,-3,-2,-4,101325,2500,7260,496,0xf,False,0x0
1783864392.753,1515,1515,352277,4,1,7,53,5,1002,-4,-2,-2,101325,2500,7260,492,0xf,False,0x0
1783864393.213,1517,1517,352737,4,1,-16,-5,20,996,3,-5,-3,101325,2500,7259,500,0xf,False,0x0
1783864393.488,1518,1518,353012,4,1,-16,-58,-27,917,-2,-3,-1,101325,2500,7259,519,0xf,False,0x0
1783864393.689,1519,1519,353213,4,1,9,-46,-25,964,-4,5,-3,101325,2500,7259,481,0xf,False,0x0
1783864393.939,1520,1520,353462,4,1,19,-6,47,1126,-3,0,0,101325,2500,7259,497,0xf,False,0x0
1783864394.140,1521,1521,353664,4,1,9,-23,55,1003,2,-4,1,101325,2500,7259,501,0xf,False,0x0
1783864394.410,1522,1522,353934,4,1,-3,42,14,1012,-3,0,-4,101325,2500,7259,489,0xf,False,0x0
1783864394.610,1523,1523,354134,4,1,8,-43,-24,903,2,1,-1,101325,2500,7259,507,0xf,False,0x0
1783864394.872,1524,1524,354396,4,1,17,-49,-37,1029,-1,2,4,101325,2500,7259,482,0xf,False,0x0
1783864395.073,1525,1525,354597,4,1,2,3,-33,1089,3,1,-5,101325,2500,7259,500,0xf,False,0x0
1783864395.336,1526,1526,354860,4,1,-15,33,-56,895,-3,3,3,101325,2500,7259,482,0xf,False,0x0
1783864395.537,1527,1527,355061,4,1,2,59,-43,1045,-1,4,-3,101325,2500,7258,508,0xf,False,0x0
1783864395.798,1528,1528,355322,4,1,7,56,-55,1044,-2,-1,-5,101325,2500,7258,485,0xf,False,0x0
1783864395.998,1529,1529,355522,4,1,-15,24,-40,897,1,-2,-4,101325,2500,7258,494,0xf,False,0x0
1783864396.252,1530,1530,355776,4,1,8,39,43,1044,-1,-5,2,101325,2500,7258,511,0xf,False,0x0
1783864396.453,1531,1531,355977,4,1,2,-35,-18,946,1,2,5,101325,2500,7258,500,0xf,False,0x0
1783864396.715,1532,1532,356239,4,1,-15,12,34,939,2,-5,4,101325,2500,7258,520,0xf,False,0x0
1783864396.915,1533,1533,356439,4,1,-8,-18,7,1129,4,0,1,101325,2500,7258,482,0xf,False,0x0
1783864397.179,1534,1534,356703,4,1,-2,16,48,910,5,-3,0,101325,2500,7258,501,0xf,False,0x0
1783864397.380,1535,1535,356904,4,1,7,15,1,851,2,2,-5,101325,2500,7258,498,0xf,False,0x0
1783864397.682,1536,1536,357206,4,1,-9,-37,50,1121,1,-2,-3,101325,2500,7258,484,0xf,False,0x0
1783864397.883,1537,1537,357407,4,1,1,-34,13,842,-5,-1,2,101325,2500,7258,489,0xf,False,0x0
1783864398.172,1538,1538,357696,4,1,-8,-54,-32,912,1,-3,1,101325,2500,7257,502,0xf,False,0x0
1783864398.372,1539,1539,357896,4,1,2,-41,39,1108,-3,1,-2,101325,2500,7257,491,0xf,False,0x0
1783864398.630,1540,1540,358154,4,1,15,-49,47,1031,1,-2,-4,101325,2500,7257,496,0xf,False,0x0
1783864398.830,1541,1541,358354,4,1,1,19,43,1155,1,0,3,101325,2500,7257,491,0xf,False,0x0
1783864399.091,1542,1542,358615,4,1,13,-60,-13,946,2,3,2,101325,2500,7257,492,0xf,False,0x0
1783864399.293,1543,1543,358817,4,1,1,-40,46,1038,5,-4,4,101325,2500,7257,511,0xf,False,0x0
1783864399.578,1544,1544,359102,4,1,1,-50,33,900,-5,1,-2,101325,2500,7257,519,0xf,False,0x0
1783864399.779,1545,1545,359303,4,1,-9,28,-35,1111,-2,-3,-5,101325,2500,7257,514,0xf,False,0x0
1783864400.094,1546,1546,359618,4,1,12,37,-41,1072,3,-3,5,101325,2500,7257,499,0xf,False,0x0
1783864400.295,1547,1547,359819,4,1,-19,26,-38,1018,5,4,3,101325,2500,7257,491,0xf,False,0x0
1783864400.577,1548,1548,360101,4,1,12,-35,3,962,0,5,3,101325,2500,7256,481,0xf,False,0x0
1783864400.777,1549,1549,360301,4,1,17,-7,-45,1099,1,4,-2,101325,2500,7256,511,0xf,False,0x0
1783864401.048,1550,1550,360572,4,1,18,-44,3,1001,5,-3,-3,101325,2500,7256,503,0xf,False,0x0
1783864401.248,1551,1551,360772,4,1,10,22,43,1112,2,0,-5,101325,2500,7256,489,0xf,False,0x0
1783864401.515,1552,1552,361039,4,1,-12,-47,15,888,5,-2,4,101325,2500,7256,483,0xf,False,0x0
1783864401.716,1553,1553,361240,4,1,-1,-12,27,1107,-3,3,-5,101325,2500,7256,505,0xf,False,0x0
1783864402.002,1554,1554,361526,4,1,-15,-4,32,968,0,1,4,101325,2500,7256,498,0xf,False,0x0
1783864402.202,1555,1555,361726,4,1,7,33,34,917,4,3,3,101325,2500,7256,494,0xf,False,0x0
1783864402.487,1556,1556,362011,4,1,7,14,-33,855,4,1,-4,101325,2500,7256,488,0xf,False,0x0
1783864402.982,1558,1558,362506,4,1,-15,-24,-52,894,1,4,0,101325,2500,7255,503,0xf,False,0x0
1783864403.182,1559,1559,362706,4,1,-5,10,51,1075,0,-2,-1,101325,2500,7255,499,0xf,False,0x0
1783864403.456,1560,1560,362980,4,1,3,60,-9,835,1,0,-3,101325,2500,7255,493,0xf,False,0x0
1783864403.659,1561,1561,363183,4,1,-19,5,-2,940,-2,-1,2,101325,2500,7255,490,0xf,False,0x0
1783864403.860,1562,1562,363384,4,1,10,17,47,1090,-1,2,-3,101325,2500,7255,509,0xf,False,0x0
1783864404.075,1563,1563,363599,4,1,-2,51,43,860,2,3,-1,101325,2500,7255,509,0xf,False,0x0
1783864404.275,1564,1564,363799,4,1,-7,-10,-57,1006,5,4,5,101325,2500,7255,493,0xf,False,0x0
1783864404.476,1565,1565,364000,4,1,-20,-52,-51,978,-3,-2,-5,101325,2500,7255,517,0xf,False,0x0
1783864404.676,1566,1566,364200,4,1,-11,46,32,1028,-3,4,-4,101325,2500,7255,499,0xf,False,0x0
1783864404.906,1567,1567,364430,4,1,-3,-22,2,990,-3,3,-3,101325,2500,7255,508,0xf,False,0x0
1783864405.106,1568,1568,364630,4,1,14,-23,-45,1072,1,-4,-2,101325,2500,7255,488,0xf,False,0x0
1783864405.407,1569,1569,364931,4,1,-19,-48,-46,927,4,-2,2,101325,2500,7255,508,0xf,False,0x0
1783864405.608,1570,1570,365132,4,1,20,-49,-22,981,-4,-4,-1,101325,2500,7254,491,0xf,False,0x0
1783864405.872,1571,1571,365396,4,1,5,20,40,1026,-2,3,-4,101325,2500,7254,496,0xf,False,0x0
1783864406.073,1572,1572,365597,4,1,-13,49,58,1109,5,-5,1,101325,2500,7254,493,0xf,False,0x0
1783864406.365,1573,1573,365889,4,1,7,-6,50,1065,4,3,3,101325,2500,7254,511,0xf,False,0x0
1783864406.841,1575,1575,366365,4,1,20,40,-51,907,5,3,-5,101325,2500,7254,495,0xf,False,0x0
1783864407.042,1576,1576,366566,4,1,14,24,1,897,-5,4,5,101325,2500,7254,498,0xf,False,0x0
1783864407.297,1577,1577,366821,4,1,1,0,23,1026,-2,1,-4,101325,2500,7254,493,0xf,False,0x0
1783864407.497,1578,1578,367021,4,1,4,56,25,975,-4,0,-2,101325,2500,7254,513,0xf,False,0x0
1783864407.744,1579,1579,367268,4,1,-12,22,-42,1044,3,2,1,101325,2500,7254,496,0xf,False,0x0
1783864407.944,1580,1580,367468,4,1,-4,-42,23,1030,3,4,5,101325,2500,7254,505,0xf,False,0x0
1783864408.246,1581,1581,367770,4,1,19,58,40,1005,0,0,-2,101325,2500,7253,480,0xf,False,0x0
1783864408.446,1582,1582,367970,4,1,-20,-33,51,1060,5,2,5,101325,2500,7253,497,0xf,False,0x0
1783864408.647,1583,1583,368171,4,1,-7,34,-52,1156,5,-2,-2,101325,2500,7253,484,0xf,False,0x0
1783864408.850,1584,1584,368374,4,1,-20,-13,44,1007,0,-5,-5,101325,2500,7253,480,0xf,False,0x0
1783864409.050,1585,1585,368574,4,1,2,51,-46,936,-1,-5,1,101325,2500,7253,499,0xf,False,0x0
1783864409.256,1586,1586,368780,4,1,-8,55,-35,1118,-1,3,-4,101325,2500,7253,493,0xf,False,0x0
1783864409.457,1587,1587,368981,4,1,2,31,-50,1159,1,5,-1,101325,2500,7253,519,0xf,False,0x0
1783864409.750,1588,1588,369274,4,1,-9,13,21,880,1,3,2,101325,2500,7253,497,0xf,False,0x0
1783864409.950,1589,1589,369474,4,1,-7,-13,-21,1001,-2,-2,5,101325,2500,7253,481,0xf,False,0x0
1783864410.268,1590,1590,369792,4,1,11,-6,-38,965,0,-2,-2,101325,2500,7253,490,0xf,False,0x0
1783864410.468,1591,1591,369992,4,1,-1,23,-6,995,2,5,5,101325,2500,7253,511,0xf,False,0x0
1783864410.739,1592,1592,370263,4,1,-2,29,-31,1098,1,1,-5,101325,2500,7252,509,0xf,False,0x0
1783864410.940,1593,1593,370464,4,1,18,-51,-25,984,0,0,1,101325,2500,7252,510,0xf,False,0x0
1783864411.220,1594,1594,370744,4,1,-13,-8,-21,963,-4,-3,-5,101325,2500,7252,502,0xf,False,0x0
1783864411.421,1595,1595,370944,4,1,20,-2,-26,898,-5,-3,-2,101325,2500,7252,500,0xf,False,0x0
1783864411.673,1596,1596,371197,4,1,-2,29,-10,1033,1,4,2,101325,2500,7252,512,0xf,False,0x0
1783864411.874,1597,1597,371398,4,1,4,49,-49,1001,-5,0,3,101325,2500,7252,488,0xf,False,0x0
1783864412.157,1598,1598,371681,4,1,17,-13,-49,1082,-2,1,-1,101325,2500,7252,507,0xf,False,0x0
1783864412.358,1599,1599,371882,4,1,5,-44,24,987,2,-2,-2,101325,2500,7252,504,0xf,False,0x0
1783864412.654,1600,1600,372178,4,1,-19,51,-24,1127,3,5,-2,101325,2500,7252,481,0xf,False,0x0
1783864412.855,1601,1601,372379,4,1,13,37,31,1013,0,-4,-2,101325,2500,7252,516,0xf,False,0x0
1783864413.136,1602,1602,372660,4,1,-10,19,52,875,5,-5,0,101325,2500,7251,513,0xf,False,0x0
1783864413.637,1604,1604,373161,4,1,-13,-4,3,913,-1,2,-3,101325,2500,7251,490,0xf,False,0x0
1783864413.838,1605,1605,373362,4,1,-13,38,45,1133,0,-3,0,101325,2500,7251,518,0xf,False,0x0
1783864414.112,1606,1606,373636,4,1,-19,21,2,1065,5,2,-1,101325,2500,7251,506,0xf,False,0x0
1783864414.314,1607,1607,373838,4,1,-2,-41,-11,1020,-5,-2,5,101325,2500,7251,499,0xf,False,0x0
1783864414.607,1608,1608,374131,4,1,20,50,42,905,-5,2,1,101325,2500,7251,493,0xf,False,0x0
1783864414.807,1609,1609,374331,4,1,-5,1,-25,1068,3,4,3,101325,2500,7251,494,0xf,False,0x0
1783864415.122,1610,1610,374646,4,1,14,-42,5,887,2,1,3,101325,2500,7251,520,0xf,False,0x0
1783864415.323,1611,1611,374846,4,1,-5,44,3,1121,-2,0,3,101325,2500,7251,506,0xf,False,0x0
1783864415.628,1612,1612,375152,4,1,20,23,25,1135,4,-3,-4,101325,2500,7250,500,0xf,False,0x0
1783864415.828,1613,1613,375352,4,1,14,-23,-4,890,-4,-2,-3,101325,2500,7250,508,0xf,False,0x0
1783864416.102,1614,1614,375626,4,1,15,-41,12,956,2,-2,3,101325,2500,7250,494,0xf,False,0x0
1783864416.303,1615,1615,375826,4,1,-10,33,-25,923,-2,-4,5,101325,2500,7250,504,0xf,False,0x0
1783864416.612,1616,1616,376136,4,1,17,-19,-16,911,-2,-5,0,101325,2500,7250,520,0xf,False,0x0
1783864416.812,1617,1617,376336,4,1,-1,40,7,1063,-1,-2,4,101325,2500,7250,516,0xf,False,0x0
1783864417.116,1618,1618,376640,4,1,-2,-8,51,946,-3,0,-2,101325,2500,7250,481,0xf,False,0x0
1783864417.317,1619,1619,376841,4,1,11,58,-29,936,2,5,2,101325,2500,7250,499,0xf,False,0x0
1783864417.598,1620,1620,377122,4,1,-12,-51,29,990,-1,-2,3,101325,2500,7250,486,0xf,False,0x0
1783864417.799,1621,1621,377323,4,1,-19,-42,-49,1059,-4,-2,1,101325,2500,7250,496,0xf,False,0x0
1783864418.086,1622,1622,377610,4,1,11,-9,-45,894,4,3,-1,101325,2500,7249,480,0xf,False,0x0
1783864418.287,1623,1623,377811,4,1,-11,-38,47,957,1,-4,3,101325,2500,7249,490,0xf,False,0x0
1783864418.606,1624,1624,378130,4,1,18,-35,-7,1029,3,3,-1,101325,2500,7249,516,0xf,False,0x0
1783864418.806,1625,1625,378330,4,1,9,-17,-34,1046,1,5,2,101325,2500,7249,506,0xf,False,0x0
1783864419.097,1626,1626,378621,4,1,15,55,20,945,-3,-2,2,101325,2500,7249,516,0xf,False,0x0
1783864419.298,1627,1627,378822,4,1,5,55,-20,908,-3,1,-3,101325,2500,7249,508,0xf,False,0x0
1783864419.565,1628,1628,379089,4,1,5,-51,-31,1035,0,-3,-5,101325,2500,7249,501,0xf,False,0x0
1783864419.765,1629,1629,379289,4,1,5,50,12,1099,-4,-3,-2,101325,2500,7249,505,0xf,False,0x0
1783864420.071,1630,1630,379595,4,1,-11,51,39,959,-3,2,2,101325,2500,7249,503,0xf,False,0x0
1783864420.272,1631,1631,379796,4,1,-12,6,-38,1041,-4,2,-1,101325,2500,7249,486,0xf,False,0x0
1783864420.553,1632,1632,380077,4,1,11,-2,13,1002,2,-4,0,101325,2500,7248,482,0xf,False,0x0
1783864420.753,1633,1633,380277,4,1,-15,58,39,1076,1,4,1,101325,2500,7248,489,0xf,False,0x0
1783864421.051,1634,1634,380575,4,1,-18,25,-18,888,-2,0,4,101325,2500,7248,485,0xf,False,0x0
1783864421.251,1635,1635,380775,4,1,-14,41,56,942,4,4,3,101325,2500,7248,510,0xf,False,0x0
1783864421.525,1636,1636,381049,4,1,-1,-15,-17,963,-2,4,-3,101325,2500,7248,489,0xf,False,0x0
1783864421.996,1638,1638,381520,4,1,9,-12,12,996,-3,1,0,101325,2500,7248,487,0xf,False,0x0
1783864422.197,1639,1639,381721,4,1,6,42,-58,1072,1,4,4,101325,2500,7248,507,0xf,False,0x0
1783864422.467,1640,1640,381991,4,1,-18,35,-59,1010,5,2,0,101325,2500,7248,487,0xf,False,0x0
1783864422.667,1641,1641,382191,4,1,-6,23,18,1037,1,3,5,101325,2500,7248,489,0xf,False,0x0
1783864422.962,1642,1642,382486,4,1,-10,17,-6,1079,-1,3,-2,101325,2500,7248,491,0xf,False,0x0
1783864423.163,1643,1643,382687,4,1,-15,-53,-4,881,-4,5,3,101325,2500,7247,510,0xf,False,0x0
1783864423.469,1644,1644,382993,4,1,14,48,-15,1006,3,-1,1,101325,2500,7247,511,0xf,False,0x0
1783864423.670,1645,1645,383194,4,1,-6,22,59,1082,3,-4,5,101325,2500,7247,504,0xf,False,0x0
1783864423.924,1646,1646,383448,4,1,-19,57,4,924,-4,-2,-1,101325,2500,7247,499,0xf,False,0x0
1783864424.124,1647,1647,383648,4,1,-7,-7,-7,870,1,3,-1,101325,2500,7247,506,0xf,False,0x0
1783864424.401,1648,1648,383925,4,1,3,-28,31,952,5,5,2,101325,2500,7247,518,0xf,False,0x0
1783864424.601,1649,1649,384125,4,1,-10,30,34,1044,-5,-1,2,101325,2500,7247,487,0xf,False,0x0
1783864424.892,1650,1650,384416,4,1,10,-7,42,1020,2,-4,4,101325,2500,7247,480,0xf,False,0x0
1783864425.093,1651,1651,384616,4,1,-8,-19,0,911,1,0,1,101325,2500,7247,486,0xf,False,0x0
1783864425.612,1653,1653,385136,4,1,8,5,14,1090,-2,-4,-1,101325,2500,7246,491,0xf,False,0x0
1783864425.877,1654,1654,385401,4,1,-15,41,27,949,1,-4,0,101325,2500,7246,517,0xf,False,0x0
1783864426.078,1655,1655,385602,4,1,-7,-48,-44,1019,0,3,-4,101325,2500,7246,492,0xf,False,0x0
1783864426.350,1656,1656,385874,4,1,-10,24,-12,955,-5,4,-3,101325,2500,7246,492,0xf,False,0x0
1783864426.550,1657,1657,386074,4,1,-15,11,21,1034,1,5,5,101325,2500,7246,513,0xf,False,0x0
1783864426.800,1658,1658,386324,4,1,-1,8,42,1071,-2,-2,-3,101325,2500,7246,513,0xf,False,0x0
1783864427.000,1659,1659,386524,4,1,8,-54,56,1152,0,-1,-1,101325,2500,7246,489,0xf,False,0x0
1783864427.264,1660,1660,386788,4,1,3,8,47,917,-3,-2,5,101325,2500,7246,492,0xf,False,0x0
1783864427.465,1661,1661,386989,4,1,-7,-18,18,930,-5,-5,2,101325,2500,7246,514,0xf,False,0x0
1783864427.753,1662,1662,387277,4,1,8,13,-38,1123,5,5,3,101325,2500,7246,486,0xf,False,0x0
1783864427.954,1663,1663,387477,4,1,19,-55,41,974,5,0,1,101325,2500,7246,515,0xf,False,0x0
1783864428.232,1664,1664,387756,4,1,-2,13,60,1106,5,2,-3,101325,2500,7245,487,0xf,False,0x0
1783864428.433,1665,1665,387957,4,1,-15,-29,6,1075,-5,1,-4,101325,2500,7245,493,0xf,False,0x0
1783864428.686,1666,1666,388210,4,1,14,-46,-60,953,-5,-5,2,101325,2500,7245,490,0xf,False,0x0
1783864428.887,1667,1667,388411,4,1,-10,37,44,1035,3,3,-2,101325,2500,7245,495,0xf,False,0x0
1783864429.161,1668,1668,388685,4,1,2,-23,-47,1124,2,3,2,101325,2500,7245,499,0xf,False,0x0
1783864429.361,1669,1669,388885,4,1,-20,54,28,1017,-3,-4,3,101325,2500,7245,492,0xf,False,0x0
1783864429.625,1670,1670,389149,4,1,-19,-19,40,992,3,2,0,101325,2500,7245,487,0xf,False,0x0
1783864429.825,1671,1671,389349,4,1,15,36,49,973,-1,-2,-5,101325,2500,7245,519,0xf,False,0x0
1783864430.087,1672,1672,389611,4,1,4,-44,23,1104,-4,-1,-3,101325,2500,7245,511,0xf,False,0x0
1783864430.287,1673,1673,389811,4,1,0,-17,23,970,-4,2,-2,101325,2500,7245,492,0xf,False,0x0
1783864430.584,1674,1674,390108,4,1,-13,-55,5,1036,-2,-1,4,101325,2500,7244,501,0xf,False,0x0
1783864430.784,1675,1675,390308,4,1,-7,11,47,873,1,4,4,101325,2500,7244,499,0xf,False,0x0
1783864431.068,1676,1676,390592,4,1,13,-60,39,941,0,-5,-4,101325,2500,7244,490,0xf,False,0x0
1783864431.269,1677,1677,390793,4,1,18,1,-47,984,0,5,1,101325,2500,7244,483,0xf,False,0x0
1783864431.574,1678,1678,391098,4,1,-20,-10,-24,1016,4,-5,2,101325,2500,7244,507,0xf,False,0x0
1783864431.775,1679,1679,391299,4,1,17,-28,-39,1035,2,-1,1,101325,2500,7244,496,0xf,False,0x0
1783864432.056,1680,1680,391579,4,1,9,-36,-39,1116,3,3,4,101325,2500,7244,513,0xf,False,0x0
1783864432.257,1681,1681,391780,4,1,9,56,-22,989,0,5,2,101325,2500,7244,488,0xf,False,0x0
1783864432.567,1682,1682,392091,4,1,-12,4,5,919,4,3,3,101325,2500,7244,498,0xf,False,0x0
1783864432.768,1683,1683,392292,4,1,-5,22,34,1097,2,2,-5,101325,2500,7244,497,0xf,False,0x0
1783864433.080,1684,1684,392604,4,1,-17,18,23,1107,1,-3,-5,101325,2500,7243,513,0xf,False,0x0
1783864433.280,1685,1685,392804,4,1,-12,-20,-46,1029,0,3,-1,101325,2500,7243,508,0xf,False,0x0
1783864433.538,1686,1686,393062,4,1,12,-3,-11,969,1,1,2,101325,2500,7243,488,0xf,False,0x0
1783864433.739,1687,1687,393263,4,1,18,1,30,910,1,2,-3,101325,2500,7243,507,0xf,False,0x0
1783864434.019,1688,1688,393543,4,1,-7,21,-47,996,-1,4,4,101325,2500,7243,510,0xf,False,0x0
1783864434.231,1689,1689,393755,4,1,-19,46,-6,1132,5,2,-4,101325,2500,7243,516,0xf,False,0x0
1783864434.432,1690,1690,393956,4,1,-20,-27,59,1057,-1,2,2,101325,2500,7243,519,0xf,False,0x0
1783864434.663,1691,1691,394187,4,1,4,-34,22,1022,-2,-2,4,101325,2500,7243,484,0xf,False,0x0
1783864434.863,1692,1692,394387,4,1,-10,-7,-48,1137,-3,-1,1,101325,2500,7243,480,0xf,False,0x0
1783864435.064,1693,1693,394588,4,1,-15,-38,-40,963,3,-3,2,101325,2500,7243,513,0xf,False,0x0
1783864435.265,1694,1694,394789,4,1,-15,22,44,1036,-2,-5,3,101325,2500,7243,499,0xf,False,0x0
1783864435.484,1695,1695,395008,4,1,-7,51,4,949,3,3,5,101325,2500,7242,485,0xf,False,0x0
1783864435.685,1696,1696,395209,4,1,-7,28,57,1005,1,-4,1,101325,2500,7242,516,0xf,False,0x0
1783864435.963,1697,1697,395487,4,1,-3,-51,-18,943,5,-1,-1,101325,2500,7242,494,0xf,False,0x0
1783864436.164,1698,1698,395688,4,1,12,-12,-49,1045,0,-4,-5,101325,2500,7242,481,0xf,False,0x0
1783864436.470,1699,1699,395994,4,1,-15,16,-27,1062,5,-4,-1,101325,2500,7242,486,0xf,False,0x0
1783864436.670,1700,1700,396194,4,1,2,48,-9,922,-4,-3,3,101325,2500,7242,517,0xf,False,0x0
1783864436.920,1701,1701,396444,4,1,-7,-4,0,971,2,0,0,101325,2500,7242,503,0xf,False,0x0
1783864437.120,1702,1702,396644,4,1,-16,-13,-31,903,-2,-3,2,101325,2500,7242,497,0xf,False,0x0
1783864437.394,1703,1703,396918,4,1,-16,-8,-48,927,-5,1,-5,101325,2500,7242,483,0xf,False,0x0
1783864437.595,1704,1704,397118,4,1,8,53,46,921,-3,-2,0,101325,2500,7242,515,0xf,False,0x0
1783864437.903,1705,1705,397427,4,1,18,56,-50,1099,-1,-5,2,101325,2500,7242,516,0xf,False,0x0
1783864438.386,1707,1707,397910,4,1,-11,19,-48,857,2,-4,2,101325,2500,7241,484,0xf,False,0x0
1783864438.587,1708,1708,398111,4,1,-15,2,-49,1032,-1,1,2,101325,2500,7241,487,0xf,False,0x0
1783864438.862,1709,1709,398386,4,1,15,-21,-22,912,5,-5,0,101325,2500,7241,511,0xf,False,0x0
1783864439.062,1710,1710,398586,4,1,-12,-52,-57,975,-3,4,-3,101325,2500,7241,504,0xf,False,0x0
1783864439.338,1711,1711,398862,4,1,7,19,49,1018,-3,0,-3,101325,2500,7241,484,0xf,False,0x0
1783864439.539,1712,1712,399063,4,1,-13,36,-59,1060,3,1,-5,101325,2500,7241,489,0xf,False,0x0
1783864440.005,1714,1714,399529,4,1,13,34,46,1015,-1,3,1,101325,2500,7241,482,0xf,False,0x0
1783864440.264,1715,1715,399788,4,1,17,26,-49,1019,4,-4,-5,101325,2500,7241,499,0xf,False,0x0
1783864440.465,1716,1716,399989,4,1,1,-50,-12,957,5,5,-3,101325,2500,7241,492,0xf,False,0x0
1783864440.748,1717,1717,400272,4,1,-8,-32,12,1071,-3,3,5,101325,2500,7240,511,0xf,False,0x0
1783864440.949,1718,1718,400473,4,1,-6,56,45,1097,-5,-2,2,101325,2500,7240,509,0xf,False,0x0
1783864441.207,1719,1719,400731,4,1,-3,47,-29,1056,-5,-4,0,101325,2500,7240,501,0xf,False,0x0
1783864441.408,1720,1720,400932,4,1,-12,-35,47,1083,-4,-3,2,101325,2500,7240,505,0xf,False,0x0
1783864441.661,1721,1721,401185,4,1,-19,-57,31,1010,4,2,1,101325,2500,7240,500,0xf,False,0x0
1783864441.862,1722,1722,401386,4,1,-12,-55,-52,1072,-1,3,3,101325,2500,7240,519,0xf,False,0x0
1783864442.145,1723,1723,401669,4,1,-3,6,-44,1093,0,-1,5,101325,2500,7240,493,0xf,False,0x0
1783864442.346,1724,1724,401870,4,1,8,15,43,1001,5,2,4,101325,2500,7240,505,0xf,False,0x0
1783864442.615,1725,1725,402139,4,1,-20,-27,-30,985,-4,-2,5,101325,2500,7240,506,0xf,False,0x0
1783864442.815,1726,1726,402339,4,1,-7,-28,-2,1056,-3,-2,2,101325,2500,7240,486,0xf,False,0x0
1783864443.085,1727,1727,402608,4,1,1,-3,-39,1035,4,-3,1,101325,2500,7239,506,0xf,False,0x0
1783864443.285,1728,1728,402809,4,1,-20,-45,14,923,-1,-4,-1,101325,2500,7239,482,0xf,False,0x0
1783864443.760,1730,1730,403284,4,1,-18,-34,58,979,-2,4,4,101325,2500,7239,497,0xf,False,0x0
1783864444.035,1731,1731,403559,4,1,-6,0,-48,1063,-3,-5,-1,101325,2500,7239,511,0xf,False,0x0
1783864444.235,1732,1732,403759,4,1,16,46,-58,862,2,5,3,101325,2500,7239,482,0xf,False,0x0
1783864444.495,1733,1733,404019,4,1,-16,-10,7,923,-5,-5,-2,101325,2500,7239,486,0xf,False,0x0
1783864444.695,1734,1734,404219,4,1,2,16,49,989,0,-4,2,101325,2500,7239,514,0xf,False,0x0
1783864444.947,1735,1735,404471,4,1,16,-41,-50,1082,-3,4,-1,101325,2500,7239,501,0xf,False,0x0
1783864445.147,1736,1736,404671,4,1,9,-10,12,923,3,-3,-3,101325,2500,7239,506,0xf,False,0x0
1783864445.437,1737,1737,404961,4,1,-12,16,7,1105,-2,3,-3,101325,2500,7239,490,0xf,False,0x0
1783864445.637,1738,1738,405161,4,1,18,-27,23,929,0,3,-1,101325,2500,7238,481,0xf,False,0x0
1783864445.945,1739,1739,405469,4,1,1,-48,36,1060,-5,3,-3,101325,2500,7238,488,0xf,False,0x0
1783864446.146,1740,1740,405670,4,1,4,-36,-10,960,-3,-3,5,101325,2500,7238,484,0xf,False,0x0
1783864446.431,1741,1741,405955,4,1,20,-47,-7,1137,2,-5,-5,101325,2500,7238,485,0xf,False,0x0
1783864446.632,1742,1742,406156,4,1,9,-7,31,970,2,5,-2,101325,2500,7238,494,0xf,False,0x0
1783864446.908,1743,1743,406432,4,1,-20,-49,23,951,2,5,-5,101325,2500,7238,480,0xf,False,0x0
1783864447.109,1744,1744,406633,4,1,-6,-8,31,1086,-2,4,3,101325,2500,7238,512,0xf,False,0x0
1783864447.368,1745,1745,406892,4,1,-10,-57,34,1029,0,3,5,101325,2500,7238,483,0xf,False,0x0
1783864447.569,1746,1746,407093,4,1,16,0,-46,872,-2,1,-3,101325,2500,7238,497,0xf,False,0x0
1783864447.876,1747,1747,407400,4,1,-5,51,-23,1057,2,-4,-5,101325,2500,7238,495,0xf,False,0x0
1783864448.076,1748,1748,407600,4,1,-8,12,-54,971,3,2,-4,101325,2500,7237,484,0xf,False,0x0
1783864448.355,1749,1749,407878,4,1,-3,19,11,1098,3,-1,4,101325,2500,7237,519,0xf,False,0x0
1783864448.555,1750,1750,408079,4,1,2,-27,25,864,2,-4,2,101325,2500,7237,502,0xf,False,0x0
1783864448.827,1751,1751,408350,4,1,15,-44,24,1002,5,3,3,101325,2500,7237,512,0xf,False,0x0
1783864449.027,1752,1752,408551,4,1,-12,55,-7,939,-1,2,1,101325,2500,7237,501,0xf,False,0x0
1783864449.296,1753,1753,408819,4,1,-1,42,16,1023,1,-1,4,101325,2500,7237,485,0xf,False,0x0
1783864449.496,1754,1754,409020,4,1,-8,54,-44,1071,-2,4,-2,101325,2500,7237,519,0xf,False,0x0
1783864449.761,1755,1755,409285,4,1,-20,-44,2,1097,1,-3,-2,101325,2500,7237,502,0xf,False,0x0
1783864449.962,1756,1756,409486,4,1,-10,-34,-11,1031,5,2,5,101325,2500,7237,500,0xf,False,0x0
1783864450.421,1758,1758,409945,4,1,-10,-20,-1,988,-5,-3,4,101325,2500,7237,482,0xf,False,0x0
1783864450.687,1759,1759,410211,4,1,1,-60,-26,934,4,5,-1,101325,2500,7236,484,0xf,False,0x0
1783864450.888,1760,1760,410412,4,1,-7,-16,36,926,0,0,-5,101325,2500,7236,482,0xf,False,0x0
1783864451.190,1761,1761,410714,4,1,9,13,-8,1051,0,-1,-2,101325,2500,7236,518,0xf,False,0x0
1783864451.390,1762,1762,410914,4,1,6,-6,51,922,2,1,-4,101325,2500,7236,493,0xf,False,0x0
1783864451.663,1763,1763,411187,4,1,10,-45,24,1026,5,-1,-4,101325,2500,7236,497,0xf,False,0x0
1783864451.863,1764,1764,411387,4,1,-3,-44,-59,998,5,-4,-1,101325,2500,7236,497,0xf,False,0x0
1783864452.177,1765,1765,411701,4,1,-4,-49,-31,933,0,4,-2,101325,2500,7236,511,0xf,False,0x0
1783864452.378,1766,1766,411902,4,1,9,-6,51,1065,-3,0,1,101325,2500,7236,517,0xf,False,0x0
1783864452.631,1767,1767,412155,4,1,-18,14,-3,937,-5,2,-5,101325,2500,7236,496,0xf,False,0x0
1783864452.832,1768,1768,412356,4,1,-1,58,7,907,-1,-5,-3,101325,2500,7236,504,0xf,False,0x0
1783864453.122,1769,1769,412646,4,1,-19,13,-25,971,-2,2,-5,101325,2500,7235,488,0xf,False,0x0
1783864453.322,1770,1770,412846,4,1,-9,-52,34,1031,3,-3,-1,101325,2500,7235,514,0xf,False,0x0
1783864453.608,1771,1771,413132,4,1,-7,-20,-31,1052,0,-2,0,101325,2500,7235,485,0xf,False,0x0
1783864453.808,1772,1772,413332,4,1,-18,26,-32,983,4,4,-5,101325,2500,7235,514,0xf,False,0x0
1783864454.050,1773,1773,413574,4,1,-18,-35,-35,963,-5,-2,0,101325,2500,7235,491,0xf,False,0x0
1783864454.251,1774,1774,413775,4,1,19,7,35,1109,-2,-1,1,101325,2500,7235,484,0xf,False,0x0
1783864454.507,1775,1775,414031,4,1,-10,8,4,1060,-4,-4,4,101325,2500,7235,490,0xf,False,0x0
1783864454.707,1776,1776,414231,4,1,14,-20,-26,948,0,-4,-5,101325,2500,7235,498,0xf,False,0x0
1783864454.995,1777,1777,414519,4,1,20,46,-48,887,4,-2,-2,101325,2500,7235,490,0xf,False,0x0
1783864455.196,1778,1778,414720,4,1,-16,20,54,1113,-3,-2,-1,101325,2500,7235,495,0xf,False,0x0
1783864455.500,1779,1779,415024,4,1,8,-52,-37,1030,-2,-5,-5,101325,2500,7234,513,0xf,False,0x0
1783864456.010,1781,1781,415534,4,1,20,-55,-4,1027,0,-2,-5,101325,2500,7234,514,0xf,False,0x0
1783864456.211,1782,1782,415735,4,1,-15,6,28,1009,4,3,1,101325,2500,7234,515,0xf,False,0x0
1783864456.511,1783,1783,416035,4,1,-8,-45,-29,1124,-1,3,-5,101325,2500,7234,485,0xf,False,0x0
1783864456.711,1784,1784,416235,4,1,-10,-12,-1,1155,-4,-5,3,101325,2500,7234,488,0xf,False,0x0
1783864456.989,1785,1785,416513,4,1,13,-5,17,1114,-2,-4,5,101325,2500,7234,509,0xf,False,0x0
1783864457.190,1786,1786,416714,4,1,-3,49,17,925,-2,1,-3,101325,2500,7234,506,0xf,False,0x0
1783864457.437,1787,1787,416961,4,1,-8,2,-22,1111,-2,2,-5,101325,2500,7234,497,0xf,False,0x0
1783864457.638,1788,1788,417162,4,1,17,14,34,1124,2,4,-5,101325,2500,7234,493,0xf,False,0x0
1783864457.896,1789,1789,417420,4,1,11,-50,-6,941,-2,1,-3,101325,2500,7234,508,0xf,False,0x0
1783864458.367,1791,1791,417891,4,1,-15,8,15,1012,-4,-4,-3,101325,2500,7233,483,0xf,False,0x0
1783864458.568,1792,1792,418092,4,1,-20,-19,35,897,2,-4,5,101325,2500,7233,483,0xf,False,0x0
1783864458.840,1793,1793,418364,4,1,-10,29,-18,1078,-3,4,0,101325,2500,7233,512,0xf,False,0x0
1783864459.041,1794,1794,418565,4,1,5,-13,22,998,1,-3,4,101325,2500,7233,500,0xf,False,0x0
1783864459.289,1795,1795,418813,4,1,17,9,2,854,-5,4,5,101325,2500,7233,518,0xf,False,0x0
1783864459.489,1796,1796,419013,4,1,-12,-27,-25,868,-4,-4,1,101325,2500,7233,502,0xf,False,0x0
1783864459.768,1797,1797,419292,4,1,20,23,-31,938,-3,-2,3,101325,2500,7233,487,0xf,False,0x0
1783864459.969,1798,1798,419493,4,1,-19,-60,-12,1063,3,-3,3,101325,2500,7233,488,0xf,False,0x0
1783864460.268,1799,1799,419792,4,1,18,46,-5,1130,-3,3,-1,101325,2500,7233,494,0xf,False,0x0
1783864460.469,1800,1800,419993,4,1,17,45,-60,980,1,-1,2,101325,2500,7233,496,0xf,False,0x0
1783864460.754,1801,1801,420278,4,1,-2,-11,16,961,-1,1,-2,101325,2500,7232,496,0xf,False,0x0
1783864460.954,1802,1802,420478,4,1,15,-18,45,854,3,-1,-4,101325,2500,7232,490,0xf,False,0x0
1783864461.205,1803,1803,420729,4,1,20,31,31,1152,-4,4,0,101325,2500,7232,502,0xf,False,0x0
1783864461.406,1804,1804,420930,4,1,8,0,-52,1079,-5,1,4,101325,2500,7232,486,0xf,False,0x0
1783864461.659,1805,1805,421182,4,1,9,-32,38,914,0,-2,-4,101325,2500,7232,498,0xf,False,0x0
1783864461.859,1806,1806,421383,4,1,-8,7,19,847,1,2,5,101325,2500,7232,509,0xf,False,0x0
1783864462.144,1807,1807,421668,4,1,-8,25,49,999,-5,0,1,101325,2500,7232,513,0xf,False,0x0
1783864462.345,1808,1808,421869,4,1,-5,-12,-34,1076,-3,4,-5,101325,2500,7232,501,0xf,False,0x0
1783864462.604,1809,1809,422128,4,1,8,34,50,981,-2,3,4,101325,2500,7232,505,0xf,False,0x0
1783864462.805,1810,1810,422329,4,1,-6,-51,-23,978,5,-4,5,101325,2500,7232,487,0xf,False,0x0
1783864463.105,1811,1811,422628,4,1,15,16,-23,913,-3,-4,0,101325,2500,7231,504,0xf,False,0x0
1783864463.305,1812,1812,422829,4,1,10,-42,58,1154,-2,-3,-3,101325,2500,7231,500,0xf,False,0x0
1783864463.600,1813,1813,423124,4,1,5,28,20,865,-1,-2,4,101325,2500,7231,501,0xf,False,0x0
1783864463.801,1814,1814,423325,4,1,-13,-19,-42,1031,4,5,-4,101325,2500,7231,486,0xf,False,0x0
1783864464.066,1815,1815,423590,4,1,8,-50,-16,1030,1,5,-2,101325,2500,7231,506,0xf,False,0x0
1783864464.266,1816,1816,423790,4,1,-5,46,-4,895,-2,-1,-5,101325,2500,7231,480,0xf,False,0x0
1783864464.546,1817,1817,424070,4,1,-20,0,-1,986,1,1,3,101325,2500,7231,483,0xf,False,0x0
1783864464.746,1818,1818,424270,4,1,-16,56,7,943,2,4,-1,101325,2500,7231,511,0xf,False,0x0
1783864465.018,1819,1819,424542,4,1,-13,12,-49,967,-5,-3,-4,101325,2500,7231,516,0xf,False,0x0
1783864465.218,1820,1820,424742,4,1,-20,-44,-51,1022,2,-4,5,101325,2500,7231,490,0xf,False,0x0
1783864465.519,1821,1821,425043,4,1,13,-52,19,1023,3,-4,-4,101325,2500,7230,499,0xf,False,0x0
1783864465.720,1822,1822,425243,4,1,-1,7,34,885,1,0,5,101325,2500,7230,517,0xf,False,0x0
1783864465.996,1823,1823,425520,4,1,-9,-38,50,933,-5,2,-5,101325,2500,7230,520,0xf,False,0x0
1783864466.197,1824,1824,425721,4,1,13,6,46,1059,-1,1,-4,101325,2500,7230,493,0xf,False,0x0
1783864466.518,1825,1825,426042,4,1,13,-33,-32,933,-1,3,-2,101325,2500,7230,493,0xf,False,0x0
1783864466.718,1826,1826,426242,4,1,2,-48,13,863,4,-5,-3,101325,2500,7230,486,0xf,False,0x0
1783864466.961,1827,1827,426485,4,1,16,41,42,1002,-2,3,-5,101325,2500,7230,488,0xf,False,0x0
1783864467.161,1828,1828,426685,4,1,-5,-25,-60,1044,3,-2,-1,101325,2500,7230,480,0xf,False,0x0
1783864467.417,1829,1829,426941,4,1,18,11,28,1062,-5,4,5,101325,2500,7230,509,0xf,False,0x0
1783864467.618,1830,1830,427142,4,1,20,45,-25,982,0,2,0,101325,2500,7230,497,0xf,False,0x0
1783864467.878,1831,1831,427402,4,1,-13,23,-25,1033,2,1,1,101325,2500,7230,481,0xf,False,0x0
1783864468.079,1832,1832,427603,4,1,-5,10,-58,986,-4,5,2,101325,2500,7229,503,0xf,False,0x0
1783864468.344,1833,1833,427868,4,1,4,-15,-32,963,-4,-5,-3,101325,2500,7229,497,0xf,False,0x0
1783864468.544,1834,1834,428068,4,1,9,0,-36,1151,1,3,0,101325,2500,7229,501,0xf,False,0x0
1783864468.821,1835,1835,428345,4,1,-3,17,-59,852,3,5,0,101325,2500,7229,506,0xf,False,0x0
1783864469.021,1836,1836,428545,4,1,-12,41,-49,1007,-5,2,2,101325,2500,7229,503,0xf,False,0x0
1783864469.291,1837,1837,428815,4,1,9,-60,44,949,3,-2,-5,101325,2500,7229,515,0xf,False,0x0
1783864469.491,1838,1838,429015,4,1,-9,-43,-3,1037,2,3,-4,101325,2500,7229,485,0xf,False,0x0
1783864469.778,1839,1839,429302,4,1,3,-44,-46,1071,3,0,0,101325,2500,7229,497,0xf,False,0x0
1783864469.979,1840,1840,429503,4,1,10,30,34,1075,-4,-3,2,101325,2500,7229,498,0xf,False,0x0
1783864470.286,1841,1841,429810,4,1,13,26,26,1043,3,-2,3,101325,2500,7229,488,0xf,False,0x0
1783864470.487,1842,1842,430011,4,1,-19,35,5,992,0,5,3,101325,2500,7228,484,0xf,False,0x0
1783864470.766,1843,1843,430289,4,1,-10,6,-55,899,-4,5,-2,101325,2500,7228,500,0xf,False,0x0
1783864470.966,1844,1844,430490,4,1,18,-27,-55,939,4,4,-4,101325,2500,7228,497,0xf,False,0x0
1783864471.280,1845,1845,430803,4,1,19,14,42,968,2,1,2,101325,2500,7228,496,0xf,False,0x0
1783864471.480,1846,1846,431004,4,1,16,-20,1,942,-5,2,-3,101325,2500,7228,500,0xf,False,0x0
1783864471.943,1848,1848,431467,4,1,17,45,-56,995,-2,0,1,101325,2500,7228,509,0xf,False,0x0
1783864472.211,1849,1849,431735,4,1,11,-55,8,878,-2,2,1,101325,2500,7228,518,0xf,False,0x0
1783864472.412,1850,1850,431936,4,1,-7,-24,27,907,-2,2,-4,101325,2500,7228,493,0xf,False,0x0
1783864472.696,1851,1851,432220,4,1,-18,39,60,866,-1,4,-4,101325,2500,7228,496,0xf,False,0x0
1783864472.897,1852,1852,432421,4,1,9,-11,-49,911,-4,4,1,101325,2500,7228,515,0xf,False,0x0
1783864473.181,1853,1853,432704,4,1,5,-31,19,1070,-5,-4,4,101325,2500,7227,488,0xf,False,0x0
1783864473.381,1854,1854,432905,4,1,11,16,38,973,-3,0,3,101325,2500,7227,483,0xf,False,0x0
1783864473.640,1855,1855,433164,4,1,-1,-23,-12,1151,5,-1,0,101325,2500,7227,515,0xf,False,0x0
1783864473.840,1856,1856,433364,4,1,4,-20,-1,964,4,0,-5,101325,2500,7227,487,0xf,False,0x0
1783864474.092,1857,1857,433616,4,1,-19,59,20,1016,1,-5,0,101325,2500,7227,496,0xf,False,0x0
1783864474.293,1858,1858,433817,4,1,-14,-24,-2,1041,-2,3,0,101325,2500,7227,507,0xf,False,0x0
1783864474.558,1859,1859,434082,4,1,-18,50,-43,1069,4,1,-5,101325,2500,7227,501,0xf,False,0x0
1783864475.047,1861,1861,434571,4,1,-9,-32,10,993,-1,5,-5,101325,2500,7227,520,0xf,False,0x0
1783864475.248,1862,1862,434772,4,1,-7,60,41,932,-1,-4,3,101325,2500,7227,513,0xf,False,0x0
1783864475.508,1863,1863,435032,4,1,-6,55,-39,1076,4,1,-3,101325,2500,7226,492,0xf,False,0x0
1783864475.966,1865,1865,435490,4,1,20,48,36,909,4,2,0,101325,2500,7226,501,0xf,False,0x0
1783864476.167,1866,1866,435691,4,1,-12,-1,-37,1089,3,3,3,101325,2500,7226,504,0xf,False,0x0
1783864476.456,1867,1867,435980,4,1,-4,44,-44,878,2,-4,4,101325,2500,7226,496,0xf,False,0x0
1783864476.657,1868,1868,436181,4,1,-2,56,1,971,-4,-5,5,101325,2500,7226,512,0xf,False,0x0
1783864476.913,1869,1869,436436,4,1,4,18,0,1013,4,2,5,101325,2500,7226,482,0xf,False,0x0
1783864477.113,1870,1870,436637,4,1,-16,27,32,1003,1,0,-1,101325,2500,7226,512,0xf,False,0x0
1783864477.398,1871,1871,436922,4,1,-8,-41,37,946,3,-2,-1,101325,2500,7226,518,0xf,False,0x0
1783864477.599,1872,1872,437123,4,1,-18,-43,-53,1021,5,0,-3,101325,2500,7226,489,0xf,False,0x0
1783864477.874,1873,1873,437398,4,1,13,13,51,1092,5,-3,1,101325,2500,7226,508,0xf,False,0x0
1783864478.075,1874,1874,437599,4,1,-17,35,30,1006,3,2,0,101325,2500,7225,487,0xf,False,0x0
1783864478.380,1875,1875,437904,4,1,7,-35,48,872,3,-1,-4,101325,2500,7225,490,0xf,False,0x0
1783864478.581,1876,1876,438105,4,1,-3,12,-50,985,2,2,5,101325,2500,7225,484,0xf,False,0x0
1783864479.057,1878,1878,438581,4,1,-10,38,-28,863,3,-2,-1,101325,2500,7225,508,0xf,False,0x0
1783864479.326,1879,1879,438850,4,1,-7,-24,-13,908,-1,-3,-1,101325,2500,7225,483,0xf,False,0x0
1783864479.527,1880,1880,439050,4,1,-3,-44,-18,933,2,4,0,101325,2500,7225,516,0xf,False,0x0
1783864479.801,1881,1881,439325,4,1,-13,-57,19,972,0,4,-2,101325,2500,7225,486,0xf,False,0x0
1783864480.002,1882,1882,439526,4,1,-14,-57,36,963,-5,-2,2,101325,2500,7225,518,0xf,False,0x0
1783864480.447,1884,1884,439971,4,1,14,16,-18,891,5,3,5,101325,2500,7225,480,0xf,False,0x0
1783864480.710,1885,1885,440234,4,1,-18,-44,-12,879,-2,5,2,101325,2500,7224,509,0xf,False,0x0
1783864480.910,1886,1886,440434,4,1,-3,8,10,949,3,-3,-4,101325,2500,7224,489,0xf,False,0x0
1783864481.191,1887,1887,440715,4,1,-15,-30,-11,897,2,3,-4,101325,2500,7224,491,0xf,False,0x0
1783864481.391,1888,1888,440915,4,1,12,-45,-1,1019,-5,2,-3,101325,2500,7224,503,0xf,False,0x0
1783864481.647,1889,1889,441171,4,1,8,50,53,890,2,-1,-4,101325,2500,7224,480,0xf,False,0x0
1783864481.848,1890,1890,441372,4,1,-11,-23,-13,1086,-2,2,4,101325,2500,7224,502,0xf,False,0x0
1783864482.121,1891,1891,441645,4,1,5,-41,15,992,-1,0,-3,101325,2500,7224,518,0xf,False,0x0
1783864482.321,1892,1892,441845,4,1,-5,9,-50,1060,5,4,2,101325,2500,7224,497,0xf,False,0x0
1783864482.605,1893,1893,442129,4,1,15,6,39,968,-5,2,-4,101325,2500,7224,509,0xf,False,0x0
1783864482.806,1894,1894,442330,4,1,6,-39,-18,973,3,3,-5,101325,2500,7224,499,0xf,False,0x0
1783864483.076,1895,1895,442600,4,1,-19,-36,-17,967,-2,4,-3,101325,2500,7223,489,0xf,False,0x0
1783864483.277,1896,1896,442801,4,1,-8,-4,17,905,2,-5,5,101325,2500,7223,488,0xf,False,0x0
1783864483.557,1897,1897,443081,4,1,-2,23,-54,911,3,-1,3,101325,2500,7223,506,0xf,False,0x0
1783864483.758,1898,1898,443282,4,1,-7,51,3,924,4,-5,-5,101325,2500,7223,485,0xf,False,0x0
1783864484.019,1899,1899,443543,4,1,4,52,-4,1039,0,2,-4,101325,2500,7223,498,0xf,False,0x0
1783864484.219,1900,1900,443743,4,1,-19,-56,-36,1081,-4,5,-2,101325,2500,7223,501,0xf,False,0x0
1783864484.520,1901,1901,444044,4,1,12,-19,7,843,-3,-1,-5,101325,2500,7223,489,0xf,False,0x0
1783864484.721,1902,1902,444245,4,1,7,23,-9,1024,-4,-1,1,101325,2500,7223,515,0xf,False,0x0
1783864485.028,1903,1903,444552,4,1,-3,-50,-58,1113,3,0,4,101325,2500,7223,507,0xf,False,0x0
1783864485.229,1904,1904,444753,4,1,2,-48,50,1129,1,5,5,101325,2500,7223,508,0xf,False,0x0
1783864485.505,1905,1905,445029,4,1,-2,34,34,996,-3,0,2,101325,2500,7222,483,0xf,False,0x0
1783864485.706,1906,1906,445229,4,1,-17,2,-49,881,-2,2,-2,101325,2500,7222,514,0xf,False,0x0
1783864486.006,1907,1907,445530,4,1,-19,54,16,1033,2,-3,4,101325,2500,7222,485,0xf,False,0x0
1783864486.492,1909,1909,446016,4,1,18,47,44,1045,-5,4,2,101325,2500,7222,484,0xf,False,0x0
1783864486.952,1911,1911,446476,4,1,3,0,-38,968,-3,-3,-3,101325,2500,7222,520,0xf,False,0x0
1783864487.153,1912,1912,446677,4,1,14,-38,-18,1070,5,5,5,101325,2500,7222,513,0xf,False,0x0
1783864487.616,1914,1914,447140,4,1,10,-4,-18,1051,-5,5,-1,101325,2500,7222,500,0xf,False,0x0
1783864487.902,1915,1915,447426,4,1,16,21,-47,880,2,-1,0,101325,2500,7222,517,0xf,False,0x0
1783864488.103,1916,1916,447627,4,1,-15,-8,36,845,-3,5,5,101325,2500,7221,510,0xf,False,0x0
1783864488.394,1917,1917,447918,4,1,18,-40,-46,1006,4,1,-5,101325,2500,7221,480,0xf,False,0x0
1783864488.594,1918,1918,448118,4,1,19,26,-27,927,-2,2,-2,101325,2500,7221,486,0xf,False,0x0
1783864488.859,1919,1919,448383,4,1,-10,60,-42,1039,0,-2,-2,101325,2500,7221,495,0xf,False,0x0
1783864489.059,1920,1920,448583,4,1,-13,-47,-24,961,-2,2,1,101325,2500,7221,517,0xf,False,0x0
1783864489.316,1921,1921,448840,4,1,-10,-24,37,945,5,-3,1,101325,2500,7221,484,0xf,False,0x0
1783864489.516,1922,1922,449040,4,1,-7,42,4,1026,4,-1,5,101325,2500,7221,494,0xf,False,0x0
1783864489.806,1923,1923,449330,4,1,-8,9,54,1140,1,-1,-3,101325,2500,7221,497,0xf,False,0x0
1783864490.007,1924,1924,449531,4,1,15,-57,-59,1011,1,-4,2,101325,2500,7221,520,0xf,False,0x0
1783864490.501,1926,1926,450025,4,1,-11,43,-57,1031,5,-1,-4,101325,2500,7220,520,0xf,False,0x0
1783864490.788,1927,1927,450312,4,1,-12,-38,50,1069,-4,-1,-2,101325,2500,7220,512,0xf,False,0x0
1783864490.989,1928,1928,450513,4,1,1,-18,-25,1050,-5,2,-4,101325,2500,7220,482,0xf,False,0x0
1783864491.476,1930,1930,451000,4,1,-10,60,14,919,5,-3,1,101325,2500,7220,517,0xf,False,0x0
1783864491.720,1931,1931,451244,4,1,19,28,-39,1039,5,-5,-2,101325,2500,7220,483,0xf,False,0x0
1783864491.920,1932,1932,451444,4,1,-2,-2,-24,1065,5,5,2,101325,2500,7220,510,0xf,False,0x0
1783864492.196,1933,1933,451720,4,1,5,60,41,1107,-1,-3,-4,101325,2500,7220,482,0xf,False,0x0
1783864492.397,1934,1934,451920,4,1,9,-40,-18,1086,2,4,5,101325,2500,7220,490,0xf,False,0x0
1783864492.634,1935,1935,452158,4,1,20,16,39,895,-1,-1,5,101325,2500,7220,501,0xf,False,0x0
1783864492.834,1936,1936,452358,4,1,-3,-31,-25,866,-5,2,3,101325,2500,7220,505,0xf,False,0x0
1783864493.080,1937,1937,452604,4,1,12,51,-35,1076,2,1,-3,101325,2500,7219,506,0xf,False,0x0
1783864493.280,1938,1938,452804,4,1,-7,-34,-24,1092,2,-4,0,101325,2500,7219,483,0xf,False,0x0
1783864493.559,1939,1939,453083,4,1,14,-43,-41,922,-2,0,-5,101325,2500,7219,496,0xf,False,0x0
1783864494.248,1942,1942,453772,4,1,-12,48,16,965,-5,-4,4,101325,2500,7219,488,0xf,False,0x0
1783864494.512,1943,1943,454036,4,1,8,-47,49,1035,-3,-5,5,101325,2500,7219,504,0xf,False,0x0
1783864494.713,1944,1944,454237,4,1,-18,-56,58,1097,1,4,2,101325,2500,7219,488,0xf,False,0x0
1783864495.022,1945,1945,454546,4,1,1,49,-1,957,-3,-4,1,101325,2500,7219,488,0xf,False,0x0
1783864495.222,1946,1946,454746,4,1,-17,49,-33,1076,-1,-4,0,101325,2500,7219,490,0xf,False,0x0
1783864495.532,1947,1947,455056,4,1,-7,44,38,995,1,-2,-1,101325,2500,7218,507,0xf,False,0x0
1783864495.733,1948,1948,455257,4,1,-19,12,-29,907,0,-5,1,101325,2500,7218,516,0xf,False,0x0
1783864496.042,1949,1949,455566,4,1,-7,9,-18,1014,2,4,-3,101325,2500,7218,515,0xf,False,0x0
1783864496.242,1950,1950,455766,4,1,2,-58,-26,1024,1,-5,1,101325,2500,7218,493,0xf,False,0x0
1783864496.495,1951,1951,456019,4,1,-3,-31,-27,1130,1,-1,-5,101325,2500,7218,505,0xf,False,0x0
1783864496.695,1952,1952,456219,4,1,3,0,29,981,2,2,2,101325,2500,7218,494,0xf,False,0x0
1783864496.958,1953,1953,456482,4,1,2,4,27,913,-1,4,3,101325,2500,7218,480,0xf,False,0x0
1783864497.158,1954,1954,456682,4,1,-12,-37,2,1070,5,3,3,101325,2500,7218,494,0xf,False,0x0
1783864497.454,1955,1955,456978,4,1,11,16,-40,935,-5,0,-4,101325,2500,7218,498,0xf,False,0x0
1783864497.654,1956,1956,457178,4,1,2,12,-46,916,4,1,-3,101325,2500,7218,500,0xf,False,0x0
1783864497.923,1957,1957,457447,4,1,15,-35,-28,920,5,-4,3,101325,2500,7218,515,0xf,False,0x0
1783864498.128,1958,1958,457652,4,1,5,-56,43,970,-4,5,-5,101325,2500,7217,491,0xf,False,0x0
1783864498.329,1959,1959,457853,4,1,12,-50,29,861,-2,-4,-4,101325,2500,7217,520,0xf,False,0x0
1783864498.542,1960,1960,458066,4,1,-16,-58,39,1016,-3,-3,-1,101325,2500,7217,496,0xf,False,0x0
1783864498.743,1961,1961,458267,4,1,20,-19,-14,914,5,0,-3,101325,2500,7217,481,0xf,False,0x0
1783864498.950,1962,1962,458474,4,1,-18,-18,54,1097,-1,2,2,101325,2500,7217,520,0xf,False,0x0
1783864499.151,1963,1963,458675,4,1,-5,-12,17,957,4,4,1,101325,2500,7217,501,0xf,False,0x0
1783864499.432,1964,1964,458956,4,1,-1,-23,-19,1074,4,-1,3,101325,2500,7217,504,0xf,False,0x0
1783864499.632,1965,1965,459156,4,1,8,57,-46,1140,-3,-4,4,101325,2500,7217,488,0xf,False,0x0
1783864499.867,1966,1966,459391,4,1,18,52,43,937,-1,2,-2,101325,2500,7217,512,0xf,False,0x0
1783864500.068,1967,1967,459592,4,1,-18,38,56,1040,3,0,1,101325,2500,7217,497,0xf,False,0x0
1783864500.323,1968,1968,459847,4,1,19,-1,5,975,1,4,3,101325,2500,7217,518,0xf,False,0x0
1783864500.523,1969,1969,460047,4,1,-7,-52,-50,1076,-5,-5,-1,101325,2500,7216,488,0xf,False,0x0
1783864500.793,1970,1970,460317,4,1,-3,28,-52,883,4,-2,5,101325,2500,7216,512,0xf,False,0x0
1783864500.993,1971,1971,460517,4,1,-15,-40,-31,962,4,1,0,101325,2500,7216,512,0xf,False,0x0
1783864501.277,1972,1972,460801,4,1,-7,31,-39,1150,-1,-5,5,101325,2500,7216,503,0xf,False,0x0
1783864501.478,1973,1973,461002,4,1,4,1,-27,926,-4,-3,0,101325,2500,7216,510,0xf,False,0x0
1783864501.759,1974,1974,461283,4,1,-12,44,58,1042,-1,1,5,101325,2500,7216,482,0xf,False,0x0
1783864501.960,1975,1975,461484,4,1,19,29,-47,964,-3,-3,1,101325,2500,7216,515,0xf,False,0x0
1783864502.206,1976,1976,461730,4,1,0,-40,23,1032,3,3,-3,101325,2500,7216,520,0xf,False,0x0
1783864502.406,1977,1977,461930,4,1,-18,-6,17,986,-1,-5,-2,101325,2500,7216,502,0xf,False,0x0
1783864502.685,1978,1978,462209,4,1,16,13,-16,952,1,1,0,101325,2500,7216,487,0xf,False,0x0
1783864502.886,1979,1979,462410,4,1,-10,46,-15,952,1,-2,2,101325,2500,7216,520,0xf,False,0x0
1783864503.150,1980,1980,462674,4,1,-2,23,31,1012,4,5,4,101325,2500,7215,512,0xf,False,0x0
1783864503.351,1981,1981,462875,4,1,6,-46,52,894,-2,2,0,101325,2500,7215,506,0xf,False,0x0
1783864503.632,1982,1982,463156,4,1,17,-22,-31,1034,3,0,-4,101325,2500,7215,513,0xf,False,0x0
1783864503.832,1983,1983,463356,4,1,-14,1,26,919,-3,-3,3,101325,2500,7215,503,0xf,False,0x0
1783864504.075,1984,1984,463599,4,1,18,-16,-41,916,-4,-1,-4,101325,2500,7215,490,0xf,False,0x0
1783864504.276,1985,1985,463800,4,1,-1,40,43,939,-1,0,-5,101325,2500,7215,520,0xf,False,0x0
1783864504.535,1986,1986,464059,4,1,-17,59,42,920,0,-5,2,101325,2500,7215,498,0xf,False,0x0
1783864504.736,1987,1987,464260,4,1,19,39,-35,1036,3,-3,5,101325,2500,7215,516,0xf,False,0x0
1783864504.990,1988,1988,464514,4,1,7,-15,-52,987,-4,-5,4,101325,2500,7215,520,0xf,False,0x0
1783864505.191,1989,1989,464715,4,1,11,-39,-35,1051,-3,3,4,101325,2500,7215,510,0xf,False,0x0
1783864505.462,1990,1990,464986,4,1,-15,-50,25,1116,5,2,4,101325,2500,7215,481,0xf,False,0x0
1783864505.662,1991,1991,465186,4,1,-4,-53,-42,1008,-5,-5,0,101325,2500,7214,502,0xf,False,0x0
1783864505.939,1992,1992,465463,4,1,-16,58,-8,893,2,5,3,101325,2500,7214,496,0xf,False,0x0
1783864506.139,1993,1993,465663,4,1,-4,50,36,1000,3,-5,1,101325,2500,7214,510,0xf,False,0x0
1783864506.407,1994,1994,465931,4,1,12,37,-58,943,3,-1,-4,101325,2500,7214,519,0xf,False,0x0
1783864506.608,1995,1995,466132,4,1,-5,56,-15,986,2,2,4,101325,2500,7214,500,0xf,False,0x0
1783864506.900,1996,1996,466424,4,1,-20,-40,-37,1085,5,-2,-4,101325,2500,7214,511,0xf,False,0x0
1783864507.100,1997,1997,466624,4,1,20,-36,10,900,-4,4,-1,101325,2500,7214,515,0xf,False,0x0
1783864507.377,1998,1998,466900,4,1,19,21,-55,916,4,2,1,101325,2500,7214,503,0xf,False,0x0
1783864507.577,1999,1999,467101,4,1,11,-18,-19,876,3,2,0,101325,2500,7214,499,0xf,False,0x0
1783864507.853,2000,2000,467377,4,1,11,53,-52,1023,3,-2,3,101325,2500,7214,501,0xf,False,0x0
1783864508.054,2001,2001,467578,4,1,2,27,-47,855,-4,4,4,101325,2500,7213,516,0xf,False,0x0
1783864508.354,2002,2002,467878,4,1,-19,55,-48,1018,5,1,2,101325,2500,7213,482,0xf,False,0x0
1783864508.555,2003,2003,468079,4,1,-1,33,52,1024,0,-2,-4,101325,2500,7213,508,0xf,False,0x0
1783864508.868,2004,2004,468392,4,1,-10,44,-7,970,0,2,-1,101325,2500,7213,494,0xf,False,0x0
1783864509.069,2005,2005,468593,4,1,-20,26,-53,967,4,4,5,101325,2500,7213,482,0xf,False,0x0
1783864509.540,2007,2007,469063,4,1,4,21,-55,978,-3,2,0,101325,2500,7213,496,0xf,False,0x0
1783864509.821,2008,2008,469345,4,1,4,12,-40,1099,-2,0,0,101325,2500,7213,512,0xf,False,0x0
1783864510.022,2009,2009,469546,4,1,3,35,55,1015,3,1,4,101325,2500,7213,481,0xf,False,0x0
1783864510.289,2010,2010,469813,4,1,13,-41,-32,973,-5,-3,1,101325,2500,7213,501,0xf,False,0x0
1783864510.942,2013,2013,470466,4,1,2,51,44,921,2,-2,-3,101325,2500,7212,511,0xf,False,0x0
1783864511.206,2014,2014,470730,4,1,18,1,-58,988,4,4,-3,101325,2500,7212,513,0xf,False,0x0
1783864511.407,2015,2015,470930,4,1,14,12,-30,1143,3,5,-1,101325,2500,7212,513,0xf,False,0x0
1783864511.670,2016,2016,471194,4,1,3,-6,-10,1048,-1,5,-5,101325,2500,7212,509,0xf,False,0x0
1783864511.870,2017,2017,471394,4,1,5,-30,44,1009,4,-2,0,101325,2500,7212,482,0xf,False,0x0
1783864512.127,2018,2018,471651,4,1,2,45,37,1051,-5,3,-4,101325,2500,7212,505,0xf,False,0x0
1783864512.328,2019,2019,471852,4,1,11,9,11,996,-1,2,-3,101325,2500,7212,489,0xf,False,0x0
1783864512.791,2021,2021,472314,4,1,-20,-25,37,983,0,5,-4,101325,2500,7212,493,0xf,False,0x0
1783864513.040,2022,2022,472564,4,1,-3,-23,0,932,-4,-4,3,101325,2500,7211,519,0xf,False,0x0
1783864513.241,2023,2023,472765,4,1,13,-35,10,1011,2,-3,1,101325,2500,7211,505,0xf,False,0x0
1783864513.523,2024,2024,473047,4,1,8,-56,60,1125,1,1,-2,101325,2500,7211,489,0xf,False,0x0
1783864513.724,2025,2025,473248,4,1,-6,-6,25,841,4,5,3,101325,2500,7211,481,0xf,False,0x0
1783864513.986,2026,2026,473510,4,1,0,21,-49,933,-4,-4,-1,101325,2500,7211,503,0xf,False,0x0
1783864514.186,2027,2027,473710,4,1,10,-40,7,1030,-4,-5,-1,101325,2500,7211,491,0xf,False,0x0
1783864514.461,2028,2028,473985,4,1,11,46,-30,977,3,4,4,101325,2500,7211,520,0xf,False,0x0
1783864514.921,2030,2030,474445,4,1,-17,14,39,1062,3,-2,-4,101325,2500,7211,512,0xf,False,0x0
1783864515.123,2031,2031,474647,4,1,-4,41,-57,1147,4,-5,1,101325,2500,7211,489,0xf,False,0x0
1783864515.324,2032,2032,474848,4,1,-14,-23,-21,983,4,-4,-5,101325,2500,7211,508,0xf,False,0x0
1783864515.725,2034,2034,475249,4,1,-12,-4,-49,1056,-2,-1,-5,101325,2500,7210,512,0xf,False,0x0
1783864515.942,2035,2035,475466,4,1,-12,38,-29,1098,1,5,-3,101325,2500,7210,494,0xf,False,0x0
1783864516.143,2036,2036,475666,4,1,9,27,-15,993,3,-1,-3,101325,2500,7210,491,0xf,False,0x0
1783864516.397,2037,2037,475921,4,1,5,-2,-42,1045,1,4,1,101325,2500,7210,488,0xf,False,0x0
1783864516.860,2039,2039,476384,4,1,13,21,-10,975,4,2,0,101325,2500,7210,503,0xf,False,0x0
1783864517.060,2040,2040,476584,4,1,8,-55,38,1005,0,3,3,101325,2500,7210,492,0xf,False,0x0
1783864517.341,2041,2041,476865,4,1,-6,-1,-32,944,4,-1,-2,101325,2500,7210,502,0xf,False,0x0
1783864517.542,2042,2042,477066,4,1,2,-36,-4,1083,-3,4,5,101325,2500,7210,492,0xf,False,0x0
1783864517.826,2043,2043,477350,4,1,-18,27,50,874,0,1,0,101325,2500,7210,519,0xf,False,0x0
1783864518.027,2044,2044,477551,4,1,-19,34,25,913,2,-1,0,101325,2500,7209,513,0xf,False,0x0
1783864518.478,2046,2046,478002,4,1,-7,16,38,868,-4,2,1,101325,2500,7209,483,0xf,False,0x0
1783864518.741,2047,2047,478265,4,1,-18,-20,10,1006,3,1,2,101325,2500,7209,503,0xf,False,0x0
1783864518.942,2048,2048,478466,4,1,11,-48,43,1068,5,3,-5,101325,2500,7209,513,0xf,False,0x0
1783864519.186,2049,2049,478710,4,1,-13,43,-27,1010,-5,0,1,101325,2500,7209,495,0xf,False,0x0
1783864519.389,2050,2050,478913,4,1,20,-30,-57,1139,1,-4,-2,101325,2500,7209,500,0xf,False,0x0
1783864519.677,2051,2051,479200,4,1,-7,-7,3,925,-1,-1,1,101325,2500,7209,516,0xf,False,0x0
1783864519.877,2052,2052,479401,4,1,6,6,-7,1093,3,-5,-1,101325,2500,7209,495,0xf,False,0x0
1783864520.175,2053,2053,479699,4,1,16,33,37,986,-5,3,4,101325,2500,7209,501,0xf,False,0x0
1783864520.376,2054,2054,479900,4,1,14,-28,-20,922,5,4,-1,101325,2500,7209,513,0xf,False,0x0
1783864520.673,2055,2055,480197,4,1,-12,29,-42,1055,-4,2,0,101325,2500,7208,503,0xf,False,0x0
1783864520.874,2056,2056,480398,4,1,6,-1,-54,1086,-5,-5,-1,101325,2500,7208,482,0xf,False,0x0
1783864521.140,2057,2057,480664,4,1,14,-25,-26,1081,4,3,0,101325,2500,7208,505,0xf,False,0x0
1783864521.340,2058,2058,480864,4,1,-15,11,56,951,3,0,-4,101325,2500,7208,512,0xf,False,0x0
1783864521.805,2060,2060,481329,4,1,5,5,-53,1163,-1,-1,-4,101325,2500,7208,516,0xf,False,0x0
1783864522.086,2061,2061,481610,4,1,3,45,29,881,5,3,-2,101325,2500,7208,485,0xf,False,0x0
1783864522.286,2062,2062,481810,4,1,-2,-8,-46,1060,-4,4,4,101325,2500,7208,516,0xf,False,0x0
1783864522.569,2063,2063,482093,4,1,10,45,27,1067,0,5,-2,101325,2500,7208,516,0xf,False,0x0
1783864522.769,2064,2064,482293,4,1,6,-21,23,1005,-2,2,-5,101325,2500,7208,488,0xf,False,0x0
1783864523.047,2065,2065,482571,4,1,-10,-56,-55,1048,2,-4,-2,101325,2500,7207,496,0xf,False,0x0
1783864523.248,2066,2066,482772,4,1,-10,-5,-35,1042,5,5,2,101325,2500,7207,515,0xf,False,0x0
1783864523.575,2067,2067,483099,4,1,-5,-10,-47,1109,4,4,-3,101325,2500,7207,518,0xf,False,0x0
1783864523.775,2068,2068,483299,4,1,-16,26,16,926,-5,-3,2,101325,2500,7207,481,0xf,False,0x0
1783864524.062,2069,2069,483586,4,1,-11,55,36,1117,5,-4,3,101325,2500,7207,517,0xf,False,0x0
1783864524.262,2070,2070,483786,4,1,-19,-44,-7,892,2,0,-4,101325,2500,7207,490,0xf,False,0x0
1783864524.534,2071,2071,484058,4,1,-5,60,-21,927,-2,4,2,101325,2500,7207,506,0xf,False,0x0
1783864524.734,2072,2072,484258,4,1,-15,1,27,1087,-3,2,3,101325,2500,7207,517,0xf,False,0x0
1783864524.996,2073,2073,484520,4,1,-10,44,-44,934,-2,-2,5,101325,2500,7207,509,0xf,False,0x0
1783864525.196,2074,2074,484720,4,1,20,5,-8,955,-4,0,-5,101325,2500,7207,513,0xf,False,0x0
1783864525.462,2075,2075,484986,4,1,-15,47,42,1032,2,-3,4,101325,2500,7207,482,0xf,False,0x0
1783864525.662,2076,2076,485186,4,1,20,-29,25,978,0,-3,-1,101325,2500,7206,516,0xf,False,0x0
1783864525.962,2077,2077,485486,4,1,-3,54,3,1000,-1,5,4,101325,2500,7206,506,0xf,False,0x0
1783864526.163,2078,2078,485687,4,1,-14,14,-58,949,4,-5,3,101325,2500,7206,484,0xf,False,0x0
1783864526.446,2079,2079,485970,4,1,-9,28,-15,1044,-2,2,-3,101325,2500,7206,492,0xf,False,0x0
1783864526.646,2080,2080,486170,4,1,8,6,-50,950,-2,0,0,101325,2500,7206,497,0xf,False,0x0
1783864526.919,2081,2081,486443,4,1,9,43,57,1075,-1,2,-4,101325,2500,7206,490,0xf,False,0x0
1783864527.120,2082,2082,486644,4,1,1,40,-14,1033,-2,-4,4,101325,2500,7206,516,0xf,False,0x0
1783864527.370,2083,2083,486894,4,1,16,57,-11,985,0,2,-3,101325,2500,7206,498,0xf,False,0x0
1783864527.571,2084,2084,487095,4,1,-12,22,-20,955,3,1,1,101325,2500,7206,493,0xf,False,0x0
1783864527.854,2085,2085,487378,4,1,-15,-59,-4,978,-3,4,-4,101325,2500,7206,502,0xf,False,0x0
1783864528.054,2086,2086,487578,4,1,-7,-25,-45,1013,1,3,-2,101325,2500,7205,488,0xf,False,0x0
1783864528.255,2087,2087,487779,4,1,3,-26,29,1077,-4,1,-4,101325,2500,7205,497,0xf,False,0x0
1783864528.456,2088,2088,487979,4,1,14,-9,-21,1127,0,0,-3,101325,2500,7205,489,0xf,False,0x0
1783864528.656,2089,2089,488180,4,1,-17,37,23,951,-4,3,-5,101325,2500,7205,513,0xf,False,0x0
1783864528.857,2090,2090,488381,4,1,12,56,-36,945,1,-3,5,101325,2500,7205,480,0xf,False,0x0
1783864529.057,2091,2091,488581,4,1,-1,30,-54,1048,2,5,-5,101325,2500,7205,485,0xf,False,0x0
1783864529.286,2092,2092,488810,4,1,14,-50,-46,1084,-2,3,2,101325,2500,7205,518,0xf,False,0x0
1783864529.745,2094,2094,489269,4,1,-13,10,27,1047,5,-3,1,101325,2500,7205,511,0xf,False,0x0
1783864529.945,2095,2095,489469,4,1,7,-18,-35,919,1,-1,0,101325,2500,7205,490,0xf,False,0x0
1783864530.188,2096,2096,489712,4,1,-4,-7,28,979,0,0,0,101325,2500,7205,519,0xf,False,0x0
1783864530.388,2097,2097,489912,4,1,18,-1,-55,918,-4,4,0,101325,2500,7205,518,0xf,False,0x0
1783864530.668,2098,2098,490192,4,1,-4,37,-43,959,-3,-4,5,101325,2500,7204,483,0xf,False,0x0
1783864531.127,2100,2100,490650,4,1,13,-18,54,942,-1,3,2,101325,2500,7204,503,0xf,False,0x0
1783864531.563,2102,2102,491086,4,1,-9,47,9,1010,3,-2,-3,101325,2500,7204,518,0xf,False,0x0
1783864532.455,2106,2106,491979,4,1,7,59,33,851,5,5,-5,101325,2500,7204,490,0xf,False,0x0
1783864532.655,2107,2107,492179,4,1,15,25,27,1053,3,-2,5,101325,2500,7204,484,0xf,False,0x0
1783864532.915,2108,2108,492439,4,1,8,-47,-35,935,-2,-1,-5,101325,2500,7204,510,0xf,False,0x0
1783864533.115,2109,2109,492639,4,1,9,38,-60,901,3,-4,1,101325,2500,7203,508,0xf,False,0x0
1783864533.365,2110,2110,492889,4,1,16,38,57,924,4,3,1,101325,2500,7203,510,0xf,False,0x0
1783864533.565,2111,2111,493089,4,1,-10,-28,46,1000,-2,-3,-3,101325,2500,7203,497,0xf,False,0x0
1783864533.813,2112,2112,493337,4,1,19,21,-54,1030,0,-3,1,101325,2500,7203,503,0xf,False,0x0
1783864534.013,2113,2113,493537,4,1,4,22,0,1099,-1,-5,-3,101325,2500,7203,481,0xf,False,0x0
1783864534.273,2114,2114,493797,4,1,12,22,55,931,2,-3,5,101325,2500,7203,503,0xf,False,0x0
1783864534.474,2115,2115,493998,4,1,16,16,-19,1031,-3,0,-3,101325,2500,7203,480,0xf,False,0x0
1783864534.718,2116,2116,494242,4,1,15,-21,-59,1015,0,-1,-1,101325,2500,7203,504,0xf,False,0x0
1783864534.919,2117,2117,494443,4,1,9,18,-30,1045,-5,-5,-4,101325,2500,7203,516,0xf,False,0x0
1783864535.216,2118,2118,494740,4,1,0,-46,-20,1057,-1,-2,2,101325,2500,7203,490,0xf,False,0x0
1783864535.417,2119,2119,494941,4,1,10,52,-22,1050,4,4,-5,101325,2500,7203,494,0xf,False,0x0
1783864535.671,2120,2120,495195,4,1,15,-6,42,1132,3,-5,-2,101325,2500,7202,499,0xf,False,0x0
1783864535.872,2121,2121,495395,4,1,-12,-28,-2,859,0,-4,-3,101325,2500,7202,486,0xf,False,0x0
1783864536.141,2122,2122,495665,4,1,3,-21,-4,1058,-5,5,3,101325,2500,7202,492,0xf,False,0x0
1783864536.342,2123,2123,495866,4,1,-8,-7,0,1048,-5,1,-5,101325,2500,7202,514,0xf,False,0x0
1783864536.581,2124,2124,496105,4,1,2,1,-49,1075,0,0,-5,101325,2500,7202,504,0xf,False,0x0
1783864536.782,2125,2125,496305,4,1,17,4,57,968,1,-2,-5,101325,2500,7202,494,0xf,False,0x0
1783864537.033,2126,2126,496557,4,1,2,-4,-6,1005,-1,-3,4,101325,2500,7202,491,0xf,False,0x0
1783864537.234,2127,2127,496758,4,1,15,-50,-17,1054,3,-1,4,101325,2500,7202,482,0xf,False,0x0
1783864537.476,2128,2128,497000,4,1,-17,24,-31,1075,4,3,4,101325,2500,7202,485,0xf,False,0x0
1783864537.677,2129,2129,497201,4,1,9,8,24,1028,0,0,0,101325,2500,7202,519,0xf,False,0x0
1783864537.928,2130,2130,497452,4,1,-2,25,-18,936,4,-4,-5,101325,2500,7202,509,0xf,False,0x0
1783864538.128,2131,2131,497652,4,1,11,53,-37,1065,-4,1,-1,101325,2500,7201,508,0xf,False,0x0
1783864538.373,2132,2132,497897,4,1,-5,18,-24,990,3,5,-3,101325,2500,7201,493,0xf,False,0x0
1783864538.573,2133,2133,498097,4,1,-5,-56,-55,980,-5,5,-3,101325,2500,7201,481,0xf,False,0x0
1783864538.827,2134,2134,498351,4,1,13,39,-60,1059,1,5,4,101325,2500,7201,495,0xf,False,0x0
1783864539.030,2135,2135,498554,4,1,4,-13,42,980,-2,-1,-5,101325,2500,7201,517,0xf,False,0x0
1783864539.267,2136,2136,498791,4,1,-11,2,-60,957,3,-2,-4,101325,2500,7201,504,0xf,False,0x0
1783864539.468,2137,2137,498992,4,1,-5,-23,28,1157,-4,0,-3,101325,2500,7201,503,0xf,False,0x0
1783864539.733,2138,2138,499257,4,1,18,40,-12,1021,3,4,2,101325,2500,7201,507,0xf,False,0x0
1783864539.934,2139,2139,499458,4,1,1,-24,-1,1056,5,-2,2,101325,2500,7201,510,0xf,False,0x0
1783864540.249,2140,2140,499773,4,1,2,-42,-44,945,2,4,4,101325,2500,7201,491,0xf,False,0x0
1783864540.450,2141,2141,499974,4,1,20,-30,48,968,2,2,-1,101325,2500,7201,486,0xf,False,0x0
1783864540.736,2142,2142,500260,4,1,13,-20,34,1145,-5,-2,-4,101325,2500,7200,496,0xf,False,0x0
1783864540.937,2143,2143,500461,4,1,-13,16,-6,1118,-3,0,4,101325,2500,7200,480,0xf,False,0x0
1783864541.240,2144,2144,500764,4,1,-8,2,-30,1053,4,0,0,101325,2500,7200,493,0xf,False,0x0
1783864541.441,2145,2145,500965,4,1,-20,52,16,873,-5,5,1,101325,2500,7200,482,0xf,False,0x0
1783864541.701,2146,2146,501225,4,1,-12,-3,-20,1059,0,4,2,101325,2500,7200,506,0xf,False,0x0
1783864541.902,2147,2147,501426,4,1,-10,3,58,1081,-2,1,5,101325,2500,7200,501,0xf,False,0x0
1783864542.190,2148,2148,501713,4,1,-14,36,53,919,-2,-2,2,101325,2500,7200,518,0xf,False,0x0
1783864542.390,2149,2149,501914,4,1,5,50,3,1049,4,3,1,101325,2500,7200,495,0xf,False,0x0
1783864542.672,2150,2150,502196,4,1,-13,32,-45,1128,-5,0,0,101325,2500,7200,480,0xf,False,0x0
1783864542.873,2151,2151,502397,4,1,-6,-5,7,875,3,-2,5,101325,2500,7200,494,0xf,False,0x0
1783864543.136,2152,2152,502660,4,1,4,23,57,1117,4,1,1,101325,2500,7199,481,0xf,False,0x0
1783864543.337,2153,2153,502861,4,1,-11,-44,50,957,-3,-2,-3,101325,2500,7199,496,0xf,False,0x0
1783864543.620,2154,2154,503144,4,1,-20,-50,29,1065,-4,3,-3,101325,2500,7199,504,0xf,False,0x0
1783864543.821,2155,2155,503345,4,1,-19,-12,49,1160,-1,1,5,101325,2500,7199,503,0xf,False,0x0
1783864544.091,2156,2156,503615,4,1,-9,-59,-31,956,1,-1,-2,101325,2500,7199,493,0xf,False,0x0
1783864544.292,2157,2157,503816,4,1,-16,19,19,1095,5,-2,-5,101325,2500,7199,487,0xf,False,0x0
1783864544.547,2158,2158,504071,4,1,-11,-23,45,1009,4,-5,0,101325,2500,7199,502,0xf,False,0x0
1783864544.748,2159,2159,504272,4,1,7,-24,51,929,-1,-5,4,101325,2500,7199,494,0xf,False,0x0
1783864545.024,2160,2160,504547,4,1,16,-10,23,1002,4,2,-3,101325,2500,7199,520,0xf,False,0x0
1783864545.224,2161,2161,504748,4,1,-4,-48,-4,1089,1,3,-2,101325,2500,7199,480,0xf,False,0x0
1783864545.749,2163,2163,505273,4,1,-20,5,9,871,-2,1,-1,101325,2500,7198,480,0xf,False,0x0
1783864546.022,2164,2164,505546,4,1,8,-53,-45,1078,-1,-4,1,101325,2500,7198,507,0xf,False,0x0
1783864546.222,2165,2165,505746,4,1,7,36,12,905,1,0,3,101325,2500,7198,512,0xf,False,0x0
1783864546.518,2166,2166,506041,4,1,8,-4,-46,890,3,-2,2,101325,2500,7198,512,0xf,False,0x0
1783864546.718,2167,2167,506242,4,1,0,57,-38,963,3,2,5,101325,2500,7198,481,0xf,False,0x0
1783864546.981,2168,2168,506505,4,1,-13,8,56,1035,5,-3,-4,101325,2500,7198,519,0xf,False,0x0
1783864547.181,2169,2169,506705,4,1,19,-18,38,951,1,1,-5,101325,2500,7198,510,0xf,False,0x0
1783864547.453,2170,2170,506977,4,1,9,12,8,1006,0,2,-1,101325,2500,7198,494,0xf,False,0x0
1783864547.961,2172,2172,507485,4,1,-17,-44,-58,933,-3,-3,2,101325,2500,7198,506,0xf,False,0x0
1783864548.161,2173,2173,507685,4,1,12,-42,56,1044,-4,-4,-2,101325,2500,7197,514,0xf,False,0x0
1783864548.437,2174,2174,507961,4,1,-16,-59,-14,911,5,0,-2,101325,2500,7197,499,0xf,False,0x0
1783864548.638,2175,2175,508162,4,1,6,-46,-48,1085,1,-4,-4,101325,2500,7197,514,0xf,False,0x0
1783864548.925,2176,2176,508449,4,1,-12,-2,-15,900,4,-4,1,101325,2500,7197,512,0xf,False,0x0
1783864549.126,2177,2177,508650,4,1,9,-27,-24,988,3,-3,0,101325,2500,7197,508,0xf,False,0x0
1783864549.367,2178,2178,508891,4,1,-6,-4,8,988,3,-3,0,101325,2500,7197,494,0xf,False,0x0
1783864549.568,2179,2179,509092,4,1,-10,-5,-6,1106,-4,-1,0,101325,2500,7197,514,0xf,False,0x0
1783864549.861,2180,2180,509385,4,1,-16,4,-53,1113,-2,-4,1,101325,2500,7197,504,0xf,False,0x0
1783864550.062,2181,2181,509586,4,1,11,-55,-39,1121,0,2,-4,101325,2500,7197,507,0xf,False,0x0
1783864550.357,2182,2182,509881,4,1,-3,-58,-56,945,5,4,-4,101325,2500,7197,488,0xf,False,0x0
1783864550.558,2183,2183,510082,4,1,-2,35,-27,993,2,-1,3,101325,2500,7196,506,0xf,False,0x0
1783864550.832,2184,2184,510356,4,1,18,5,25,1107,-2,4,-1,101325,2500,7196,520,0xf,False,0x0
1783864551.032,2185,2185,510556,4,1,6,-41,-31,1072,-5,2,-4,101325,2500,7196,514,0xf,False,0x0
1783864551.313,2186,2186,510836,4,1,-2,41,-37,1083,-2,-2,1,101325,2500,7196,513,0xf,False,0x0
1783864551.513,2187,2187,511037,4,1,-9,-53,-18,1080,5,4,3,101325,2500,7196,515,0xf,False,0x0
1783864551.757,2188,2188,511281,4,1,-10,-25,-50,980,-3,3,1,101325,2500,7196,519,0xf,False,0x0
1783864551.957,2189,2189,511481,4,1,4,-2,-6,913,-4,-4,-1,101325,2500,7196,487,0xf,False,0x0
1783864552.241,2190,2190,511765,4,1,-3,55,-8,1133,2,-2,-4,101325,2500,7196,488,0xf,False,0x0
1783864552.441,2191,2191,511965,4,1,-19,-24,53,1109,2,2,-2,101325,2500,7196,491,0xf,False,0x0
1783864552.737,2192,2192,512261,4,1,12,2,-41,1101,-4,5,-1,101325,2500,7196,487,0xf,False,0x0
1783864552.937,2193,2193,512461,4,1,6,4,-51,916,-5,-3,-2,101325,2500,7196,515,0xf,False,0x0
1783864553.239,2194,2194,512763,4,1,14,59,-57,1066,3,1,-2,101325,2500,7195,516,0xf,False,0x0
1783864553.440,2195,2195,512964,4,1,-7,44,-22,878,4,-5,-4,101325,2500,7195,483,0xf,False,0x0
1783864553.932,2197,2197,513456,4,1,17,-38,41,930,-3,-5,-2,101325,2500,7195,486,0xf,False,0x0
1783864554.199,2198,2198,513723,4,1,-11,-18,56,885,1,5,-2,101325,2500,7195,484,0xf,False,0x0
1783864554.400,2199,2199,513924,4,1,0,29,24,1091,-3,0,-3,101325,2500,7195,518,0xf,False,0x0
1783864554.692,2200,2200,514216,4,1,0,45,-7,1031,-1,5,-4,101325,2500,7195,499,0xf,False,0x0
1783864555.203,2202,2202,514727,4,1,-11,44,-33,973,1,-1,1,101325,2500,7195,512,0xf,False,0x0
1783864555.404,2203,2203,514928,4,1,13,-2,-3,997,1,2,5,101325,2500,7195,505,0xf,False,0x0
1783864555.680,2204,2204,515204,4,1,-16,33,-39,969,1,-1,-2,101325,2500,7194,493,0xf,False,0x0
1783864555.881,2205,2205,515405,4,1,-3,4,-35,970,-5,0,3,101325,2500,7194,492,0xf,False,0x0
1783864556.135,2206,2206,515659,4,1,17,-51,-47,946,2,0,-2,101325,2500,7194,484,0xf,False,0x0
1783864556.335,2207,2207,515859,4,1,-7,-29,48,1010,2,-1,-3,101325,2500,7194,489,0xf,False,0x0
1783864556.538,2208,2208,516062,4,1,-14,31,-56,940,5,0,-5,101325,2500,7194,519,0xf,False,0x0
1783864556.748,2209,2209,516272,4,1,15,-49,43,995,3,-4,-2,101325,2500,7194,515,0xf,False,0x0
1783864556.948,2210,2210,516472,4,1,-7,25,-54,997,-5,-2,-4,101325,2500,7194,495,0xf,False,0x0
1783864557.148,2211,2211,516672,4,1,0,17,25,1055,-5,3,4,101325,2500,7194,502,0xf,False,0x0
1783864557.349,2212,2212,516873,4,1,-16,49,37,929,3,5,1,101325,2500,7194,514,0xf,False,0x0
1783864557.570,2213,2213,517094,4,1,5,14,31,962,2,4,4,101325,2500,7194,518,0xf,False,0x0
1783864557.771,2214,2214,517295,4,1,-16,-2,-29,936,-2,4,-1,101325,2500,7194,517,0xf,False,0x0
1783864558.055,2215,2215,517579,4,1,-1,47,19,1100,-2,1,3,101325,2500,7193,519,0xf,False,0x0
1783864558.255,2216,2216,517779,4,1,-16,-25,11,907,2,5,-5,101325,2500,7193,520,0xf,False,0x0
1783864558.517,2217,2217,518040,4,1,-14,-33,23,939,0,-3,1,101325,2500,7193,506,0xf,False,0x0
1783864558.717,2218,2218,518241,4,1,5,5,45,949,2,5,1,101325,2500,7193,499,0xf,False,0x0
1783864558.983,2219,2219,518507,4,1,11,41,-23,843,-4,-3,0,101325,2500,7193,498,0xf,False,0x0
1783864559.183,2220,2220,518707,4,1,12,-58,12,906,-2,2,-5,101325,2500,7193,518,0xf,False,0x0
1783864559.435,2221,2221,518959,4,1,8,54,-51,971,-4,3,3,101325,2500,7193,496,0xf,False,0x0
1783864559.636,2222,2222,519160,4,1,-17,9,31,1048,1,1,-1,101325,2500,7193,498,0xf,False,0x0
1783864559.884,2223,2223,519408,4,1,8,-15,33,1003,-5,-4,4,101325,2500,7193,485,0xf,False,0x0
1783864560.085,2224,2224,519609,4,1,-20,-20,-50,916,5,2,-3,101325,2500,7193,495,0xf,False,0x0
1783864560.342,2225,2225,519866,4,1,-10,9,-37,984,-1,-2,5,101325,2500,7193,496,0xf,False,0x0
1783864560.543,2226,2226,520067,4,1,7,-10,-9,1069,3,3,4,101325,2500,7192,494,0xf,False,0x0
1783864560.801,2227,2227,520325,4,1,-19,-50,51,1052,5,2,1,101325,2500,7192,485,0xf,False,0x0
1783864561.002,2228,2228,520526,4,1,-12,-56,-51,1129,1,5,-1,101325,2500,7192,506,0xf,False,0x0
1783864561.253,2229,2229,520777,4,1,5,-25,49,1036,5,0,0,101325,2500,7192,517,0xf,False,0x0
1783864561.717,2231,2231,521241,4,1,-13,9,-9,1027,-4,3,3,101325,2500,7192,486,0xf,False,0x0
1783864561.917,2232,2232,521441,4,1,10,-9,31,1105,-4,-2,0,101325,2500,7192,505,0xf,False,0x0
1783864562.172,2233,2233,521695,4,1,5,-40,-23,947,-5,3,1,101325,2500,7192,517,0xf,False,0x0
1783864562.372,2234,2234,521896,4,1,3,9,32,1072,2,4,-5,101325,2500,7192,482,0xf,False,0x0
1783864562.675,2235,2235,522199,4,1,-12,-4,-34,912,-2,4,-3,101325,2500,7192,518,0xf,False,0x0
1783864563.337,2238,2238,522860,4,1,0,-58,-48,1000,-4,-3,4,101325,2500,7191,519,0xf,False,0x0
1783864563.591,2239,2239,523115,4,1,19,-57,37,954,-1,2,-5,101325,2500,7191,484,0xf,False,0x0
1783864563.792,2240,2240,523316,4,1,-9,-56,51,1022,0,-4,-5,101325,2500,7191,480,0xf,False,0x0
1783864564.041,2241,2241,523565,4,1,3,15,26,1079,0,-5,4,101325,2500,7191,502,0xf,False,0x0
1783864564.241,2242,2242,523765,4,1,4,-7,41,1117,3,-3,1,101325,2500,7191,518,0xf,False,0x0
1783864564.515,2243,2243,524039,4,1,15,-47,-35,951,-4,0,-4,101325,2500,7191,501,0xf,False,0x0
1783864564.716,2244,2244,524240,4,1,7,-21,-9,1019,4,3,5,101325,2500,7191,517,0xf,False,0x0
1783864565.009,2245,2245,524533,4,1,2,19,52,943,-5,2,-4,101325,2500,7191,496,0xf,False,0x0
1783864565.210,2246,2246,524733,4,1,5,-25,41,1116,5,4,-5,101325,2500,7191,500,0xf,False,0x0
1783864565.511,2247,2247,525035,4,1,14,5,50,1093,4,0,-2,101325,2500,7190,480,0xf,False,0x0
1783864565.711,2248,2248,525235,4,1,8,-21,-14,1085,3,5,-3,101325,2500,7190,507,0xf,False,0x0
1783864565.994,2249,2249,525518,4,1,2,-37,43,1045,3,1,3,101325,2500,7190,497,0xf,False,0x0
1783864566.196,2250,2250,525720,4,1,16,-2,-55,1009,-4,4,0,101325,2500,7190,497,0xf,False,0x0
1783864566.497,2251,2251,526021,4,1,13,59,-4,1046,-5,-5,-2,101325,2500,7190,500,0xf,False,0x0
1783864566.698,2252,2252,526222,4,1,2,0,-32,1074,-1,-3,-1,101325,2500,7190,511,0xf,False,0x0
1783864566.957,2253,2253,526481,4,1,-15,-9,50,1022,4,-4,2,101325,2500,7190,502,0xf,False,0x0
1783864567.158,2254,2254,526682,4,1,7,0,-3,1111,4,-5,0,101325,2500,7190,506,0xf,False,0x0
1783864567.451,2255,2255,526975,4,1,-2,-46,3,1092,-3,-4,2,101325,2500,7190,483,0xf,False,0x0
1783864567.652,2256,2256,527176,4,1,-17,-13,55,1132,-5,0,-5,101325,2500,7190,507,0xf,False,0x0
1783864567.968,2257,2257,527491,4,1,6,-4,40,964,5,-4,-1,101325,2500,7190,488,0xf,False,0x0
1783864568.168,2258,2258,527692,4,1,17,-47,23,921,0,-1,-2,101325,2500,7189,513,0xf,False,0x0
1783864568.462,2259,2259,527986,4,1,8,6,11,1028,3,4,1,101325,2500,7189,494,0xf,False,0x0
1783864568.662,2260,2260,528186,4,1,17,-32,41,1104,-2,-2,1,101325,2500,7189,513,0xf,False,0x0
1783864568.969,2261,2261,528493,4,1,-20,54,10,1006,1,1,-2,101325,2500,7189,490,0xf,False,0x0
1783864569.169,2262,2262,528693,4,1,-8,40,46,1042,5,1,2,101325,2500,7189,504,0xf,False,0x0
1783864569.462,2263,2263,528986,4,1,1,-47,49,1030,4,-1,5,101325,2500,7189,509,0xf,False,0x0
1783864569.662,2264,2264,529186,4,1,-4,55,15,897,4,-4,3,101325,2500,7189,499,0xf,False,0x0
1783864569.967,2265,2265,529490,4,1,19,29,49,866,-4,1,2,101325,2500,7189,484,0xf,False,0x0
1783864570.167,2266,2266,529691,4,1,-20,-49,-18,892,5,3,5,101325,2500,7189,493,0xf,False,0x0
1783864570.447,2267,2267,529971,4,1,-9,39,42,1069,-5,-1,5,101325,2500,7189,502,0xf,False,0x0
1783864570.648,2268,2268,530172,4,1,4,45,-41,1047,3,-1,-5,101325,2500,7188,520,0xf,False,0x0
1783864570.949,2269,2269,530473,4,1,16,36,-45,852,-3,3,0,101325,2500,7188,481,0xf,False,0x0
1783864571.150,2270,2270,530674,4,1,-11,57,46,1094,1,4,2,101325,2500,7188,497,0xf,False,0x0
1783864571.452,2271,2271,530976,4,1,10,-6,-19,901,3,-5,-4,101325,2500,7188,486,0xf,False,0x0
1783864571.652,2272,2272,531176,4,1,-13,-52,17,898,-3,-3,3,101325,2500,7188,510,0xf,False,0x0
1783864571.922,2273,2273,531446,4,1,-18,-53,2,961,-2,-4,3,101325,2500,7188,506,0xf,False,0x0
1783864572.122,2274,2274,531646,4,1,16,41,-8,893,-3,0,-1,101325,2500,7188,513,0xf,False,0x0
1783864572.429,2275,2275,531952,4,1,4,-21,-3,1078,-1,0,-4,101325,2500,7188,506,0xf,False,0x0
1783864572.629,2276,2276,532153,4,1,5,-4,-9,934,4,-1,-2,101325,2500,7188,500,0xf,False,0x0
1783864572.945,2277,2277,532469,4,1,1,-16,34,940,4,-5,-1,101325,2500,7188,510,0xf,False,0x0
1783864573.145,2278,2278,532669,4,1,-5,-10,-55,1099,2,3,-3,101325,2500,7187,480,0xf,False,0x0
1783864573.457,2279,2279,532981,4,1,-9,36,-33,953,-1,-3,-5,101325,2500,7187,493,0xf,False,0x0
1783864573.657,2280,2280,533181,4,1,4,-17,-21,1052,4,2,-1,101325,2500,7187,517,0xf,False,0x0
1783864573.945,2281,2281,533469,4,1,8,-32,-4,994,1,2,3,101325,2500,7187,512,0xf,False,0x0
1783864574.145,2282,2282,533669,4,1,-5,29,-50,1109,2,-4,-5,101325,2500,7187,514,0xf,False,0x0
1783864574.423,2283,2283,533947,4,1,17,57,-59,1128,-5,0,1,101325,2500,7187,506,0xf,False,0x0
1783864574.624,2284,2284,534148,4,1,3,28,-45,998,-4,-2,-2,101325,2500,7187,490,0xf,False,0x0
1783864574.921,2285,2285,534445,4,1,-18,-34,37,1016,2,1,5,101325,2500,7187,515,0xf,False,0x0
1783864575.121,2286,2286,534645,4,1,10,-16,54,972,1,2,5,101325,2500,7187,487,0xf,False,0x0
1783864575.422,2287,2287,534946,4,1,-10,12,-20,999,-5,1,-3,101325,2500,7187,486,0xf,False,0x0
1783864575.623,2288,2288,535147,4,1,-9,-1,47,1005,-2,0,-2,101325,2500,7186,497,0xf,False,0x0
1783864575.917,2289,2289,535441,4,1,9,-53,13,1025,5,-1,0,101325,2500,7186,517,0xf,False,0x0
1783864576.118,2290,2290,535642,4,1,-17,-45,-56,965,1,-1,3,101325,2500,7186,509,0xf,False,0x0
1783864576.407,2291,2291,535931,4,1,13,20,13,1087,2,-4,-3,101325,2500,7186,511,0xf,False,0x0
1783864576.607,2292,2292,536131,4,1,19,-22,26,982,-2,5,-3,101325,2500,7186,504,0xf,False,0x0
1783864576.881,2293,2293,536405,4,1,-5,8,-55,877,-4,1,-2,101325,2500,7186,500,0xf,False,0x0
1783864577.081,2294,2294,536605,4,1,9,2,26,957,5,-2,2,101325,2500,7186,500,0xf,False,0x0
1783864577.359,2295,2295,536883,4,1,15,-11,1,963,0,1,-2,101325,2500,7186,500,0xf,False,0x0
1783864577.559,2296,2296,537083,4,1,-14,53,-43,1066,-2,-3,-5,101325,2500,7186,494,0xf,False,0x0
1783864577.874,2297,2297,537398,4,1,-9,16,49,968,2,-3,4,101325,2500,7186,482,0xf,False,0x0
1783864578.074,2298,2298,537598,4,1,14,-6,56,1001,5,4,-3,101325,2500,7185,519,0xf,False,0x0
1783864578.371,2299,2299,537895,4,1,0,17,-28,949,2,-3,1,101325,2500,7185,497,0xf,False,0x0
1783864578.571,2300,2300,538095,4,1,-6,52,41,1039,3,-4,-1,101325,2500,7185,491,0xf,False,0x0
1783864578.873,2301,2301,538397,4,1,-4,20,25,1115,3,-4,-3,101325,2500,7185,520,0xf,False,0x0
1783864579.074,2302,2302,538598,4,1,-5,-29,59,1109,-2,-1,0,101325,2500,7185,505,0xf,False,0x0
1783864579.334,2303,2303,538858,4,1,-15,-34,-57,1114,5,3,4,101325,2500,7185,481,0xf,False,0x0
1783864579.535,2304,2304,539059,4,1,17,-44,1,1118,-2,-3,-5,101325,2500,7185,505,0xf,False,0x0
1783864579.808,2305,2305,539332,4,1,-1,13,-33,964,1,-3,-2,101325,2500,7185,483,0xf,False,0x0
1783864580.008,2306,2306,539532,4,1,-14,-39,32,1025,-3,-1,2,101325,2500,7185,519,0xf,False,0x0
1783864580.317,2307,2307,539841,4,1,10,49,17,940,-3,-2,-4,101325,2500,7185,516,0xf,False,0x0
1783864580.517,2308,2308,540041,4,1,-6,-31,27,887,5,4,-5,101325,2500,7184,513,0xf,False,0x0
1783864580.801,2309,2309,540325,4,1,-20,-36,-13,998,4,1,0,101325,2500,7184,482,0xf,False,0x0
1783864581.002,2310,2310,540526,4,1,-6,49,-44,1033,0,-4,0,101325,2500,7184,519,0xf,False,0x0
1783864581.330,2311,2311,540854,4,1,-1,-14,8,966,1,2,-2,101325,2500,7184,482,0xf,False,0x0
1783864581.531,2312,2312,541055,4,1,9,7,-42,962,-5,3,5,101325,2500,7184,501,0xf,False,0x0
1783864581.800,2313,2313,541323,4,1,3,32,-55,1034,4,4,4,101325,2500,7184,497,0xf,False,0x0
1783864582.000,2314,2314,541524,4,1,-16,22,29,1039,3,-3,3,101325,2500,7184,482,0xf,False,0x0
1783864582.290,2315,2315,541814,4,1,-14,4,-21,1145,2,5,5,101325,2500,7184,509,0xf,False,0x0
1783864582.491,2316,2316,542015,4,1,8,18,-46,1004,-4,3,1,101325,2500,7184,499,0xf,False,0x0
1783864582.774,2317,2317,542298,4,1,12,58,-12,928,1,1,-3,101325,2500,7184,515,0xf,False,0x0
1783864582.975,2318,2318,542499,4,1,-10,-8,-52,978,-1,-5,4,101325,2500,7184,510,0xf,False,0x0
1783864583.274,2319,2319,542797,4,1,7,3,-26,897,0,-2,1,101325,2500,7183,480,0xf,False,0x0
1783864583.474,2320,2320,542998,4,1,7,-29,8,1001,0,-3,5,101325,2500,7183,503,0xf,False,0x0
1783864583.759,2321,2321,543283,4,1,-10,-1,29,1026,3,2,-2,101325,2500,7183,520,0xf,False,0x0
1783864583.959,2322,2322,543483,4,1,-14,4,10,1027,-5,-3,2,101325,2500,7183,513,0xf,False,0x0
1783864584.225,2323,2323,543749,4,1,-3,58,-4,926,0,-5,3,101325,2500,7183,500,0xf,False,0x0
1783864584.426,2324,2324,543950,4,1,-16,-32,-4,950,-4,-1,0,101325,2500,7183,516,0xf,False,0x0
1783864584.726,2325,2325,544250,4,1,3,26,-60,1089,-4,-1,3,101325,2500,7183,509,0xf,False,0x0
1783864584.927,2326,2326,544451,4,1,2,-11,56,1033,4,3,3,101325,2500,7183,485,0xf,False,0x0
1783864585.202,2327,2327,544726,4,1,8,-59,22,1059,1,-2,-4,101325,2500,7183,500,0xf,False,0x0
1783864585.403,2328,2328,544927,4,1,9,-42,-32,1099,-1,-3,-4,101325,2500,7183,500,0xf,False,0x0
1783864585.695,2329,2329,545219,4,1,10,-17,47,1084,-4,-2,-1,101325,2500,7182,481,0xf,False,0x0
1783864585.895,2330,2330,545419,4,1,-6,-30,-29,1116,-2,-2,-4,101325,2500,7182,516,0xf,False,0x0
1783864586.201,2331,2331,545725,4,1,11,22,-45,1030,5,2,2,101325,2500,7182,487,0xf,False,0x0
1783864586.402,2332,2332,545926,4,1,14,40,22,903,1,-1,-5,101325,2500,7182,489,0xf,False,0x0
1783864586.681,2333,2333,546205,4,1,0,53,17,1093,5,0,2,101325,2500,7182,486,0xf,False,0x0
1783864586.882,2334,2334,546406,4,1,-18,35,36,1049,-1,-5,1,101325,2500,7182,495,0xf,False,0x0
1783864587.154,2335,2335,546678,4,1,5,55,51,935,4,-2,-4,101325,2500,7182,494,0xf,False,0x0
1783864587.354,2336,2336,546878,4,1,9,-27,-16,941,-2,-4,4,101325,2500,7182,493,0xf,False,0x0
1783864587.883,2338,2338,547407,4,1,-11,11,-41,998,2,-1,3,101325,2500,7182,488,0xf,False,0x0
1783864588.195,2339,2339,547719,4,1,11,-27,8,996,3,4,5,101325,2500,7181,516,0xf,False,0x0
1783864588.395,2340,2340,547919,4,1,-3,-34,-30,1006,-4,3,-5,101325,2500,7181,482,0xf,False,0x0
1783864588.703,2341,2341,548227,4,1,-5,-51,-47,866,1,5,0,101325,2500,7181,497,0xf,False,0x0
1783864588.904,2342,2342,548427,4,1,14,7,-32,962,-2,-3,-3,101325,2500,7181,494,0xf,False,0x0
1783864589.172,2343,2343,548696,4,1,-9,26,56,1077,-4,0,-2,101325,2500,7181,510,0xf,False,0x0
1783864589.373,2344,2344,548897,4,1,-5,-9,12,1003,-1,-5,-4,101325,2500,7181,514,0xf,False,0x0
1783864589.633,2345,2345,549157,4,1,2,11,15,1027,3,1,4,101325,2500,7181,488,0xf,False,0x0
1783864590.128,2347,2347,549652,4,1,19,-37,-40,1005,-4,-2,1,101325,2500,7181,496,0xf,False,0x0
1783864590.328,2348,2348,549852,4,1,8,20,-31,1040,-1,-4,5,101325,2500,7181,484,0xf,False,0x0
1783864590.612,2349,2349,550136,4,1,1,-46,11,1053,4,1,1,101325,2500,7180,517,0xf,False,0x0
1783864590.813,2350,2350,550336,4,1,19,-34,43,1038,4,4,-1,101325,2500,7180,484,0xf,False,0x0
1783864591.119,2351,2351,550643,4,1,-16,37,21,991,-2,1,5,101325,2500,7180,508,0xf,False,0x0
1783864591.320,2352,2352,550844,4,1,20,12,60,1060,-5,-4,2,101325,2500,7180,516,0xf,False,0x0
1783864591.617,2353,2353,551141,4,1,-2,20,41,942,1,-5,2,101325,2500,7180,481,0xf,False,0x0
1783864591.818,2354,2354,551342,4,1,-14,35,-59,1063,0,-3,-4,101325,2500,7180,517,0xf,False,0x0
1783864592.115,2355,2355,551639,4,1,17,-16,8,1042,2,-1,0,101325,2500,7180,516,0xf,False,0x0
1783864592.316,2356,2356,551840,4,1,-3,0,29,1033,0,3,0,101325,2500,7180,492,0xf,False,0x0
1783864592.580,2357,2357,552104,4,1,10,42,36,895,-2,-4,-2,101325,2500,7180,505,0xf,False,0x0
1783864592.782,2358,2358,552306,4,1,2,-33,-24,1046,2,-4,4,101325,2500,7180,493,0xf,False,0x0
1783864593.028,2359,2359,552552,4,1,15,-42,-45,1043,-1,2,3,101325,2500,7179,499,0xf,False,0x0
1783864593.229,2360,2360,552753,4,1,16,-33,-45,996,-3,2,-2,101325,2500,7179,483,0xf,False,0x0
1783864593.715,2362,2362,553239,4,1,-3,-15,57,997,1,5,5,101325,2500,7179,489,0xf,False,0x0
1783864594.001,2363,2363,553525,4,1,13,-2,-19,1062,1,-1,-3,101325,2500,7179,520,0xf,False,0x0
1783864594.202,2364,2364,553725,4,1,-3,16,26,1154,-4,3,-5,101325,2500,7179,489,0xf,False,0x0
1783864594.479,2365,2365,554003,4,1,-2,38,-17,1072,-3,2,-5,101325,2500,7179,488,0xf,False,0x0
1783864594.680,2366,2366,554204,4,1,-3,-22,-23,966,0,2,5,101325,2500,7179,507,0xf,False,0x0
1783864594.958,2367,2367,554482,4,1,-3,1,-3,1090,-3,4,4,101325,2500,7179,520,0xf,False,0x0
1783864595.158,2368,2368,554682,4,1,-15,14,-45,1057,2,3,5,101325,2500,7179,487,0xf,False,0x0
1783864595.483,2369,2369,555007,4,1,-5,-41,33,1107,4,-3,-5,101325,2500,7178,491,0xf,False,0x0
1783864595.684,2370,2370,555208,4,1,5,-34,11,959,5,-3,0,101325,2500,7178,490,0xf,False,0x0
1783864595.968,2371,2371,555492,4,1,4,36,41,969,2,-3,0,101325,2500,7178,492,0xf,False,0x0
1783864596.169,2372,2372,555693,4,1,-15,-30,-3,1002,-2,2,2,101325,2500,7178,500,0xf,False,0x0
1783864596.492,2373,2373,556016,4,1,-6,2,18,910,-4,-3,2,101325,2500,7178,496,0xf,False,0x0
1783864596.968,2375,2375,556492,4,1,9,38,14,974,5,4,-5,101325,2500,7178,509,0xf,False,0x0
1783864597.169,2376,2376,556693,4,1,11,9,-42,876,-5,3,3,101325,2500,7178,499,0xf,False,0x0
1783864597.447,2377,2377,556971,4,1,10,-43,31,1019,4,1,1,101325,2500,7178,482,0xf,False,0x0
1783864597.648,2378,2378,557172,4,1,2,-5,-39,918,3,5,3,101325,2500,7178,498,0xf,False,0x0
1783864597.910,2379,2379,557434,4,1,5,52,6,880,-1,-2,2,101325,2500,7178,503,0xf,False,0x0
1783864598.110,2380,2380,557634,4,1,5,-30,10,872,-5,-2,-2,101325,2500,7177,508,0xf,False,0x0
1783864599.124,2384,2384,558647,4,1,-14,34,-21,1089,2,1,2,101325,2500,7177,511,0xf,False,0x0
1783864599.374,2385,2385,558898,4,1,7,-22,52,924,-1,0,5,101325,2500,7177,504,0xf,False,0x0
1783864599.574,2386,2386,559098,4,1,18,37,-13,1069,-2,-4,2,101325,2500,7177,506,0xf,False,0x0
1783864599.848,2387,2387,559372,4,1,6,50,-46,1067,-3,3,2,101325,2500,7177,520,0xf,False,0x0
1783864600.049,2388,2388,559572,4,1,4,3,-16,981,3,-5,-5,101325,2500,7177,496,0xf,False,0x0
1783864600.345,2389,2389,559869,4,1,15,26,54,848,-1,2,-1,101325,2500,7177,490,0xf,False,0x0
1783864600.546,2390,2390,560070,4,1,-7,-47,17,1109,2,-4,-4,101325,2500,7176,495,0xf,False,0x0
1783864601.062,2392,2392,560586,4,1,-8,52,8,946,-3,5,-2,101325,2500,7176,516,0xf,False,0x0
1783864601.373,2393,2393,560897,4,1,14,-34,-12,985,-3,5,-2,101325,2500,7176,515,0xf,False,0x0
1783864601.575,2394,2394,561099,4,1,-1,11,-8,975,-4,5,-1,101325,2500,7176,508,0xf,False,0x0
1783864601.824,2395,2395,561348,4,1,10,21,10,933,-2,2,-5,101325,2500,7176,483,0xf,False,0x0
1783864602.025,2396,2396,561549,4,1,-12,48,45,1090,-2,0,3,101325,2500,7176,488,0xf,False,0x0
1783864602.280,2397,2397,561804,4,1,-12,-19,-32,960,-2,3,2,101325,2500,7176,506,0xf,False,0x0
1783864602.481,2398,2398,562005,4,1,13,-23,33,1067,0,-1,1,101325,2500,7176,490,0xf,False,0x0
1783864602.766,2399,2399,562290,4,1,-18,-4,30,1047,-3,1,3,101325,2500,7176,496,0xf,False,0x0
1783864602.967,2400,2400,562491,4,1,-11,38,-7,1024,4,4,-2,101325,2500,7176,498,0xf,False,0x0
1783864603.258,2401,2401,562782,4,1,-2,20,22,926,-3,4,-2,101325,2500,7175,518,0xf,False,0x0
1783864603.459,2402,2402,562983,4,1,-7,-40,-56,943,5,-1,-4,101325,2500,7175,512,0xf,False,0x0
1783864603.747,2403,2403,563271,4,1,-19,-24,43,1033,0,0,-1,101325,2500,7175,485,0xf,False,0x0
1783864603.947,2404,2404,563471,4,1,6,-37,32,947,-1,-1,-5,101325,2500,7175,481,0xf,False,0x0
1783864604.215,2405,2405,563739,4,1,14,-58,14,1066,-1,5,-3,101325,2500,7175,485,0xf,False,0x0
1783864604.415,2406,2406,563939,4,1,-16,49,0,1097,4,0,2,101325,2500,7175,510,0xf,False,0x0
1783864604.674,2407,2407,564197,4,1,15,30,-60,904,-2,1,1,101325,2500,7175,503,0xf,False,0x0
1783864604.874,2408,2408,564398,4,1,-6,35,-54,1085,-4,-1,-4,101325,2500,7175,514,0xf,False,0x0
1783864605.164,2409,2409,564688,4,1,-8,45,-14,892,-2,-2,-4,101325,2500,7175,491,0xf,False,0x0
1783864605.365,2410,2410,564889,4,1,-1,6,-12,864,-3,3,5,101325,2500,7175,510,0xf,False,0x0
1783864605.638,2411,2411,565162,4,1,-14,56,-39,1067,0,3,-3,101325,2500,7174,485,0xf,False,0x0
1783864605.839,2412,2412,565363,4,1,1,-33,-51,1098,5,-2,0,101325,2500,7174,496,0xf,False,0x0
1783864606.149,2413,2413,565673,4,1,17,48,3,912,-5,5,-3,101325,2500,7174,498,0xf,False,0x0
1783864606.633,2415,2415,566157,4,1,-9,45,-24,1128,1,2,5,101325,2500,7174,492,0xf,False,0x0
1783864606.834,2416,2416,566358,4,1,-11,56,25,1053,3,4,-4,101325,2500,7174,507,0xf,False,0x0
1783864607.092,2417,2417,566616,4,1,9,-46,2,1000,3,0,1,101325,2500,7174,497,0xf,False,0x0
1783864607.292,2418,2418,566816,4,1,-15,-23,4,953,3,5,0,101325,2500,7174,504,0xf,False,0x0
1783864607.571,2419,2419,567095,4,1,11,-45,-29,1004,2,0,1,101325,2500,7174,483,0xf,False,0x0
1783864607.772,2420,2420,567296,4,1,7,-60,28,1092,-1,1,5,101325,2500,7174,484,0xf,False,0x0
1783864608.087,2421,2421,567611,4,1,4,40,-59,1028,0,-1,-3,101325,2500,7173,488,0xf,False,0x0
1783864608.288,2422,2422,567812,4,1,15,4,-12,1015,-3,2,-2,101325,2500,7173,498,0xf,False,0x0
1783864608.581,2423,2423,568105,4,1,8,5,-13,1009,4,5,-4,101325,2500,7173,501,0xf,False,0x0
1783864608.782,2424,2424,568306,4,1,19,1,0,1071,-4,-3,1,101325,2500,7173,485,0xf,False,0x0
1783864609.077,2425,2425,568601,4,1,12,-15,-37,1030,1,-3,-4,101325,2500,7173,502,0xf,False,0x0
1783864609.279,2426,2426,568802,4,1,8,30,-39,925,-5,-1,0,101325,2500,7173,490,0xf,False,0x0
1783864609.539,2427,2427,569063,4,1,19,-50,-39,1101,-1,-2,-5,101325,2500,7173,500,0xf,False,0x0
1783864609.740,2428,2428,569264,4,1,19,-56,-47,1073,-4,-5,2,101325,2500,7173,501,0xf,False,0x0
1783864610.014,2429,2429,569538,4,1,-3,-10,52,1011,5,2,0,101325,2500,7173,497,0xf,False,0x0
1783864610.215,2430,2430,569739,4,1,10,34,32,1068,-4,-4,-4,101325,2500,7173,516,0xf,False,0x0
1783864610.735,2432,2432,570259,4,1,-14,-4,-55,1078,-1,-2,-3,101325,2500,7172,483,0xf,False,0x0
1783864611.040,2433,2433,570564,4,1,3,57,21,851,5,-1,-4,101325,2500,7172,516,0xf,False,0x0
1783864611.241,2434,2434,570765,4,1,8,-11,-14,1048,-5,1,-2,101325,2500,7172,481,0xf,False,0x0
1783864611.530,2435,2435,571054,4,1,17,3,-33,951,-3,2,-3,101325,2500,7172,508,0xf,False,0x0
1783864611.731,2436,2436,571255,4,1,9,-33,-54,919,-2,-2,2,101325,2500,7172,495,0xf,False,0x0
1783864611.984,2437,2437,571508,4,1,14,-8,-57,1097,-1,-2,-5,101325,2500,7172,515,0xf,False,0x0
1783864612.464,2439,2439,571988,4,1,-6,-22,-56,1016,5,-5,4,101325,2500,7172,507,0xf,False,0x0
1783864612.665,2440,2440,572189,4,1,-8,17,-30,1034,2,-2,-2,101325,2500,7172,484,0xf,False,0x0
1783864612.938,2441,2441,572461,4,1,-6,27,-34,1083,0,-5,-2,101325,2500,7172,503,0xf,False,0x0
1783864613.138,2442,2442,572662,4,1,-19,-13,-10,936,-1,-5,5,101325,2500,7171,497,0xf,False,0x0
1783864613.439,2443,2443,572963,4,1,-11,29,2,1077,5,-3,3,101325,2500,7171,505,0xf,False,0x0
1783864613.639,2444,2444,573163,4,1,-15,-17,35,899,-2,-5,1,101325,2500,7171,495,0xf,False,0x0
1783864613.965,2445,2445,573489,4,1,-10,8,-55,1084,-3,5,3,101325,2500,7171,508,0xf,False,0x0
1783864614.166,2446,2446,573690,4,1,8,1,-30,1139,-4,-5,3,101325,2500,7171,519,0xf,False,0x0
1783864614.414,2447,2447,573938,4,1,19,-47,-27,1091,-4,3,-2,101325,2500,7171,506,0xf,False,0x0
1783864614.614,2448,2448,574138,4,1,20,-8,53,1051,1,-2,4,101325,2500,7171,502,0xf,False,0x0
1783864614.914,2449,2449,574438,4,1,7,49,-38,1117,-2,1,5,101325,2500,7171,496,0xf,False,0x0
1783864615.115,2450,2450,574639,4,1,10,-40,16,1129,-3,-4,1,101325,2500,7171,494,0xf,False,0x0
1783864615.387,2451,2451,574911,4,1,-14,6,32,1005,-3,-1,5,101325,2500,7171,507,0xf,False,0x0
1783864615.587,2452,2452,575111,4,1,18,-53,19,1043,4,-1,3,101325,2500,7170,484,0xf,False,0x0
1783864615.851,2453,2453,575375,4,1,-12,53,7,1072,-4,-4,3,101325,2500,7170,497,0xf,False,0x0
1783864616.051,2454,2454,575575,4,1,4,-5,42,1082,-5,4,-1,101325,2500,7170,516,0xf,False,0x0
1783864616.311,2455,2455,575835,4,1,-10,-9,45,960,1,4,-4,101325,2500,7170,486,0xf,False,0x0
1783864616.512,2456,2456,576036,4,1,-9,-24,17,974,4,3,-5,101325,2500,7170,495,0xf,False,0x0
1783864616.795,2457,2457,576319,4,1,-15,-59,18,1036,1,-1,-2,101325,2500,7170,511,0xf,False,0x0
1783864616.996,2458,2458,576520,4,1,7,-30,-9,1052,0,2,3,101325,2500,7170,517,0xf,False,0x0
1783864617.264,2459,2459,576788,4,1,-2,-8,-60,918,4,-5,-1,101325,2500,7170,484,0xf,False,0x0
1783864617.465,2460,2460,576988,4,1,-11,-23,-48,879,5,1,-2,101325,2500,7170,487,0xf,False,0x0
1783864617.738,2461,2461,577262,4,1,11,-3,-42,873,0,1,-5,101325,2500,7170,498,0xf,False,0x0
1783864617.939,2462,2462,577463,4,1,2,-28,-55,1016,-2,-3,-3,101325,2500,7170,489,0xf,False,0x0
1783864618.249,2463,2463,577773,4,1,15,8,9,1072,5,-5,1,101325,2500,7169,485,0xf,False,0x0
1783864618.450,2464,2464,577974,4,1,-7,46,-48,986,3,3,-2,101325,2500,7169,498,0xf,False,0x0
1783864618.759,2465,2465,578283,4,1,2,-59,54,1078,-1,-2,-2,101325,2500,7169,515,0xf,False,0x0
1783864619.235,2467,2467,578759,4,1,17,-59,15,928,2,1,4,101325,2500,7169,506,0xf,False,0x0
1783864619.436,2468,2468,578960,4,1,-7,-54,-23,936,1,1,1,101325,2500,7169,487,0xf,False,0x0
1783864619.733,2469,2469,579257,4,1,8,-51,-1,1051,-4,4,3,101325,2500,7169,505,0xf,False,0x0
1783864619.935,2470,2470,579459,4,1,11,-17,-7,851,1,5,0,101325,2500,7169,518,0xf,False,0x0
1783864620.201,2471,2471,579725,4,1,5,-57,-39,1053,-3,-1,2,101325,2500,7169,518,0xf,False,0x0
1783864620.402,2472,2472,579926,4,1,8,-3,7,1023,-2,-2,4,101325,2500,7169,483,0xf,False,0x0
1783864620.694,2473,2473,580218,4,1,10,-28,54,1063,5,3,4,101325,2500,7168,513,0xf,False,0x0
1783864620.895,2474,2474,580419,4,1,7,-15,-4,1153,5,-4,4,101325,2500,7168,518,0xf,False,0x0
1783864621.189,2475,2475,580713,4,1,1,53,-36,1119,3,-2,-2,101325,2500,7168,520,0xf,False,0x0
1783864621.390,2476,2476,580914,4,1,-14,29,43,1022,-3,0,-1,101325,2500,7168,491,0xf,False,0x0
1783864621.657,2477,2477,581181,4,1,6,44,50,1112,5,-4,-5,101325,2500,7168,491,0xf,False,0x0
1783864621.858,2478,2478,581382,4,1,-7,54,50,1077,2,5,-5,101325,2500,7168,493,0xf,False,0x0
1783864622.119,2479,2479,581643,4,1,-15,-5,-6,1049,3,-2,-1,101325,2500,7168,520,0xf,False,0x0
1783864622.320,2480,2480,581844,4,1,2,50,-52,1137,-4,3,-4,101325,2500,7168,483,0xf,False,0x0
1783864622.590,2481,2481,582114,4,1,-3,4,37,881,-5,-3,3,101325,2500,7168,480,0xf,False,0x0
1783864622.790,2482,2482,582314,4,1,-14,-20,-33,995,2,2,-3,101325,2500,7168,488,0xf,False,0x0
1783864623.057,2483,2483,582581,4,1,-4,7,-17,1063,4,-5,0,101325,2500,7167,510,0xf,False,0x0
1783864623.258,2484,2484,582782,4,1,14,16,-21,977,-4,-5,2,101325,2500,7167,489,0xf,False,0x0
1783864623.527,2485,2485,583051,4,1,14,52,22,1010,0,5,4,101325,2500,7167,505,0xf,False,0x0
1783864623.728,2486,2486,583252,4,1,-3,45,-51,1013,2,5,1,101325,2500,7167,511,0xf,False,0x0
1783864624.020,2487,2487,583544,4,1,-19,60,-35,1040,3,-2,-4,101325,2500,7167,502,0xf,False,0x0
1783864624.221,2488,2488,583745,4,1,16,-8,-35,989,4,1,-4,101325,2500,7167,485,0xf,False,0x0
1783864624.486,2489,2489,584010,4,1,3,20,-50,947,-2,4,3,101325,2500,7167,497,0xf,False,0x0
1783864624.687,2490,2490,584211,4,1,-19,-5,-50,897,-3,4,5,101325,2500,7167,509,0xf,False,0x0
1783864624.970,2491,2491,584494,4,1,-13,-55,-54,927,5,5,-2,101325,2500,7167,510,0xf,False,0x0
1783864625.171,2492,2492,584695,4,1,-9,-2,-50,863,2,4,2,101325,2500,7167,520,0xf,False,0x0
1783864625.475,2493,2493,584999,4,1,3,-27,38,914,0,0,-5,101325,2500,7167,490,0xf,False,0x0
1783864625.678,2494,2494,585202,4,1,-20,-38,30,1056,3,4,-3,101325,2500,7166,486,0xf,False,0x0
1783864625.976,2495,2495,585500,4,1,-20,-60,-9,1094,2,5,0,101325,2500,7166,496,0xf,False,0x0
1783864626.177,2496,2496,585701,4,1,0,16,-12,915,-2,-2,-4,101325,2500,7166,499,0xf,False,0x0
1783864626.681,2498,2498,586205,4,1,-18,23,56,913,4,3,1,101325,2500,7166,509,0xf,False,0x0
1783864626.958,2499,2499,586482,4,1,4,-14,11,1113,-5,0,4,101325,2500,7166,503,0xf,False,0x0
1783864627.158,2500,2500,586682,4,1,-3,32,-24,995,1,0,5,101325,2500,7166,490,0xf,False,0x0
1783864627.437,2501,2501,586961,4,1,12,-46,17,1124,4,-4,-4,101325,2500,7166,512,0xf,False,0x0
1783864627.638,2502,2502,587162,4,1,13,-5,-60,1100,-4,3,-4,101325,2500,7166,503,0xf,False,0x0
1783864627.839,2503,2503,587363,4,1,20,49,-44,944,2,2,-1,101325,2500,7166,516,0xf,False,0x0
1783864628.039,2504,2504,587563,4,1,9,25,11,1141,-2,4,1,101325,2500,7165,516,0xf,False,0x0
1783864628.446,2506,2506,587970,4,1,-5,-8,-20,1080,-3,1,0,101325,2500,7165,498,0xf,False,0x0
1783864628.647,2507,2507,588170,4,1,17,-43,-19,953,3,5,-3,101325,2500,7165,494,0xf,False,0x0
1783864628.925,2508,2508,588449,4,1,-11,46,-27,1117,4,-4,2,101325,2500,7165,497,0xf,False,0x0
1783864629.126,2509,2509,588649,4,1,7,54,-49,1117,-5,0,0,101325,2500,7165,518,0xf,False,0x0
1783864629.385,2510,2510,588909,4,1,13,-9,18,1023,-1,-4,0,101325,2500,7165,484,0xf,False,0x0
1783864629.585,2511,2511,589109,4,1,-5,6,51,1017,-1,-2,1,101325,2500,7165,503,0xf,False,0x0
1783864629.888,2512,2512,589412,4,1,19,-21,-6,963,5,3,2,101325,2500,7165,517,0xf,False,0x0
1783864630.088,2513,2513,589612,4,1,15,-57,4,1142,4,-2,3,101325,2500,7165,518,0xf,False,0x0
1783864630.382,2514,2514,589906,4,1,14,26,46,972,-3,2,3,101325,2500,7165,483,0xf,False,0x0
1783864630.583,2515,2515,590107,4,1,14,-44,17,988,2,-3,-3,101325,2500,7164,505,0xf,False,0x0
1783864631.122,2517,2517,590646,4,1,0,-25,32,940,3,3,-2,101325,2500,7164,509,0xf,False,0x0
1783864631.440,2518,2518,590964,4,1,-14,-2,27,1075,0,-2,0,101325,2500,7164,494,0xf,False,0x0
1783864631.640,2519,2519,591164,4,1,17,19,-22,1137,-3,4,4,101325,2500,7164,501,0xf,False,0x0
1783864631.907,2520,2520,591431,4,1,8,-20,31,1005,2,1,-1,101325,2500,7164,514,0xf,False,0x0
1783864632.108,2521,2521,591632,4,1,12,-24,20,1078,3,3,5,101325,2500,7164,518,0xf,False,0x0
1783864632.390,2522,2522,591914,4,1,10,50,8,1057,0,3,-4,101325,2500,7164,502,0xf,False,0x0
1783864632.590,2523,2523,592114,4,1,-13,58,-14,986,0,-5,4,101325,2500,7164,513,0xf,False,0x0
1783864632.876,2524,2524,592400,4,1,10,37,-24,1074,3,-1,1,101325,2500,7164,509,0xf,False,0x0
1783864633.077,2525,2525,592601,4,1,-15,45,-35,985,0,1,-3,101325,2500,7163,484,0xf,False,0x0
1783864633.543,2527,2527,593067,4,1,2,-1,-28,888,0,-2,4,101325,2500,7163,505,0xf,False,0x0
1783864633.808,2528,2528,593332,4,1,-12,14,57,997,-3,-2,3,101325,2500,7163,487,0xf,False,0x0
1783864634.008,2529,2529,593532,4,1,-11,40,-6,1058,2,0,5,101325,2500,7163,506,0xf,False,0x0
1783864634.299,2530,2530,593823,4,1,-9,-26,13,970,-4,0,-2,101325,2500,7163,488,0xf,False,0x0
1783864634.499,2531,2531,594023,4,1,14,-32,12,973,2,2,-3,101325,2500,7163,494,0xf,False,0x0
1783864634.802,2532,2532,594326,4,1,2,16,15,1039,3,3,-2,101325,2500,7163,511,0xf,False,0x0
1783864635.002,2533,2533,594526,4,1,4,-41,-34,1089,-4,0,4,101325,2500,7163,482,0xf,False,0x0
1783864635.291,2534,2534,594815,4,1,6,-33,58,1028,4,2,3,101325,2500,7163,516,0xf,False,0x0
1783864635.492,2535,2535,595016,4,1,4,-35,-52,915,5,3,-2,101325,2500,7162,519,0xf,False,0x0
1783864635.789,2536,2536,595313,4,1,-4,26,-44,885,0,-5,0,101325,2500,7162,499,0xf,False,0x0
1783864635.989,2537,2537,595513,4,1,-7,22,-1,1018,-4,-2,-3,101325,2500,7162,488,0xf,False,0x0
1783864636.283,2538,2538,595807,4,1,-18,-59,-9,1040,1,4,-1,101325,2500,7162,485,0xf,False,0x0
1783864636.484,2539,2539,596008,4,1,2,-30,-56,1101,5,4,1,101325,2500,7162,509,0xf,False,0x0
1783864636.780,2540,2540,596304,4,1,0,35,-9,1077,3,0,-1,101325,2500,7162,517,0xf,False,0x0
1783864636.981,2541,2541,596505,4,1,-7,-11,-54,934,3,-5,-1,101325,2500,7162,501,0xf,False,0x0
1783864637.181,2542,2542,596705,4,1,10,31,-33,1041,-3,3,-1,101325,2500,7162,498,0xf,False,0x0
1783864637.437,2543,2543,596961,4,1,-17,57,5,1013,-3,-5,-5,101325,2500,7162,510,0xf,False,0x0
1783864637.637,2544,2544,597161,4,1,-5,9,-22,1018,-1,-3,-1,101325,2500,7162,512,0xf,False,0x0
1783864637.838,2545,2545,597362,4,1,-6,15,23,931,-3,0,4,101325,2500,7162,494,0xf,False,0x0
1783864638.039,2546,2546,597563,4,1,-20,-56,16,1023,-3,-4,-5,101325,2500,7161,507,0xf,False,0x0
1783864638.300,2547,2547,597824,4,1,-8,-28,16,1061,-4,2,-4,101325,2500,7161,504,0xf,False,0x0
1783864638.501,2548,2548,598025,4,1,10,1,17,1016,1,4,3,101325,2500,7161,480,0xf,False,0x0
1783864638.801,2549,2549,598325,4,1,-10,-53,1,1051,5,-3,-2,101325,2500,7161,486,0xf,False,0x0
1783864639.002,2550,2550,598526,4,1,-12,50,32,1001,-2,2,4,101325,2500,7161,498,0xf,False,0x0
1783864639.274,2551,2551,598798,4,1,16,-59,30,1035,0,5,4,101325,2500,7161,509,0xf,False,0x0
1783864639.475,2552,2552,598999,4,1,-12,13,-2,953,0,0,2,101325,2500,7161,496,0xf,False,0x0
1783864639.720,2553,2553,599244,4,1,-20,16,40,867,-4,2,3,101325,2500,7161,491,0xf,False,0x0
1783864639.921,2554,2554,599445,4,1,11,28,54,926,4,2,2,101325,2500,7161,504,0xf,False,0x0
1783864640.181,2555,2555,599705,4,1,13,-60,-15,1049,0,4,0,101325,2500,7161,515,0xf,False,0x0
1783864640.381,2556,2556,599905,4,1,-18,40,35,956,-3,5,5,101325,2500,7161,490,0xf,False,0x0
1783864640.681,2557,2557,600205,4,1,13,-53,-7,1117,-4,5,-2,101325,2500,7160,483,0xf,False,0x0
1783864640.882,2558,2558,600406,4,1,7,-7,-44,1014,-3,5,5,101325,2500,7160,493,0xf,False,0x0
1783864641.195,2559,2559,600718,4,1,-7,28,-51,1106,-5,5,4,101325,2500,7160,519,0xf,False,0x0
1783864641.395,2560,2560,600919,4,1,4,12,-4,1034,0,-1,3,101325,2500,7160,489,0xf,False,0x0
1783864641.665,2561,2561,601189,4,1,-9,-4,-35,1071,0,3,-2,101325,2500,7160,513,0xf,False,0x0
1783864641.865,2562,2562,601389,4,1,-8,32,-58,1123,-4,-5,-1,101325,2500,7160,497,0xf,False,0x0
1783864642.168,2563,2563,601692,4,1,17,-28,-26,1091,2,-4,-1,101325,2500,7160,518,0xf,False,0x0
1783864642.369,2564,2564,601893,4,1,-16,15,-59,904,-3,4,3,101325,2500,7160,519,0xf,False,0x0
1783864642.645,2565,2565,602169,4,1,15,41,-52,959,3,0,-2,101325,2500,7160,508,0xf,False,0x0
1783864642.846,2566,2566,602370,4,1,-4,-50,-17,1096,-5,5,-4,101325,2500,7160,509,0xf,False,0x0
1783864643.176,2567,2567,602700,4,1,-7,-11,-11,952,-5,-4,1,101325,2500,7159,483,0xf,False,0x0
1783864643.377,2568,2568,602901,4,1,-4,1,47,1006,-1,3,-4,101325,2500,7159,485,0xf,False,0x0
1783864643.643,2569,2569,603167,4,1,13,-38,46,981,-4,4,-4,101325,2500,7159,492,0xf,False,0x0
1783864643.843,2570,2570,603367,4,1,-13,41,-42,1026,-2,-4,0,101325,2500,7159,483,0xf,False,0x0
1783864644.135,2571,2571,603659,4,1,-15,29,60,1077,5,3,-3,101325,2500,7159,482,0xf,False,0x0
1783864644.336,2572,2572,603860,4,1,-16,28,35,887,5,0,3,101325,2500,7159,506,0xf,False,0x0
1783864644.601,2573,2573,604125,4,1,18,54,-4,891,-4,-3,-1,101325,2500,7159,506,0xf,False,0x0
1783864645.093,2575,2575,604617,4,1,-19,30,-31,974,4,5,-1,101325,2500,7159,511,0xf,False,0x0
1783864645.295,2576,2576,604819,4,1,12,41,10,971,0,0,5,101325,2500,7159,502,0xf,False,0x0
1783864645.495,2577,2577,605019,4,1,-13,44,-25,886,-5,-3,3,101325,2500,7158,520,0xf,False,0x0
1783864645.698,2578,2578,605222,4,1,12,-57,48,878,-4,-5,0,101325,2500,7158,516,0xf,False,0x0
1783864645.898,2579,2579,605422,4,1,6,-26,60,979,-4,-5,0,101325,2500,7158,509,0xf,False,0x0
1783864646.108,2580,2580,605632,4,1,18,7,-34,886,3,-5,-2,101325,2500,7158,496,0xf,False,0x0
1783864646.819,2583,2583,606343,4,1,-9,-52,-34,897,1,-4,3,101325,2500,7158,511,0xf,False,0x0
1783864647.082,2584,2584,606606,4,1,-11,-48,32,1017,2,4,3,101325,2500,7158,502,0xf,False,0x0
1783864647.282,2585,2585,606806,4,1,-16,-60,36,907,-5,-2,-4,101325,2500,7158,501,0xf,False,0x0
1783864647.566,2586,2586,607090,4,1,13,1,-5,942,0,-2,-2,101325,2500,7158,487,0xf,False,0x0
1783864648.086,2588,2588,607610,4,1,20,-26,-11,1023,3,1,-4,101325,2500,7157,482,0xf,False,0x0
1783864648.287,2589,2589,607811,4,1,10,-5,-24,986,5,1,4,101325,2500,7157,499,0xf,False,0x0
1783864648.588,2590,2590,608112,4,1,-16,-32,-22,896,-5,2,2,101325,2500,7157,480,0xf,False,0x0
1783864648.789,2591,2591,608313,4,1,6,-37,53,1024,0,4,3,101325,2500,7157,512,0xf,False,0x0
1783864649.106,2592,2592,608630,4,1,-16,57,-14,910,1,3,-2,101325,2500,7157,501,0xf,False,0x0
1783864649.307,2593,2593,608831,4,1,-12,-34,26,1004,-2,0,5,101325,2500,7157,481,0xf,False,0x0
1783864649.578,2594,2594,609102,4,1,12,26,-30,934,-5,-4,1,101325,2500,7157,515,0xf,False,0x0
1783864649.778,2595,2595,609302,4,1,18,40,-35,1015,2,-4,-4,101325,2500,7157,496,0xf,False,0x0
1783864650.079,2596,2596,609602,4,1,9,-38,8,914,-1,4,-1,101325,2500,7157,514,0xf,False,0x0
1783864650.280,2597,2597,609804,4,1,-11,51,11,875,-2,3,1,101325,2500,7157,483,0xf,False,0x0
1783864650.562,2598,2598,610086,4,1,4,28,-1,1089,-5,0,1,101325,2500,7156,489,0xf,False,0x0
1783864650.763,2599,2599,610287,4,1,-9,3,-30,939,2,5,3,101325,2500,7156,497,0xf,False,0x0
1783864651.040,2600,2600,610564,4,1,-4,-5,34,1112,-1,-4,-5,101325,2500,7156,491,0xf,False,0x0
1783864651.241,2601,2601,610765,4,1,-7,11,32,938,-5,3,1,101325,2500,7156,498,0xf,False,0x0
1783864651.522,2602,2602,611046,4,1,16,-52,10,1143,-2,4,-4,101325,2500,7156,502,0xf,False,0x0
1783864651.723,2603,2603,611247,4,1,-7,37,-37,1011,1,2,4,101325,2500,7156,493,0xf,False,0x0
1783864652.006,2604,2604,611530,4,1,-5,-2,-56,865,-4,-1,2,101325,2500,7156,483,0xf,False,0x0
1783864652.207,2605,2605,611731,4,1,19,51,37,962,3,5,0,101325,2500,7156,510,0xf,False,0x0
1783864652.481,2606,2606,612005,4,1,19,60,-11,941,-2,-4,3,101325,2500,7156,516,0xf,False,0x0
1783864652.682,2607,2607,612206,4,1,-19,-43,4,1151,0,-5,-3,101325,2500,7156,483,0xf,False,0x0
1783864652.988,2608,2608,612512,4,1,-12,-57,-33,1111,-2,2,0,101325,2500,7155,518,0xf,False,0x0
1783864653.189,2609,2609,612713,4,1,-11,-4,-6,1043,0,-1,1,101325,2500,7155,498,0xf,False,0x0
1783864653.442,2610,2610,612966,4,1,-7,49,-1,1108,0,-3,2,101325,2500,7155,501,0xf,False,0x0
1783864653.642,2611,2611,613166,4,1,-14,-27,31,956,-1,4,2,101325,2500,7155,499,0xf,False,0x0
1783864653.939,2612,2612,613463,4,1,-4,26,55,991,3,5,1,101325,2500,7155,497,0xf,False,0x0
1783864654.139,2613,2613,613663,4,1,17,-37,37,994,0,-5,-4,101325,2500,7155,513,0xf,False,0x0
1783864654.424,2614,2614,613948,4,1,-3,-31,45,1005,-1,5,-5,101325,2500,7155,500,0xf,False,0x0
1783864654.624,2615,2615,614148,4,1,-17,2,8,1030,-1,-3,-3,101325,2500,7155,488,0xf,False,0x0
1783864654.877,2616,2616,614401,4,1,2,37,34,1035,-3,-4,-2,101325,2500,7155,497,0xf,False,0x0
1783864655.078,2617,2617,614602,4,1,-7,-42,-40,860,-5,5,1,101325,2500,7155,486,0xf,False,0x0
1783864655.344,2618,2618,614868,4,1,-9,-4,-14,994,1,4,0,101325,2500,7155,490,0xf,False,0x0
1783864655.544,2619,2619,615068,4,1,-5,38,-13,941,-1,-1,-1,101325,2500,7154,497,0xf,False,0x0
1783864655.810,2620,2620,615334,4,1,3,44,4,1087,0,3,-4,101325,2500,7154,506,0xf,False,0x0
1783864656.010,2621,2621,615534,4,1,-2,26,37,1077,1,-1,3,101325,2500,7154,486,0xf,False,0x0
1783864656.271,2622,2622,615795,4,1,-1,-14,-27,1056,1,-1,-3,101325,2500,7154,501,0xf,False,0x0
1783864656.471,2623,2623,615995,4,1,-18,-59,-18,1031,4,-3,1,101325,2500,7154,482,0xf,False,0x0
1783864656.964,2625,2625,616488,4,1,6,-13,-30,937,3,1,2,101325,2500,7154,503,0xf,False,0x0
1783864657.225,2626,2626,616749,4,1,-13,4,14,853,0,0,5,101325,2500,7154,485,0xf,False,0x0
1783864657.426,2627,2627,616949,4,1,-2,33,24,1032,1,2,-4,101325,2500,7154,506,0xf,False,0x0
1783864657.725,2628,2628,617249,4,1,-17,-6,49,980,4,-3,-5,101325,2500,7154,503,0xf,False,0x0
1783864657.926,2629,2629,617450,4,1,15,-35,-47,1130,1,-4,-2,101325,2500,7154,509,0xf,False,0x0
1783864658.244,2630,2630,617768,4,1,6,-56,0,986,-1,5,-5,101325,2500,7153,497,0xf,False,0x0
1783864658.445,2631,2631,617969,4,1,11,23,42,980,-4,-1,-3,101325,2500,7153,490,0xf,False,0x0
1783864658.778,2632,2632,618302,4,1,-17,-15,-51,1003,-3,3,3,101325,2500,7153,488,0xf,False,0x0
1783864658.979,2633,2633,618503,4,1,-12,-52,-43,1051,4,-2,1,101325,2500,7153,509,0xf,False,0x0
1783864659.246,2634,2634,618770,4,1,18,-35,54,1083,2,0,5,101325,2500,7153,518,0xf,False,0x0
1783864659.447,2635,2635,618970,4,1,1,-39,46,1144,-1,2,4,101325,2500,7153,506,0xf,False,0x0
1783864659.723,2636,2636,619247,4,1,1,23,29,1067,-5,-1,-1,101325,2500,7153,482,0xf,False,0x0
1783864660.220,2638,2638,619744,4,1,13,48,60,1052,3,5,1,101325,2500,7153,507,0xf,False,0x0
1783864660.423,2639,2639,619947,4,1,-19,35,0,892,4,5,0,101325,2500,7153,490,0xf,False,0x0
1783864660.624,2640,2640,620148,4,1,15,-43,8,868,0,3,1,101325,2500,7152,495,0xf,False,0x0
1783864660.844,2641,2641,620368,4,1,13,-54,42,1060,0,-4,-1,101325,2500,7152,514,0xf,False,0x0
1783864661.045,2642,2642,620569,4,1,-8,32,37,937,-4,-2,0,101325,2500,7152,506,0xf,False,0x0
1783864661.246,2643,2643,620770,4,1,-8,-54,46,1059,1,3,4,101325,2500,7152,515,0xf,False,0x0
1783864661.446,2644,2644,620970,4,1,18,-51,-50,1146,4,0,2,101325,2500,7152,511,0xf,False,0x0
1783864661.691,2645,2645,621215,4,1,-4,-60,-6,845,4,-4,2,101325,2500,7152,496,0xf,False,0x0
1783864661.892,2646,2646,621416,4,1,-11,53,-37,1043,4,-4,4,101325,2500,7152,516,0xf,False,0x0
1783864662.142,2647,2647,621666,4,1,-15,-17,-43,1084,-3,-4,-3,101325,2500,7152,497,0xf,False,0x0
1783864662.342,2648,2648,621866,4,1,8,39,-58,1063,0,1,-5,101325,2500,7152,498,0xf,False,0x0
1783864662.644,2649,2649,622168,4,1,19,11,1,1068,-2,3,-2,101325,2500,7152,512,0xf,False,0x0
1783864662.845,2650,2650,622369,4,1,-4,22,14,1058,-2,2,-3,101325,2500,7152,512,0xf,False,0x0
1783864663.311,2652,2652,622835,4,1,8,-51,-60,1023,5,-3,1,101325,2500,7151,488,0xf,False,0x0
1783864663.573,2653,2653,623096,4,1,-8,32,-43,1004,-1,-5,-4,101325,2500,7151,511,0xf,False,0x0
1783864663.773,2654,2654,623297,4,1,14,6,-24,971,4,1,1,101325,2500,7151,504,0xf,False,0x0
1783864664.032,2655,2655,623555,4,1,-11,46,26,1012,-3,3,0,101325,2500,7151,492,0xf,False,0x0
1783864664.232,2656,2656,623756,4,1,-14,-49,0,956,2,-5,1,101325,2500,7151,491,0xf,False,0x0
1783864664.499,2657,2657,624023,4,1,12,9,9,987,-2,4,-3,101325,2500,7151,481,0xf,False,0x0
1783864664.699,2658,2658,624223,4,1,-13,12,43,972,4,3,5,101325,2500,7151,511,0xf,False,0x0
1783864664.963,2659,2659,624487,4,1,-4,-13,-6,936,0,0,-1,101325,2500,7151,494,0xf,False,0x0
1783864665.164,2660,2660,624688,4,1,-11,-13,13,1068,1,5,-1,101325,2500,7151,484,0xf,False,0x0
1783864665.908,2663,2663,625432,4,1,-4,48,-26,1116,1,4,-4,101325,2500,7150,488,0xf,False,0x0
1783864666.108,2664,2664,625632,4,1,2,-46,20,994,-5,5,-4,101325,2500,7150,495,0xf,False,0x0
1783864666.404,2665,2665,625928,4,1,6,58,41,938,0,0,2,101325,2500,7150,514,0xf,False,0x0
1783864666.604,2666,2666,626128,4,1,16,34,24,1022,3,-4,-5,101325,2500,7150,480,0xf,False,0x0
1783864667.078,2668,2668,626602,4,1,9,-5,-26,940,-4,0,3,101325,2500,7150,485,0xf,False,0x0
1783864667.548,2670,2670,627072,4,1,-19,45,-19,1036,5,-2,2,101325,2500,7150,488,0xf,False,0x0
1783864668.026,2672,2672,627550,4,1,1,20,51,1038,4,0,2,101325,2500,7149,515,0xf,False,0x0
1783864668.298,2673,2673,627822,4,1,9,-50,-21,930,-1,-2,3,101325,2500,7149,514,0xf,False,0x0
1783864668.498,2674,2674,628022,4,1,20,36,-40,1008,-3,2,-5,101325,2500,7149,517,0xf,False,0x0
1783864668.771,2675,2675,628295,4,1,16,7,48,907,1,3,-3,101325,2500,7149,518,0xf,False,0x0
1783864668.971,2676,2676,628495,4,1,14,-55,24,940,4,3,1,101325,2500,7149,511,0xf,False,0x0
1783864669.279,2677,2677,628803,4,1,14,-43,-8,967,1,2,-2,101325,2500,7149,484,0xf,False,0x0
1783864669.480,2678,2678,629004,4,1,-1,40,27,1057,-5,-3,3,101325,2500,7149,502,0xf,False,0x0
1783864669.754,2679,2679,629278,4,1,20,55,-22,1002,-3,-4,-2,101325,2500,7149,481,0xf,False,0x0
1783864669.955,2680,2680,629479,4,1,-19,-39,-21,914,-4,4,-3,101325,2500,7149,484,0xf,False,0x0
1783864670.219,2681,2681,629742,4,1,-13,53,-14,1044,-1,-2,5,101325,2500,7149,514,0xf,False,0x0
1783864670.419,2682,2682,629943,4,1,8,-9,54,1075,5,-4,3,101325,2500,7149,518,0xf,False,0x0
1783864670.712,2683,2683,630236,4,1,-18,25,-30,960,3,4,-1,101325,2500,7148,506,0xf,False,0x0
1783864670.912,2684,2684,630436,4,1,-9,39,14,1062,0,4,-4,101325,2500,7148,520,0xf,False,0x0
1783864671.189,2685,2685,630713,4,1,-13,-24,-29,1103,-4,-3,-4,101325,2500,7148,492,0xf,False,0x0
1783864671.390,2686,2686,630914,4,1,13,-52,-27,956,-2,3,-4,101325,2500,7148,506,0xf,False,0x0
1783864671.700,2687,2687,631224,4,1,-10,47,57,1089,0,-1,5,101325,2500,7148,493,0xf,False,0x0
1783864671.900,2688,2688,631424,4,1,-3,-56,49,1001,4,0,3,101325,2500,7148,494,0xf,False,0x0
1783864672.173,2689,2689,631697,4,1,-1,37,-5,1030,-5,5,4,101325,2500,7148,490,0xf,False,0x0
1783864672.374,2690,2690,631897,4,1,8,-59,28,1107,-1,-3,2,101325,2500,7148,507,0xf,False,0x0
1783864672.643,2691,2691,632167,4,1,-19,-27,-7,972,4,3,5,101325,2500,7148,517,0xf,False,0x0
1783864672.843,2692,2692,632367,4,1,-8,5,1,964,-5,-3,3,101325,2500,7148,481,0xf,False,0x0
1783864673.114,2693,2693,632638,4,1,-11,29,57,1141,4,-3,5,101325,2500,7147,492,0xf,False,0x0
1783864673.314,2694,2694,632838,4,1,18,53,-40,1098,-1,1,-1,101325,2500,7147,509,0xf,False,0x0
1783864673.593,2695,2695,633117,4,1,4,27,-40,947,3,-3,5,101325,2500,7147,510,0xf,False,0x0
1783864673.793,2696,2696,633317,4,1,-14,13,-58,933,-3,-5,-1,101325,2500,7147,500,0xf,False,0x0
1783864674.090,2697,2697,633614,4,1,-8,-32,-45,1050,0,3,1,101325,2500,7147,501,0xf,False,0x0
1783864674.291,2698,2698,633815,4,1,4,-33,-16,1078,-1,-4,2,101325,2500,7147,510,0xf,False,0x0
1783864674.547,2699,2699,634071,4,1,13,-32,-10,1116,-3,1,-4,101325,2500,7147,482,0xf,False,0x0
1783864674.748,2700,2700,634272,4,1,4,-18,-26,994,2,-2,5,101325,2500,7147,509,0xf,False,0x0
1783864675.031,2701,2701,634555,4,1,10,12,-20,912,0,2,-3,101325,2500,7147,512,0xf,False,0x0
1783864675.231,2702,2702,634755,4,1,15,-53,8,1126,-1,-3,3,101325,2500,7147,519,0xf,False,0x0
1783864675.507,2703,2703,635031,4,1,9,-15,-46,979,-3,-5,-3,101325,2500,7146,501,0xf,False,0x0
1783864675.709,2704,2704,635233,4,1,18,-56,-34,967,4,5,5,101325,2500,7146,496,0xf,False,0x0
1783864675.965,2705,2705,635489,4,1,5,-24,51,1080,-5,-2,5,101325,2500,7146,492,0xf,False,0x0
1783864676.166,2706,2706,635689,4,1,-13,-57,-56,1096,3,0,-5,101325,2500,7146,489,0xf,False,0x0
1783864676.618,2708,2708,636142,4,1,20,-8,-32,1153,3,-1,-1,101325,2500,7146,480,0xf,False,0x0
1783864676.868,2709,2709,636392,4,1,7,11,40,1125,-3,2,-2,101325,2500,7146,516,0xf,False,0x0
1783864677.069,2710,2710,636592,4,1,-10,-54,-5,956,4,-3,-1,101325,2500,7146,507,0xf,False,0x0
1783864677.336,2711,2711,636860,4,1,-8,-2,-10,993,3,1,4,101325,2500,7146,493,0xf,False,0x0
1783864677.536,2712,2712,637060,4,1,-20,37,42,893,0,-2,4,101325,2500,7146,518,0xf,False,0x0
1783864677.785,2713,2713,637309,4,1,8,56,10,948,2,-3,-4,101325,2500,7146,506,0xf,False,0x0
1783864677.986,2714,2714,637510,4,1,-16,33,18,887,-3,-1,2,101325,2500,7145,497,0xf,False,0x0
1783864678.245,2715,2715,637769,4,1,10,-41,0,845,-5,-2,5,101325,2500,7145,508,0xf,False,0x0
1783864678.445,2716,2716,637969,4,1,15,33,-4,980,-4,-2,1,101325,2500,7145,511,0xf,False,0x0
1783864678.682,2717,2717,638206,4,1,19,-4,-18,940,5,4,2,101325,2500,7145,485,0xf,False,0x0
1783864678.882,2718,2718,638406,4,1,7,19,-7,1016,2,-2,0,101325,2500,7145,493,0xf,False,0x0
1783864679.152,2719,2719,638676,4,1,-5,-8,-11,1066,-5,5,4,101325,2500,7145,483,0xf,False,0x0
1783864679.352,2720,2720,638876,4,1,-13,-23,-8,1063,0,5,4,101325,2500,7145,519,0xf,False,0x0
1783864679.653,2721,2721,639177,4,1,-20,-54,-9,1044,5,-1,2,101325,2500,7145,501,0xf,False,0x0
1783864679.854,2722,2722,639378,4,1,-9,29,-54,1072,5,-4,5,101325,2500,7145,502,0xf,False,0x0
1783864680.122,2723,2723,639646,4,1,8,36,-50,1065,-3,2,-5,101325,2500,7145,484,0xf,False,0x0
1783864680.323,2724,2724,639847,4,1,10,27,12,963,2,1,1,101325,2500,7145,497,0xf,False,0x0
1783864680.638,2725,2725,640161,4,1,14,-14,0,1061,-3,1,-3,101325,2500,7144,503,0xf,False,0x0
1783864680.840,2726,2726,640364,4,1,-8,-54,-23,1074,-3,4,4,101325,2500,7144,499,0xf,False,0x0
1783864681.130,2727,2727,640654,4,1,14,-13,-7,958,0,1,-5,101325,2500,7144,516,0xf,False,0x0
1783864681.332,2728,2728,640856,4,1,2,-40,26,1151,-3,2,3,101325,2500,7144,487,0xf,False,0x0
1783864681.620,2729,2729,641144,4,1,-17,7,40,1101,-4,-1,2,101325,2500,7144,516,0xf,False,0x0
1783864681.820,2730,2730,641344,4,1,-20,-44,8,1105,-3,-2,-5,101325,2500,7144,501,0xf,False,0x0
1783864682.102,2731,2731,641626,4,1,5,45,20,935,1,-1,3,101325,2500,7144,498,0xf,False,0x0
1783864682.302,2732,2732,641826,4,1,-5,-32,17,916,-5,2,-4,101325,2500,7144,485,0xf,False,0x0
1783864682.574,2733,2733,642098,4,1,-16,11,-37,1106,3,-3,2,101325,2500,7144,514,0xf,False,0x0
1783864682.775,2734,2734,642298,4,1,-5,45,17,931,-2,3,4,101325,2500,7144,518,0xf,False,0x0
1783864683.093,2735,2735,642617,4,1,11,-20,-56,1078,-2,0,4,101325,2500,7143,482,0xf,False,0x0
1783864683.293,2736,2736,642817,4,1,-6,-48,-43,1038,-3,5,3,101325,2500,7143,504,0xf,False,0x0
1783864683.550,2737,2737,643074,4,1,20,19,-42,993,-2,-4,5,101325,2500,7143,504,0xf,False,0x0
1783864683.750,2738,2738,643274,4,1,11,44,-2,1030,4,1,2,101325,2500,7143,503,0xf,False,0x0
1783864684.021,2739,2739,643545,4,1,-6,-44,-54,1033,1,4,2,101325,2500,7143,513,0xf,False,0x0
1783864684.222,2740,2740,643746,4,1,9,20,-55,1028,4,-3,4,101325,2500,7143,496,0xf,False,0x0
1783864684.671,2742,2742,644195,4,1,15,-55,-33,893,-2,-1,2,101325,2500,7143,482,0xf,False,0x0
1783864684.946,2743,2743,644470,4,1,16,30,-42,1105,2,-3,3,101325,2500,7143,514,0xf,False,0x0
1783864685.147,2744,2744,644671,4,1,14,-41,-36,968,5,-5,0,101325,2500,7143,485,0xf,False,0x0
1783864685.410,2745,2745,644934,4,1,-17,17,-18,1129,5,-2,2,101325,2500,7143,513,0xf,False,0x0
1783864685.611,2746,2746,645135,4,1,9,-21,-58,1082,3,3,0,101325,2500,7142,516,0xf,False,0x0
1783864685.884,2747,2747,645408,4,1,10,-12,11,918,-4,-2,-5,101325,2500,7142,488,0xf,False,0x0
1783864686.084,2748,2748,645608,4,1,4,58,-15,971,-3,-2,-5,101325,2500,7142,496,0xf,False,0x0
1783864686.346,2749,2749,645870,4,1,-3,-27,-54,1040,0,-5,-2,101325,2500,7142,492,0xf,False,0x0
1783864686.829,2751,2751,646353,4,1,12,28,-22,1095,-1,0,-2,101325,2500,7142,516,0xf,False,0x0
1783864687.029,2752,2752,646553,4,1,-20,48,-11,966,-5,-2,-4,101325,2500,7142,495,0xf,False,0x0
1783864687.311,2753,2753,646835,4,1,0,51,-56,1074,4,-1,5,101325,2500,7142,509,0xf,False,0x0
1783864687.511,2754,2754,647035,4,1,16,38,-24,1093,-4,1,-4,101325,2500,7142,490,0xf,False,0x0
1783864687.753,2755,2755,647277,4,1,17,-5,-30,1080,-3,0,-1,101325,2500,7142,480,0xf,False,0x0
1783864687.953,2756,2756,647477,4,1,-17,56,-29,1106,-3,3,3,101325,2500,7142,485,0xf,False,0x0
1783864688.156,2757,2757,647679,4,1,20,-28,-26,1064,-4,4,2,101325,2500,7141,491,0xf,False,0x0
1783864688.356,2758,2758,647880,4,1,14,58,28,979,5,-5,2,101325,2500,7141,489,0xf,False,0x0
1783864688.556,2759,2759,648080,4,1,17,37,-4,1064,2,-2,-4,101325,2500,7141,489,0xf,False,0x0
1783864688.803,2760,2760,648327,4,1,20,56,22,1063,-5,0,0,101325,2500,7141,488,0xf,False,0x0
1783864689.003,2761,2761,648527,4,1,-17,29,34,928,-1,-3,0,101325,2500,7141,498,0xf,False,0x0
1783864689.265,2762,2762,648789,4,1,0,-15,49,1016,-1,1,0,101325,2500,7141,508,0xf,False,0x0
1783864689.466,2763,2763,648990,4,1,6,28,19,1084,2,-3,0,101325,2500,7141,516,0xf,False,0x0
1783864689.727,2764,2764,649251,4,1,-5,-45,6,1122,5,1,2,101325,2500,7141,486,0xf,False,0x0
1783864689.927,2765,2765,649451,4,1,11,53,-42,1107,0,2,-2,101325,2500,7141,513,0xf,False,0x0
1783864690.213,2766,2766,649737,4,1,0,43,-6,881,-4,-4,-2,101325,2500,7141,503,0xf,False,0x0
1783864690.413,2767,2767,649937,4,1,-6,-41,-11,1091,1,-2,1,101325,2500,7141,515,0xf,False,0x0
1783864690.705,2768,2768,650229,4,1,2,44,-31,965,2,-1,0,101325,2500,7140,504,0xf,False,0x0
1783864690.905,2769,2769,650429,4,1,9,42,24,942,-5,0,0,101325,2500,7140,486,0xf,False,0x0
1783864691.181,2770,2770,650705,4,1,-19,3,23,1023,4,3,-1,101325,2500,7140,517,0xf,False,0x0
1783864691.382,2771,2771,650906,4,1,8,-38,45,994,-1,-3,5,101325,2500,7140,492,0xf,False,0x0
1783864691.649,2772,2772,651173,4,1,-9,20,-13,943,-3,0,3,101325,2500,7140,494,0xf,False,0x0
1783864691.850,2773,2773,651374,4,1,14,13,-52,937,3,-2,1,101325,2500,7140,487,0xf,False,0x0
1783864692.111,2774,2774,651635,4,1,17,1,-1,985,2,-5,-5,101325,2500,7140,510,0xf,False,0x0
1783864692.311,2775,2775,651835,4,1,-3,-56,52,972,1,1,3,101325,2500,7140,495,0xf,False,0x0
1783864692.604,2776,2776,652128,4,1,0,52,-7,1139,0,-5,-3,101325,2500,7140,480,0xf,False,0x0
1783864692.805,2777,2777,652329,4,1,18,-39,-8,1049,0,0,-5,101325,2500,7140,506,0xf,False,0x0
1783864693.055,2778,2778,652579,4,1,5,25,3,1077,-4,-5,3,101325,2500,7139,482,0xf,False,0x0
1783864693.256,2779,2779,652780,4,1,-11,20,-5,936,3,-2,0,101325,2500,7139,517,0xf,False,0x0
1783864693.499,2780,2780,653023,4,1,13,-8,-40,1079,-4,4,5,101325,2500,7139,512,0xf,False,0x0
1783864693.700,2781,2781,653224,4,1,17,31,-55,1034,-5,4,4,101325,2500,7139,487,0xf,False,0x0
1783864693.995,2782,2782,653519,4,1,-17,39,56,1052,-4,5,-5,101325,2500,7139,486,0xf,False,0x0
1783864694.196,2783,2783,653720,4,1,-10,-41,59,913,-1,3,5,101325,2500,7139,506,0xf,False,0x0
1783864694.454,2784,2784,653978,4,1,1,48,56,925,-5,5,-2,101325,2500,7139,488,0xf,False,0x0
1783864694.654,2785,2785,654178,4,1,9,35,51,961,2,5,-1,101325,2500,7139,480,0xf,False,0x0
1783864694.918,2786,2786,654442,4,1,4,-36,-13,1147,-2,2,3,101325,2500,7139,488,0xf,False,0x0
1783864695.118,2787,2787,654642,4,1,16,25,-25,941,4,-4,1,101325,2500,7139,496,0xf,False,0x0
1783864695.375,2788,2788,654899,4,1,10,5,58,1020,5,-5,-2,101325,2500,7139,500,0xf,False,0x0
1783864695.576,2789,2789,655100,4,1,19,30,25,1080,3,-3,0,101325,2500,7138,496,0xf,False,0x0
1783864695.872,2790,2790,655396,4,1,-5,-22,18,1082,-2,0,-3,101325,2500,7138,492,0xf,False,0x0
1783864696.072,2791,2791,655596,4,1,-14,-18,-56,949,0,4,-5,101325,2500,7138,487,0xf,False,0x0
1783864696.378,2792,2792,655902,4,1,0,-5,-48,969,-3,-1,-2,101325,2500,7138,500,0xf,False,0x0
1783864696.579,2793,2793,656102,4,1,-18,21,-24,1122,5,4,1,101325,2500,7138,500,0xf,False,0x0
1783864696.831,2794,2794,656355,4,1,-13,50,24,929,-2,4,-3,101325,2500,7138,497,0xf,False,0x0
1783864697.031,2795,2795,656555,4,1,-17,-16,18,1036,-3,-3,4,101325,2500,7138,495,0xf,False,0x0
1783864697.291,2796,2796,656815,4,1,-14,-33,-57,1130,-4,-5,5,101325,2500,7138,499,0xf,False,0x0
1783864697.491,2797,2797,657015,4,1,-8,-26,46,1109,4,-5,0,101325,2500,7138,514,0xf,False,0x0
1783864697.828,2798,2798,657352,4,1,-19,49,34,1051,-4,1,1,101325,2500,7138,511,0xf,False,0x0
1783864698.341,2800,2800,657865,4,1,-7,-44,1,1013,-2,-2,2,101325,2500,7137,511,0xf,False,0x0
1783864698.542,2801,2801,658066,4,1,-10,58,10,1064,0,2,-2,101325,2500,7137,481,0xf,False,0x0
1783864698.825,2802,2802,658349,4,1,-19,-40,0,1088,1,-2,2,101325,2500,7137,501,0xf,False,0x0
1783864699.026,2803,2803,658550,4,1,-6,39,-41,862,5,-4,-1,101325,2500,7137,481,0xf,False,0x0
1783864699.309,2804,2804,658833,4,1,-2,42,20,987,-3,-2,5,101325,2500,7137,492,0xf,False,0x0
1783864699.510,2805,2805,659034,4,1,10,46,53,1142,2,-3,-4,101325,2500,7137,496,0xf,False,0x0
1783864699.768,2806,2806,659292,4,1,12,54,20,1062,0,0,-3,101325,2500,7137,498,0xf,False,0x0
1783864699.968,2807,2807,659492,4,1,4,23,-17,895,1,-2,2,101325,2500,7137,520,0xf,False,0x0
1783864700.230,2808,2808,659754,4,1,-5,-36,30,1088,3,-4,4,101325,2500,7137,480,0xf,False,0x0
1783864700.430,2809,2809,659954,4,1,-19,7,34,891,5,-1,3,101325,2500,7137,483,0xf,False,0x0
1783864700.697,2810,2810,660221,4,1,7,-7,-27,1061,5,5,5,101325,2500,7136,492,0xf,False,0x0
1783864701.154,2812,2812,660677,4,1,16,51,-24,1049,-4,-4,3,101325,2500,7136,507,0xf,False,0x0
1783864701.354,2813,2813,660878,4,1,-20,26,6,884,1,-2,3,101325,2500,7136,517,0xf,False,0x0
1783864701.643,2814,2814,661167,4,1,13,33,10,883,3,1,-3,101325,2500,7136,486,0xf,False,0x0
1783864701.844,2815,2815,661368,4,1,-12,37,-49,955,-4,-1,-1,101325,2500,7136,498,0xf,False,0x0
1783864702.139,2816,2816,661663,4,1,-5,16,55,1131,5,-5,4,101325,2500,7136,511,0xf,False,0x0
1783864702.340,2817,2817,661864,4,1,-19,25,-4,991,3,4,5,101325,2500,7136,509,0xf,False,0x0
1783864702.618,2818,2818,662141,4,1,16,-52,-42,898,3,-5,5,101325,2500,7136,513,0xf,False,0x0
1783864702.819,2819,2819,662343,4,1,-3,12,40,873,2,3,-4,101325,2500,7136,486,0xf,False,0x0
1783864703.122,2820,2820,662646,4,1,-3,-3,17,1076,1,1,1,101325,2500,7135,486,0xf,False,0x0
1783864703.323,2821,2821,662846,4,1,9,-8,-39,1072,5,0,2,101325,2500,7135,512,0xf,False,0x0
1783864703.601,2822,2822,663124,4,1,16,23,55,1052,-2,1,3,101325,2500,7135,487,0xf,False,0x0
1783864703.801,2823,2823,663325,4,1,18,-24,-4,1059,4,3,4,101325,2500,7135,520,0xf,False,0x0
1783864704.091,2824,2824,663615,4,1,0,48,-18,1041,1,4,-4,101325,2500,7135,504,0xf,False,0x0
1783864704.292,2825,2825,663816,4,1,2,41,-53,932,1,-2,-1,101325,2500,7135,484,0xf,False,0x0
1783864704.541,2826,2826,664065,4,1,0,-42,-34,884,0,0,1,101325,2500,7135,495,0xf,False,0x0
1783864705.006,2828,2828,664530,4,1,-14,45,-25,1069,-2,-3,1,101325,2500,7135,482,0xf,False,0x0
1783864705.207,2829,2829,664731,4,1,0,-51,-39,992,4,0,4,101325,2500,7135,486,0xf,False,0x0
1783864705.503,2830,2830,665027,4,1,5,-46,-8,1068,4,-2,0,101325,2500,7134,485,0xf,False,0x0
1783864705.703,2831,2831,665227,4,1,-10,24,36,920,2,1,1,101325,2500,7134,495,0xf,False,0x0
1783864706.193,2833,2833,665717,4,1,11,32,-21,1103,0,3,3,101325,2500,7134,514,0xf,False,0x0
1783864706.495,2834,2834,666019,4,1,1,22,2,877,-3,1,-5,101325,2500,7134,492,0xf,False,0x0
1783864706.696,2835,2835,666220,4,1,2,-46,-9,945,-1,-5,1,101325,2500,7134,494,0xf,False,0x0
1783864706.968,2836,2836,666492,4,1,14,-56,52,929,0,-2,5,101325,2500,7134,511,0xf,False,0x0
1783864707.169,2837,2837,666693,4,1,1,-54,46,947,1,3,4,101325,2500,7134,496,0xf,False,0x0
1783864707.446,2838,2838,666970,4,1,-6,52,17,892,-1,0,5,101325,2500,7134,510,0xf,False,0x0
1783864707.646,2839,2839,667170,4,1,0,-43,-40,1102,-2,4,-4,101325,2500,7134,482,0xf,False,0x0
1783864708.119,2841,2841,667643,4,1,5,22,-21,977,-4,-5,-2,101325,2500,7133,513,0xf,False,0x0
1783864708.401,2842,2842,667925,4,1,-2,-44,-29,1143,-3,1,-4,101325,2500,7133,517,0xf,False,0x0
1783864708.602,2843,2843,668126,4,1,-8,17,0,1101,1,-3,-2,101325,2500,7133,486,0xf,False,0x0
1783864708.890,2844,2844,668414,4,1,-12,-49,-53,1074,0,3,-2,101325,2500,7133,517,0xf,False,0x0
1783864709.091,2845,2845,668615,4,1,15,49,44,1027,-5,-2,-1,101325,2500,7133,480,0xf,False,0x0
1783864709.401,2846,2846,668925,4,1,11,-1,9,1105,-3,-1,1,101325,2500,7133,513,0xf,False,0x0
1783864709.602,2847,2847,669126,4,1,20,28,54,1144,0,-4,0,101325,2500,7133,494,0xf,False,0x0
1783864709.878,2848,2848,669402,4,1,14,58,-12,1054,2,-1,4,101325,2500,7133,490,0xf,False,0x0
1783864710.404,2850,2850,669928,4,1,-5,24,41,889,3,-3,-3,101325,2500,7133,518,0xf,False,0x0
1783864710.606,2851,2851,670130,4,1,-19,42,-40,1075,-5,3,4,101325,2500,7132,510,0xf,False,0x0
1783864710.892,2852,2852,670416,4,1,5,35,-8,1074,5,-1,1,101325,2500,7132,512,0xf,False,0x0
1783864711.092,2853,2853,670616,4,1,-17,49,-57,964,-3,-2,3,101325,2500,7132,499,0xf,False,0x0
1783864711.417,2854,2854,670941,4,1,-13,12,42,902,3,1,3,101325,2500,7132,499,0xf,False,0x0
1783864711.618,2855,2855,671142,4,1,-8,54,5,1030,4,-4,0,101325,2500,7132,502,0xf,False,0x0
1783864711.910,2856,2856,671434,4,1,-11,-55,6,902,0,-2,-1,101325,2500,7132,495,0xf,False,0x0
1783864712.110,2857,2857,671634,4,1,19,47,18,975,-5,5,-4,101325,2500,7132,516,0xf,False,0x0
1783864712.365,2858,2858,671889,4,1,-13,35,19,931,2,3,-2,101325,2500,7132,482,0xf,False,0x0
1783864712.848,2860,2860,672371,4,1,20,56,59,1023,-4,5,3,101325,2500,7132,511,0xf,False,0x0
1783864713.048,2861,2861,672572,4,1,1,54,-20,986,0,-4,3,101325,2500,7131,509,0xf,False,0x0
1783864713.349,2862,2862,672873,4,1,-18,-2,-35,1075,1,-3,1,101325,2500,7131,497,0xf,False,0x0
1783864713.549,2863,2863,673073,4,1,19,2,13,972,-5,1,-3,101325,2500,7131,509,0xf,False,0x0
1783864713.827,2864,2864,673351,4,1,11,-8,-40,1019,-1,-5,-5,101325,2500,7131,519,0xf,False,0x0
1783864714.028,2865,2865,673552,4,1,14,-3,-54,970,-3,4,-3,101325,2500,7131,511,0xf,False,0x0
1783864714.301,2866,2866,673825,4,1,-20,57,-19,954,-2,5,1,101325,2500,7131,493,0xf,False,0x0
1783864714.502,2867,2867,674026,4,1,8,26,-26,1050,2,5,2,101325,2500,7131,483,0xf,False,0x0
1783864714.768,2868,2868,674292,4,1,10,33,38,885,-3,-4,-5,101325,2500,7131,518,0xf,False,0x0
1783864714.969,2869,2869,674493,4,1,-11,26,-49,1070,-4,-4,-1,101325,2500,7131,486,0xf,False,0x0
1783864715.169,2870,2870,674693,4,1,-4,17,-59,1067,-1,-3,-2,101325,2500,7131,504,0xf,False,0x0
1783864715.370,2871,2871,674894,4,1,15,12,-40,987,-3,-4,-2,101325,2500,7131,498,0xf,False,0x0
1783864715.570,2872,2872,675094,4,1,18,-41,-15,1071,-3,-5,-1,101325,2500,7130,496,0xf,False,0x0
1783864715.793,2873,2873,675317,4,1,-14,38,16,1097,5,-5,1,101325,2500,7130,516,0xf,False,0x0
1783864715.994,2874,2874,675518,4,1,-16,-3,40,989,-3,-5,1,101325,2500,7130,493,0xf,False,0x0
1783864716.266,2875,2875,675790,4,1,-4,-5,7,1065,0,3,-2,101325,2500,7130,512,0xf,False,0x0
1783864716.467,2876,2876,675991,4,1,16,21,-8,1108,4,2,4,101325,2500,7130,505,0xf,False,0x0
1783864716.741,2877,2877,676265,4,1,-18,-39,2,1059,5,1,-3,101325,2500,7130,485,0xf,False,0x0
1783864716.942,2878,2878,676466,4,1,19,-3,-1,952,-3,3,0,101325,2500,7130,505,0xf,False,0x0
1783864717.261,2879,2879,676785,4,1,-8,42,23,944,-4,2,4,101325,2500,7130,487,0xf,False,0x0
1783864717.462,2880,2880,676986,4,1,4,-46,44,1125,2,4,0,101325,2500,7130,487,0xf,False,0x0
1783864717.662,2881,2881,677186,4,1,-1,-27,-28,906,-3,4,2,101325,2500,7130,486,0xf,False,0x0
1783864717.894,2882,2882,677417,4,1,5,-30,56,930,-2,3,-3,101325,2500,7130,490,0xf,False,0x0
1783864718.094,2883,2883,677618,4,1,14,-18,-15,963,4,3,-3,101325,2500,7129,489,0xf,False,0x0
1783864718.295,2884,2884,677819,4,1,6,12,47,967,2,0,4,101325,2500,7129,486,0xf,False,0x0
1783864718.750,2886,2886,678274,4,1,-19,30,-25,1077,-4,2,5,101325,2500,7129,488,0xf,False,0x0
1783864718.951,2887,2887,678475,4,1,-1,52,6,1055,2,0,4,101325,2500,7129,498,0xf,False,0x0
1783864719.229,2888,2888,678753,4,1,-13,32,11,1038,-1,-5,-2,101325,2500,7129,501,0xf,False,0x0
1783864719.429,2889,2889,678953,4,1,1,-55,49,900,2,0,-5,101325,2500,7129,518,0xf,False,0x0
1783864719.706,2890,2890,679230,4,1,-2,46,44,980,-3,-1,3,101325,2500,7129,506,0xf,False,0x0
1783864719.907,2891,2891,679430,4,1,8,49,-28,919,-4,2,5,101325,2500,7129,490,0xf,False,0x0
1783864720.174,2892,2892,679698,4,1,-8,43,-31,1121,-2,-1,-2,101325,2500,7129,497,0xf,False,0x0
1783864720.374,2893,2893,679898,4,1,16,-5,-17,1039,-5,2,-2,101325,2500,7129,504,0xf,False,0x0
1783864720.680,2894,2894,680204,4,1,20,28,48,1015,5,-2,-2,101325,2500,7128,490,0xf,False,0x0
1783864720.881,2895,2895,680405,4,1,6,-55,-10,1109,-5,-3,-3,101325,2500,7128,480,0xf,False,0x0
1783864721.167,2896,2896,680691,4,1,-9,-13,50,1042,-5,2,-5,101325,2500,7128,484,0xf,False,0x0
1783864721.368,2897,2897,680892,4,1,18,-33,-9,1066,-3,0,3,101325,2500,7128,508,0xf,False,0x0
1783864721.663,2898,2898,681187,4,1,16,16,24,1084,-4,-4,5,101325,2500,7128,492,0xf,False,0x0
1783864721.864,2899,2899,681388,4,1,2,27,52,954,-2,2,-3,101325,2500,7128,512,0xf,False,0x0
1783864722.146,2900,2900,681670,4,1,2,-42,60,945,5,4,4,101325,2500,7128,512,0xf,False,0x0
1783864722.347,2901,2901,681871,4,1,20,-8,4,955,-1,1,-5,101325,2500,7128,515,0xf,False,0x0
1783864722.641,2902,2902,682165,4,1,15,-59,4,1025,0,4,4,101325,2500,7128,501,0xf,False,0x0
1783864722.842,2903,2903,682366,4,1,8,7,-35,1057,-1,-1,-2,101325,2500,7128,484,0xf,False,0x0
1783864723.132,2904,2904,682656,4,1,-16,-26,8,1122,-4,4,0,101325,2500,7127,500,0xf,False,0x0
1783864723.332,2905,2905,682856,4,1,-19,-59,8,1013,-5,-3,-2,101325,2500,7127,487,0xf,False,0x0
1783864723.625,2906,2906,683149,4,1,2,34,39,922,-1,2,4,101325,2500,7127,495,0xf,False,0x0
1783864723.826,2907,2907,683350,4,1,7,-49,23,1071,-1,0,-4,101325,2500,7127,509,0xf,False,0x0
1783864724.106,2908,2908,683630,4,1,13,57,39,871,3,-4,1,101325,2500,7127,514,0xf,False,0x0
1783864724.306,2909,2909,683830,4,1,-13,22,-38,924,3,4,0,101325,2500,7127,509,0xf,False,0x0
1783864724.569,2910,2910,684093,4,1,19,-18,-28,853,-4,3,2,101325,2500,7127,499,0xf,False,0x0
1783864724.770,2911,2911,684294,4,1,2,-6,-30,1070,-3,1,-2,101325,2500,7127,483,0xf,False,0x0
1783864725.032,2912,2912,684556,4,1,19,-48,-6,1085,0,1,5,101325,2500,7127,517,0xf,False,0x0
1783864725.233,2913,2913,684757,4,1,12,5,0,962,1,-3,-5,101325,2500,7127,501,0xf,False,0x0
1783864725.517,2914,2914,685041,4,1,13,2,-48,907,-5,-3,2,101325,2500,7126,506,0xf,False,0x0
1783864725.718,2915,2915,685242,4,1,-16,56,-58,999,-5,-5,-5,101325,2500,7126,515,0xf,False,0x0
1783864725.984,2916,2916,685508,4,1,-2,32,-46,935,4,-5,1,101325,2500,7126,505,0xf,False,0x0
1783864726.185,2917,2917,685709,4,1,-13,-13,52,1013,-5,-5,-3,101325,2500,7126,497,0xf,False,0x0
1783864726.480,2918,2918,686004,4,1,14,-11,58,961,4,-3,0,101325,2500,7126,514,0xf,False,0x0
1783864726.680,2919,2919,686204,4,1,-15,11,-14,1073,-2,-4,3,101325,2500,7126,519,0xf,False,0x0
1783864726.972,2920,2920,686496,4,1,-15,2,16,1081,1,5,-3,101325,2500,7126,520,0xf,False,0x0
1783864727.172,2921,2921,686696,4,1,2,-9,35,999,0,-3,-1,101325,2500,7126,509,0xf,False,0x0
1783864727.450,2922,2922,686974,4,1,-16,-44,-29,941,-3,1,5,101325,2500,7126,503,0xf,False,0x0
1783864727.651,2923,2923,687175,4,1,-2,-28,4,875,-3,4,0,101325,2500,7126,483,0xf,False,0x0
1783864727.962,2924,2924,687486,4,1,11,52,14,1076,-4,0,1,101325,2500,7126,493,0xf,False,0x0
1783864728.164,2925,2925,687688,4,1,-17,-14,-18,956,1,5,-4,101325,2500,7125,519,0xf,False,0x0
1783864728.364,2926,2926,687888,4,1,-20,13,-36,873,-1,-5,2,101325,2500,7125,486,0xf,False,0x0
1783864728.565,2927,2927,688089,4,1,-14,53,-53,922,1,2,3,101325,2500,7125,491,0xf,False,0x0
1783864728.766,2928,2928,688290,4,1,15,-12,-54,950,5,1,-2,101325,2500,7125,499,0xf,False,0x0
1783864728.971,2929,2929,688495,4,1,-9,50,0,1016,-2,2,3,101325,2500,7125,499,0xf,False,0x0
1783864729.172,2930,2930,688696,4,1,-12,-30,11,972,-4,5,-4,101325,2500,7125,495,0xf,False,0x0
1783864729.441,2931,2931,688965,4,1,11,52,-35,1073,5,-4,-2,101325,2500,7125,500,0xf,False,0x0
1783864729.642,2932,2932,689166,4,1,-7,-35,-44,943,3,0,0,101325,2500,7125,497,0xf,False,0x0
1783864729.843,2933,2933,689367,4,1,8,29,30,1069,1,-5,-4,101325,2500,7125,497,0xf,False,0x0
1783864730.058,2934,2934,689582,4,1,-7,-48,-32,1033,5,2,-4,101325,2500,7125,499,0xf,False,0x0
1783864730.258,2935,2935,689782,4,1,19,-53,2,924,5,5,0,101325,2500,7125,495,0xf,False,0x0
1783864730.901,2938,2938,690425,4,1,20,15,-36,1082,-4,-4,5,101325,2500,7124,483,0xf,False,0x0
1783864731.102,2939,2939,690626,4,1,5,33,13,947,4,-1,1,101325,2500,7124,501,0xf,False,0x0
1783864731.385,2940,2940,690909,4,1,6,-34,-27,853,0,-3,-4,101325,2500,7124,496,0xf,False,0x0
1783864731.585,2941,2941,691109,4,1,2,-22,20,993,-1,5,5,101325,2500,7124,501,0xf,False,0x0
1783864731.857,2942,2942,691381,4,1,0,47,-15,1015,-4,2,-2,101325,2500,7124,509,0xf,False,0x0
1783864732.058,2943,2943,691582,4,1,-19,-31,21,1005,-2,4,1,101325,2500,7124,506,0xf,False,0x0
1783864732.534,2945,2945,692058,4,1,-5,20,-47,947,2,4,4,101325,2500,7124,493,0xf,False,0x0
1783864732.837,2946,2946,692361,4,1,13,1,-59,973,-5,-1,0,101325,2500,7124,515,0xf,False,0x0
1783864733.038,2947,2947,692561,4,1,20,15,13,924,-2,0,4,101325,2500,7123,498,0xf,False,0x0
1783864733.320,2948,2948,692844,4,1,9,9,19,1032,1,4,0,101325,2500,7123,488,0xf,False,0x0
1783864733.521,2949,2949,693045,4,1,3,39,30,1014,3,4,-4,101325,2500,7123,499,0xf,False,0x0
1783864733.810,2950,2950,693334,4,1,0,-9,12,928,2,-1,-2,101325,2500,7123,507,0xf,False,0x0
1783864734.011,2951,2951,693535,4,1,2,20,-6,1068,-4,-5,3,101325,2500,7123,502,0xf,False,0x0
1783864734.294,2952,2952,693818,4,1,7,42,-21,1059,-4,1,-2,101325,2500,7123,480,0xf,False,0x0
1783864734.496,2953,2953,694019,4,1,-11,-60,-20,1087,-1,-1,-1,101325,2500,7123,494,0xf,False,0x0
1783864734.776,2954,2954,694300,4,1,-4,31,-28,1012,-3,-3,4,101325,2500,7123,482,0xf,False,0x0
1783864734.977,2955,2955,694501,4,1,3,-17,40,976,0,0,2,101325,2500,7123,490,0xf,False,0x0
1783864735.272,2956,2956,694795,4,1,2,-3,7,1029,-2,-5,0,101325,2500,7123,507,0xf,False,0x0
1783864735.472,2957,2957,694996,4,1,-8,58,-8,1145,-5,-2,0,101325,2500,7123,509,0xf,False,0x0
1783864735.744,2958,2958,695268,4,1,16,-47,-40,1021,3,-4,2,101325,2500,7122,497,0xf,False,0x0
1783864735.945,2959,2959,695469,4,1,12,50,-51,976,5,0,-2,101325,2500,7122,485,0xf,False,0x0
1783864736.216,2960,2960,695740,4,1,-1,-5,20,1107,-2,-5,1,101325,2500,7122,497,0xf,False,0x0
1783864736.417,2961,2961,695941,4,1,16,-15,22,1079,-2,2,-5,101325,2500,7122,505,0xf,False,0x0
1783864736.705,2962,2962,696229,4,1,4,-32,46,897,5,0,-4,101325,2500,7122,515,0xf,False,0x0
1783864736.905,2963,2963,696429,4,1,-6,-15,15,941,2,1,-4,101325,2500,7122,496,0xf,False,0x0
1783864737.177,2964,2964,696701,4,1,-15,-20,24,935,5,4,-3,101325,2500,7122,490,0xf,False,0x0
1783864737.378,2965,2965,696902,4,1,8,-17,-47,1116,-2,-1,-5,101325,2500,7122,493,0xf,False,0x0
1783864737.696,2966,2966,697220,4,1,-8,30,-21,945,-3,0,4,101325,2500,7122,502,0xf,False,0x0
1783864737.897,2967,2967,697421,4,1,16,-6,16,875,-5,1,3,101325,2500,7122,517,0xf,False,0x0
1783864738.187,2968,2968,697711,4,1,-13,-6,-36,1062,-2,-5,-5,101325,2500,7121,508,0xf,False,0x0
1783864738.388,2969,2969,697912,4,1,16,11,53,962,0,-3,-4,101325,2500,7121,501,0xf,False,0x0
1783864738.678,2970,2970,698202,4,1,-2,57,-52,1127,-2,5,4,101325,2500,7121,493,0xf,False,0x0
1783864738.878,2971,2971,698402,4,1,11,-2,-56,1034,1,-5,3,101325,2500,7121,517,0xf,False,0x0
1783864739.168,2972,2972,698692,4,1,10,53,2,988,-5,-2,-2,101325,2500,7121,516,0xf,False,0x0
1783864739.369,2973,2973,698893,4,1,-17,56,-23,1087,-4,1,-2,101325,2500,7121,518,0xf,False,0x0
1783864739.640,2974,2974,699164,4,1,-12,-2,-35,953,-2,2,2,101325,2500,7121,507,0xf,False,0x0
1783864739.842,2975,2975,699366,4,1,8,11,34,1040,1,-2,0,101325,2500,7121,491,0xf,False,0x0
1783864740.356,2977,2977,699879,4,1,-4,-38,30,1128,3,4,0,101325,2500,7121,500,0xf,False,0x0
1783864740.649,2978,2978,700173,4,1,-5,32,51,1030,-4,0,-3,101325,2500,7120,510,0xf,False,0x0
1783864740.850,2979,2979,700374,4,1,-17,10,60,968,-2,-3,-5,101325,2500,7120,483,0xf,False,0x0
1783864741.131,2980,2980,700655,4,1,-11,51,-18,872,-1,-5,-4,101325,2500,7120,483,0xf,False,0x0
1783864741.331,2981,2981,700855,4,1,-17,-6,-16,881,1,-5,5,101325,2500,7120,501,0xf,False,0x0
1783864741.633,2982,2982,701157,4,1,-13,52,-54,1111,1,-3,2,101325,2500,7120,511,0xf,False,0x0
1783864741.834,2983,2983,701358,4,1,7,10,18,1073,-2,-5,5,101325,2500,7120,504,0xf,False,0x0
1783864742.118,2984,2984,701642,4,1,-11,-40,52,999,2,-1,4,101325,2500,7120,520,0xf,False,0x0
1783864742.319,2985,2985,701843,4,1,1,55,-60,966,-3,2,-2,101325,2500,7120,515,0xf,False,0x0
1783864742.594,2986,2986,702118,4,1,6,-3,13,1083,-4,4,4,101325,2500,7120,481,0xf,False,0x0
1783864742.795,2987,2987,702319,4,1,-13,48,51,938,1,0,3,101325,2500,7120,510,0xf,False,0x0
1783864743.059,2988,2988,702583,4,1,2,8,16,1118,-4,1,5,101325,2500,7119,504,0xf,False,0x0
1783864743.259,2989,2989,702783,4,1,-16,-20,-59,995,0,1,0,101325,2500,7119,498,0xf,False,0x0
1783864743.525,2990,2990,703049,4,1,-19,30,-5,895,-4,5,-4,101325,2500,7119,498,0xf,False,0x0
1783864743.726,2991,2991,703250,4,1,-2,12,24,918,-4,2,-1,101325,2500,7119,480,0xf,False,0x0
1783864743.995,2992,2992,703519,4,1,11,-33,-58,878,4,-1,-5,101325,2500,7119,519,0xf,False,0x0
1783864744.195,2993,2993,703719,4,1,14,-25,-17,934,-4,1,-5,101325,2500,7119,496,0xf,False,0x0
1783864744.471,2994,2994,703995,4,1,-11,26,-6,1088,-3,-3,-4,101325,2500,7119,484,0xf,False,0x0
1783864744.672,2995,2995,704196,4,1,11,19,-40,1085,5,1,-2,101325,2500,7119,515,0xf,False,0x0
1783864744.938,2996,2996,704462,4,1,-6,-26,14,1015,4,5,3,101325,2500,7119,518,0xf,False,0x0
1783864745.139,2997,2997,704663,4,1,10,-44,-39,875,-2,1,3,101325,2500,7119,508,0xf,False,0x0
1783864745.436,2998,2998,704959,4,1,-12,-27,35,1062,2,-2,-4,101325,2500,7119,489,0xf,False,0x0
1783864745.637,2999,2999,705161,4,1,-14,51,-52,921,2,3,-2,101325,2500,7118,511,0xf,False,0x0
1783864745.926,3000,3000,705450,4,1,17,-34,-30,1082,5,4,3,101325,2500,7118,485,0xf,False,0x0
1783864746.127,3001,3001,705651,4,1,-15,15,-10,1044,-4,4,5,101325,2500,7118,506,0xf,False,0x0
1783864746.411,3002,3002,705935,4,1,4,47,20,1088,1,3,-4,101325,2500,7118,512,0xf,False,0x0
1783864746.611,3003,3003,706135,4,1,-17,-5,24,1000,2,-2,5,101325,2500,7118,508,0xf,False,0x0
1783864746.914,3004,3004,706438,4,1,-4,58,-23,951,5,4,1,101325,2500,7118,499,0xf,False,0x0
1783864747.115,3005,3005,706639,4,1,9,1,-29,1026,-2,-4,5,101325,2500,7118,516,0xf,False,0x0
1783864747.374,3006,3006,706898,4,1,1,-14,-34,1036,2,2,4,101325,2500,7118,517,0xf,False,0x0
1783864747.574,3007,3007,707098,4,1,-10,47,20,973,0,0,-2,101325,2500,7118,518,0xf,False,0x0
1783864747.855,3008,3008,707379,4,1,-9,-21,-25,971,2,-2,2,101325,2500,7118,509,0xf,False,0x0
1783864748.056,3009,3009,707580,4,1,4,-12,4,1089,-2,0,-3,101325,2500,7117,491,0xf,False,0x0
1783864748.526,3011,3011,708050,4,1,3,14,35,868,-3,2,3,101325,2500,7117,517,0xf,False,0x0
1783864748.827,3012,3012,708351,4,1,10,-25,22,993,1,-2,0,101325,2500,7117,518,0xf,False,0x0
1783864749.028,3013,3013,708552,4,1,-7,-46,-49,878,-1,-2,-3,101325,2500,7117,512,0xf,False,0x0
1783864749.313,3014,3014,708837,4,1,17,-37,-9,910,2,5,2,101325,2500,7117,496,0xf,False,0x0
1783864749.514,3015,3015,709038,4,1,9,-37,-27,1060,1,3,0,101325,2500,7117,498,0xf,False,0x0
1783864749.769,3016,3016,709293,4,1,13,14,-54,1010,5,2,-4,101325,2500,7117,506,0xf,False,0x0
1783864749.970,3017,3017,709494,4,1,17,44,50,893,4,3,5,101325,2500,7117,506,0xf,False,0x0
1783864750.277,3018,3018,709801,4,1,-14,-59,-47,1055,4,0,-1,101325,2500,7117,517,0xf,False,0x0
1783864750.477,3019,3019,710001,4,1,-3,14,48,1077,-2,-4,5,101325,2500,7116,507,0xf,False,0x0
1783864750.773,3020,3020,710297,4,1,17,22,-22,1142,-1,3,1,101325,2500,7116,489,0xf,False,0x0
1783864750.974,3021,3021,710498,4,1,-9,1,54,898,5,-2,2,101325,2500,7116,483,0xf,False,0x0
1783864751.241,3022,3022,710765,4,1,15,-42,36,956,-4,-4,-1,101325,2500,7116,519,0xf,False,0x0
1783864751.441,3023,3023,710965,4,1,-12,-45,-34,961,-1,4,-2,101325,2500,7116,495,0xf,False,0x0
1783864751.749,3024,3024,711273,4,1,4,-56,-58,883,1,-5,3,101325,2500,7116,482,0xf,False,0x0
1783864751.949,3025,3025,711473,4,1,-12,39,-2,1067,-2,-3,-1,101325,2500,7116,484,0xf,False,0x0
1783864752.428,3027,3027,711952,4,1,-3,13,35,970,3,-3,-2,101325,2500,7116,515,0xf,False,0x0
1783864752.683,3028,3028,712207,4,1,-16,20,-16,946,-1,2,3,101325,2500,7116,520,0xf,False,0x0
1783864752.884,3029,3029,712408,4,1,18,-16,27,992,-5,1,4,101325,2500,7116,518,0xf,False,0x0
1783864753.203,3030,3030,712727,4,1,16,-55,-17,970,1,5,-2,101325,2500,7115,481,0xf,False,0x0
1783864753.403,3031,3031,712927,4,1,12,15,25,1028,-4,-4,4,101325,2500,7115,494,0xf,False,0x0
1783864753.874,3033,3033,713398,4,1,2,-7,-33,1041,-5,-3,1,101325,2500,7115,507,0xf,False,0x0
1783864754.133,3034,3034,713657,4,1,10,8,47,973,-4,-3,0,101325,2500,7115,492,0xf,False,0x0
1783864754.334,3035,3035,713858,4,1,9,43,57,1086,3,2,2,101325,2500,7115,500,0xf,False,0x0
1783864754.602,3036,3036,714126,4,1,-16,13,5,1049,1,-1,5,101325,2500,7115,489,0xf,False,0x0
1783864754.802,3037,3037,714326,4,1,13,-13,-53,1136,1,3,1,101325,2500,7115,519,0xf,False,0x0
1783864755.104,3038,3038,714628,4,1,-14,-12,-21,1124,-3,-2,0,101325,2500,7115,519,0xf,False,0x0
1783864755.619,3040,3040,715143,4,1,-17,43,-3,1035,0,-2,-4,101325,2500,7114,484,0xf,False,0x0
1783864755.820,3041,3041,715344,4,1,8,16,7,898,-1,1,-4,101325,2500,7114,505,0xf,False,0x0
1783864756.090,3042,3042,715614,4,1,-13,-46,35,1052,-5,1,0,101325,2500,7114,498,0xf,False,0x0
1783864756.291,3043,3043,715815,4,1,-9,7,11,956,0,5,3,101325,2500,7114,491,0xf,False,0x0
1783864756.579,3044,3044,716103,4,1,-13,-50,-10,1055,3,-4,-5,101325,2500,7114,501,0xf,False,0x0
1783864756.779,3045,3045,716303,4,1,-20,-41,14,1078,-1,3,-1,101325,2500,7114,509,0xf,False,0x0
1783864757.074,3046,3046,716598,4,1,2,-7,36,920,-5,2,2,101325,2500,7114,500,0xf,False,0x0
1783864757.275,3047,3047,716799,4,1,18,26,-46,863,-5,0,-2,101325,2500,7114,499,0xf,False,0x0
1783864757.536,3048,3048,717060,4,1,-6,50,11,921,2,0,1,101325,2500,7114,512,0xf,False,0x0
1783864757.737,3049,3049,717261,4,1,20,-18,50,924,1,5,-5,101325,2500,7114,487,0xf,False,0x0
1783864758.070,3050,3050,717594,4,1,8,-36,40,1020,5,-5,-5,101325,2500,7113,484,0xf,False,0x0
1783864758.270,3051,3051,717794,4,1,3,52,54,941,-4,0,0,101325,2500,7113,513,0xf,False,0x0
1783864758.575,3052,3052,718098,4,1,-20,-25,-18,981,-3,1,-1,101325,2500,7113,499,0xf,False,0x0
1783864758.775,3053,3053,718299,4,1,-6,37,-42,1147,1,-4,-5,101325,2500,7113,484,0xf,False,0x0
1783864759.099,3054,3054,718623,4,1,-13,-43,-42,908,3,0,5,101325,2500,7113,491,0xf,False,0x0
1783864759.300,3055,3055,718824,4,1,-18,-13,33,941,-1,0,1,101325,2500,7113,481,0xf,False,0x0
1783864759.576,3056,3056,719100,4,1,19,26,-18,995,2,1,5,101325,2500,7113,487,0xf,False,0x0
1783864759.776,3057,3057,719300,4,1,-7,-56,-43,1014,-4,-1,-2,101325,2500,7113,516,0xf,False,0x0
1783864760.063,3058,3058,719587,4,1,16,-37,18,877,-5,0,1,101325,2500,7113,517,0xf,False,0x0
1783864760.264,3059,3059,719788,4,1,-19,-44,50,958,5,-3,5,101325,2500,7113,501,0xf,False,0x0
1783864760.578,3060,3060,720102,4,1,-9,29,8,1034,5,-4,3,101325,2500,7112,502,0xf,False,0x0
1783864760.779,3061,3061,720303,4,1,-4,-18,49,920,-3,-5,-4,101325,2500,7112,520,0xf,False,0x0
1783864761.097,3062,3062,720621,4,1,11,26,60,1020,-4,0,-1,101325,2500,7112,486,0xf,False,0x0
1783864761.298,3063,3063,720822,4,1,11,18,25,1118,4,-1,-1,101325,2500,7112,481,0xf,False,0x0
1783864761.582,3064,3064,721106,4,1,-20,-23,-8,1165,3,1,3,101325,2500,7112,499,0xf,False,0x0
1783864761.783,3065,3065,721307,4,1,0,-12,28,937,-4,3,-4,101325,2500,7112,501,0xf,False,0x0
1783864762.080,3066,3066,721603,4,1,9,24,33,1122,-5,-3,-5,101325,2500,7112,496,0xf,False,0x0
1783864762.282,3067,3067,721806,4,1,-5,-44,-10,912,-2,3,1,101325,2500,7112,497,0xf,False,0x0
1783864762.483,3068,3068,722007,4,1,17,23,-24,1011,-3,5,5,101325,2500,7112,511,0xf,False,0x0
1783864762.697,3069,3069,722221,4,1,-1,-44,-60,986,-5,-1,-2,101325,2500,7112,505,0xf,False,0x0
1783864762.897,3070,3070,722421,4,1,7,-15,59,973,-2,3,-1,101325,2500,7112,500,0xf,False,0x0
1783864763.098,3071,3071,722622,4,1,-9,47,-2,885,4,-2,0,101325,2500,7111,492,0xf,False,0x0
1783864763.299,3072,3072,722823,4,1,-12,28,-12,1033,-1,-5,5,101325,2500,7111,520,0xf,False,0x0
1783864763.548,3073,3073,723072,4,1,-10,24,-11,962,-5,2,-2,101325,2500,7111,494,0xf,False,0x0
1783864763.749,3074,3074,723273,4,1,1,-12,57,956,1,4,5,101325,2500,7111,518,0xf,False,0x0
1783864764.235,3076,3076,723758,4,1,14,-46,46,969,2,-2,-3,101325,2500,7111,484,0xf,False,0x0
1783864764.550,3077,3077,724074,4,1,15,-44,-46,966,5,2,5,101325,2500,7111,509,0xf,False,0x0
1783864764.751,3078,3078,724275,4,1,-11,28,-44,1085,1,4,-3,101325,2500,7111,495,0xf,False,0x0
1783864764.951,3079,3079,724475,4,1,15,48,-24,1044,-3,-1,-2,101325,2500,7111,503,0xf,False,0x0
1783864765.159,3080,3080,724683,4,1,18,51,-51,1012,1,2,-2,101325,2500,7111,496,0xf,False,0x0
1783864765.360,3081,3081,724884,4,1,7,-44,59,974,3,0,-1,101325,2500,7111,483,0xf,False,0x0
1783864765.565,3082,3082,725089,4,1,-8,-34,-38,939,4,5,4,101325,2500,7110,516,0xf,False,0x0
1783864765.765,3083,3083,725289,4,1,2,16,-17,1036,-3,0,-4,101325,2500,7110,513,0xf,False,0x0
1783864766.056,3084,3084,725580,4,1,-1,22,45,1038,-2,-3,-2,101325,2500,7110,486,0xf,False,0x0
1783864766.540,3086,3086,726064,4,1,17,-1,43,1078,5,-1,-2,101325,2500,7110,515,0xf,False,0x0
1783864766.741,3087,3087,726265,4,1,-6,32,30,1103,-5,0,0,101325,2500,7110,490,0xf,False,0x0
1783864767.245,3089,3089,726769,4,1,-17,-17,-11,960,-4,-1,2,101325,2500,7110,486,0xf,False,0x0
1783864767.525,3090,3090,727049,4,1,0,-8,-12,926,-1,-1,3,101325,2500,7110,494,0xf,False,0x0
1783864767.725,3091,3091,727249,4,1,3,33,-4,945,-2,2,-5,101325,2500,7110,494,0xf,False,0x0
1783864768.002,3092,3092,727526,4,1,14,-13,-50,984,4,5,1,101325,2500,7109,509,0xf,False,0x0
1783864768.204,3093,3093,727728,4,1,-12,32,53,997,1,-1,-3,101325,2500,7109,492,0xf,False,0x0
1783864768.404,3094,3094,727928,4,1,-3,-32,-35,925,0,1,-1,101325,2500,7109,493,0xf,False,0x0
1783864768.604,3095,3095,728128,4,1,2,-19,-29,922,2,2,2,101325,2500,7109,485,0xf,False,0x0
1783864769.058,3097,3097,728582,4,1,3,-16,38,1098,-2,-1,-4,101325,2500,7109,485,0xf,False,0x0
1783864769.258,3098,3098,728782,4,1,-19,-21,32,1077,-2,3,2,101325,2500,7109,480,0xf,False,0x0
1783864769.545,3099,3099,729068,4,1,-10,-51,23,1033,-5,1,0,101325,2500,7109,517,0xf,False,0x0
1783864769.745,3100,3100,729269,4,1,-17,1,-48,1097,4,-4,-2,101325,2500,7109,494,0xf,False,0x0
1783864770.002,3101,3101,729526,4,1,11,25,-44,1023,-2,0,-4,101325,2500,7109,483,0xf,False,0x0
1783864770.203,3102,3102,729727,4,1,17,-44,-19,922,2,-4,-3,101325,2500,7109,514,0xf,False,0x0
1783864770.512,3103,3103,730035,4,1,12,12,45,1022,-5,-4,-5,101325,2500,7108,486,0xf,False,0x0
1783864770.712,3104,3104,730236,4,1,-19,55,-54,1103,5,-2,-2,101325,2500,7108,513,0xf,False,0x0
1783864771.007,3105,3105,730531,4,1,13,3,0,1099,-4,5,-3,101325,2500,7108,482,0xf,False,0x0
1783864771.208,3106,3106,730732,4,1,5,48,11,1080,2,-1,0,101325,2500,7108,489,0xf,False,0x0
1783864771.527,3107,3107,731051,4,1,8,57,-41,914,2,-4,5,101325,2500,7108,482,0xf,False,0x0
1783864771.728,3108,3108,731252,4,1,-9,28,41,897,-3,-1,-5,101325,2500,7108,505,0xf,False,0x0
1783864771.994,3109,3109,731518,4,1,-3,-5,5,934,-5,-5,0,101325,2500,7108,482,0xf,False,0x0
1783864772.195,3110,3110,731719,4,1,1,13,-31,1014,1,-2,-2,101325,2500,7108,487,0xf,False,0x0
1783864772.464,3111,3111,731988,4,1,-12,-9,-56,853,-5,-3,0,101325,2500,7108,490,0xf,False,0x0
1783864772.665,3112,3112,732189,4,1,-9,-25,47,1124,-5,-1,4,101325,2500,7108,496,0xf,False,0x0
1783864772.926,3113,3113,732450,4,1,9,60,-44,1123,-5,3,1,101325,2500,7108,497,0xf,False,0x0
1783864773.127,3114,3114,732650,4,1,9,-18,18,972,-5,3,1,101325,2500,7107,486,0xf,False,0x0
1783864773.415,3115,3115,732939,4,1,13,40,24,1055,2,-5,1,101325,2500,7107,492,0xf,False,0x0
1783864773.616,3116,3116,733140,4,1,16,60,36,894,-3,4,-1,101325,2500,7107,508,0xf,False,0x0
1783864773.894,3117,3117,733418,4,1,20,-44,4,941,3,-3,5,101325,2500,7107,493,0xf,False,0x0
1783864774.095,3118,3118,733619,4,1,-12,60,49,1092,-2,-1,2,101325,2500,7107,501,0xf,False,0x0
1783864774.407,3119,3119,733931,4,1,20,57,-8,865,2,-3,-5,101325,2500,7107,496,0xf,False,0x0
1783864774.608,3120,3120,734132,4,1,2,54,-50,841,-4,1,4,101325,2500,7107,480,0xf,False,0x0
1783864774.886,3121,3121,734410,4,1,-14,23,11,944,3,4,1,101325,2500,7107,494,0xf,False,0x0
1783864775.087,3122,3122,734611,4,1,7,-57,-60,1116,2,-5,-1,101325,2500,7107,501,0xf,False,0x0
1783864775.360,3123,3123,734884,4,1,15,-51,-30,1098,3,-1,-1,101325,2500,7107,488,0xf,False,0x0
1783864775.561,3124,3124,735085,4,1,-15,6,58,925,2,0,-3,101325,2500,7106,495,0xf,False,0x0
1783864775.862,3125,3125,735386,4,1,12,14,-22,990,-3,0,-2,101325,2500,7106,516,0xf,False,0x0
1783864776.063,3126,3126,735587,4,1,-8,47,48,928,2,1,5,101325,2500,7106,493,0xf,False,0x0
1783864776.374,3127,3127,735898,4,1,3,14,40,870,2,3,-2,101325,2500,7106,511,0xf,False,0x0
1783864776.575,3128,3128,736099,4,1,-1,-24,51,1014,-5,-3,0,101325,2500,7106,516,0xf,False,0x0
1783864776.860,3129,3129,736384,4,1,11,-55,-28,1002,-3,-5,4,101325,2500,7106,511,0xf,False,0x0
1783864777.060,3130,3130,736584,4,1,-15,-10,-8,958,-5,-4,-5,101325,2500,7106,503,0xf,False,0x0
1783864777.328,3131,3131,736852,4,1,-5,-37,-16,1137,2,0,-1,101325,2500,7106,489,0xf,False,0x0
1783864777.529,3132,3132,737053,4,1,15,30,-45,1046,-4,4,4,101325,2500,7106,518,0xf,False,0x0
1783864777.809,3133,3133,737333,4,1,-7,5,-28,885,3,-4,1,101325,2500,7106,517,0xf,False,0x0
1783864778.010,3134,3134,737534,4,1,13,-1,-37,1023,-4,0,4,101325,2500,7105,510,0xf,False,0x0
1783864778.303,3135,3135,737827,4,1,-6,-37,28,1008,-4,3,-3,101325,2500,7105,495,0xf,False,0x0
1783864778.503,3136,3136,738027,4,1,8,-60,-56,1019,1,0,-1,101325,2500,7105,485,0xf,False,0x0
1783864778.828,3137,3137,738352,4,1,19,-22,37,943,-5,-1,-1,101325,2500,7105,518,0xf,False,0x0
1783864779.028,3138,3138,738552,4,1,7,14,58,1150,4,-3,-3,101325,2500,7105,500,0xf,False,0x0
1783864779.345,3139,3139,738869,4,1,-3,-41,2,1030,2,-4,-1,101325,2500,7105,508,0xf,False,0x0
1783864779.547,3140,3140,739071,4,1,6,52,54,1067,2,5,-5,101325,2500,7105,488,0xf,False,0x0
1783864779.834,3141,3141,739358,4,1,3,-29,58,1030,3,-3,-2,101325,2500,7105,517,0xf,False,0x0
1783864780.035,3142,3142,739559,4,1,-16,10,55,1080,2,-4,-2,101325,2500,7105,504,0xf,False,0x0
1783864780.298,3143,3143,739822,4,1,10,34,-9,1020,3,-3,-2,101325,2500,7105,496,0xf,False,0x0
1783864780.499,3144,3144,740023,4,1,-8,-20,-54,994,1,-5,0,101325,2500,7104,512,0xf,False,0x0
1783864780.774,3145,3145,740298,4,1,16,59,33,1044,-2,-3,0,101325,2500,7104,502,0xf,False,0x0
1783864780.975,3146,3146,740499,4,1,3,-38,41,1059,0,-5,5,101325,2500,7104,513,0xf,False,0x0
1783864781.296,3147,3147,740820,4,1,-1,32,-40,1042,-4,5,-3,101325,2500,7104,492,0xf,False,0x0
1783864781.497,3148,3148,741021,4,1,4,-2,15,922,-5,5,3,101325,2500,7104,485,0xf,False,0x0
1783864781.751,3149,3149,741275,4,1,6,-15,-30,974,2,3,4,101325,2500,7104,512,0xf,False,0x0
1783864781.952,3150,3150,741476,4,1,-10,-55,46,962,2,-3,-3,101325,2500,7104,505,0xf,False,0x0
1783864782.419,3152,3152,741943,4,1,1,36,-58,1015,-2,3,-4,101325,2500,7104,513,0xf,False,0x0
1783864782.722,3153,3153,742246,4,1,-7,-9,-5,977,-1,3,-1,101325,2500,7104,501,0xf,False,0x0
1783864782.923,3154,3154,742447,4,1,4,8,-58,974,-1,-1,-4,101325,2500,7104,494,0xf,False,0x0
1783864783.220,3155,3155,742744,4,1,20,24,21,961,-2,4,0,101325,2500,7103,520,0xf,False,0x0
1783864783.421,3156,3156,742945,4,1,-10,24,54,1037,4,2,4,101325,2500,7103,489,0xf,False,0x0
1783864783.746,3157,3157,743270,4,1,-13,36,47,1090,-2,-1,2,101325,2500,7103,481,0xf,False,0x0
1783864783.946,3158,3158,743470,4,1,-12,30,22,1057,-5,-3,-1,101325,2500,7103,485,0xf,False,0x0
1783864784.217,3159,3159,743741,4,1,6,-58,-35,978,3,-2,-4,101325,2500,7103,490,0xf,False,0x0
1783864784.418,3160,3160,743942,4,1,-1,-51,-31,1041,-2,3,-1,101325,2500,7103,517,0xf,False,0x0
1783864784.673,3161,3161,744197,4,1,1,56,-31,927,5,3,-4,101325,2500,7103,507,0xf,False,0x0
1783864784.874,3162,3162,744398,4,1,-8,6,31,1057,2,1,-5,101325,2500,7103,510,0xf,False,0x0
1783864785.135,3163,3163,744659,4,1,8,44,2,999,-4,-3,5,101325,2500,7103,487,0xf,False,0x0
1783864785.335,3164,3164,744859,4,1,-15,-2,56,986,3,-4,3,101325,2500,7103,506,0xf,False,0x0
1783864785.608,3165,3165,745132,4,1,11,-6,-30,983,0,1,-3,101325,2500,7102,505,0xf,False,0x0
1783864785.809,3166,3166,745333,4,1,9,-59,20,891,4,0,-1,101325,2500,7102,514,0xf,False,0x0
1783864786.313,3168,3168,745837,4,1,2,7,58,986,1,-2,-5,101325,2500,7102,519,0xf,False,0x0
1783864786.583,3169,3169,746107,4,1,-4,55,45,1037,-3,-5,2,101325,2500,7102,497,0xf,False,0x0
1783864786.784,3170,3170,746308,4,1,-10,-10,35,1073,-4,3,4,101325,2500,7102,504,0xf,False,0x0
1783864787.075,3171,3171,746599,4,1,-2,39,-24,1006,-3,4,-4,101325,2500,7102,510,0xf,False,0x0
1783864787.276,3172,3172,746799,4,1,-17,52,36,922,-4,-3,-1,101325,2500,7102,486,0xf,False,0x0
1783864787.569,3173,3173,747092,4,1,3,-14,10,1146,4,5,1,101325,2500,7102,497,0xf,False,0x0
1783864787.769,3174,3174,747293,4,1,8,22,24,908,3,2,-3,101325,2500,7102,496,0xf,False,0x0
1783864788.026,3175,3175,747550,4,1,0,-13,-11,1071,-3,4,3,101325,2500,7101,511,0xf,False,0x0
1783864788.227,3176,3176,747751,4,1,-15,-5,-56,1024,1,-3,5,101325,2500,7101,516,0xf,False,0x0
1783864788.528,3177,3177,748052,4,1,-19,12,-46,1055,-2,0,-3,101325,2500,7101,499,0xf,False,0x0
1783864788.728,3178,3178,748252,4,1,-9,-37,25,891,-3,-1,1,101325,2500,7101,514,0xf,False,0x0
1783864789.028,3179,3179,748551,4,1,2,-33,8,993,-3,-5,-5,101325,2500,7101,497,0xf,False,0x0
1783864789.228,3180,3180,748752,4,1,9,-9,-36,1039,4,3,-2,101325,2500,7101,485,0xf,False,0x0
1783864789.514,3181,3181,749038,4,1,8,-54,-57,968,3,4,-5,101325,2500,7101,480,0xf,False,0x0
1783864789.715,3182,3182,749239,4,1,18,18,-39,1081,-3,1,-2,101325,2500,7101,488,0xf,False,0x0
1783864789.992,3183,3183,749516,4,1,-2,-12,11,917,2,-4,-4,101325,2500,7101,495,0xf,False,0x0
1783864790.193,3184,3184,749717,4,1,-6,1,15,1061,-2,1,-4,101325,2500,7101,499,0xf,False,0x0
1783864790.432,3185,3185,749956,4,1,9,-16,37,979,-3,-1,-3,101325,2500,7101,508,0xf,False,0x0
1783864790.633,3186,3186,750156,4,1,-8,46,-38,1097,2,0,5,101325,2500,7100,499,0xf,False,0x0
1783864790.907,3187,3187,750431,4,1,4,32,44,976,3,-3,-2,101325,2500,7100,503,0xf,False,0x0
1783864791.107,3188,3188,750631,4,1,2,-8,-50,856,-5,3,4,101325,2500,7100,487,0xf,False,0x0
1783864791.393,3189,3189,750917,4,1,-7,35,-31,1009,-4,3,-3,101325,2500,7100,517,0xf,False,0x0
1783864791.594,3190,3190,751118,4,1,15,35,19,903,4,5,-2,101325,2500,7100,504,0xf,False,0x0
1783864791.906,3191,3191,751430,4,1,17,-23,-42,1059,-3,-3,1,101325,2500,7100,498,0xf,False,0x0
1783864792.107,3192,3192,751631,4,1,-12,36,-24,900,1,0,3,101325,2500,7100,501,0xf,False,0x0
1783864792.367,3193,3193,751890,4,1,19,29,45,891,2,1,0,101325,2500,7100,486,0xf,False,0x0
1783864792.567,3194,3194,752091,4,1,10,6,53,1048,3,-1,2,101325,2500,7100,492,0xf,False,0x0
1783864793.046,3196,3196,752570,4,1,-17,-25,43,977,-4,-2,0,101325,2500,7099,483,0xf,False,0x0
1783864793.330,3197,3197,752854,4,1,11,53,-41,1088,5,-2,-1,101325,2500,7099,491,0xf,False,0x0
1783864793.531,3198,3198,753055,4,1,3,19,-33,928,2,-3,-4,101325,2500,7099,506,0xf,False,0x0
1783864793.863,3199,3199,753387,4,1,20,-32,46,1072,0,-5,1,101325,2500,7099,517,0xf,False,0x0
1783864794.063,3200,3200,753587,4,1,-3,-33,-35,930,3,5,1,101325,2500,7099,518,0xf,False,0x0
1783864794.383,3201,3201,753907,4,1,0,38,-15,1064,1,-2,-4,101325,2500,7099,491,0xf,False,0x0
1783864794.584,3202,3202,754108,4,1,20,-11,-11,1046,4,-2,5,101325,2500,7099,500,0xf,False,0x0
1783864794.871,3203,3203,754395,4,1,3,-26,-36,1034,-1,1,-3,101325,2500,7099,506,0xf,False,0x0
1783864795.072,3204,3204,754596,4,1,6,36,41,1070,-2,4,-1,101325,2500,7099,491,0xf,False,0x0
1783864795.366,3205,3205,754890,4,1,-9,36,14,926,-2,-1,-5,101325,2500,7099,488,0xf,False,0x0
1783864795.567,3206,3206,755091,4,1,-13,29,-11,1111,2,-1,4,101325,2500,7098,494,0xf,False,0x0
1783864795.845,3207,3207,755369,4,1,-3,21,19,1049,3,0,-4,101325,2500,7098,516,0xf,False,0x0
1783864796.045,3208,3208,755569,4,1,9,-52,1,868,-5,-3,3,101325,2500,7098,503,0xf,False,0x0
1783864796.339,3209,3209,755863,4,1,20,-37,45,938,-2,-4,1,101325,2500,7098,501,0xf,False,0x0
1783864796.539,3210,3210,756063,4,1,-8,34,6,1103,4,1,-5,101325,2500,7098,510,0xf,False,0x0
1783864796.812,3211,3211,756336,4,1,-15,43,-28,951,-4,2,-1,101325,2500,7098,490,0xf,False,0x0
1783864797.013,3212,3212,756537,4,1,14,-25,13,1030,-2,1,4,101325,2500,7098,503,0xf,False,0x0
1783864797.214,3213,3213,756738,4,1,8,32,51,846,-2,5,-2,101325,2500,7098,505,0xf,False,0x0
1783864797.423,3214,3214,756947,4,1,-5,-36,-35,937,-4,5,-3,101325,2500,7098,481,0xf,False,0x0
1783864797.624,3215,3215,757147,4,1,16,2,4,1120,-2,1,4,101325,2500,7098,502,0xf,False,0x0
1783864797.824,3216,3216,757348,4,1,3,31,38,1027,5,-2,3,101325,2500,7098,492,0xf,False,0x0
1783864798.025,3217,3217,757549,4,1,-4,30,-54,936,5,-3,0,101325,2500,7097,502,0xf,False,0x0
1783864798.300,3218,3218,757824,4,1,15,20,-16,906,-4,4,4,101325,2500,7097,488,0xf,False,0x0
1783864798.501,3219,3219,758025,4,1,-2,51,-13,972,-4,-1,4,101325,2500,7097,482,0xf,False,0x0
1783864798.807,3220,3220,758331,4,1,17,-6,27,988,5,-2,-1,101325,2500,7097,488,0xf,False,0x0
1783864799.008,3221,3221,758532,4,1,5,41,52,1000,2,-5,4,101325,2500,7097,517,0xf,False,0x0
1783864799.268,3222,3222,758792,4,1,6,10,-20,1137,-1,1,-3,101325,2500,7097,482,0xf,False,0x0
1783864799.468,3223,3223,758992,4,1,9,12,-23,943,-5,4,1,101325,2500,7097,500,0xf,False,0x0
1783864799.747,3224,3224,759271,4,1,12,41,-11,1078,-3,-4,-2,101325,2500,7097,519,0xf,False,0x0
1783864799.947,3225,3225,759471,4,1,4,-28,30,914,-1,3,0,101325,2500,7097,488,0xf,False,0x0
1783864800.205,3226,3226,759729,4,1,-9,-47,27,887,3,3,-3,101325,2500,7097,511,0xf,False,0x0
1783864800.405,3227,3227,759929,4,1,-7,-34,23,946,-1,2,-5,101325,2500,7097,480,0xf,False,0x0
1783864800.676,3228,3228,760200,4,1,7,-23,21,934,-5,-2,0,101325,2500,7096,500,0xf,False,0x0
1783864800.877,3229,3229,760401,4,1,-18,-28,-51,1057,2,0,-3,101325,2500,7096,510,0xf,False,0x0
1783864801.133,3230,3230,760657,4,1,-20,20,-20,1062,-1,-1,1,101325,2500,7096,487,0xf,False,0x0
1783864801.334,3231,3231,760858,4,1,-4,-57,-44,1105,0,3,-3,101325,2500,7096,519,0xf,False,0x0
1783864801.624,3232,3232,761148,4,1,-2,19,-45,860,1,1,3,101325,2500,7096,507,0xf,False,0x0
1783864801.825,3233,3233,761349,4,1,-1,30,34,955,-2,-2,4,101325,2500,7096,503,0xf,False,0x0
1783864802.126,3234,3234,761650,4,1,-9,-57,16,1122,5,-4,3,101325,2500,7096,492,0xf,False,0x0
1783864802.326,3235,3235,761850,4,1,16,-17,-5,1015,-3,-2,-1,101325,2500,7096,507,0xf,False,0x0
1783864802.581,3236,3236,762105,4,1,4,-26,10,1140,2,-3,-3,101325,2500,7096,487,0xf,False,0x0
1783864802.781,3237,3237,762305,4,1,7,2,-7,888,-2,4,-2,101325,2500,7096,500,0xf,False,0x0
1783864803.032,3238,3238,762556,4,1,-20,48,39,870,0,-4,2,101325,2500,7095,483,0xf,False,0x0
1783864803.233,3239,3239,762757,4,1,16,49,37,1079,4,5,-5,101325,2500,7095,511,0xf,False,0x0
1783864803.495,3240,3240,763019,4,1,10,-6,-25,906,3,0,4,101325,2500,7095,483,0xf,False,0x0
1783864803.695,3241,3241,763219,4,1,-13,-35,-51,1120,2,0,-3,101325,2500,7095,492,0xf,False,0x0
1783864803.967,3242,3242,763491,4,1,-8,-11,40,962,3,-1,0,101325,2500,7095,511,0xf,False,0x0
1783864804.167,3243,3243,763691,4,1,0,-34,-58,864,2,1,-5,101325,2500,7095,481,0xf,False,0x0
1783864804.447,3244,3244,763971,4,1,7,57,16,1127,2,-1,-4,101325,2500,7095,489,0xf,False,0x0
1783864804.648,3245,3245,764172,4,1,3,-9,-14,1002,3,-4,-2,101325,2500,7095,499,0xf,False,0x0
1783864804.902,3246,3246,764426,4,1,3,-10,50,982,-3,-1,2,101325,2500,7095,482,0xf,False,0x0
1783864805.103,3247,3247,764627,4,1,-15,-54,-16,909,4,-3,-4,101325,2500,7095,500,0xf,False,0x0
1783864805.383,3248,3248,764907,4,1,20,49,23,864,-2,3,2,101325,2500,7095,519,0xf,False,0x0
1783864805.846,3250,3250,765370,4,1,16,13,12,1015,5,-1,-5,101325,2500,7094,488,0xf,False,0x0
1783864806.310,3252,3252,765834,4,1,6,-55,32,1019,-4,-5,3,101325,2500,7094,482,0xf,False,0x0
1783864806.511,3253,3253,766034,4,1,18,6,20,1023,-4,3,2,101325,2500,7094,519,0xf,False,0x0
1783864806.799,3254,3254,766323,4,1,-19,-39,48,1050,-3,-2,4,101325,2500,7094,502,0xf,False,0x0
1783864806.999,3255,3255,766523,4,1,1,49,49,1121,4,-1,-3,101325,2500,7094,487,0xf,False,0x0
1783864807.258,3256,3256,766782,4,1,-17,45,12,1062,-5,-5,-1,101325,2500,7094,495,0xf,False,0x0
1783864807.459,3257,3257,766983,4,1,-10,-8,51,941,-5,-4,-2,101325,2500,7094,501,0xf,False,0x0
1783864807.717,3258,3258,767241,4,1,-4,14,39,906,1,-5,0,101325,2500,7094,504,0xf,False,0x0
1783864807.918,3259,3259,767442,4,1,-1,-18,49,997,-5,-4,-2,101325,2500,7094,480,0xf,False,0x0
1783864808.204,3260,3260,767728,4,1,17,-51,-39,986,4,2,2,101325,2500,7093,506,0xf,False,0x0
1783864808.405,3261,3261,767929,4,1,-3,-6,8,984,1,2,-3,101325,2500,7093,514,0xf,False,0x0
1783864808.677,3262,3262,768201,4,1,-19,25,48,1076,-1,-4,4,101325,2500,7093,482,0xf,False,0x0
1783864808.877,3263,3263,768401,4,1,-4,24,3,1040,-1,0,-5,101325,2500,7093,510,0xf,False,0x0
1783864809.163,3264,3264,768687,4,1,20,31,52,1000,-4,-2,-1,101325,2500,7093,517,0xf,False,0x0
1783864809.364,3265,3265,768888,4,1,2,32,58,985,-4,1,5,101325,2500,7093,516,0xf,False,0x0
1783864809.673,3266,3266,769197,4,1,9,-19,-56,984,3,-4,3,101325,2500,7093,480,0xf,False,0x0
1783864810.154,3268,3268,769678,4,1,-13,-26,15,1010,5,-4,-2,101325,2500,7093,516,0xf,False,0x0
1783864810.356,3269,3269,769880,4,1,17,-12,-20,1006,2,4,1,101325,2500,7093,520,0xf,False,0x0
1783864810.650,3270,3270,770174,4,1,6,-5,46,959,2,2,-3,101325,2500,7092,512,0xf,False,0x0
1783864810.851,3271,3271,770375,4,1,-9,-31,49,1061,4,-3,5,101325,2500,7092,511,0xf,False,0x0
1783864811.172,3272,3272,770696,4,1,-19,20,31,975,-4,2,0,101325,2500,7092,490,0xf,False,0x0
1783864811.373,3273,3273,770897,4,1,7,-56,49,1050,-1,0,5,101325,2500,7092,503,0xf,False,0x0
1783864811.685,3274,3274,771209,4,1,3,60,-39,1072,0,-2,5,101325,2500,7092,508,0xf,False,0x0
1783864811.885,3275,3275,771409,4,1,-3,49,27,1089,5,4,1,101325,2500,7092,483,0xf,False,0x0
1783864812.181,3276,3276,771705,4,1,-16,-43,-57,1045,1,2,-1,101325,2500,7092,509,0xf,False,0x0
1783864812.382,3277,3277,771906,4,1,-17,54,49,1075,0,5,-5,101325,2500,7092,495,0xf,False,0x0
1783864812.653,3278,3278,772177,4,1,-18,-12,39,1093,-1,4,-2,101325,2500,7092,494,0xf,False,0x0
1783864812.854,3279,3279,772378,4,1,-2,-32,17,896,2,4,-1,101325,2500,7092,516,0xf,False,0x0
1783864813.144,3280,3280,772668,4,1,-8,-8,-48,961,-2,-1,4,101325,2500,7091,512,0xf,False,0x0
1783864813.345,3281,3281,772869,4,1,7,26,-12,978,-1,-1,-2,101325,2500,7091,499,0xf,False,0x0
1783864813.636,3282,3282,773160,4,1,16,42,59,1052,-5,-4,-1,101325,2500,7091,498,0xf,False,0x0
1783864813.836,3283,3283,773360,4,1,-2,-47,-58,1079,0,5,-3,101325,2500,7091,498,0xf,False,0x0
1783864814.140,3284,3284,773664,4,1,-10,-34,30,1048,0,4,5,101325,2500,7091,505,0xf,False,0x0
1783864814.340,3285,3285,773864,4,1,-14,21,8,1013,1,3,-3,101325,2500,7091,514,0xf,False,0x0
1783864814.635,3286,3286,774159,4,1,-16,54,-37,885,0,1,1,101325,2500,7091,503,0xf,False,0x0
1783864814.835,3287,3287,774359,4,1,-14,-56,-47,968,2,2,-1,101325,2500,7091,501,0xf,False,0x0
1783864815.128,3288,3288,774652,4,1,-19,5,-49,840,4,2,-2,101325,2500,7091,504,0xf,False,0x0
1783864815.329,3289,3289,774852,4,1,-3,10,6,1031,-1,-3,-4,101325,2500,7091,480,0xf,False,0x0
1783864815.622,3290,3290,775146,4,1,-10,-30,-17,1057,-2,-4,4,101325,2500,7090,483,0xf,False,0x0
1783864815.822,3291,3291,775346,4,1,14,45,-9,1012,-5,-4,1,101325,2500,7090,505,0xf,False,0x0
1783864816.147,3292,3292,775671,4,1,-20,-60,60,1128,-2,-5,2,101325,2500,7090,487,0xf,False,0x0
1783864816.348,3293,3293,775872,4,1,16,35,7,1048,-3,5,-5,101325,2500,7090,513,0xf,False,0x0
1783864816.609,3294,3294,776133,4,1,-7,-41,29,1130,3,2,4,101325,2500,7090,516,0xf,False,0x0
1783864816.810,3295,3295,776334,4,1,5,-51,4,1000,1,1,1,101325,2500,7090,494,0xf,False,0x0
1783864817.564,3298,3298,777088,4,1,-7,3,-21,1048,3,-3,5,101325,2500,7090,513,0xf,False,0x0
1783864817.764,3299,3299,777288,4,1,3,-52,-59,915,-2,-5,2,101325,2500,7090,509,0xf,False,0x0
1783864817.992,3300,3300,777516,4,1,-6,-43,-60,1066,0,0,2,101325,2500,7089,517,0xf,False,0x0
1783864818.192,3301,3301,777716,4,1,-19,35,-3,1040,2,4,-3,101325,2500,7089,517,0xf,False,0x0
1783864818.637,3303,3303,778161,4,1,11,-24,-50,1083,-4,4,4,101325,2500,7089,487,0xf,False,0x0
1783864818.874,3304,3304,778398,4,1,-19,-40,-12,943,4,-3,-5,101325,2500,7089,502,0xf,False,0x0
1783864819.077,3305,3305,778601,4,1,20,10,10,1079,-5,5,-4,101325,2500,7089,483,0xf,False,0x0
1783864819.319,3306,3306,778843,4,1,-13,-34,24,1134,-2,-5,0,101325,2500,7089,509,0xf,False,0x0
1783864819.519,3307,3307,779043,4,1,4,1,21,895,-1,0,-3,101325,2500,7089,493,0xf,False,0x0
1783864819.790,3308,3308,779313,4,1,18,-14,22,907,-2,5,4,101325,2500,7089,509,0xf,False,0x0
1783864819.991,3309,3309,779515,4,1,-13,-37,16,864,-5,5,2,101325,2500,7089,484,0xf,False,0x0
1783864820.282,3310,3310,779805,4,1,10,47,51,1000,-5,-1,-4,101325,2500,7089,505,0xf,False,0x0
1783864820.482,3311,3311,780006,4,1,18,18,-56,999,-2,-3,1,101325,2500,7088,491,0xf,False,0x0
1783864820.770,3312,3312,780294,4,1,5,0,0,1090,-4,1,-4,101325,2500,7088,492,0xf,False,0x0
1783864820.971,3313,3313,780495,4,1,4,-57,7,943,-3,-5,4,101325,2500,7088,520,0xf,False,0x0
1783864821.272,3314,3314,780796,4,1,-18,-31,47,1142,2,-1,-1,101325,2500,7088,488,0xf,False,0x0
1783864821.472,3315,3315,780996,4,1,-8,-38,51,1096,-1,-4,4,101325,2500,7088,493,0xf,False,0x0
1783864821.787,3316,3316,781311,4,1,-3,12,21,1108,1,-4,1,101325,2500,7088,496,0xf,False,0x0
1783864821.988,3317,3317,781512,4,1,4,-6,36,991,-4,-1,-5,101325,2500,7088,489,0xf,False,0x0
1783864822.245,3318,3318,781769,4,1,-18,26,33,953,4,-1,-3,101325,2500,7088,499,0xf,False,0x0
1783864822.445,3319,3319,781969,4,1,-12,-24,1,923,-1,-3,1,101325,2500,7088,520,0xf,False,0x0
1783864822.712,3320,3320,782236,4,1,18,-31,46,985,2,-4,-1,101325,2500,7088,487,0xf,False,0x0
1783864822.913,3321,3321,782437,4,1,0,-11,52,993,5,4,-3,101325,2500,7088,504,0xf,False,0x0
1783864823.170,3322,3322,782694,4,1,-18,-42,-11,975,-1,2,-5,101325,2500,7087,506,0xf,False,0x0
1783864823.371,3323,3323,782895,4,1,-8,6,28,1061,-4,-4,2,101325,2500,7087,495,0xf,False,0x0
1783864823.636,3324,3324,783160,4,1,10,43,13,1160,5,2,-3,101325,2500,7087,497,0xf,False,0x0
1783864823.836,3325,3325,783360,4,1,9,-21,-7,1096,1,-4,-4,101325,2500,7087,517,0xf,False,0x0
1783864824.107,3326,3326,783630,4,1,-14,-6,11,882,-3,2,-5,101325,2500,7087,501,0xf,False,0x0
1783864824.307,3327,3327,783831,4,1,5,-10,28,973,3,-4,-2,101325,2500,7087,518,0xf,False,0x0
1783864824.569,3328,3328,784093,4,1,-2,53,-23,958,2,4,-4,101325,2500,7087,481,0xf,False,0x0
1783864824.770,3329,3329,784294,4,1,16,-41,-49,1068,-1,1,-3,101325,2500,7087,498,0xf,False,0x0
1783864825.035,3330,3330,784559,4,1,20,-6,29,1058,-3,-2,-1,101325,2500,7087,514,0xf,False,0x0
1783864825.236,3331,3331,784760,4,1,-4,5,36,901,1,-5,1,101325,2500,7087,514,0xf,False,0x0
1783864825.526,3332,3332,785050,4,1,4,-27,-41,968,-5,4,-3,101325,2500,7086,493,0xf,False,0x0
1783864825.726,3333,3333,785250,4,1,-6,53,46,1105,1,-2,-5,101325,2500,7086,487,0xf,False,0x0
1783864826.011,3334,3334,785535,4,1,-8,3,-40,931,2,-1,-1,101325,2500,7086,489,0xf,False,0x0
1783864826.414,3336,3336,785938,4,1,8,-13,51,1000,2,-5,2,101325,2500,7086,488,0xf,False,0x0
1783864826.614,3337,3337,786138,4,1,6,2,23,964,2,1,5,101325,2500,7086,484,0xf,False,0x0
1783864826.815,3338,3338,786339,4,1,-14,55,3,1008,0,1,3,101325,2500,7086,488,0xf,False,0x0
1783864827.249,3340,3340,786773,4,1,-6,51,41,877,-2,5,-3,101325,2500,7086,507,0xf,False,0x0
1783864827.509,3341,3341,787033,4,1,17,42,-11,1048,0,-1,3,101325,2500,7086,503,0xf,False,0x0
1783864827.709,3342,3342,787233,4,1,4,46,18,1030,-1,-2,5,101325,2500,7086,504,0xf,False,0x0
1783864827.987,3343,3343,787510,4,1,14,4,37,986,-5,0,4,101325,2500,7085,501,0xf,False,0x0
1783864828.187,3344,3344,787711,4,1,-18,52,29,1070,5,2,3,101325,2500,7085,512,0xf,False,0x0
1783864828.459,3345,3345,787983,4,1,1,-56,49,915,-5,-3,3,101325,2500,7085,482,0xf,False,0x0
1783864828.660,3346,3346,788184,4,1,1,-20,-36,1089,3,-5,3,101325,2500,7085,494,0xf,False,0x0
1783864829.118,3348,3348,788642,4,1,2,53,-4,1064,5,2,-2,101325,2500,7085,503,0xf,False,0x0
1783864829.407,3349,3349,788931,4,1,3,-23,2,1030,5,1,4,101325,2500,7085,492,0xf,False,0x0
1783864829.858,3351,3351,789382,4,1,11,-47,-55,874,2,3,4,101325,2500,7085,509,0xf,False,0x0
1783864830.058,3352,3352,789582,4,1,12,-44,45,915,3,5,-1,101325,2500,7085,501,0xf,False,0x0
1783864830.355,3353,3353,789879,4,1,-6,-44,8,971,4,2,-4,101325,2500,7085,520,0xf,False,0x0
1783864830.556,3354,3354,790080,4,1,-13,7,34,841,5,2,5,101325,2500,7084,519,0xf,False,0x0
1783864830.841,3355,3355,790365,4,1,18,-53,4,953,2,-2,-5,101325,2500,7084,496,0xf,False,0x0
1783864831.042,3356,3356,790566,4,1,17,55,42,958,-2,-2,-3,101325,2500,7084,505,0xf,False,0x0
1783864831.363,3357,3357,790887,4,1,7,-24,-17,1078,-5,4,-2,101325,2500,7084,495,0xf,False,0x0
1783864831.564,3358,3358,791088,4,1,-9,-17,16,1119,-3,0,5,101325,2500,7084,508,0xf,False,0x0
1783864831.876,3359,3359,791399,4,1,-11,33,0,939,-2,0,-1,101325,2500,7084,488,0xf,False,0x0
1783864832.076,3360,3360,791600,4,1,-2,-44,-34,912,-1,-2,3,101325,2500,7084,491,0xf,False,0x0
1783864832.358,3361,3361,791882,4,1,3,9,8,851,-5,1,-5,101325,2500,7084,485,0xf,False,0x0
1783864832.559,3362,3362,792083,4,1,-12,25,-17,949,2,-1,5,101325,2500,7084,510,0xf,False,0x0
1783864832.831,3363,3363,792354,4,1,8,-21,11,1126,-5,5,3,101325,2500,7084,507,0xf,False,0x0
1783864833.031,3364,3364,792555,4,1,15,60,46,925,2,-4,3,101325,2500,7083,506,0xf,False,0x0
1783864833.309,3365,3365,792833,4,1,19,26,-58,980,-1,-4,-4,101325,2500,7083,519,0xf,False,0x0
1783864833.510,3366,3366,793034,4,1,15,34,34,950,2,3,1,101325,2500,7083,494,0xf,False,0x0
1783864833.771,3367,3367,793294,4,1,15,-5,-28,891,5,-2,-4,101325,2500,7083,516,0xf,False,0x0
1783864833.971,3368,3368,793495,4,1,-9,1,-4,1062,-3,-4,-1,101325,2500,7083,497,0xf,False,0x0
1783864834.222,3369,3369,793746,4,1,12,22,-57,1022,-4,0,-5,101325,2500,7083,516,0xf,False,0x0
1783864834.423,3370,3370,793947,4,1,-19,-21,27,1031,-5,-1,4,101325,2500,7083,505,0xf,False,0x0
1783864834.715,3371,3371,794239,4,1,-11,36,-27,1107,3,-2,0,101325,2500,7083,509,0xf,False,0x0
1783864834.916,3372,3372,794440,4,1,13,-23,57,1130,5,4,-5,101325,2500,7083,480,0xf,False,0x0
1783864835.187,3373,3373,794711,4,1,13,-18,-56,997,0,-3,4,101325,2500,7083,505,0xf,False,0x0
1783864835.388,3374,3374,794912,4,1,8,57,-55,932,5,1,1,101325,2500,7083,513,0xf,False,0x0
1783864835.697,3375,3375,795221,4,1,3,10,-54,1038,2,-1,2,101325,2500,7082,496,0xf,False,0x0
1783864836.161,3377,3377,795685,4,1,-10,20,1,983,-1,2,-1,101325,2500,7082,499,0xf,False,0x0
1783864836.362,3378,3378,795886,4,1,6,-53,30,982,0,-2,1,101325,2500,7082,480,0xf,False,0x0
1783864836.676,3379,3379,796199,4,1,3,54,-5,948,1,1,5,101325,2500,7082,502,0xf,False,0x0
1783864836.876,3380,3380,796400,4,1,8,-11,12,1092,-5,-5,-4,101325,2500,7082,485,0xf,False,0x0
1783864837.191,3381,3381,796715,4,1,18,10,-22,1030,-2,-3,5,101325,2500,7082,506,0xf,False,0x0
1783864837.393,3382,3382,796917,4,1,19,-43,19,946,-1,-2,0,101325,2500,7082,501,0xf,False,0x0
1783864837.593,3383,3383,797117,4,1,8,30,44,1113,0,-2,4,101325,2500,7082,481,0xf,False,0x0
1783864837.830,3384,3384,797353,4,1,7,-7,27,883,4,5,1,101325,2500,7082,492,0xf,False,0x0
1783864838.030,3385,3385,797554,4,1,-10,27,-31,994,-3,4,-5,101325,2500,7081,480,0xf,False,0x0
1783864838.231,3386,3386,797755,4,1,2,60,-40,955,-3,2,-3,101325,2500,7081,503,0xf,False,0x0
1783864838.431,3387,3387,797955,4,1,-15,58,12,940,-2,1,3,101325,2500,7081,519,0xf,False,0x0
1783864838.712,3388,3388,798236,4,1,-5,52,41,1155,4,5,0,101325,2500,7081,504,0xf,False,0x0
1783864838.913,3389,3389,798437,4,1,1,-22,-26,966,2,5,-1,101325,2500,7081,483,0xf,False,0x0
1783864839.177,3390,3390,798701,4,1,-2,59,-23,929,5,2,5,101325,2500,7081,511,0xf,False,0x0
1783864839.378,3391,3391,798902,4,1,9,-45,60,1036,-2,-2,5,101325,2500,7081,482,0xf,False,0x0
1783864839.672,3392,3392,799196,4,1,-3,-9,-33,1028,4,-3,5,101325,2500,7081,499,0xf,False,0x0
1783864839.873,3393,3393,799397,4,1,18,-28,-26,1062,1,-2,-3,101325,2500,7081,519,0xf,False,0x0
1783864840.173,3394,3394,799697,4,1,-20,-25,-53,927,1,-3,-2,101325,2500,7081,486,0xf,False,0x0
1783864840.374,3395,3395,799898,4,1,11,-51,37,988,-4,5,2,101325,2500,7081,509,0xf,False,0x0
1783864840.676,3396,3396,800200,4,1,-8,10,-55,937,2,-3,5,101325,2500,7080,492,0xf,False,0x0
1783864840.877,3397,3397,800401,4,1,-12,45,-58,1044,0,4,2,101325,2500,7080,490,0xf,False,0x0
1783864841.359,3399,3399,800883,4,1,-12,37,12,980,2,3,-2,101325,2500,7080,489,0xf,False,0x0
1783864841.658,3400,3400,801182,4,1,-7,-54,-35,1096,2,-5,1,101325,2500,7080,486,0xf,False,0x0
1783864841.858,3401,3401,801382,4,1,-17,-43,56,942,0,0,3,101325,2500,7080,504,0xf,False,0x0
1783864842.153,3402,3402,801677,4,1,-15,14,-55,841,4,-1,4,101325,2500,7080,515,0xf,False,0x0
1783864842.353,3403,3403,801877,4,1,7,46,11,1026,4,1,-3,101325,2500,7080,500,0xf,False,0x0
1783864842.630,3404,3404,802154,4,1,-18,37,-58,967,-1,1,-2,101325,2500,7080,503,0xf,False,0x0
1783864842.831,3405,3405,802355,4,1,-8,51,-49,1028,-2,3,4,101325,2500,7080,515,0xf,False,0x0
1783864843.100,3406,3406,802624,4,1,15,-45,45,951,-1,4,-4,101325,2500,7079,485,0xf,False,0x0
1783864843.300,3407,3407,802824,4,1,-4,4,15,979,-5,0,5,101325,2500,7079,489,0xf,False,0x0
1783864843.598,3408,3408,803122,4,1,5,-45,58,1003,-4,4,4,101325,2500,7079,485,0xf,False,0x0
1783864843.799,3409,3409,803323,4,1,-10,-36,20,1110,-5,-5,0,101325,2500,7079,480,0xf,False,0x0
1783864844.113,3410,3410,803637,4,1,-11,-38,-39,1014,4,-2,4,101325,2500,7079,516,0xf,False,0x0
1783864844.313,3411,3411,803837,4,1,-11,38,48,980,2,-3,-2,101325,2500,7079,515,0xf,False,0x0
1783864844.605,3412,3412,804129,4,1,5,-27,-32,998,-4,-4,0,101325,2500,7079,513,0xf,False,0x0
1783864844.806,3413,3413,804330,4,1,4,-21,28,1094,0,2,-3,101325,2500,7079,501,0xf,False,0x0
1783864845.099,3414,3414,804623,4,1,-6,56,-59,949,-1,-4,-1,101325,2500,7079,499,0xf,False,0x0
1783864845.299,3415,3415,804823,4,1,15,1,3,1019,3,0,1,101325,2500,7079,516,0xf,False,0x0
1783864845.565,3416,3416,805089,4,1,-10,41,-41,1115,0,-2,-4,101325,2500,7078,496,0xf,False,0x0
1783864845.766,3417,3417,805290,4,1,-16,-20,55,1045,5,-2,-4,101325,2500,7078,520,0xf,False,0x0
1783864846.033,3418,3418,805557,4,1,-14,22,-37,1113,2,1,1,101325,2500,7078,513,0xf,False,0x0
1783864846.234,3419,3419,805758,4,1,14,40,-58,1073,-1,-3,5,101325,2500,7078,520,0xf,False,0x0
1783864846.532,3420,3420,806056,4,1,-7,-23,40,892,3,-2,2,101325,2500,7078,486,0xf,False,0x0
1783864846.733,3421,3421,806257,4,1,11,-46,37,1093,-1,3,1,101325,2500,7078,499,0xf,False,0x0
1783864846.933,3422,3422,806457,4,1,1,39,38,906,4,2,-3,101325,2500,7078,488,0xf,False,0x0
1783864847.134,3423,3423,806658,4,1,8,3,43,932,0,-2,0,101325,2500,7078,518,0xf,False,0x0
1783864847.334,3424,3424,806858,4,1,20,54,-27,1133,4,3,5,101325,2500,7078,510,0xf,False,0x0
1783864847.737,3426,3426,807261,4,1,8,-36,-26,1051,-3,3,1,101325,2500,7078,486,0xf,False,0x0
1783864848.004,3427,3427,807528,4,1,9,39,55,992,1,-1,0,101325,2500,7077,498,0xf,False,0x0
1783864848.205,3428,3428,807729,4,1,-6,-37,36,965,3,-3,-1,101325,2500,7077,498,0xf,False,0x0
1783864848.516,3429,3429,808040,4,1,17,38,47,934,-4,0,2,101325,2500,7077,520,0xf,False,0x0
1783864848.716,3430,3430,808240,4,1,-4,54,41,1066,0,3,1,101325,2500,7077,497,0xf,False,0x0
1783864848.992,3431,3431,808516,4,1,-19,-43,-24,1068,3,-3,-2,101325,2500,7077,482,0xf,False,0x0
1783864849.193,3432,3432,808717,4,1,11,-48,-60,1037,1,-3,5,101325,2500,7077,502,0xf,False,0x0
1783864849.483,3433,3433,809007,4,1,-15,60,-58,893,-4,5,1,101325,2500,7077,482,0xf,False,0x0
1783864849.684,3434,3434,809208,4,1,-18,25,-57,987,2,1,-4,101325,2500,7077,500,0xf,False,0x0
1783864849.986,3435,3435,809510,4,1,-10,32,-8,954,-2,5,2,101325,2500,7077,509,0xf,False,0x0
1783864850.187,3436,3436,809711,4,1,5,17,13,952,-4,-5,1,101325,2500,7077,511,0xf,False,0x0
1783864850.450,3437,3437,809974,4,1,2,-47,-24,1046,5,-1,3,101325,2500,7077,500,0xf,False,0x0
1783864850.651,3438,3438,810175,4,1,-13,19,28,931,-1,-4,-3,101325,2500,7076,481,0xf,False,0x0
1783864850.921,3439,3439,810445,4,1,3,2,54,960,0,1,-4,101325,2500,7076,495,0xf,False,0x0
1783864851.121,3440,3440,810645,4,1,3,50,13,1026,2,-4,4,101325,2500,7076,506,0xf,False,0x0
1783864851.446,3441,3441,810970,4,1,-6,54,38,1073,1,2,0,101325,2500,7076,497,0xf,False,0x0
1783864851.646,3442,3442,811170,4,1,5,20,26,837,5,-4,-3,101325,2500,7076,516,0xf,False,0x0
1783864851.947,3443,3443,811471,4,1,5,28,-54,910,-2,-4,-2,101325,2500,7076,500,0xf,False,0x0
1783864852.148,3444,3444,811672,4,1,-11,-5,55,1132,4,-1,2,101325,2500,7076,487,0xf,False,0x0
1783864852.451,3445,3445,811975,4,1,-18,48,32,997,-1,-3,-3,101325,2500,7076,510,0xf,False,0x0
1783864852.652,3446,3446,812176,4,1,1,-18,-8,1000,5,0,1,101325,2500,7076,488,0xf,False,0x0
1783864852.943,3447,3447,812467,4,1,17,-9,-22,986,-4,3,5,101325,2500,7076,485,0xf,False,0x0
1783864853.144,3448,3448,812668,4,1,8,8,-10,1057,5,-4,1,101325,2500,7075,514,0xf,False,0x0
1783864853.418,3449,3449,812942,4,1,16,36,19,1120,-1,0,5,101325,2500,7075,502,0xf,False,0x0
1783864853.619,3450,3450,813143,4,1,14,55,43,883,5,-1,-2,101325,2500,7075,507,0xf,False,0x0
1783864853.820,3451,3451,813344,4,1,12,26,35,1054,-5,-2,5,101325,2500,7075,493,0xf,False,0x0
1783864854.020,3452,3452,813544,4,1,-2,-39,46,1056,-2,-2,2,101325,2500,7075,491,0xf,False,0x0
1783864854.220,3453,3453,813744,4,1,4,-45,44,989,3,-3,2,101325,2500,7075,497,0xf,False,0x0
1783864854.429,3454,3454,813953,4,1,9,21,-3,852,-2,1,2,101325,2500,7075,517,0xf,False,0x0
1783864854.629,3455,3455,814153,4,1,19,-7,56,953,-5,-2,2,101325,2500,7075,480,0xf,False,0x0
1783864854.924,3456,3456,814448,4,1,-10,-34,-31,1066,-3,-2,5,101325,2500,7075,483,0xf,False,0x0
1783864855.124,3457,3457,814648,4,1,12,-37,6,1032,-2,2,5,101325,2500,7075,482,0xf,False,0x0
1783864855.395,3458,3458,814918,4,1,-7,-47,-11,1007,3,-4,-2,101325,2500,7075,519,0xf,False,0x0
1783864855.596,3459,3459,815120,4,1,0,42,-6,1059,-4,-1,3,101325,2500,7074,489,0xf,False,0x0
1783864855.874,3460,3460,815398,4,1,4,-19,-28,1008,0,-3,2,101325,2500,7074,502,0xf,False,0x0
1783864856.074,3461,3461,815598,4,1,-10,-48,-28,1082,3,-5,4,101325,2500,7074,516,0xf,False,0x0
1783864856.387,3462,3462,815911,4,1,9,-21,23,1032,-5,-4,5,101325,2500,7074,511,0xf,False,0x0
1783864856.588,3463,3463,816112,4,1,5,-57,44,971,2,1,0,101325,2500,7074,504,0xf,False,0x0
1783864856.898,3464,3464,816422,4,1,-10,-5,45,1006,3,0,-3,101325,2500,7074,509,0xf,False,0x0
1783864857.098,3465,3465,816622,4,1,-7,-43,-46,911,-5,-4,-5,101325,2500,7074,480,0xf,False,0x0
1783864857.399,3466,3466,816923,4,1,14,58,11,902,5,2,-3,101325,2500,7074,483,0xf,False,0x0
1783864857.599,3467,3467,817123,4,1,10,-8,17,894,2,5,3,101325,2500,7074,511,0xf,False,0x0
1783864857.835,3468,3468,817359,4,1,-18,21,17,1031,-4,0,4,101325,2500,7074,485,0xf,False,0x0
1783864858.036,3469,3469,817559,4,1,-10,-15,-60,977,-2,3,5,101325,2500,7073,485,0xf,False,0x0
1783864858.251,3470,3470,817775,4,1,17,16,-25,897,4,-2,5,101325,2500,7073,514,0xf,False,0x0
1783864858.452,3471,3471,817976,4,1,-13,57,-37,1130,-4,2,2,101325,2500,7073,503,0xf,False,0x0
1783864858.728,3472,3472,818252,4,1,15,12,10,1114,-4,2,-5,101325,2500,7073,502,0xf,False,0x0
1783864858.929,3473,3473,818453,4,1,6,33,-30,1080,-1,-3,0,101325,2500,7073,510,0xf,False,0x0
1783864859.200,3474,3474,818724,4,1,-9,-49,-50,1134,-3,1,-3,101325,2500,7073,495,0xf,False,0x0
1783864859.401,3475,3475,818925,4,1,-19,27,60,1128,1,3,-1,101325,2500,7073,519,0xf,False,0x0
1783864859.703,3476,3476,819227,4,1,-13,-8,-41,950,-2,-5,1,101325,2500,7073,520,0xf,False,0x0
1783864860.176,3478,3478,819700,4,1,-5,-59,-40,938,0,-2,-4,101325,2500,7073,514,0xf,False,0x0
1783864860.377,3479,3479,819901,4,1,8,57,5,944,-5,-5,-5,101325,2500,7073,501,0xf,False,0x0
1783864860.841,3481,3481,820365,4,1,-15,13,-23,1091,-1,-1,-1,101325,2500,7072,504,0xf,False,0x0
1783864861.115,3482,3482,820639,4,1,-7,-30,31,1078,4,0,2,101325,2500,7072,520,0xf,False,0x0
1783864861.315,3483,3483,820839,4,1,19,-54,20,950,-5,-5,2,101325,2500,7072,487,0xf,False,0x0
1783864861.601,3484,3484,821124,4,1,10,17,36,942,-1,4,-3,101325,2500,7072,493,0xf,False,0x0
1783864861.801,3485,3485,821325,4,1,14,-23,19,943,1,4,-1,101325,2500,7072,486,0xf,False,0x0
1783864862.294,3487,3487,821818,4,1,2,-32,15,963,1,-4,0,101325,2500,7072,482,0xf,False,0x0
1783864862.554,3488,3488,822078,4,1,-15,-28,16,1051,4,0,5,101325,2500,7072,493,0xf,False,0x0
1783864862.755,3489,3489,822279,4,1,19,-3,-2,1036,3,1,-2,101325,2500,7072,502,0xf,False,0x0
1783864862.956,3490,3490,822480,4,1,-9,22,-14,1082,4,1,0,101325,2500,7072,511,0xf,False,0x0
1783864863.183,3491,3491,822707,4,1,-10,23,40,1032,3,5,-2,101325,2500,7071,489,0xf,False,0x0
1783864863.383,3492,3492,822907,4,1,-4,-38,-29,1148,-3,-1,4,101325,2500,7071,482,0xf,False,0x0
1783864863.591,3493,3493,823115,4,1,-9,-8,41,993,-2,-3,2,101325,2500,7071,485,0xf,False,0x0
1783864863.791,3494,3494,823315,4,1,-18,-27,-21,1076,3,4,-3,101325,2500,7071,491,0xf,False,0x0
1783864863.993,3495,3495,823517,4,1,-10,13,10,1042,3,3,-4,101325,2500,7071,515,0xf,False,0x0
1783864864.193,3496,3496,823717,4,1,14,-60,-40,882,5,-4,5,101325,2500,7071,491,0xf,False,0x0
1783864864.805,3497,3497,824329,4,1,-12,16,1,1034,-1,4,2,101325,2500,7071,499,0xf,False,0x0
1783864865.006,3498,3498,824530,4,1,5,56,-21,1138,1,-4,5,101325,2500,7071,519,0xf,False,0x0
1783864865.207,3499,3499,824731,4,1,17,51,-12,1028,5,1,5,101325,2500,7071,480,0xf,False,0x0
1783864865.407,3500,3500,824931,4,1,7,-31,-48,1078,1,-1,0,101325,2500,7071,505,0xf,False,0x0
1783864865.608,3501,3501,825132,4,1,6,-57,-32,1059,2,3,2,101325,2500,7070,519,0xf,False,0x0
1783864865.809,3502,3502,825333,4,1,12,13,-22,1036,3,-4,3,101325,2500,7070,485,0xf,False,0x0
1783864866.009,3503,3503,825533,4,1,-1,21,52,910,4,-5,-5,101325,2500,7070,511,0xf,False,0x0
1783864866.210,3504,3504,825734,4,1,-1,34,-46,1020,0,4,5,101325,2500,7070,517,0xf,False,0x0
1783864866.410,3505,3505,825934,4,1,-14,18,-51,959,-2,-3,-2,101325,2500,7070,515,0xf,False,0x0
1783864866.611,3506,3506,826135,4,1,-20,43,-8,1020,0,-2,5,101325,2500,7070,517,0xf,False,0x0
1783864866.812,3507,3507,826336,4,1,-18,-50,25,1064,-2,3,2,101325,2500,7070,480,0xf,False,0x0
1783864867.013,3508,3508,826537,4,1,-7,-19,-60,1027,4,-4,-4,101325,2500,7070,502,0xf,False,0x0
1783864867.213,3509,3509,826737,4,1,5,-51,-8,1063,3,2,-1,101325,2500,7070,491,0xf,False,0x0
1783864867.413,3510,3510,826937,4,1,11,-15,-12,890,2,-3,-2,101325,2500,7070,508,0xf,False,0x0
1783864867.614,3511,3511,827138,4,1,15,9,-23,994,5,-3,-4,101325,2500,7070,506,0xf,False,0x0
1783864867.814,3512,3512,827338,4,1,-17,55,-21,989,0,5,4,101325,2500,7070,501,0xf,False,0x0
1783864868.015,3513,3513,827539,4,1,-7,-26,51,1063,0,-3,-2,101325,2500,7069,510,0xf,False,0x0
1783864868.215,3514,3514,827739,4,1,-20,43,-35,1016,5,5,3,101325,2500,7069,490,0xf,False,0x0
1783864868.417,3515,3515,827940,4,1,-3,12,35,1117,-1,3,5,101325,2500,7069,488,0xf,False,0x0
1783864868.617,3516,3516,828141,4,1,-6,-7,-24,1053,0,-5,-1,101325,2500,7069,482,0xf,False,0x0
1783864868.817,3517,3517,828341,4,1,-4,13,46,1033,2,1,2,101325,2500,7069,509,0xf,False,0x0
1783864869.018,3518,3518,828542,4,1,14,-13,-29,979,-4,3,-1,101325,2500,7069,496,0xf,False,0x0
1783864869.219,3519,3519,828742,4,1,-14,-8,-11,927,-1,4,-4,101325,2500,7069,481,0xf,False,0x0
1783864869.419,3520,3520,828943,4,1,-5,-56,8,1100,-1,4,4,101325,2500,7069,493,0xf,False,0x0
1783864869.620,3521,3521,829144,4,1,-7,-23,-25,998,-5,3,4,101325,2500,7069,513,0xf,False,0x0
1783864869.821,3522,3522,829345,4,1,-11,-50,10,1118,0,4,4,101325,2500,7069,517,0xf,False,0x0
1783864870.022,3523,3523,829546,4,1,-8,27,59,893,3,-4,-1,101325,2500,7069,505,0xf,False,0x0
1783864870.256,3524,3524,829779,4,1,5,-57,-57,1058,-1,-1,-3,101325,2500,7069,506,0xf,False,0x0
1783864870.463,3525,3525,829987,4,1,-14,-25,-4,997,-2,-4,-1,101325,2500,7069,489,0xf,False,0x0
1783864870.663,3526,3526,830187,4,1,-20,-59,36,874,-3,3,1,101325,2500,7068,481,0xf,False,0x0
1783864870.865,3527,3527,830389,4,1,7,-9,37,1121,-5,1,3,101325,2500,7068,484,0xf,False,0x0
1783864871.066,3528,3528,830590,4,1,11,-38,-20,1111,0,-1,-4,101325,2500,7068,503,0xf,False,0x0
1783864871.270,3529,3529,830794,4,1,-19,36,9,1046,5,4,-5,101325,2500,7068,481,0xf,False,0x0
1783864871.470,3530,3530,830994,4,1,19,55,21,964,-5,-2,-4,101325,2500,7068,480,0xf,False,0x0
1783864871.756,3531,3531,831280,4,1,-8,-13,55,1015,-3,-3,-2,101325,2500,7068,499,0xf,False,0x0
1783864871.957,3532,3532,831481,4,1,-12,8,-31,1014,5,-2,-4,101325,2500,7068,518,0xf,False,0x0
1783864872.235,3533,3533,831759,4,1,-17,49,45,951,-2,2,-3,101325,2500,7068,510,0xf,False,0x0
1783864872.436,3534,3534,831960,4,1,-8,45,-11,873,3,0,1,101325,2500,7068,485,0xf,False,0x0
1783864872.718,3535,3535,832242,4,1,5,56,4,966,3,0,3,101325,2500,7068,501,0xf,False,0x0
1783864873.119,3537,3537,832643,4,1,-16,17,-25,1115,-1,-4,-1,101325,2500,7067,494,0xf,False,0x0
1783864873.331,3538,3538,832855,4,1,2,-34,-33,1119,1,1,1,101325,2500,7067,518,0xf,False,0x0
1783864873.533,3539,3539,833056,4,1,-1,35,-9,982,-2,-1,3,101325,2500,7067,507,0xf,False,0x0
1783864873.733,3540,3540,833257,4,1,-19,-6,37,1032,0,5,0,101325,2500,7067,503,0xf,False,0x0
1783864874.202,3542,3542,833726,4,1,16,2,-20,1097,-5,2,-1,101325,2500,7067,495,0xf,False,0x0
1783864874.404,3543,3543,833928,4,1,0,-17,-57,1010,4,-4,-4,101325,2500,7067,510,0xf,False,0x0
1783864874.698,3544,3544,834222,4,1,-8,1,-28,994,-1,4,2,101325,2500,7067,490,0xf,False,0x0
1783864874.900,3545,3545,834424,4,1,1,-43,23,893,5,4,2,101325,2500,7067,506,0xf,False,0x0
1783864875.103,3546,3546,834627,4,1,-11,-16,2,1066,-3,-1,-5,101325,2500,7067,481,0xf,False,0x0
1783864875.319,3547,3547,834843,4,1,0,-3,-6,1029,-3,-5,-4,101325,2500,7067,520,0xf,False,0x0
1783864875.520,3548,3548,835044,4,1,-5,-18,37,1086,0,-1,0,101325,2500,7066,515,0xf,False,0x0
1783864875.721,3549,3549,835245,4,1,7,7,20,1054,5,0,-1,101325,2500,7066,497,0xf,False,0x0
1783864875.921,3550,3550,835445,4,1,-12,3,-39,924,-2,-2,3,101325,2500,7066,498,0xf,False,0x0
1783864876.156,3551,3551,835680,4,1,5,-18,44,959,1,3,-2,101325,2500,7066,500,0xf,False,0x0
1783864876.357,3552,3552,835881,4,1,-13,39,57,1091,-3,-5,5,101325,2500,7066,517,0xf,False,0x0
1783864876.647,3553,3553,836171,4,1,5,-49,54,1030,4,-1,-4,101325,2500,7066,492,0xf,False,0x0
1783864876.848,3554,3554,836372,4,1,-11,-36,-2,951,-4,-3,-3,101325,2500,7066,517,0xf,False,0x0
1783864877.123,3555,3555,836647,4,1,4,-32,46,925,4,0,1,101325,2500,7066,509,0xf,False,0x0
1783864877.323,3556,3556,836847,4,1,13,-5,10,1064,4,-1,2,101325,2500,7066,490,0xf,False,0x0
1783864877.595,3557,3557,837119,4,1,0,-13,-27,953,2,4,-1,101325,2500,7066,508,0xf,False,0x0
1783864877.796,3558,3558,837320,4,1,20,53,25,996,0,-3,-3,101325,2500,7066,491,0xf,False,0x0
1783864877.998,3559,3559,837522,4,1,-9,3,25,890,-4,2,-4,101325,2500,7065,516,0xf,False,0x0
1783864878.202,3560,3560,837726,4,1,-18,-49,-55,956,0,3,2,101325,2500,7065,481,0xf,False,0x0
1783864878.402,3561,3561,837926,4,1,-3,-32,-27,1075,3,-1,-2,101325,2500,7065,500,0xf,False,0x0
1783864878.603,3562,3562,838127,4,1,4,-30,-15,1064,-2,-1,1,101325,2500,7065,492,0xf,False,0x0
1783864879.067,3564,3564,838591,4,1,-2,60,-52,1007,-1,-5,-1,101325,2500,7065,515,0xf,False,0x0
1783864879.268,3565,3565,838792,4,1,20,47,-55,977,-5,-3,-4,101325,2500,7065,484,0xf,False,0x0
1783864879.567,3566,3566,839091,4,1,1,31,40,872,5,-4,-5,101325,2500,7065,514,0xf,False,0x0
1783864879.769,3567,3567,839293,4,1,-4,34,-20,959,-5,4,-5,101325,2500,7065,480,0xf,False,0x0
1783864880.085,3568,3568,839609,4,1,1,-9,-50,1045,-3,1,0,101325,2500,7065,515,0xf,False,0x0
1783864880.491,3570,3570,840015,4,1,-5,-33,-56,1083,-2,-4,2,101325,2500,7064,504,0xf,False,0x0
1783864880.693,3571,3571,840217,4,1,12,33,-15,1081,1,-4,-2,101325,2500,7064,490,0xf,False,0x0
1783864880.893,3572,3572,840417,4,1,2,23,-19,1087,4,1,-2,101325,2500,7064,517,0xf,False,0x0
1783864881.093,3573,3573,840617,4,1,1,22,24,925,-2,2,2,101325,2500,7064,517,0xf,False,0x0
1783864881.294,3574,3574,840818,4,1,-3,-30,47,994,2,-4,-5,101325,2500,7064,486,0xf,False,0x0
1783864881.515,3575,3575,841039,4,1,18,53,40,932,-1,5,-5,101325,2500,7064,487,0xf,False,0x0
1783864881.716,3576,3576,841240,4,1,20,2,11,1051,5,-4,5,101325,2500,7064,491,0xf,False,0x0
1783864881.976,3577,3577,841500,4,1,16,-44,-51,1064,-4,-4,-5,101325,2500,7064,498,0xf,False,0x0
1783864882.178,3578,3578,841702,4,1,-15,15,-46,1009,3,1,-2,101325,2500,7064,519,0xf,False,0x0
1783864882.459,3579,3579,841983,4,1,-9,51,-41,897,-4,1,5,101325,2500,7064,511,0xf,False,0x0
1783864882.659,3580,3580,842183,4,1,2,56,-4,846,4,-1,0,101325,2500,7064,506,0xf,False,0x0
1783864882.925,3581,3581,842449,4,1,12,7,59,872,-5,0,-2,101325,2500,7064,517,0xf,False,0x0
1783864883.126,3582,3582,842649,4,1,-8,-17,22,982,-5,-2,-1,101325,2500,7063,481,0xf,False,0x0
1783864883.410,3583,3583,842934,4,1,4,-13,-36,1081,1,5,4,101325,2500,7063,503,0xf,False,0x0
1783864883.610,3584,3584,843134,4,1,-20,-42,-26,1039,4,-3,4,101325,2500,7063,501,0xf,False,0x0
1783864883.874,3585,3585,843398,4,1,12,-43,30,884,-4,3,0,101325,2500,7063,505,0xf,False,0x0
1783864884.074,3586,3586,843598,4,1,-6,-25,35,968,-2,-3,1,101325,2500,7063,485,0xf,False,0x0
1783864884.346,3587,3587,843870,4,1,-3,-22,37,1063,-3,-2,-3,101325,2500,7063,506,0xf,False,0x0
1783864884.546,3588,3588,844070,4,1,-4,-55,-55,1089,-3,0,4,101325,2500,7063,516,0xf,False,0x0
1783864884.819,3589,3589,844342,4,1,13,-25,18,973,0,2,0,101325,2500,7063,483,0xf,False,0x0
1783864885.019,3590,3590,844543,4,1,-13,-26,-53,1077,-3,4,-4,101325,2500,7063,519,0xf,False,0x0
1783864885.293,3591,3591,844817,4,1,-5,-23,-20,1072,-4,-1,-5,101325,2500,7063,512,0xf,False,0x0
1783864885.493,3592,3592,845017,4,1,9,59,-42,956,-3,5,-4,101325,2500,7062,513,0xf,False,0x0
1783864885.784,3593,3593,845308,4,1,8,33,-32,1138,-5,-5,-4,101325,2500,7062,501,0xf,False,0x0
1783864885.985,3594,3594,845509,4,1,7,-15,13,860,1,5,-3,101325,2500,7062,511,0xf,False,0x0
1783864886.283,3595,3595,845807,4,1,-8,59,47,1049,-2,-1,-1,101325,2500,7062,503,0xf,False,0x0
1783864886.484,3596,3596,846008,4,1,-19,9,17,1143,-4,3,-3,101325,2500,7062,509,0xf,False,0x0
1783864886.797,3597,3597,846321,4,1,19,41,-26,1075,-3,-4,-5,101325,2500,7062,505,0xf,False,0x0
1783864887.289,3599,3599,846812,4,1,1,-45,-34,1043,-1,4,0,101325,2500,7062,485,0xf,False,0x0
1783864887.489,3600,3600,847013,4,1,11,-45,56,1017,-2,-5,1,101325,2500,7062,518,0xf,False,0x0
1783864887.786,3601,3601,847309,4,1,-6,58,53,1073,1,2,0,101325,2500,7062,489,0xf,False,0x0
1783864887.988,3602,3602,847512,4,1,7,25,1,1036,-1,-2,-3,101325,2500,7061,494,0xf,False,0x0
1783864888.249,3603,3603,847773,4,1,7,-16,-6,953,-3,3,-5,101325,2500,7061,516,0xf,False,0x0
1783864888.450,3604,3604,847974,4,1,10,54,19,1059,1,4,-2,101325,2500,7061,492,0xf,False,0x0
1783864888.730,3605,3605,848254,4,1,-10,-30,-52,958,-2,5,5,101325,2500,7061,501,0xf,False,0x0
1783864888.931,3606,3606,848455,4,1,15,-54,54,952,4,4,-4,101325,2500,7061,482,0xf,False,0x0
1783864889.222,3607,3607,848746,4,1,5,-28,-45,1099,2,1,1,101325,2500,7061,506,0xf,False,0x0
1783864889.423,3608,3608,848947,4,1,-6,-52,9,883,1,2,5,101325,2500,7061,497,0xf,False,0x0
1783864889.723,3609,3609,849247,4,1,-11,21,17,997,-1,-1,3,101325,2500,7061,505,0xf,False,0x0
1783864889.923,3610,3610,849447,4,1,-9,-11,-33,971,3,-5,5,101325,2500,7061,498,0xf,False,0x0
1783864890.198,3611,3611,849722,4,1,-9,-18,25,863,-4,2,-2,101325,2500,7061,511,0xf,False,0x0
1783864890.399,3612,3612,849922,4,1,9,58,-55,1066,4,-4,1,101325,2500,7061,495,0xf,False,0x0
1783864890.678,3613,3613,850201,4,1,-9,-15,55,990,0,3,4,101325,2500,7060,499,0xf,False,0x0
1783864890.878,3614,3614,850402,4,1,11,-35,1,1035,-4,2,-1,101325,2500,7060,488,0xf,False,0x0
1783864891.200,3615,3615,850724,4,1,13,54,-50,1066,-1,2,-5,101325,2500,7060,508,0xf,False,0x0
1783864891.400,3616,3616,850924,4,1,-3,-35,-25,1006,-5,-1,-3,101325,2500,7060,514,0xf,False,0x0
1783864891.664,3617,3617,851188,4,1,-13,5,-24,983,5,1,-4,101325,2500,7060,509,0xf,False,0x0
1783864891.864,3618,3618,851388,4,1,-3,-47,56,1056,-4,4,-5,101325,2500,7060,504,0xf,False,0x0
1783864892.180,3619,3619,851704,4,1,-10,-48,-11,1022,1,0,-1,101325,2500,7060,481,0xf,False,0x0
1783864892.381,3620,3620,851905,4,1,-4,1,-38,1161,2,1,0,101325,2500,7060,503,0xf,False,0x0
1783864892.669,3621,3621,852193,4,1,-16,37,47,1011,-5,0,-4,101325,2500,7060,497,0xf,False,0x0
1783864892.869,3622,3622,852393,4,1,19,-19,-47,1015,0,-4,1,101325,2500,7060,517,0xf,False,0x0
1783864893.131,3623,3623,852655,4,1,12,-58,31,995,0,0,-1,101325,2500,7059,503,0xf,False,0x0
1783864893.332,3624,3624,852856,4,1,14,15,-17,1152,-3,3,4,101325,2500,7059,503,0xf,False,0x0
1783864893.647,3625,3625,853171,4,1,-19,-55,-20,1031,1,-4,1,101325,2500,7059,500,0xf,False,0x0
1783864893.848,3626,3626,853372,4,1,-9,-53,-5,836,2,-4,0,101325,2500,7059,505,0xf,False,0x0
1783864894.126,3627,3627,853650,4,1,15,-28,-44,937,-5,2,-3,101325,2500,7059,484,0xf,False,0x0
1783864894.326,3628,3628,853850,4,1,2,-43,-5,986,-5,-1,3,101325,2500,7059,483,0xf,False,0x0
1783864894.606,3629,3629,854130,4,1,-17,56,-12,1151,-5,-4,-5,101325,2500,7059,486,0xf,False,0x0
1783864894.807,3630,3630,854331,4,1,18,53,18,924,-3,-4,-1,101325,2500,7059,487,0xf,False,0x0
1783864895.106,3631,3631,854630,4,1,20,57,-14,1028,-1,-3,0,101325,2500,7059,502,0xf,False,0x0
1783864895.307,3632,3632,854830,4,1,15,25,-8,1048,-3,-3,2,101325,2500,7059,488,0xf,False,0x0
1783864895.621,3633,3633,855145,4,1,1,39,1,1055,-3,1,-2,101325,2500,7058,495,0xf,False,0x0
1783864895.821,3634,3634,855345,4,1,12,-15,-19,1082,-2,-4,-3,101325,2500,7058,506,0xf,False,0x0
1783864896.121,3635,3635,855645,4,1,-6,60,-11,1005,3,-3,-2,101325,2500,7058,493,0xf,False,0x0
1783864896.322,3636,3636,855846,4,1,-3,-34,-26,971,2,-3,1,101325,2500,7058,488,0xf,False,0x0
1783864896.604,3637,3637,856128,4,1,2,-2,0,955,-1,3,-5,101325,2500,7058,498,0xf,False,0x0
1783864896.805,3638,3638,856328,4,1,9,-31,53,1063,-5,-5,-2,101325,2500,7058,501,0xf,False,0x0
1783864897.106,3639,3639,856630,4,1,-7,-57,-23,1072,-3,-3,3,101325,2500,7058,512,0xf,False,0x0
1783864897.306,3640,3640,856830,4,1,-4,53,-36,935,-3,-4,4,101325,2500,7058,498,0xf,False,0x0
1783864897.620,3641,3641,857144,4,1,-19,-13,15,989,-3,4,3,101325,2500,7058,487,0xf,False,0x0
1783864897.821,3642,3642,857345,4,1,-5,-25,-33,1006,2,-3,-4,101325,2500,7058,490,0xf,False,0x0
1783864898.118,3643,3643,857642,4,1,13,19,-10,1023,1,0,5,101325,2500,7057,514,0xf,False,0x0
1783864898.318,3644,3644,857842,4,1,2,-28,58,870,-5,1,-2,101325,2500,7057,491,0xf,False,0x0
1783864898.591,3645,3645,858115,4,1,15,-20,-50,908,-4,-4,1,101325,2500,7057,503,0xf,False,0x0
1783864898.791,3646,3646,858315,4,1,16,30,-44,917,-5,5,-4,101325,2500,7057,491,0xf,False,0x0
1783864899.050,3647,3647,858574,4,1,-5,23,-49,1057,4,-1,-3,101325,2500,7057,517,0xf,False,0x0
1783864899.251,3648,3648,858775,4,1,-1,18,-55,1047,3,1,2,101325,2500,7057,487,0xf,False,0x0
1783864899.536,3649,3649,859060,4,1,-4,-33,39,895,-3,-5,-3,101325,2500,7057,519,0xf,False,0x0
1783864899.736,3650,3650,859260,4,1,-17,-8,8,1101,4,3,3,101325,2500,7057,483,0xf,False,0x0
1783864900.030,3651,3651,859554,4,1,-9,-13,32,1068,5,1,3,101325,2500,7057,516,0xf,False,0x0
1783864900.231,3652,3652,859755,4,1,-17,-51,5,841,4,-3,4,101325,2500,7057,483,0xf,False,0x0
1783864900.538,3653,3653,860062,4,1,8,36,-23,1034,-2,-1,5,101325,2500,7056,512,0xf,False,0x0
1783864900.739,3654,3654,860262,4,1,16,23,49,998,0,-5,-3,101325,2500,7056,503,0xf,False,0x0
1783864901.212,3656,3656,860736,4,1,6,-13,58,917,-2,4,-3,101325,2500,7056,520,0xf,False,0x0
1783864901.694,3658,3658,861218,4,1,4,53,18,1035,2,-4,1,101325,2500,7056,503,0xf,False,0x0
1783864902.235,3660,3660,861759,4,1,-4,12,-44,1045,-4,5,-3,101325,2500,7056,482,0xf,False,0x0
1783864902.508,3661,3661,862032,4,1,19,59,-44,1038,-3,-4,-3,101325,2500,7056,515,0xf,False,0x0
1783864902.709,3662,3662,862233,4,1,10,-38,-23,1074,-4,-3,2,101325,2500,7056,494,0xf,False,0x0
1783864902.981,3663,3663,862505,4,1,3,8,29,1063,-1,5,4,101325,2500,7055,491,0xf,False,0x0
1783864903.181,3664,3664,862705,4,1,13,6,-34,1156,-3,0,2,101325,2500,7055,495,0xf,False,0x0
1783864903.456,3665,3665,862980,4,1,-8,31,9,956,2,-2,2,101325,2500,7055,498,0xf,False,0x0
1783864903.657,3666,3666,863181,4,1,-6,-31,-11,1045,-1,4,1,101325,2500,7055,505,0xf,False,0x0
1783864903.954,3667,3667,863478,4,1,-15,-30,-54,983,-5,-2,1,101325,2500,7055,503,0xf,False,0x0
1783864904.155,3668,3668,863679,4,1,7,-26,-57,983,5,-3,5,101325,2500,7055,489,0xf,False,0x0
1783864904.435,3669,3669,863958,4,1,-2,53,-29,1134,3,2,2,101325,2500,7055,511,0xf,False,0x0
1783864904.635,3670,3670,864159,4,1,2,-31,-38,1070,1,0,5,101325,2500,7055,484,0xf,False,0x0
1783864904.899,3671,3671,864423,4,1,-7,36,25,991,3,-3,4,101325,2500,7055,518,0xf,False,0x0
1783864905.100,3672,3672,864624,4,1,10,48,42,938,4,-5,-4,101325,2500,7055,517,0xf,False,0x0
1783864905.374,3673,3673,864898,4,1,1,31,46,1087,-2,-5,2,101325,2500,7055,492,0xf,False,0x0
1783864905.834,3675,3675,865358,4,1,18,29,-1,1085,3,0,2,101325,2500,7054,505,0xf,False,0x0
1783864906.035,3676,3676,865559,4,1,-2,36,-47,937,2,-2,2,101325,2500,7054,498,0xf,False,0x0
1783864906.348,3677,3677,865872,4,1,-20,-37,-51,1098,-1,5,0,101325,2500,7054,514,0xf,False,0x0
1783864906.549,3678,3678,866073,4,1,-3,0,8,988,-4,-4,3,101325,2500,7054,508,0xf,False,0x0
1783864906.805,3679,3679,866329,4,1,0,-29,-29,948,4,1,0,101325,2500,7054,501,0xf,False,0x0
1783864907.005,3680,3680,866529,4,1,-5,12,10,1012,0,-1,5,101325,2500,7054,481,0xf,False,0x0
1783864907.301,3681,3681,866825,4,1,-2,25,-53,876,-3,0,-1,101325,2500,7054,498,0xf,False,0x0
1783864907.790,3683,3683,867314,4,1,-8,40,11,1093,4,-1,5,101325,2500,7054,493,0xf,False,0x0
1783864907.991,3684,3684,867514,4,1,-11,-60,12,1115,1,-5,1,101325,2500,7053,516,0xf,False,0x0
1783864908.283,3685,3685,867807,4,1,-6,24,15,959,2,2,4,101325,2500,7053,492,0xf,False,0x0
1783864908.485,3686,3686,868009,4,1,5,-15,7,966,1,2,-3,101325,2500,7053,515,0xf,False,0x0
1783864908.685,3687,3687,868209,4,1,3,-26,-4,1025,5,4,0,101325,2500,7053,508,0xf,False,0x0
1783864908.886,3688,3688,868410,4,1,-12,-18,-9,977,2,-4,0,101325,2500,7053,503,0xf,False,0x0
1783864909.087,3689,3689,868611,4,1,11,12,-19,1107,3,3,-2,101325,2500,7053,503,0xf,False,0x0
1783864909.383,3690,3690,868907,4,1,-6,20,-56,1055,-1,4,-1,101325,2500,7053,490,0xf,False,0x0
1783864909.585,3691,3691,869108,4,1,-17,-56,56,1047,0,5,-3,101325,2500,7053,497,0xf,False,0x0
1783864909.855,3692,3692,869379,4,1,-19,39,6,1063,-1,-2,1,101325,2500,7053,495,0xf,False,0x0
1783864910.257,3694,3694,869781,4,1,-15,-55,39,1015,-1,0,-1,101325,2500,7053,498,0xf,False,0x0
1783864910.478,3695,3695,870002,4,1,7,-1,-12,937,2,-3,-3,101325,2500,7052,483,0xf,False,0x0
1783864910.679,3696,3696,870202,4,1,-3,-1,-26,995,-2,-4,2,101325,2500,7052,515,0xf,False,0x0
1783864910.879,3697,3697,870403,4,1,9,-21,-5,1096,1,4,2,101325,2500,7052,506,0xf,False,0x0
1783864911.079,3698,3698,870603,4,1,-17,-5,46,925,4,2,-2,101325,2500,7052,488,0xf,False,0x0
1783864911.306,3699,3699,870830,4,1,16,-9,-12,949,2,4,4,101325,2500,7052,503,0xf,False,0x0
1783864911.507,3700,3700,871031,4,1,9,19,-17,927,-1,0,4,101325,2500,7052,501,0xf,False,0x0
1783864911.771,3701,3701,871295,4,1,-17,-31,-7,1066,-5,-1,1,101325,2500,7052,514,0xf,False,0x0
1783864911.972,3702,3702,871496,4,1,-6,20,-25,900,5,5,4,101325,2500,7052,494,0xf,False,0x0
1783864912.268,3703,3703,871792,4,1,-3,-20,9,893,2,2,0,101325,2500,7052,498,0xf,False,0x0
1783864912.468,3704,3704,871992,4,1,1,50,-34,1127,-5,-3,-3,101325,2500,7052,489,0xf,False,0x0
1783864912.761,3705,3705,872285,4,1,-8,31,27,1032,1,0,5,101325,2500,7052,510,0xf,False,0x0
1783864912.962,3706,3706,872486,4,1,14,-32,38,1061,-4,1,4,101325,2500,7052,503,0xf,False,0x0
1783864913.266,3707,3707,872790,4,1,-3,-37,-33,1090,4,5,4,101325,2500,7051,506,0xf,False,0x0
1783864913.468,3708,3708,872991,4,1,-16,34,54,961,3,4,-5,101325,2500,7051,503,0xf,False,0x0
1783864913.730,3709,3709,873254,4,1,6,19,50,869,3,2,3,101325,2500,7051,486,0xf,False,0x0
1783864913.931,3710,3710,873455,4,1,-2,16,41,935,4,-2,-2,101325,2500,7051,483,0xf,False,0x0
1783864914.207,3711,3711,873730,4,1,19,50,10,914,-3,-5,5,101325,2500,7051,516,0xf,False,0x0
1783864914.407,3712,3712,873931,4,1,-19,-44,45,1129,0,-3,-5,101325,2500,7051,495,0xf,False,0x0
1783864914.704,3713,3713,874228,4,1,-7,-54,-42,1080,-1,3,-1,101325,2500,7051,488,0xf,False,0x0
1783864914.905,3714,3714,874429,4,1,-1,35,54,1011,5,5,-3,101325,2500,7051,496,0xf,False,0x0
1783864915.193,3715,3715,874717,4,1,3,-16,-40,916,4,-5,1,101325,2500,7051,510,0xf,False,0x0
1783864915.394,3716,3716,874918,4,1,-19,34,28,1140,4,-5,5,101325,2500,7051,520,0xf,False,0x0
1783864915.867,3718,3718,875391,4,1,0,13,-41,980,1,-5,-2,101325,2500,7050,514,0xf,False,0x0
1783864916.121,3719,3719,875645,4,1,8,-41,-39,905,0,0,4,101325,2500,7050,484,0xf,False,0x0
1783864916.321,3720,3720,875845,4,1,-14,-50,10,917,1,-2,2,101325,2500,7050,516,0xf,False,0x0
1783864916.600,3721,3721,876124,4,1,-11,-34,-24,1025,-1,5,3,101325,2500,7050,516,0xf,False,0x0
1783864916.801,3722,3722,876325,4,1,-20,-45,43,1090,2,-4,-2,101325,2500,7050,487,0xf,False,0x0
1783864917.079,3723,3723,876603,4,1,11,-52,-2,1103,4,-1,2,101325,2500,7050,483,0xf,False,0x0
1783864917.279,3724,3724,876803,4,1,-2,-12,10,968,0,-2,2,101325,2500,7050,519,0xf,False,0x0
1783864917.570,3725,3725,877094,4,1,20,25,-39,937,3,-5,-5,101325,2500,7050,484,0xf,False,0x0
1783864917.770,3726,3726,877294,4,1,13,-4,-9,939,2,3,2,101325,2500,7050,489,0xf,False,0x0
1783864918.046,3727,3727,877570,4,1,10,7,-34,975,-2,3,4,101325,2500,7049,514,0xf,False,0x0
1783864918.246,3728,3728,877770,4,1,10,-37,-55,1038,2,-1,2,101325,2500,7049,492,0xf,False,0x0
1783864918.503,3729,3729,878027,4,1,4,27,28,935,-1,2,3,101325,2500,7049,513,0xf,False,0x0
1783864918.703,3730,3730,878227,4,1,-9,-22,38,977,-1,2,1,101325,2500,7049,488,0xf,False,0x0
1783864918.995,3731,3731,878519,4,1,-19,42,9,930,-1,-4,2,101325,2500,7049,482,0xf,False,0x0
1783864919.196,3732,3732,878720,4,1,-1,15,16,1112,0,5,-3,101325,2500,7049,497,0xf,False,0x0
1783864919.480,3733,3733,879004,4,1,19,-58,46,1146,0,-1,5,101325,2500,7049,513,0xf,False,0x0
1783864919.681,3734,3734,879205,4,1,13,10,17,911,1,-5,-2,101325,2500,7049,505,0xf,False,0x0
1783864919.960,3735,3735,879484,4,1,-17,-47,-34,923,1,-3,4,101325,2500,7049,500,0xf,False,0x0
1783864920.161,3736,3736,879685,4,1,-19,-46,-41,1054,4,-5,2,101325,2500,7049,481,0xf,False,0x0
1783864920.472,3737,3737,879996,4,1,-18,22,10,928,-1,-4,-1,101325,2500,7049,481,0xf,False,0x0
1783864920.674,3738,3738,880197,4,1,13,-8,-41,1014,3,-3,-2,101325,2500,7048,484,0xf,False,0x0
1783864920.991,3739,3739,880515,4,1,-9,-12,13,964,-4,-2,-2,101325,2500,7048,493,0xf,False,0x0
1783864921.191,3740,3740,880715,4,1,-17,12,52,1080,-4,-4,1,101325,2500,7048,482,0xf,False,0x0
1783864921.446,3741,3741,880970,4,1,-20,-18,27,909,-1,-5,-1,101325,2500,7048,513,0xf,False,0x0
1783864921.647,3742,3742,881171,4,1,-20,-41,44,1027,-3,-2,-3,101325,2500,7048,501,0xf,False,0x0
1783864921.908,3743,3743,881432,4,1,9,8,18,969,1,4,3,101325,2500,7048,490,0xf,False,0x0
1783864922.108,3744,3744,881632,4,1,-1,40,13,1062,-4,0,2,101325,2500,7048,512,0xf,False,0x0
1783864922.376,3745,3745,881900,4,1,8,35,-34,1078,4,-4,-1,101325,2500,7048,496,0xf,False,0x0
1783864922.576,3746,3746,882100,4,1,10,46,-21,938,-4,5,4,101325,2500,7048,489,0xf,False,0x0
1783864922.841,3747,3747,882365,4,1,4,-4,26,1015,-4,3,-5,101325,2500,7048,507,0xf,False,0x0
1783864923.042,3748,3748,882565,4,1,8,-37,25,913,-3,2,0,101325,2500,7047,497,0xf,False,0x0
1783864923.361,3749,3749,882885,4,1,10,20,55,1033,1,5,2,101325,2500,7047,495,0xf,False,0x0
1783864923.562,3750,3750,883086,4,1,13,6,-30,998,2,3,1,101325,2500,7047,511,0xf,False,0x0
1783864923.836,3751,3751,883360,4,1,10,54,-21,980,-2,-4,-1,101325,2500,7047,507,0xf,False,0x0
1783864924.037,3752,3752,883561,4,1,-13,-38,-11,1083,-1,5,-1,101325,2500,7047,489,0xf,False,0x0
1783864924.328,3753,3753,883852,4,1,-19,-51,-33,1016,0,-1,-2,101325,2500,7047,482,0xf,False,0x0
1783864924.529,3754,3754,884053,4,1,11,-16,-58,1020,5,-5,-1,101325,2500,7047,500,0xf,False,0x0
1783864924.826,3755,3755,884350,4,1,7,48,49,902,2,4,3,101325,2500,7047,493,0xf,False,0x0
1783864925.027,3756,3756,884551,4,1,-18,7,-4,1098,0,2,3,101325,2500,7047,514,0xf,False,0x0
1783864925.279,3757,3757,884803,4,1,8,18,12,999,-5,-5,1,101325,2500,7047,518,0xf,False,0x0
1783864925.480,3758,3758,885004,4,1,12,-44,-46,979,1,4,4,101325,2500,7046,485,0xf,False,0x0
1783864925.773,3759,3759,885296,4,1,-12,43,50,1027,4,-2,1,101325,2500,7046,498,0xf,False,0x0
1783864925.973,3760,3760,885497,4,1,18,26,39,889,0,-4,2,101325,2500,7046,503,0xf,False,0x0
1783864926.250,3761,3761,885774,4,1,12,11,-53,1082,1,3,2,101325,2500,7046,488,0xf,False,0x0
1783864926.451,3762,3762,885974,4,1,16,25,-10,967,-4,-2,2,101325,2500,7046,492,0xf,False,0x0
1783864926.750,3763,3763,886273,4,1,-18,48,-57,944,-4,-4,5,101325,2500,7046,519,0xf,False,0x0
1783864926.950,3764,3764,886474,4,1,-3,21,24,959,-5,3,1,101325,2500,7046,506,0xf,False,0x0
1783864927.248,3765,3765,886772,4,1,-13,1,48,1039,-4,3,-4,101325,2500,7046,487,0xf,False,0x0
1783864927.449,3766,3766,886973,4,1,8,-9,-53,1040,2,-1,-3,101325,2500,7046,513,0xf,False,0x0
1783864927.728,3767,3767,887252,4,1,11,-26,14,971,3,0,-3,101325,2500,7046,497,0xf,False,0x0
1783864927.928,3768,3768,887452,4,1,11,-60,47,919,0,2,-5,101325,2500,7046,496,0xf,False,0x0
1783864928.472,3770,3770,887995,4,1,16,22,-10,992,-2,-2,3,101325,2500,7045,492,0xf,False,0x0
1783864928.735,3771,3771,888259,4,1,9,-12,6,952,2,-3,-5,101325,2500,7045,502,0xf,False,0x0
1783864928.936,3772,3772,888460,4,1,5,-32,-3,1054,4,-2,-1,101325,2500,7045,493,0xf,False,0x0
1783864929.214,3773,3773,888738,4,1,3,-48,-31,954,0,0,-1,101325,2500,7045,498,0xf,False,0x0
1783864929.415,3774,3774,888939,4,1,-14,-10,53,989,-5,4,3,101325,2500,7045,498,0xf,False,0x0
1783864929.683,3775,3775,889207,4,1,-12,1,28,1082,-3,1,3,101325,2500,7045,485,0xf,False,0x0
1783864929.883,3776,3776,889407,4,1,16,-7,-28,993,4,-3,3,101325,2500,7045,484,0xf,False,0x0
1783864930.145,3777,3777,889669,4,1,-7,13,-19,1133,2,2,0,101325,2500,7045,497,0xf,False,0x0
1783864930.345,3778,3778,889869,4,1,-12,55,-52,907,3,3,-1,101325,2500,7045,501,0xf,False,0x0
1783864930.614,3779,3779,890138,4,1,4,23,-58,904,5,-1,5,101325,2500,7044,489,0xf,False,0x0
1783864930.815,3780,3780,890339,4,1,-13,44,34,1031,0,-1,-2,101325,2500,7044,510,0xf,False,0x0
1783864931.093,3781,3781,890617,4,1,-16,49,-51,1021,-4,-3,5,101325,2500,7044,512,0xf,False,0x0
1783864931.293,3782,3782,890817,4,1,16,6,54,1022,-4,4,-4,101325,2500,7044,481,0xf,False,0x0
1783864931.543,3783,3783,891067,4,1,-20,60,31,1039,1,2,5,101325,2500,7044,518,0xf,False,0x0
1783864931.743,3784,3784,891267,4,1,16,-3,-40,1084,2,0,-4,101325,2500,7044,488,0xf,False,0x0
1783864932.010,3785,3785,891534,4,1,5,-21,-50,1132,0,-2,4,101325,2500,7044,517,0xf,False,0x0
1783864932.211,3786,3786,891735,4,1,19,57,28,1058,-4,-5,4,101325,2500,7044,503,0xf,False,0x0
1783864932.496,3787,3787,892019,4,1,3,6,-43,1004,-4,-4,-4,101325,2500,7044,513,0xf,False,0x0
1783864932.696,3788,3788,892220,4,1,15,44,-48,1087,1,1,-5,101325,2500,7044,509,0xf,False,0x0
1783864932.952,3789,3789,892476,4,1,-3,5,-60,998,-2,5,-5,101325,2500,7044,496,0xf,False,0x0
1783864933.419,3791,3791,892943,4,1,-14,-40,-32,1014,2,-5,-5,101325,2500,7043,480,0xf,False,0x0
1783864933.622,3792,3792,893144,4,1,19,15,-59,907,1,3,-1,101325,2500,7043,502,0xf,False,0x0
1783864933.899,3793,3793,893423,4,1,0,-41,0,872,-2,2,-3,101325,2500,7043,509,0xf,False,0x0
1783864934.569,3796,3796,894093,4,1,1,18,-37,965,4,5,5,101325,2500,7043,516,0xf,False,0x0
1783864934.829,3797,3797,894353,4,1,-7,59,4,888,-1,5,1,101325,2500,7043,520,0xf,False,0x0
1783864935.030,3798,3798,894554,4,1,17,-17,6,959,1,-3,4,101325,2500,7043,490,0xf,False,0x0
1783864935.288,3799,3799,894812,4,1,-14,-58,-10,1073,0,-2,-4,101325,2500,7043,516,0xf,False,0x0
1783864935.489,3800,3800,895013,4,1,-12,50,21,998,2,4,-1,101325,2500,7042,509,0xf,False,0x0
1783864935.744,3801,3801,895268,4,1,5,-46,-33,1003,4,4,3,101325,2500,7042,484,0xf,False,0x0
1783864935.945,3802,3802,895469,4,1,-5,-31,27,919,5,2,-3,101325,2500,7042,510,0xf,False,0x0
1783864936.196,3803,3803,895719,4,1,16,-36,-46,966,5,1,3,101325,2500,7042,485,0xf,False,0x0
