rx_time,seq,pkt_no,ms,flight_mode,eject_state,altitude_cm,acc_x,acc_y,acc_z,gyro_x,gyro_y,gyro_z,pressure,bmp_temp,voltage_mv,current_ma,system_status,ack_received,crc16
1784016278.401,1,1,0,0,0,-16,2,-10,996,-3,5,-1,101325,2500,7400,513,0xf,False,0x0
1784016278.602,2,2,201,0,0,-20,4,-25,1025,3,1,0,101325,2500,7400,518,0xf,False,0x0
1784016279.002,4,4,601,0,0,2,34,22,1005,5,1,2,101325,2500,7400,488,0xf,False,0x0
1784016279.203,5,5,801,0,0,-15,-8,13,1020,2,-1,3,101325,2500,7400,495,0xf,False,0x0
1784016279.403,6,6,1002,0,0,1,47,9,952,-1,-1,1,101325,2500,7400,495,0xf,False,0x0
1784016279.604,7,7,1203,0,0,4,-3,51,989,5,4,3,101325,2500,7400,494,0xf,False,0x0
1784016279.805,8,8,1403,0,0,-19,-33,-36,971,1,-5,0,101325,2500,7400,516,0xf,False,0x0
1784016280.005,9,9,1604,0,0,1,-40,23,1044,-1,3,2,101325,2500,7400,493,0xf,False,0x0
1784016280.205,10,10,1804,0,0,9,-21,-6,1001,-1,-5,-3,101325,2500,7400,494,0xf,False,0x0
1784016280.419,11,11,2018,0,0,-8,7,-50,1047,2,2,-1,101325,2500,7400,511,0xf,False,0x0
1784016280.619,12,12,2218,0,0,6,-27,-54,1014,0,1,-5,101325,2500,7400,494,0xf,False,0x0
1784016280.820,13,13,2419,0,0,-6,48,-28,1040,-5,0,-5,101325,2500,7400,509,0xf,False,0x0
1784016281.023,14,14,2622,0,0,10,46,-43,1045,2,3,-5,101325,2500,7399,489,0xf,False,0x0
1784016281.224,15,15,2823,0,0,3,-33,33,1008,-1,-3,-1,101325,2500,7399,518,0xf,False,0x0
1784016281.424,16,16,3023,0,0,0,-4,-54,971,-2,0,-3,101325,2500,7399,520,0xf,False,0x0
1784016281.625,17,17,3224,0,0,-15,-45,-36,955,-4,2,-1,101325,2500,7399,484,0xf,False,0x0
1784016281.825,18,18,3424,0,0,-13,-55,-12,968,-5,3,3,101325,2500,7399,497,0xf,False,0x0
1784016282.026,19,19,3624,0,0,11,-34,6,1007,4,-5,3,101325,2500,7399,506,0xf,False,0x0
1784016282.229,20,20,3828,0,0,20,53,20,1022,-3,-2,-3,101325,2500,7399,520,0xf,False,0x0
1784016282.430,21,21,4028,0,0,-19,46,3,999,0,1,-4,101325,2500,7399,484,0xf,False,0x0
1784016282.630,22,22,4229,0,0,10,-32,33,1001,3,4,-5,101325,2500,7399,497,0xf,False,0x0
1784016282.837,23,23,4435,0,0,3,-56,35,985,-1,5,3,101325,2500,7399,483,0xf,False,0x0
1784016283.040,24,24,4639,0,0,4,11,-26,978,2,-2,5,101325,2500,7399,496,0xf,False,0x0
1784016283.241,25,25,4839,0,0,0,-49,0,999,-4,-5,-1,101325,2500,7399,513,0xf,False,0x0
1784016283.457,26,26,5056,1,0,5,-4,5,1046,1,-3,0,101325,2500,7398,480,0xf,False,0x0
1784016283.658,27,27,5257,1,0,-17,-41,55,992,-3,-2,-3,101325,2500,7398,519,0xf,False,0x0
1784016283.860,28,28,5459,1,0,2,43,-13,1050,5,3,5,101325,2500,7398,483,0xf,False,0x0
1784016284.061,29,29,5659,1,0,2,5,-1,1029,-4,0,-4,101325,2500,7398,491,0xf,False,0x0
1784016284.261,30,30,5860,1,0,-11,-9,-45,1028,-4,-1,-1,101325,2500,7398,495,0xf,False,0x0
1784016284.465,31,31,6064,1,0,16,49,-43,1026,4,-2,-1,101325,2500,7398,489,0xf,False,0x0
1784016284.666,32,32,6265,1,0,16,-2,-29,1019,-4,3,-4,101325,2500,7398,503,0xf,False,0x0
1784016284.866,33,33,6465,1,0,-4,35,-47,1007,1,-3,-4,101325,2500,7398,496,0xf,False,0x0
1784016285.067,34,34,6665,1,0,3,40,16,1031,3,3,-3,101325,2500,7398,493,0xf,False,0x0
1784016285.267,35,35,6866,1,0,-9,50,19,953,1,3,5,101325,2500,7398,517,0xf,False,0x0
1784016285.473,36,36,7072,1,0,-3,-40,-8,968,-2,-3,2,101325,2500,7398,509,0xf,False,0x0
1784016285.674,37,37,7272,1,0,-15,27,21,957,1,5,0,101325,2500,7398,489,0xf,False,0x0
1784016285.881,38,38,7480,1,0,-9,27,5,1025,1,-4,-5,101325,2500,7398,508,0xf,False,0x0
1784016286.081,39,39,7680,1,0,-12,52,-6,1009,-1,0,-2,101325,2500,7397,494,0xf,False,0x0
1784016286.282,40,40,7881,1,0,-17,52,-27,955,-4,-5,-4,101325,2500,7397,486,0xf,False,0x0
1784016286.491,41,41,8090,1,0,4,-1,-25,988,4,0,2,101325,2500,7397,482,0xf,False,0x0
1784016286.691,42,42,8290,1,0,13,-13,0,950,5,-2,1,101325,2500,7397,497,0xf,False,0x0
1784016286.897,43,43,8496,1,0,-8,-33,-46,1031,-2,0,3,101325,2500,7397,519,0xf,False,0x0
1784016287.098,44,44,8696,1,0,7,47,41,993,-1,-3,4,101325,2500,7397,480,0xf,False,0x0
1784016287.298,45,45,8897,1,0,-5,35,-2,969,1,-2,4,101325,2500,7397,487,0xf,False,0x0
1784016287.501,46,46,9100,1,0,-3,-14,-42,1012,3,-5,-5,101325,2500,7397,492,0xf,False,0x0
1784016287.702,47,47,9301,1,0,-12,25,58,1005,2,-5,-1,101325,2500,7397,484,0xf,False,0x0
1784016287.923,48,48,9522,1,0,-3,-9,5,1005,-5,1,1,101325,2500,7397,492,0xf,False,0x0
1784016288.123,49,49,9722,1,0,-19,40,49,997,-5,3,3,101325,2500,7397,512,0xf,False,0x0
1784016288.324,50,50,9923,1,0,0,52,-53,995,5,1,5,101325,2500,7397,519,0xf,False,0x0
1784016288.591,51,51,10190,2,0,1199,-15,35,1269,-5,3,-3,101178,2492,7396,498,0xf,False,0x0
1784016288.792,52,52,10390,2,0,2452,-32,42,1623,2,1,-1,101028,2484,7396,483,0xf,False,0x0
1784016288.992,53,53,10591,2,0,3621,-10,12,1859,0,-3,3,100881,2476,7396,511,0xf,False,0x0
1784016289.218,54,54,10816,2,0,4969,23,55,2256,-1,-3,-4,100720,2467,7396,511,0xf,False,0x0
1784016289.418,55,55,11017,2,0,6081,17,59,2512,4,4,1,100581,2460,7396,497,0xf,False,0x0
1784016289.622,56,56,11221,2,0,7199,-46,-60,2777,-1,0,3,100444,2453,7396,510,0xf,False,0x0
1784016289.823,57,57,11422,2,0,8292,-10,-60,2912,-4,4,-1,100312,2446,7396,489,0xf,False,0x0
1784016290.024,58,58,11623,2,0,9365,-47,-2,3094,-5,-3,4,100183,2439,7396,481,0xf,False,0x0
1784016290.226,59,59,11825,2,0,10390,56,55,3295,-2,-2,-4,100058,2432,7396,501,0xf,False,0x0
1784016290.434,60,60,12032,2,0,11384,11,6,3425,3,-1,5,99934,2425,7396,511,0xf,False,0x0
1784016290.636,61,61,12233,2,0,12371,35,-50,3420,3,0,5,99817,2419,7396,508,0xf,False,0x0
1784016290.838,62,62,12437,2,0,13305,-8,47,3477,0,1,-1,99702,2413,7396,485,0xf,False,0x0
1784016291.044,63,63,12643,2,0,14227,-7,-58,3486,-1,-2,-3,99590,2407,7395,516,0xf,False,0x0
1784016291.244,64,64,12843,2,0,15069,59,41,3473,-5,5,4,99484,2401,7395,495,0xf,False,0x0
1784016291.447,65,65,13046,2,0,15948,9,-30,3329,1,-1,4,99381,2396,7395,482,0xf,False,0x0
1784016291.648,66,66,13247,2,0,16726,33,-30,3202,3,1,-4,99283,2391,7395,508,0xf,False,0x0
1784016291.849,67,67,13447,2,0,17528,47,-42,3074,3,-4,5,99188,2386,7395,501,0xf,False,0x0
1784016292.065,68,68,13664,2,0,18326,16,-12,2894,0,1,3,99090,2380,7395,490,0xf,False,0x0
1784016292.266,69,69,13865,2,0,19037,54,5,2620,-2,-3,-5,99003,2376,7395,515,0xf,False,0x0
1784016292.466,70,70,14065,2,0,19721,6,-33,2347,1,-3,-5,98920,2371,7395,516,0xf,False,0x0
1784016292.683,71,71,14282,2,0,20398,-54,-49,2073,-1,-1,0,98834,2367,7395,493,0xf,False,0x0
1784016292.883,72,72,14482,2,0,21038,-8,-5,1783,4,3,3,98759,2363,7395,481,0xf,False,0x0
1784016293.094,73,73,14693,2,0,21651,14,-55,1509,-5,3,-1,98683,2359,7395,509,0xf,False,0x0
1784016293.295,74,74,14894,2,0,22224,55,6,1198,-1,-4,4,98615,2355,7395,516,0xf,False,0x0
1784016293.503,75,75,15102,2,0,22735,6,-27,-213,-4,0,5,98548,2352,7394,500,0xf,False,0x0
1784016293.704,76,76,15302,2,0,23233,-21,-45,-215,2,-4,4,98488,2348,7394,513,0xf,False,0x0
1784016293.905,77,77,15504,2,0,23718,-28,-36,-199,-5,-5,-5,98431,2345,7394,520,0xf,False,0x0
1784016294.106,78,78,15704,2,0,24138,13,-20,-296,-2,5,-3,98378,2342,7394,491,0xf,False,0x0
1784016294.309,79,79,15908,2,0,24566,27,15,-238,1,-1,0,98327,2340,7394,510,0xf,False,0x0
1784016294.509,80,80,16108,2,0,24957,-6,-2,-239,1,0,2,98282,2337,7394,513,0xf,False,0x0
1784016294.710,81,81,16309,2,0,25277,-23,22,-267,-1,0,4,98239,2335,7394,514,0xf,False,0x0
1784016294.961,82,82,16560,2,0,25681,-17,26,-298,-5,-5,2,98192,2333,7394,517,0xf,False,0x0
1784016295.161,83,83,16760,2,0,25965,35,-9,-318,0,4,-3,98158,2331,7394,483,0xf,False,0x0
1784016295.362,84,84,16961,2,0,26202,32,11,-387,-5,-5,-2,98128,2329,7394,518,0xf,False,0x0
1784016295.563,85,85,17162,2,0,26411,7,-32,-378,4,-5,5,98101,2328,7394,481,0xf,False,0x0
1784016295.763,86,86,17362,2,0,26597,-43,42,-434,-3,-2,0,98078,2327,7394,491,0xf,False,0x0
1784016296.006,87,87,17605,2,0,26813,1,26,-376,1,3,-1,98056,2325,7393,490,0xf,False,0x0
1784016296.206,88,88,17805,2,0,26905,42,-36,-450,4,1,-3,98041,2325,7393,512,0xf,False,0x0
1784016296.411,89,89,18010,2,0,27020,17,18,-438,-2,0,-2,98030,2324,7393,492,0xf,False,0x0
1784016296.611,90,90,18210,2,0,27063,14,-28,-497,2,-1,3,98022,2324,7393,506,0xf,False,0x0
1784016296.812,91,91,18411,2,0,27092,10,48,-485,0,5,5,98019,2323,7393,505,0xf,False,0x0
1784016297.047,92,92,18646,3,1,27066,-47,-15,-134,4,0,-1,98022,2324,7393,495,0xf,False,0x0
1784016297.247,93,93,18846,3,1,27023,21,-52,-137,4,-4,-1,98029,2324,7393,519,0xf,False,0x0
1784016297.454,94,94,19052,3,1,26976,-43,6,-106,-2,-4,4,98035,2324,7393,496,0xf,False,0x0
1784016297.654,95,95,19253,3,1,26929,38,-13,-101,2,0,-4,98041,2325,7393,506,0xf,False,0x0
1784016297.862,96,96,19461,3,1,26862,-3,19,-60,-4,-4,-3,98047,2325,7393,512,0xf,False,0x0
1784016298.063,97,97,19662,3,1,26824,-34,1,-100,-2,2,4,98054,2325,7393,495,0xf,False,0x0
1784016298.264,98,98,19863,3,1,26749,-24,28,-111,-4,1,2,98060,2326,7393,482,0xf,False,0x0
1784016298.470,99,99,20069,3,1,26725,-40,45,-125,-1,5,2,98066,2326,7392,519,0xf,False,0x0
1784016298.671,100,100,20269,3,1,26675,-31,-47,-74,4,1,1,98072,2326,7392,501,0xf,False,0x0
1784016298.874,101,101,20472,3,1,26587,7,22,-42,0,-2,3,98079,2327,7392,484,0xf,False,0x0
1784016299.076,102,102,20675,3,1,26540,-1,54,-60,0,-1,-2,98085,2327,7392,508,0xf,False,0x0
1784016299.276,103,103,20875,3,1,26490,43,-7,-72,4,5,0,98091,2327,7392,506,0xf,False,0x0
1784016299.477,104,104,21076,3,1,26466,38,-5,-136,2,5,-4,98098,2328,7392,491,0xf,False,0x0
1784016299.677,105,105,21276,3,1,26397,-39,16,-103,3,-2,5,98104,2328,7392,485,0xf,False,0x0
1784016299.913,106,106,21512,3,1,26319,-21,-53,-58,-2,5,1,98111,2328,7392,490,0xf,False,0x0
1784016300.113,107,107,21712,3,1,26306,-3,-46,-48,3,1,2,98117,2329,7392,512,0xf,False,0x0
1784016300.318,108,108,21917,3,1,26250,-13,-15,-48,5,2,-3,98124,2329,7392,513,0xf,False,0x0
1784016300.518,109,109,22117,3,1,26203,-52,50,-116,-5,5,-2,98130,2329,7392,480,0xf,False,0x0
1784016300.722,110,110,22321,3,1,26119,-46,-40,-92,-4,5,2,98137,2330,7392,493,0xf,False,0x0
1784016300.923,111,111,22522,3,1,26062,-7,-59,-152,-5,1,-2,98143,2330,7391,482,0xf,False,0x0
1784016301.123,112,112,22722,3,1,26026,-20,-56,-112,-4,4,-4,98149,2330,7391,506,0xf,False,0x0
1784016301.338,113,113,22937,3,1,25986,-25,33,-95,4,1,1,98156,2331,7391,507,0xf,False,0x0
1784016301.538,114,114,23137,3,1,25937,-48,12,-59,-4,5,1,98162,2331,7391,509,0xf,False,0x0
1784016301.745,115,115,23344,3,1,25854,-22,16,-89,-3,1,2,98169,2331,7391,496,0xf,False,0x0
1784016301.946,116,116,23545,3,1,25816,5,-25,-128,1,4,3,98175,2332,7391,496,0xf,False,0x0
1784016302.147,117,117,23745,3,1,25769,22,-42,-72,-3,4,-1,98182,2332,7391,482,0xf,False,0x0
1784016302.417,118,118,24016,3,1,25676,31,-41,-150,-4,-5,4,98190,2333,7391,495,0xf,False,0x0
1784016302.617,119,119,24216,3,1,25635,-22,-41,-138,0,-5,-4,98197,2333,7391,486,0xf,False,0x0
1784016302.818,120,120,24417,3,1,25577,9,-5,-68,3,-1,-5,98203,2333,7391,520,0xf,False,0x0
1784016303.019,121,121,24617,3,1,25535,27,49,-98,0,3,-2,98210,2334,7391,495,0xf,False,0x0
1784016303.219,122,122,24818,3,1,25462,-44,51,-49,0,4,1,98216,2334,7391,499,0xf,False,0x0
1784016303.420,123,123,25018,3,1,25444,7,40,-136,-5,5,-5,98222,2334,7390,487,0xf,False,0x0
1784016303.620,124,124,25219,3,1,25368,49,-35,-69,5,1,-5,98229,2335,7390,515,0xf,False,0x0
1784016303.835,125,125,25434,3,1,25328,11,8,-107,-3,2,-2,98236,2335,7390,509,0xf,False,0x0
1784016304.035,126,126,25634,3,1,25255,-41,-21,-141,1,4,4,98242,2335,7390,482,0xf,False,0x0
1784016304.262,127,127,25861,3,1,25197,57,39,-127,-5,-5,-4,98250,2336,7390,484,0xf,False,0x0
1784016304.463,128,128,26062,3,1,25149,19,42,-34,3,0,-2,98256,2336,7390,493,0xf,False,0x0
1784016304.663,129,129,26262,3,1,25115,10,26,-57,-5,1,2,98263,2336,7390,498,0xf,False,0x0
1784016304.902,130,130,26500,3,1,25026,-1,-39,-108,-5,-3,-4,98270,2337,7390,507,0xf,False,0x0
1784016305.102,131,131,26701,3,1,24971,-52,2,-65,-2,3,2,98277,2337,7390,489,0xf,False,0x0
1784016305.302,132,132,26901,3,1,24915,-1,-17,-47,2,-5,-5,98284,2337,7390,494,0xf,False,0x0
1784016305.515,133,133,27114,3,1,24869,25,-14,-48,5,5,4,98291,2338,7390,511,0xf,False,0x0
1784016305.716,134,134,27314,3,1,24810,-26,34,-130,1,1,4,98297,2338,7390,505,0xf,False,0x0
1784016305.916,135,135,27515,3,1,24752,-5,53,-42,0,-5,1,98304,2339,7389,517,0xf,False,0x0
1784016306.200,136,136,27799,3,1,24686,3,15,-67,5,2,1,98313,2339,7389,516,0xf,False,0x0
1784016306.401,137,137,27999,3,1,24627,48,-59,-149,-2,-4,2,98320,2339,7389,502,0xf,False,0x0
1784016306.620,138,138,28219,3,1,24565,-57,4,-90,0,3,4,98327,2340,7389,486,0xf,False,0x0
1784016306.821,139,139,28420,3,1,24505,-56,-44,-55,-5,1,-3,98334,2340,7389,495,0xf,False,0x0
1784016307.022,140,140,28621,3,1,24475,14,56,-127,4,-3,5,98340,2341,7389,517,0xf,False,0x0
1784016307.222,141,141,28821,3,1,24406,-25,-26,-146,2,4,5,98347,2341,7389,494,0xf,False,0x0
1784016307.447,142,142,29046,3,1,24338,-39,28,-109,1,-1,5,98354,2341,7389,498,0xf,False,0x0
1784016307.649,143,143,29248,3,1,24309,-51,58,-158,-4,-3,2,98361,2342,7389,487,0xf,False,0x0
1784016307.863,144,144,29462,3,1,24237,28,-51,-82,3,1,-1,98368,2342,7389,489,0xf,False,0x0
1784016308.065,145,145,29663,3,1,24177,0,37,-143,-4,5,-5,98375,2342,7389,503,0xf,False,0x0
1784016308.267,146,146,29866,3,1,24115,-41,-12,-45,2,-5,-1,98382,2343,7389,489,0xf,False,0x0
1784016308.497,147,147,30095,3,1,24039,22,32,-129,5,3,0,98390,2343,7388,511,0xf,False,0x0
1784016308.698,148,148,30297,3,1,23984,11,38,-81,2,-1,4,98396,2343,7388,497,0xf,False,0x0
1784016308.898,149,149,30497,3,1,23961,-56,34,-39,-5,-5,4,98403,2344,7388,502,0xf,False,0x0
1784016309.099,150,150,30698,3,1,23885,-11,-23,-69,3,-2,-5,98410,2344,7388,501,0xf,False,0x0
1784016309.302,151,151,30900,3,1,23818,-56,60,-139,-2,-2,-1,98417,2345,7388,486,0xf,False,0x0
1784016309.502,152,152,31101,3,1,23795,52,28,-87,-3,-3,-1,98424,2345,7388,481,0xf,False,0x0
1784016309.703,153,153,31302,3,1,23734,11,-23,-116,-2,2,0,98431,2345,7388,489,0xf,False,0x0
1784016309.904,154,154,31503,3,1,23654,-48,41,-80,-2,3,-1,98437,2346,7388,519,0xf,False,0x0
1784016310.104,155,155,31703,3,1,23607,-59,-5,-82,-1,-5,1,98444,2346,7388,482,0xf,False,0x0
1784016310.306,156,156,31905,3,1,23547,41,19,-152,-1,-4,-4,98451,2346,7388,492,0xf,False,0x0
1784016310.506,157,157,32105,3,1,23510,-59,-17,-59,-3,0,2,98458,2347,7388,490,0xf,False,0x0
1784016310.921,159,159,32520,3,1,23391,33,42,-80,-1,-4,3,98472,2348,7387,487,0xf,False,0x0
1784016311.129,160,160,32728,3,1,23318,0,5,-127,0,-3,5,98479,2348,7387,503,0xf,False,0x0
1784016311.329,161,161,32928,3,1,23275,45,38,-124,-2,5,0,98486,2348,7387,499,0xf,False,0x0
1784016311.530,162,162,33128,3,1,23219,17,32,-62,1,2,2,98493,2349,7387,493,0xf,False,0x0
1784016311.818,163,163,33417,3,1,23142,-41,-8,-98,2,3,5,98503,2349,7387,506,0xf,False,0x0
1784016312.018,164,164,33617,3,1,23068,1,-35,-85,-2,2,-5,98510,2350,7387,508,0xf,False,0x0
1784016312.219,165,165,33818,3,1,23028,-11,-14,-127,0,-1,0,98517,2350,7387,497,0xf,False,0x0
1784016312.420,166,166,34019,3,1,22937,13,1,-61,5,-2,2,98524,2350,7387,507,0xf,False,0x0
1784016312.621,167,167,34220,3,1,22911,-14,7,-109,-5,-3,-4,98531,2351,7387,492,0xf,False,0x0
1784016312.822,168,168,34420,3,1,22852,0,32,-127,-4,4,2,98538,2351,7387,518,0xf,False,0x0
1784016313.031,169,169,34629,3,1,22788,-49,-51,-83,-4,5,-2,98546,2351,7387,514,0xf,False,0x0
1784016313.232,170,170,34830,3,1,22722,5,26,-137,-1,-3,1,98553,2352,7387,496,0xf,False,0x0
1784016313.432,171,171,35031,3,1,22658,-17,-40,-146,3,2,5,98560,2352,7386,490,0xf,False,0x0
1784016313.691,172,172,35290,3,1,22567,-57,-8,-143,2,3,-2,98569,2353,7386,517,0xf,False,0x0
1784016313.891,173,173,35490,3,1,22523,-52,-3,-128,-1,0,-4,98576,2353,7386,519,0xf,False,0x0
1784016314.103,174,174,35702,3,1,22444,54,45,-46,2,-5,4,98584,2353,7386,481,0xf,False,0x0
1784016314.313,175,175,35911,3,1,22408,-16,45,-118,-5,5,5,98591,2354,7386,508,0xf,False,0x0
1784016314.513,176,176,36112,3,1,22351,-52,30,-87,-4,3,0,98598,2354,7386,512,0xf,False,0x0
1784016314.918,178,178,36517,3,1,22225,-9,55,-80,-3,3,-5,98613,2355,7386,511,0xf,False,0x0
1784016315.119,179,179,36718,3,1,22162,-45,58,-121,-3,0,-4,98620,2355,7386,491,0xf,False,0x0
1784016315.319,180,180,36918,3,1,22118,-31,1,-91,5,3,-2,98627,2356,7386,495,0xf,False,0x0
1784016315.520,181,181,37119,3,1,22060,41,26,-132,-2,3,1,98635,2356,7386,488,0xf,False,0x0
1784016315.780,182,182,37379,3,1,21975,-40,-35,-85,-1,1,-2,98644,2357,7386,481,0xf,False,0x0
1784016315.981,183,183,37579,3,1,21920,48,28,-46,-3,1,5,98651,2357,7385,516,0xf,False,0x0
1784016316.184,184,184,37782,3,1,21838,-30,50,-73,-3,-1,2,98659,2357,7385,487,0xf,False,0x0
1784016316.589,186,186,38188,3,1,21748,50,-40,-69,1,-1,3,98674,2358,7385,497,0xf,False,0x0
1784016316.789,187,187,38388,3,1,21648,-12,21,-79,5,4,1,98681,2359,7385,512,0xf,False,0x0
1784016316.990,188,188,38589,3,1,21600,2,1,-142,-5,3,0,98688,2359,7385,485,0xf,False,0x0
1784016317.223,189,189,38821,3,1,21551,-1,47,-75,0,5,3,98697,2360,7385,499,0xf,False,0x0
1784016317.423,190,190,39022,3,1,21476,-44,-26,-114,0,0,0,98704,2360,7385,501,0xf,False,0x0
1784016317.627,191,191,39225,3,1,21423,-43,13,-88,-5,3,-1,98712,2360,7385,492,0xf,False,0x0
1784016317.827,192,192,39426,3,1,21351,22,45,-95,1,-5,5,98719,2361,7385,500,0xf,False,0x0
1784016318.030,193,193,39629,3,1,21299,-37,-26,-71,-4,-5,5,98727,2361,7385,506,0xf,False,0x0
1784016318.321,194,194,39920,3,1,21206,40,-32,-72,1,3,3,98738,2362,7385,513,0xf,False,0x0
1784016318.522,195,195,40121,3,1,21123,42,-1,-123,3,-3,2,98745,2362,7384,520,0xf,False,0x0
1784016318.723,196,196,40321,3,1,21088,42,-49,-109,1,0,1,98753,2362,7384,497,0xf,False,0x0
1784016318.923,197,197,40522,3,1,21020,-15,-19,-97,0,3,-1,98760,2363,7384,519,0xf,False,0x0
1784016319.124,198,198,40722,3,1,20947,-18,-53,-132,-1,-2,1,98768,2363,7384,492,0xf,False,0x0
1784016319.372,199,199,40970,3,1,20891,43,-51,-108,-2,-2,4,98777,2364,7384,497,0xf,False,0x0
1784016319.572,200,200,41171,3,1,20833,58,22,-54,1,1,2,98785,2364,7384,518,0xf,False,0x0
1784016319.996,202,202,41595,3,1,20678,8,-56,-120,3,3,-2,98801,2365,7384,481,0xf,False,0x0
1784016320.197,203,203,41796,3,1,20638,55,-51,-76,4,3,-4,98809,2365,7384,513,0xf,False,0x0
1784016320.397,204,204,41996,3,1,20547,-14,-13,-95,1,1,0,98816,2366,7384,493,0xf,False,0x0
1784016320.651,205,205,42249,3,1,20483,51,-21,-88,2,4,1,98826,2366,7384,487,0xf,False,0x0
1784016321.052,207,207,42651,3,1,20336,28,-24,-60,-1,0,-1,98841,2367,7383,489,0xf,False,0x0
1784016321.253,208,208,42852,3,1,20289,-58,-35,-77,3,-3,-5,98849,2368,7383,512,0xf,False,0x0
1784016321.471,209,209,43070,3,1,20221,23,50,-56,-1,5,-1,98858,2368,7383,513,0xf,False,0x0
1784016321.672,210,210,43270,3,1,20173,35,30,-40,2,-1,5,98865,2368,7383,496,0xf,False,0x0
1784016321.872,211,211,43471,3,1,20078,-55,6,-46,-5,-1,4,98873,2369,7383,492,0xf,False,0x0
1784016322.073,212,212,43671,3,1,20010,-55,57,-73,-2,-4,1,98881,2369,7383,506,0xf,False,0x0
1784016322.273,213,213,43872,3,1,19949,-54,-37,-137,2,-4,5,98889,2370,7383,514,0xf,False,0x0
1784016322.486,214,214,44085,3,1,19903,-11,-11,-92,1,5,-2,98897,2370,7383,486,0xf,False,0x0
1784016322.688,215,215,44286,3,1,19824,53,53,-140,-5,4,3,98905,2371,7383,502,0xf,False,0x0
1784016322.888,216,216,44487,3,1,19758,-60,-59,-50,3,-5,3,98913,2371,7383,483,0xf,False,0x0
1784016323.132,217,217,44730,3,1,19676,-53,39,-41,-2,-3,-1,98923,2372,7383,513,0xf,False,0x0
1784016323.332,218,218,44931,3,1,19602,40,36,-131,1,0,-2,98931,2372,7383,514,0xf,False,0x0
1784016323.533,219,219,45132,3,1,19557,31,60,-48,5,-4,-4,98939,2372,7382,516,0xf,False,0x0
1784016323.734,220,220,45332,3,1,19503,-37,-10,-62,2,-2,-3,98947,2373,7382,520,0xf,False,0x0
1784016323.936,221,221,45535,3,1,19429,24,44,-53,2,0,-5,98955,2373,7382,502,0xf,False,0x0
1784016324.201,222,222,45799,3,1,19340,-42,-16,-64,3,3,-4,98966,2374,7382,502,0xf,False,0x0
1784016324.401,223,223,46000,3,1,19283,51,-1,-119,1,0,4,98974,2374,7382,512,0xf,False,0x0
1784016324.604,224,224,46202,3,1,19211,0,-36,-129,1,0,-2,98982,2375,7382,517,0xf,False,0x0
1784016324.804,225,225,46403,3,1,19118,-58,-8,-129,5,5,1,98990,2375,7382,509,0xf,False,0x0
1784016325.004,226,226,46603,3,1,19077,-38,41,-126,0,-4,-1,98998,2376,7382,510,0xf,False,0x0
1784016325.229,227,227,46828,3,1,19010,-25,-41,-72,3,1,-2,99007,2376,7382,504,0xf,False,0x0
1784016325.429,228,228,47028,3,1,18934,-47,53,-57,-4,0,-5,99016,2376,7382,515,0xf,False,0x0
1784016325.634,229,229,47233,3,1,18844,46,-32,-132,5,0,1,99024,2377,7382,518,0xf,False,0x0
1784016325.835,230,230,47434,3,1,18773,-48,35,-115,4,0,-1,99032,2377,7382,503,0xf,False,0x0
1784016326.035,231,231,47634,3,1,18710,-48,50,-54,-3,1,2,99041,2378,7381,520,0xf,False,0x0
1784016326.329,232,232,47928,3,1,18621,-41,-22,-57,4,-4,5,99053,2378,7381,485,0xf,False,0x0
1784016326.534,233,233,48133,3,1,18539,25,-36,-93,4,5,3,99061,2379,7381,487,0xf,False,0x0
1784016326.782,234,234,48380,3,1,18485,-14,40,-115,2,-5,4,99072,2379,7381,512,0xf,False,0x0
1784016326.982,235,235,48581,3,1,18386,-2,31,-120,0,5,1,99080,2380,7381,512,0xf,False,0x0
1784016327.183,236,236,48781,3,1,18310,-35,51,-126,-1,-5,2,99088,2380,7381,488,0xf,False,0x0
1784016327.385,237,237,48984,3,1,18268,35,-31,-113,1,3,0,99097,2381,7381,516,0xf,False,0x0
1784016327.585,238,238,49184,3,1,18188,36,-23,-99,-3,3,1,99105,2381,7381,497,0xf,False,0x0
1784016327.787,239,239,49385,3,1,18113,58,29,-132,5,2,-4,99114,2382,7381,487,0xf,False,0x0
1784016328.048,240,240,49646,3,1,18028,-52,14,-82,0,-1,-3,99125,2382,7381,480,0xf,False,0x0
1784016328.248,241,241,49847,3,1,17976,9,52,-139,-3,-2,-1,99134,2383,7381,480,0xf,False,0x0
1784016328.449,242,242,50047,3,1,17884,29,-25,-121,-1,-5,5,99142,2383,7380,498,0xf,False,0x0
1784016328.649,243,243,50248,3,1,17808,-55,-30,-119,2,-3,0,99151,2384,7380,511,0xf,False,0x0
1784016328.850,244,244,50449,3,1,17750,-11,17,-56,4,-4,2,99159,2384,7380,486,0xf,False,0x0
1784016329.100,245,245,50699,3,1,17653,-54,0,-124,4,5,-1,99170,2385,7380,503,0xf,False,0x0
1784016329.301,246,246,50899,3,1,17593,-13,-27,-103,0,1,3,99179,2385,7380,490,0xf,False,0x0
1784016329.501,247,247,51100,3,1,17525,11,11,-70,3,-5,2,99188,2386,7380,496,0xf,False,0x0
1784016329.702,248,248,51300,3,1,17441,-4,16,-67,2,0,4,99197,2386,7380,497,0xf,False,0x0
1784016329.902,249,249,51501,3,1,17386,-12,12,-54,-1,1,2,99205,2387,7380,490,0xf,False,0x0
1784016330.102,250,250,51701,3,1,17301,-26,6,-94,-1,-5,-4,99214,2387,7380,489,0xf,False,0x0
1784016330.303,251,251,51901,3,1,17212,-55,39,-104,-3,2,4,99223,2388,7380,493,0xf,False,0x0
1784016330.510,252,252,52109,3,1,17148,35,-49,-34,4,-3,4,99232,2388,7380,507,0xf,False,0x0
1784016330.711,253,253,52309,3,1,17066,-48,21,-125,2,-4,5,99241,2389,7380,512,0xf,False,0x0
1784016330.911,254,254,52509,3,1,17008,54,-37,-119,4,0,-2,99250,2389,7379,483,0xf,False,0x0
1784016331.119,255,255,52718,3,1,16908,-19,-29,-55,-2,4,0,99259,2389,7379,516,0xf,False,0x0
1784016331.320,256,256,52918,3,1,16836,39,58,-88,-4,1,1,99268,2390,7379,483,0xf,False,0x0
1784016331.521,257,257,53120,3,1,16777,25,-34,-74,4,-4,-2,99278,2390,7379,494,0xf,False,0x0
1784016331.722,258,258,53320,3,1,16712,-49,-23,-112,-5,-3,-2,99287,2391,7379,511,0xf,False,0x0
1784016331.922,259,259,53521,3,1,16630,1,-22,-74,4,5,-5,99296,2391,7379,515,0xf,False,0x0
1784016332.146,260,260,53745,3,1,16564,54,-16,-83,4,2,4,99306,2392,7379,517,0xf,False,0x0
1784016332.346,261,261,53945,3,1,16487,-47,11,-129,1,1,5,99315,2392,7379,480,0xf,False,0x0
1784016332.548,262,262,54147,3,1,16378,-54,-33,-132,5,2,5,99325,2393,7379,518,0xf,False,0x0
1784016332.749,263,263,54348,3,1,16309,8,-8,-79,5,5,-2,99334,2393,7379,499,0xf,False,0x0
1784016332.949,264,264,54548,3,1,16230,-60,-42,-52,-1,5,3,99343,2394,7379,486,0xf,False,0x0
1784016333.150,265,265,54749,3,1,16173,-36,52,-135,-1,0,0,99352,2394,7379,516,0xf,False,0x0
1784016333.350,266,266,54949,3,1,16079,31,-17,-98,-3,-5,-3,99362,2395,7379,483,0xf,False,0x0
1784016333.553,267,267,55152,3,1,15991,-30,31,-70,2,0,-5,99371,2395,7378,488,0xf,False,0x0
1784016333.753,268,268,55352,3,1,15912,-48,-51,-72,4,2,-5,99381,2396,7378,516,0xf,False,0x0
1784016333.954,269,269,55552,3,1,15844,-14,-19,-91,1,3,0,99390,2396,7378,516,0xf,False,0x0
1784016334.179,270,270,55778,3,1,15765,55,-44,-53,-3,3,-3,99401,2397,7378,492,0xf,False,0x0
1784016334.380,271,271,55979,3,1,15707,0,-43,-74,-4,-4,5,99411,2398,7378,520,0xf,False,0x0
1784016334.784,273,273,56383,3,1,15512,-51,28,-89,-4,4,-3,99430,2399,7378,514,0xf,False,0x0
1784016334.989,274,274,56588,3,1,15452,-51,44,-47,2,-4,2,99440,2399,7378,488,0xf,False,0x0
1784016335.191,275,275,56790,3,1,15376,23,27,-82,-1,3,-2,99450,2400,7378,501,0xf,False,0x0
1784016335.392,276,276,56990,3,1,15289,2,6,-112,2,-5,-5,99459,2400,7378,509,0xf,False,0x0
1784016335.633,277,277,57232,3,1,15177,45,-22,-120,5,0,3,99471,2401,7378,481,0xf,False,0x0
1784016335.834,278,278,57432,3,1,15101,-44,60,-53,3,3,2,99481,2401,7378,480,0xf,False,0x0
1784016336.042,279,279,57641,3,1,15033,40,42,-141,2,0,4,99491,2402,7377,518,0xf,False,0x0
1784016336.243,280,280,57841,3,1,14938,-53,-42,-91,4,-4,0,99501,2402,7377,520,0xf,False,0x0
1784016336.447,281,281,58046,3,1,14844,-36,-55,-96,4,-4,5,99512,2403,7377,486,0xf,False,0x0
1784016336.648,282,282,58246,3,1,14795,-21,49,-98,5,-3,4,99522,2403,7377,503,0xf,False,0x0
1784016336.848,283,283,58447,3,1,14682,-7,6,-73,-2,-2,-3,99532,2404,7377,504,0xf,False,0x0
1784016337.077,284,284,58676,3,1,14616,45,30,-49,1,-3,-5,99543,2405,7377,500,0xf,False,0x0
1784016337.277,285,285,58876,3,1,14531,-5,41,-131,-3,-2,-5,99553,2405,7377,512,0xf,False,0x0
1784016337.478,286,286,59077,3,1,14429,52,27,-98,-2,0,3,99564,2406,7377,520,0xf,False,0x0
1784016337.679,287,287,59277,3,1,14355,49,-32,-94,1,-5,-3,99574,2406,7377,518,0xf,False,0x0
1784016337.879,288,288,59478,3,1,14270,17,-5,-121,0,-3,4,99584,2407,7377,515,0xf,False,0x0
1784016338.122,289,289,59721,3,1,14146,54,53,-105,-1,-1,-1,99597,2407,7377,488,0xf,False,0x0
1784016338.323,290,290,59922,3,1,14069,-56,59,-67,0,-4,1,99607,2408,7377,490,0xf,False,0x0
1784016338.529,291,291,60128,3,1,14006,-36,-58,-80,-2,0,4,99618,2409,7376,487,0xf,False,0x0
1784016338.729,292,292,60328,3,1,13901,34,-14,-89,5,1,-2,99629,2409,7376,499,0xf,False,0x0
1784016338.930,293,293,60529,3,1,13815,46,46,-74,-3,2,-1,99639,2410,7376,483,0xf,False,0x0
1784016339.141,294,294,60739,3,1,13706,-38,22,-58,-4,-4,1,99650,2410,7376,490,0xf,False,0x0
1784016339.341,295,295,60939,3,1,13635,-34,-39,-59,-1,-2,-5,99661,2411,7376,499,0xf,False,0x0
1784016339.543,296,296,61142,3,1,13529,-8,56,-125,-5,-2,-2,99672,2411,7376,504,0xf,False,0x0
1784016339.744,297,297,61343,3,1,13442,-33,-19,-89,-3,-1,0,99683,2412,7376,505,0xf,False,0x0
1784016339.946,298,298,61544,3,1,13356,-17,-28,-126,-5,0,2,99694,2413,7376,492,0xf,False,0x0
1784016340.146,299,299,61745,3,1,13294,-50,-46,-83,-4,-4,5,99705,2413,7376,489,0xf,False,0x0
1784016340.367,300,300,61966,3,1,13195,-26,-41,-65,5,-2,-3,99717,2414,7376,497,0xf,False,0x0
1784016340.569,301,301,62168,3,1,13066,25,-26,-60,-5,-2,1,99728,2414,7376,517,0xf,False,0x0
1784016340.770,302,302,62369,3,1,12992,-16,15,-125,-5,4,-2,99739,2415,7376,510,0xf,False,0x0
1784016340.971,303,303,62569,3,1,12907,30,-55,-52,-1,-4,-5,99751,2416,7375,518,0xf,False,0x0
1784016341.171,304,304,62770,3,1,12809,-54,-41,-40,5,5,-1,99762,2416,7375,517,0xf,False,0x0
1784016341.618,306,306,63217,3,1,12596,-14,-46,-85,3,-4,4,99787,2418,7375,496,0xf,False,0x0
1784016341.819,307,307,63417,3,1,12518,31,-1,-61,2,-2,-3,99799,2418,7375,499,0xf,False,0x0
1784016342.052,308,308,63650,3,1,12388,1,31,-83,-3,4,5,99812,2419,7375,485,0xf,False,0x0
1784016342.252,309,309,63851,3,1,12305,31,47,-67,1,5,4,99824,2420,7375,489,0xf,False,0x0
1784016342.453,310,310,64051,3,1,12209,-17,-56,-117,-1,-2,2,99836,2420,7375,486,0xf,False,0x0
1784016342.679,311,311,64278,3,1,12096,19,-7,-133,1,-3,4,99849,2421,7375,507,0xf,False,0x0
1784016342.879,312,312,64478,3,1,12000,31,47,-108,1,1,-4,99861,2422,7375,510,0xf,False,0x0
1784016343.087,313,313,64685,3,1,11877,-15,42,-61,-5,2,4,99873,2422,7375,507,0xf,False,0x0
1784016343.287,314,314,64886,3,1,11806,47,24,-99,-3,2,-2,99885,2423,7375,499,0xf,False,0x0
1784016343.487,315,315,65086,3,1,11710,-3,-51,-46,-4,-3,-4,99897,2423,7374,482,0xf,False,0x0
1784016343.688,316,316,65286,3,1,11598,-45,-54,-84,-5,-5,1,99910,2424,7374,514,0xf,False,0x0
1784016343.888,317,317,65487,3,1,11514,25,5,-36,-1,1,-1,99922,2425,7374,506,0xf,False,0x0
1784016344.089,318,318,65688,3,1,11391,-31,-44,-118,4,3,-1,99934,2425,7374,500,0xf,False,0x0
1784016344.314,319,319,65913,3,1,11281,1,-14,-129,-3,-3,5,99948,2426,7374,490,0xf,False,0x0
1784016344.515,320,320,66113,3,1,11186,7,48,-67,3,-5,-3,99961,2427,7374,512,0xf,False,0x0
1784016344.806,321,321,66405,3,1,11032,49,-12,-88,-3,-4,-2,99980,2428,7374,504,0xf,False,0x0
1784016345.007,322,322,66606,3,1,10901,-39,-15,-134,-5,-5,3,99992,2429,7374,502,0xf,False,0x0
1784016345.208,323,323,66806,3,1,10814,-15,-40,-97,-1,4,-1,100005,2429,7374,509,0xf,False,0x0
1784016345.431,324,324,67030,3,1,10684,53,-20,-127,-1,3,4,100020,2430,7374,495,0xf,False,0x0
1784016345.631,325,325,67230,3,1,10583,42,16,-147,-5,4,3,100033,2431,7374,486,0xf,False,0x0
1784016345.832,326,326,67431,3,1,10477,-49,33,-89,4,1,-3,100046,2431,7374,485,0xf,False,0x0
1784016346.032,327,327,67631,3,1,10378,-3,-30,-82,-3,0,-4,100060,2432,7373,502,0xf,False,0x0
1784016346.233,328,328,67832,3,1,10275,6,13,-82,-3,1,-5,100073,2433,7373,512,0xf,False,0x0
1784016346.461,329,329,68060,3,1,10138,-52,-14,-47,-2,0,-2,100089,2434,7373,489,0xf,False,0x0
1784016346.662,330,330,68261,3,1,10030,-7,45,-89,5,-3,0,100103,2434,7373,515,0xf,False,0x0
1784016346.862,331,331,68461,3,1,9893,45,38,-71,4,2,-3,100116,2435,7373,509,0xf,False,0x0
1784016347.063,332,332,68662,3,1,9783,-51,-19,-78,1,3,3,100130,2436,7373,510,0xf,False,0x0
1784016347.275,333,333,68874,3,1,9663,32,-23,-89,2,4,-3,100145,2437,7373,481,0xf,False,0x0
1784016347.476,334,334,69075,3,1,9548,-55,34,-111,0,-3,-3,100160,2437,7373,484,0xf,False,0x0
1784016347.676,335,335,69275,3,1,9418,58,13,-45,-4,-5,-4,100174,2438,7373,515,0xf,False,0x0
1784016347.879,336,336,69477,3,1,9296,-1,-40,-65,-2,-5,-3,100189,2439,7373,517,0xf,False,0x0
1784016348.079,337,337,69678,3,1,9206,-55,55,-136,1,4,4,100204,2440,7373,491,0xf,False,0x0
1784016348.280,338,338,69879,3,1,9067,-27,28,-124,2,3,-1,100219,2441,7373,503,0xf,False,0x0
1784016348.482,339,339,70080,3,1,8920,49,-22,-115,2,-3,4,100234,2441,7372,517,0xf,False,0x0
1784016348.682,340,340,70281,3,1,8806,-38,8,-87,-3,3,-2,100249,2442,7372,480,0xf,False,0x0
1784016348.893,341,341,70492,3,1,8694,-13,-33,-63,0,5,4,100265,2443,7372,490,0xf,False,0x0
1784016349.294,343,343,70893,3,1,8410,-24,11,-75,1,2,3,100297,2445,7372,510,0xf,False,0x0
1784016349.551,344,344,71149,3,1,8271,-17,-28,-126,0,-5,0,100318,2446,7372,495,0xf,False,0x0
1784016349.751,345,345,71350,3,1,8131,-5,-17,-111,-3,-1,-2,100334,2447,7372,487,0xf,False,0x0
1784016349.955,346,346,71554,3,1,7967,52,-17,-50,4,4,-3,100351,2448,7372,486,0xf,False,0x0
1784016350.156,347,347,71754,3,1,7831,-47,-47,-117,0,-1,1,100367,2449,7372,484,0xf,False,0x0
1784016350.356,348,348,71955,3,1,7718,-12,2,-61,-5,-4,4,100384,2449,7372,489,0xf,False,0x0
1784016350.593,349,349,72192,3,1,7545,7,-38,-46,-4,-4,-1,100405,2451,7372,509,0xf,False,0x0
1784016350.794,350,350,72393,3,1,7413,-56,-16,-108,1,1,5,100423,2451,7372,510,0xf,False,0x0
1784016350.999,351,351,72598,3,1,7244,-21,45,-114,-2,-5,2,100441,2452,7371,483,0xf,False,0x0
1784016351.203,352,352,72802,3,1,7075,-55,-18,-145,5,1,-1,100459,2453,7371,491,0xf,False,0x0
1784016351.404,353,353,73002,3,1,6955,36,-52,-79,-5,-5,-1,100478,2454,7371,510,0xf,False,0x0
1784016351.637,354,354,73236,3,1,6767,-22,18,-117,-3,2,0,100500,2456,7371,495,0xf,False,0x0
1784016351.837,355,355,73436,3,1,6595,-10,47,-120,5,1,1,100519,2457,7371,501,0xf,False,0x0
1784016352.038,356,356,73637,3,1,6437,-55,-23,-88,-1,-2,1,100539,2458,7371,512,0xf,False,0x0
1784016352.239,357,357,73837,3,1,6290,39,60,-139,1,-4,1,100559,2459,7371,495,0xf,False,0x0
1784016352.439,358,358,74038,3,1,6105,17,13,-62,2,0,3,100579,2460,7371,484,0xf,False,0x0
1784016352.691,359,359,74290,3,1,5909,59,-17,-94,-1,3,-3,100606,2461,7371,493,0xf,False,0x0
1784016353.098,361,361,74696,3,1,5545,-52,-53,-121,5,5,-5,100650,2464,7371,506,0xf,False,0x0
1784016353.300,362,362,74897,3,1,5330,39,-14,-70,-1,3,-1,100673,2465,7371,498,0xf,False,0x0
1784016353.501,363,363,75100,3,1,5159,-4,-5,-99,0,1,-3,100697,2466,7370,480,0xf,False,0x0
1784016353.701,364,364,75300,3,1,4960,48,2,-114,-3,-3,3,100721,2467,7370,519,0xf,False,0x0
1784016353.902,365,365,75501,3,1,4732,-11,-44,-104,4,-1,-5,100746,2469,7370,502,0xf,False,0x0
1784016354.108,366,366,75707,3,1,4536,-54,4,-59,5,4,-4,100773,2470,7370,513,0xf,False,0x0
1784016354.310,367,367,75909,3,1,4296,7,-9,-129,-2,-3,-1,100800,2472,7370,517,0xf,False,0x0
1784016354.521,368,368,76120,3,1,4049,-39,-36,1108,-2,1,-5,100830,2473,7370,517,0xf,False,0x0
1784016354.722,369,369,76320,3,1,3810,-23,26,955,-3,3,-2,100860,2475,7370,512,0xf,False,0x0
1784016354.922,370,370,76521,3,1,3562,3,-38,1095,-4,5,-3,100891,2476,7370,496,0xf,False,0x0
1784016355.173,371,371,76771,3,1,3214,-1,-10,954,-4,5,1,100933,2479,7370,495,0xf,False,0x0
1784016355.373,372,372,76972,3,1,2910,-36,58,883,1,3,-5,100970,2481,7370,495,0xf,False,0x0
1784016355.583,373,373,77181,3,1,2583,59,60,1108,-1,-3,-1,101012,2483,7370,511,0xf,False,0x0
1784016355.783,374,374,77382,3,1,2195,-6,-20,939,5,-1,0,101056,2485,7370,497,0xf,False,0x0
1784016355.985,375,375,77584,3,1,1781,44,-1,966,4,2,5,101109,2488,7369,497,0xf,False,0x0
1784016356.237,376,376,77836,3,1,1056,-51,47,868,-1,-5,-2,101195,2493,7369,492,0xf,False,0x0
1784016356.438,377,377,78036,4,1,6,-28,18,1108,4,-5,-4,101325,2500,7369,484,0xf,False,0x0
1784016356.653,378,378,78251,4,1,-15,-47,-11,1009,-5,4,1,101325,2500,7369,520,0xf,False,0x0
1784016356.853,379,379,78452,4,1,-15,11,-59,1154,-2,5,0,101325,2500,7369,484,0xf,False,0x0
1784016357.054,380,380,78653,4,1,9,-36,-23,1093,4,0,-1,101325,2500,7369,510,0xf,False,0x0
1784016357.293,381,381,78891,4,1,-11,11,34,1074,-1,5,2,101325,2500,7369,494,0xf,False,0x0
1784016357.695,383,383,79294,4,1,9,42,49,911,1,2,5,101325,2500,7369,507,0xf,False,0x0
1784016357.896,384,384,79495,4,1,19,34,-45,866,2,4,2,101325,2500,7369,487,0xf,False,0x0
1784016358.097,385,385,79696,4,1,18,-38,39,1014,0,-4,-5,101325,2500,7369,499,0xf,False,0x0
1784016358.337,386,386,79935,4,1,14,-29,-52,958,-4,-4,4,101325,2500,7369,511,0xf,False,0x0
1784016358.537,387,387,80136,4,1,8,32,-23,1009,0,-3,5,101325,2500,7368,490,0xf,False,0x0
1784016358.739,388,388,80337,4,1,-14,-26,15,1053,-5,-4,-1,101325,2500,7368,486,0xf,False,0x0
1784016358.939,389,389,80538,4,1,8,-33,53,1147,-4,4,-3,101325,2500,7368,506,0xf,False,0x0
1784016359.139,390,390,80738,4,1,-15,4,-32,1005,-2,-3,-4,101325,2500,7368,485,0xf,False,0x0
1784016359.340,391,391,80938,4,1,-12,28,59,922,4,4,4,101325,2500,7368,489,0xf,False,0x0
1784016359.541,392,392,81139,4,1,-3,-48,9,1068,-3,-2,3,101325,2500,7368,506,0xf,False,0x0
1784016359.841,393,393,81440,4,1,-19,-37,60,1004,1,5,5,101325,2500,7368,518,0xf,False,0x0
1784016360.247,395,395,81845,4,1,-9,8,-39,1010,1,-2,3,101325,2500,7368,488,0xf,False,0x0
1784016360.447,396,396,82046,4,1,7,60,35,912,3,-4,-2,101325,2500,7368,512,0xf,False,0x0
1784016360.649,397,397,82247,4,1,-16,-42,49,1088,-2,-4,-1,101325,2500,7368,514,0xf,False,0x0
1784016360.849,398,398,82448,4,1,0,55,33,972,1,-1,3,101325,2500,7368,516,0xf,False,0x0
1784016361.050,399,399,82648,4,1,-13,19,-47,1004,-3,-1,3,101325,2500,7367,514,0xf,False,0x0
1784016361.276,400,400,82874,4,1,-10,-10,-53,1133,-3,2,0,101325,2500,7367,520,0xf,False,0x0
1784016361.476,401,401,83075,4,1,6,-50,-55,926,-2,4,1,101325,2500,7367,495,0xf,False,0x0
1784016361.683,402,402,83281,4,1,19,21,-35,1047,-2,4,-5,101325,2500,7367,510,0xf,False,0x0
1784016361.887,403,403,83486,4,1,17,-48,-30,994,5,2,-2,101325,2500,7367,485,0xf,False,0x0
1784016362.089,404,404,83688,4,1,13,-16,1,1044,-3,2,1,101325,2500,7367,489,0xf,False,0x0
1784016362.289,405,405,83888,4,1,9,-35,-48,1042,2,-3,-2,101325,2500,7367,481,0xf,False,0x0
1784016362.490,406,406,84088,4,1,-11,-30,-44,986,-4,-4,4,101325,2500,7367,501,0xf,False,0x0
1784016362.782,407,407,84380,4,1,-17,36,28,1118,-2,-2,-4,101325,2500,7367,494,0xf,False,0x0
1784016362.982,408,408,84581,4,1,3,45,-50,1074,-4,-3,4,101325,2500,7367,487,0xf,False,0x0
1784016363.183,409,409,84782,4,1,-17,-19,-13,944,3,1,4,101325,2500,7367,517,0xf,False,0x0
1784016363.383,410,410,84982,4,1,-20,-60,-29,1053,4,0,0,101325,2500,7367,484,0xf,False,0x0
1784016363.584,411,411,85182,4,1,-15,-49,-1,1084,3,4,-2,101325,2500,7366,495,0xf,False,0x0
1784016363.801,412,412,85399,4,1,18,45,-44,921,1,-2,-2,101325,2500,7366,497,0xf,False,0x0
1784016364.001,413,413,85600,4,1,5,-53,-29,907,-1,2,-2,101325,2500,7366,480,0xf,False,0x0
1784016364.209,414,414,85807,4,1,7,13,16,950,-2,1,1,101325,2500,7366,517,0xf,False,0x0
1784016364.410,415,415,86009,4,1,-1,25,-11,1094,-4,-1,5,101325,2500,7366,517,0xf,False,0x0
1784016364.610,416,416,86209,4,1,-17,18,54,1059,3,2,-3,101325,2500,7366,515,0xf,False,0x0
1784016364.811,417,417,86410,4,1,18,60,0,887,-4,0,-5,101325,2500,7366,490,0xf,False,0x0
1784016365.012,418,418,86611,4,1,5,-35,-52,1052,3,5,4,101325,2500,7366,510,0xf,False,0x0
1784016365.212,419,419,86811,4,1,-2,-11,-35,902,5,5,1,101325,2500,7366,489,0xf,False,0x0
1784016365.473,420,420,87071,4,1,16,-14,10,1084,5,-3,5,101325,2500,7366,507,0xf,False,0x0
1784016365.673,421,421,87272,4,1,-17,-27,-8,984,2,-5,-3,101325,2500,7366,512,0xf,False,0x0
1784016365.873,422,422,87472,4,1,10,43,10,1166,1,4,-1,101325,2500,7366,491,0xf,False,0x0
1784016366.074,423,423,87672,4,1,-2,-3,41,896,-5,2,2,101325,2500,7365,518,0xf,False,0x0
1784016366.274,424,424,87873,4,1,-16,-3,22,1008,4,-5,4,101325,2500,7365,503,0xf,False,0x0
1784016366.476,425,425,88075,4,1,7,24,-15,1150,4,-1,-2,101325,2500,7365,501,0xf,False,0x0
1784016366.877,427,427,88475,4,1,-1,-56,-4,955,0,-3,5,101325,2500,7365,514,0xf,False,0x0
1784016367.340,429,429,88939,4,1,19,53,-32,1016,-5,-4,4,101325,2500,7365,489,0xf,False,0x0
1784016367.540,430,430,89139,4,1,14,-48,-15,1041,-5,1,-1,101325,2500,7365,490,0xf,False,0x0
1784016367.804,431,431,89402,4,1,-17,43,-14,960,-2,-5,3,101325,2500,7365,510,0xf,False,0x0
1784016368.004,432,432,89603,4,1,4,20,-45,1039,1,0,4,101325,2500,7365,487,0xf,False,0x0
1784016368.225,433,433,89823,4,1,-7,-8,-32,1086,5,3,4,101325,2500,7365,487,0xf,False,0x0
1784016368.427,434,434,90026,4,1,14,60,5,952,-5,-4,1,101325,2500,7364,511,0xf,False,0x0
1784016368.628,435,435,90227,4,1,-6,35,-30,1155,2,-5,-1,101325,2500,7364,480,0xf,False,0x0
1784016368.853,436,436,90451,4,1,-7,34,28,945,3,-1,-3,101325,2500,7364,513,0xf,False,0x0
1784016369.053,437,437,90652,4,1,-13,36,-53,1039,5,-4,-3,101325,2500,7364,493,0xf,False,0x0
1784016369.254,438,438,90852,4,1,16,-9,32,1141,0,-2,-1,101325,2500,7364,518,0xf,False,0x0
1784016369.455,439,439,91053,4,1,-7,-27,25,982,3,-1,4,101325,2500,7364,500,0xf,False,0x0
1784016369.659,440,440,91257,4,1,-5,36,40,960,-1,4,-5,101325,2500,7364,517,0xf,False,0x0
1784016369.859,441,441,91458,4,1,6,-57,-23,1076,1,1,-4,101325,2500,7364,515,0xf,False,0x0
1784016370.061,442,442,91660,4,1,0,30,-8,877,1,4,1,101325,2500,7364,490,0xf,False,0x0
1784016370.310,443,443,91909,4,1,19,37,-4,1019,-4,2,0,101325,2500,7364,508,0xf,False,0x0
1784016370.513,444,444,92112,4,1,16,27,-54,1021,2,-5,1,101325,2500,7364,490,0xf,False,0x0
1784016370.714,445,445,92312,4,1,9,53,-52,1037,-3,-3,-1,101325,2500,7364,493,0xf,False,0x0
1784016370.914,446,446,92513,4,1,7,43,-44,941,3,-3,-1,101325,2500,7363,509,0xf,False,0x0
1784016371.115,447,447,92713,4,1,19,58,36,958,-5,4,4,101325,2500,7363,502,0xf,False,0x0
1784016371.343,448,448,92942,4,1,17,26,-42,1075,-1,4,-2,101325,2500,7363,482,0xf,False,0x0
1784016371.553,449,449,93152,4,1,-6,-17,27,1087,-3,-3,-4,101325,2500,7363,488,0xf,False,0x0
1784016371.753,450,450,93352,4,1,20,-7,-17,903,-1,0,0,101325,2500,7363,481,0xf,False,0x0
1784016371.960,451,451,93558,4,1,17,-17,57,1039,-4,3,5,101325,2500,7363,519,0xf,False,0x0
1784016372.160,452,452,93759,4,1,8,17,12,1029,5,-4,1,101325,2500,7363,518,0xf,False,0x0
1784016372.365,453,453,93964,4,1,6,-16,-9,904,5,-4,-4,101325,2500,7363,515,0xf,False,0x0
1784016372.566,454,454,94165,4,1,-4,60,-7,937,4,4,-4,101325,2500,7363,506,0xf,False,0x0
1784016372.767,455,455,94365,4,1,11,-3,30,864,-1,0,0,101325,2500,7363,489,0xf,False,0x0
1784016372.968,456,456,94567,4,1,-8,-30,35,938,-3,2,-4,101325,2500,7363,511,0xf,False,0x0
1784016373.369,458,458,94967,4,1,-14,-37,49,943,-3,-5,4,101325,2500,7363,482,0xf,False,0x0
1784016373.569,459,459,95168,4,1,-15,-45,-23,928,1,-4,1,101325,2500,7362,512,0xf,False,0x0
1784016373.769,460,460,95368,4,1,-17,46,52,1040,3,2,2,101325,2500,7362,500,0xf,False,0x0
1784016373.970,461,461,95569,4,1,12,1,0,1027,-2,-5,-4,101325,2500,7362,512,0xf,False,0x0
1784016374.170,462,462,95769,4,1,7,-45,21,1006,-3,0,-3,101325,2500,7362,494,0xf,False,0x0
1784016374.371,463,463,95969,4,1,-14,-6,-33,892,4,1,4,101325,2500,7362,515,0xf,False,0x0
1784016374.571,464,464,96170,4,1,10,-22,-54,1147,5,-3,5,101325,2500,7362,491,0xf,False,0x0
1784016374.780,465,465,96379,4,1,-12,-20,59,1068,1,2,2,101325,2500,7362,503,0xf,False,0x0
1784016374.981,466,466,96579,4,1,-11,38,-52,1021,5,-2,0,101325,2500,7362,519,0xf,False,0x0
1784016375.181,467,467,96780,4,1,-2,42,60,935,0,3,-3,101325,2500,7362,494,0xf,False,0x0
1784016375.398,468,468,96997,4,1,15,44,-41,1057,4,-2,-4,101325,2500,7362,509,0xf,False,0x0
1784016375.598,469,469,97197,4,1,-6,35,49,1053,5,-5,5,101325,2500,7362,504,0xf,False,0x0
1784016375.814,470,470,97413,4,1,4,-32,5,930,4,-5,-4,101325,2500,7362,500,0xf,False,0x0
1784016376.014,471,471,97613,4,1,-17,3,-52,993,-3,0,3,101325,2500,7361,484,0xf,False,0x0
1784016376.215,472,472,97814,4,1,-10,-11,27,971,1,-5,2,101325,2500,7361,507,0xf,False,0x0
1784016376.434,473,473,98032,4,1,-15,24,31,977,-5,-3,4,101325,2500,7361,497,0xf,False,0x0
1784016376.634,474,474,98233,4,1,-7,31,43,958,4,-4,4,101325,2500,7361,500,0xf,False,0x0
1784016376.836,475,475,98434,4,1,-1,-15,-13,907,-3,-2,-5,101325,2500,7361,506,0xf,False,0x0
1784016377.036,476,476,98635,4,1,-15,30,52,974,5,-3,1,101325,2500,7361,497,0xf,False,0x0
1784016377.236,477,477,98835,4,1,19,20,6,1079,-4,1,-3,101325,2500,7361,483,0xf,False,0x0
1784016377.438,478,478,99037,4,1,0,-9,15,928,-3,-2,5,101325,2500,7361,490,0xf,False,0x0
1784016377.639,479,479,99237,4,1,9,44,50,937,1,-5,2,101325,2500,7361,516,0xf,False,0x0
1784016377.850,480,480,99448,4,1,-2,-24,-36,947,3,1,4,101325,2500,7361,516,0xf,False,0x0
1784016378.050,481,481,99649,4,1,-5,-17,5,977,2,4,-5,101325,2500,7361,498,0xf,False,0x0
1784016378.250,482,482,99849,4,1,-16,-13,-10,1064,-3,5,-4,101325,2500,7361,499,0xf,False,0x0
1784016378.472,483,483,100071,4,1,-9,19,29,927,-1,0,0,101325,2500,7360,489,0xf,False,0x0
1784016378.674,484,484,100273,4,1,19,57,-53,990,1,1,0,101325,2500,7360,513,0xf,False,0x0
1784016379.077,486,486,100675,4,1,17,44,54,970,-5,4,2,101325,2500,7360,488,0xf,False,0x0
1784016379.277,487,487,100876,4,1,4,-27,-36,857,3,-2,0,101325,2500,7360,507,0xf,False,0x0
1784016379.493,488,488,101092,4,1,12,-9,35,942,-2,-1,1,101325,2500,7360,508,0xf,False,0x0
1784016379.694,489,489,101292,4,1,-8,-27,29,913,5,1,-1,101325,2500,7360,482,0xf,False,0x0
1784016379.894,490,490,101493,4,1,0,-49,34,997,-5,2,1,101325,2500,7360,494,0xf,False,0x0
1784016380.095,491,491,101693,4,1,12,36,-33,992,2,4,4,101325,2500,7360,514,0xf,False,0x0
1784016380.296,492,492,101895,4,1,-3,-23,-60,1024,2,1,1,101325,2500,7360,511,0xf,False,0x0
1784016380.498,493,493,102096,4,1,-1,-44,17,1087,-1,3,4,101325,2500,7360,491,0xf,False,0x0
1784016380.698,494,494,102297,4,1,11,-25,14,1012,-3,-5,5,101325,2500,7360,508,0xf,False,0x0
1784016380.898,495,495,102497,4,1,-2,40,28,876,2,-1,-1,101325,2500,7360,489,0xf,False,0x0
1784016381.131,496,496,102730,4,1,8,48,57,919,3,-5,5,101325,2500,7359,520,0xf,False,0x0
1784016381.331,497,497,102930,4,1,6,-17,17,1071,1,-1,4,101325,2500,7359,497,0xf,False,0x0
1784016381.537,498,498,103135,4,1,-7,31,11,921,1,-2,-4,101325,2500,7359,487,0xf,False,0x0
1784016381.737,499,499,103335,4,1,-18,42,27,989,2,4,5,101325,2500,7359,481,0xf,False,0x0
1784016381.938,500,500,103537,4,1,20,-6,54,1027,2,5,5,101325,2500,7359,520,0xf,False,0x0
1784016382.140,501,501,103739,4,1,14,-23,-26,913,-5,-1,-3,101325,2500,7359,511,0xf,False,0x0
1784016382.341,502,502,103939,4,1,0,-40,-57,1046,-3,4,-4,101325,2500,7359,515,0xf,False,0x0
1784016382.542,503,503,104141,4,1,-15,-37,1,1087,-4,-3,3,101325,2500,7359,500,0xf,False,0x0
1784016382.742,504,504,104341,4,1,11,-19,-52,1000,3,-5,-5,101325,2500,7359,491,0xf,False,0x0
1784016382.943,505,505,104541,4,1,-5,33,32,1036,2,0,1,101325,2500,7359,517,0xf,False,0x0
1784016383.179,506,506,104778,4,1,3,32,-18,989,3,1,3,101325,2500,7359,480,0xf,False,0x0
1784016383.380,507,507,104979,4,1,-3,55,-8,954,0,0,-2,101325,2500,7359,499,0xf,False,0x0
1784016383.582,508,508,105180,4,1,-10,-5,43,1066,5,-5,0,101325,2500,7358,503,0xf,False,0x0
1784016383.782,509,509,105380,4,1,17,45,43,862,0,4,2,101325,2500,7358,508,0xf,False,0x0
1784016383.982,510,510,105581,4,1,6,57,-13,1002,0,1,1,101325,2500,7358,495,0xf,False,0x0
1784016384.190,511,511,105789,4,1,-17,-54,-41,980,1,3,3,101325,2500,7358,511,0xf,False,0x0
1784016384.391,512,512,105989,4,1,-7,-36,9,919,4,2,-5,101325,2500,7358,495,0xf,False,0x0
1784016384.595,513,513,106194,4,1,5,51,7,1119,3,1,-1,101325,2500,7358,515,0xf,False,0x0
1784016384.795,514,514,106394,4,1,16,51,53,1121,-3,2,-5,101325,2500,7358,484,0xf,False,0x0
1784016384.995,515,515,106594,4,1,0,-51,-1,1028,4,-3,1,101325,2500,7358,493,0xf,False,0x0
1784016385.196,516,516,106794,4,1,16,-49,-40,969,4,5,-4,101325,2500,7358,499,0xf,False,0x0
1784016385.396,517,517,106995,4,1,11,-44,39,866,3,0,-1,101325,2500,7358,480,0xf,False,0x0
1784016385.596,518,518,107195,4,1,-5,-14,-27,1012,-1,1,5,101325,2500,7358,508,0xf,False,0x0
1784016385.797,519,519,107396,4,1,-6,-1,36,1152,-4,1,-3,101325,2500,7358,484,0xf,False,0x0
1784016385.997,520,520,107596,4,1,20,0,-49,921,5,-2,0,101325,2500,7357,491,0xf,False,0x0
1784016386.199,521,521,107797,4,1,-19,35,-27,1107,2,0,-2,101325,2500,7357,481,0xf,False,0x0
1784016386.399,522,522,107998,4,1,-2,29,-4,939,1,1,1,101325,2500,7357,519,0xf,False,0x0
1784016386.620,523,523,108219,4,1,6,-41,-40,1147,-2,1,1,101325,2500,7357,500,0xf,False,0x0
1784016387.021,525,525,108620,4,1,6,-37,-15,852,-3,-1,0,101325,2500,7357,481,0xf,False,0x0
1784016387.222,526,526,108820,4,1,13,-18,13,927,-1,4,-2,101325,2500,7357,506,0xf,False,0x0
1784016387.422,527,527,109021,4,1,12,1,47,1005,-2,-4,4,101325,2500,7357,505,0xf,False,0x0
1784016387.623,528,528,109221,4,1,-2,-36,43,964,5,1,4,101325,2500,7357,481,0xf,False,0x0
1784016387.861,529,529,109460,4,1,17,-41,7,994,0,3,0,101325,2500,7357,510,0xf,False,0x0
1784016388.062,530,530,109660,4,1,6,-38,22,1060,-5,5,-1,101325,2500,7357,506,0xf,False,0x0
1784016388.291,531,531,109889,4,1,-5,37,-19,1164,4,3,3,101325,2500,7357,486,0xf,False,0x0
1784016388.491,532,532,110090,4,1,-5,28,-34,1141,-4,0,-5,101325,2500,7356,494,0xf,False,0x0
1784016388.691,533,533,110290,4,1,-1,-42,55,1066,-1,1,-3,101325,2500,7356,491,0xf,False,0x0
1784016388.894,534,534,110493,4,1,-20,-5,-11,1009,-2,5,2,101325,2500,7356,510,0xf,False,0x0
1784016389.095,535,535,110694,4,1,10,-43,54,1155,-2,4,-3,101325,2500,7356,497,0xf,False,0x0
1784016389.298,536,536,110897,4,1,6,-2,31,990,-1,0,-4,101325,2500,7356,512,0xf,False,0x0
1784016389.498,537,537,111097,4,1,17,30,20,1004,-5,-4,0,101325,2500,7356,505,0xf,False,0x0
1784016389.699,538,538,111297,4,1,9,27,-15,1023,-2,-2,3,101325,2500,7356,483,0xf,False,0x0
1784016389.910,539,539,111509,4,1,-2,-44,-29,971,-1,0,5,101325,2500,7356,514,0xf,False,0x0
1784016390.111,540,540,111710,4,1,-16,-31,-10,947,1,-5,5,101325,2500,7356,505,0xf,False,0x0
1784016390.312,541,541,111910,4,1,-14,-4,-20,994,0,3,4,101325,2500,7356,507,0xf,False,0x0
1784016390.513,542,542,112112,4,1,-5,-26,-38,931,-3,5,-3,101325,2500,7356,519,0xf,False,0x0
1784016390.719,543,543,112318,4,1,7,-53,2,908,0,-3,-4,101325,2500,7356,519,0xf,False,0x0
1784016390.920,544,544,112519,4,1,-4,-13,-18,1084,0,5,-5,101325,2500,7355,499,0xf,False,0x0
1784016391.120,545,545,112719,4,1,-15,42,-44,1027,-4,-2,2,101325,2500,7355,514,0xf,False,0x0
1784016391.330,546,546,112929,4,1,4,-19,41,1024,-2,2,-5,101325,2500,7355,513,0xf,False,0x0
1784016391.531,547,547,113130,4,1,0,3,26,1020,2,5,-3,101325,2500,7355,486,0xf,False,0x0
1784016391.739,548,548,113338,4,1,12,-17,34,910,2,-5,-4,101325,2500,7355,520,0xf,False,0x0
1784016391.940,549,549,113539,4,1,-7,20,-51,918,-3,1,-1,101325,2500,7355,496,0xf,False,0x0
1784016392.144,550,550,113743,4,1,14,-60,-32,1097,4,0,5,101325,2500,7355,485,0xf,False,0x0
1784016392.345,551,551,113944,4,1,-9,-9,-22,1050,5,-5,3,101325,2500,7355,517,0xf,False,0x0
1784016392.545,552,552,114144,4,1,-14,-21,0,940,-1,2,4,101325,2500,7355,503,0xf,False,0x0
1784016392.746,553,553,114345,4,1,17,48,7,1039,-4,4,-1,101325,2500,7355,489,0xf,False,0x0
1784016392.957,554,554,114556,4,1,2,-31,-35,864,-4,5,-3,101325,2500,7355,507,0xf,False,0x0
1784016393.157,555,555,114756,4,1,-9,-56,4,979,0,0,-5,101325,2500,7355,512,0xf,False,0x0
1784016393.358,556,556,114957,4,1,-12,-50,-10,1002,1,-1,5,101325,2500,7355,519,0xf,False,0x0
1784016393.561,557,557,115160,4,1,10,41,56,956,1,0,3,101325,2500,7354,495,0xf,False,0x0
1784016393.761,558,558,115360,4,1,7,8,-57,888,2,-5,-2,101325,2500,7354,501,0xf,False,0x0
1784016393.977,559,559,115575,4,1,-5,-24,47,965,2,-4,-5,101325,2500,7354,516,0xf,False,0x0
1784016394.177,560,560,115776,4,1,20,31,33,962,-5,-2,0,101325,2500,7354,519,0xf,False,0x0
1784016394.380,561,561,115978,4,1,14,17,12,1066,1,1,-5,101325,2500,7354,507,0xf,False,0x0
1784016394.580,562,562,116179,4,1,0,-24,-57,1084,4,-5,1,101325,2500,7354,494,0xf,False,0x0
1784016394.780,563,563,116379,4,1,11,-45,-60,1030,-3,-1,3,101325,2500,7354,483,0xf,False,0x0
1784016394.981,564,564,116580,4,1,16,-32,-41,998,4,-4,2,101325,2500,7354,488,0xf,False,0x0
1784016395.188,565,565,116787,4,1,11,-52,-36,998,5,1,5,101325,2500,7354,500,0xf,False,0x0
1784016395.389,566,566,116987,4,1,9,-31,-60,955,-1,0,1,101325,2500,7354,491,0xf,False,0x0
1784016395.612,567,567,117211,4,1,5,-49,7,1072,0,-5,2,101325,2500,7354,501,0xf,False,0x0
1784016395.814,568,568,117413,4,1,17,30,-20,975,3,-1,-1,101325,2500,7354,498,0xf,False,0x0
1784016396.014,569,569,117613,4,1,10,0,-47,895,-5,-4,-5,101325,2500,7353,481,0xf,False,0x0
1784016396.217,570,570,117816,4,1,-20,30,3,841,-4,1,0,101325,2500,7353,509,0xf,False,0x0
1784016396.417,571,571,118016,4,1,1,23,-29,1065,3,5,-1,101325,2500,7353,506,0xf,False,0x0
1784016396.618,572,572,118216,4,1,-18,27,43,1026,-4,3,5,101325,2500,7353,481,0xf,False,0x0
1784016396.846,573,573,118444,4,1,-6,46,47,1057,-2,-4,4,101325,2500,7353,504,0xf,False,0x0
1784016397.046,574,574,118645,4,1,-5,20,25,1136,-4,-5,0,101325,2500,7353,482,0xf,False,0x0
1784016397.282,575,575,118881,4,1,14,14,8,839,-5,2,-2,101325,2500,7353,501,0xf,False,0x0
1784016503.391,1,1,0,0,0,0,0,-11,997,4,5,0,101325,2500,7400,503,0xf,False,0x0
1784016503.592,2,2,200,0,0,0,-3,-1,1049,-5,-4,-5,101325,2500,7400,515,0xf,False,0x0
1784016503.815,3,3,424,0,0,3,-16,-7,1028,1,3,-5,101325,2500,7400,492,0xf,False,0x0
1784016504.016,4,4,624,0,0,-11,-38,0,1007,-3,4,4,101325,2500,7400,491,0xf,False,0x0
1784016504.216,5,5,824,0,0,0,-42,-58,962,-1,1,4,101325,2500,7400,506,0xf,False,0x0
1784016504.479,6,6,1088,0,0,18,16,-45,1035,1,1,2,101325,2500,7400,510,0xf,False,0x0
1784016504.687,7,7,1296,0,0,-6,-42,-1,956,2,1,-5,101325,2500,7400,487,0xf,False,0x0
1784016504.893,8,8,1501,0,0,-8,-29,-52,1004,5,-1,-5,101325,2500,7400,501,0xf,False,0x0
1784016505.093,9,9,1702,0,0,12,-34,47,971,3,3,1,101325,2500,7400,511,0xf,False,0x0
1784016505.295,10,10,1903,0,0,-11,-38,59,1006,1,-2,0,101325,2500,7400,493,0xf,False,0x0
1784016505.512,11,11,2120,0,0,-19,-7,-37,1027,-3,0,3,101325,2500,7400,487,0xf,False,0x0
1784016505.713,12,12,2321,0,0,-7,7,43,976,5,5,4,101325,2500,7400,487,0xf,False,0x0
1784016505.913,13,13,2522,0,0,-20,28,-37,1003,-3,-1,0,101325,2500,7399,506,0xf,False,0x0
1784016506.169,14,14,2778,0,0,-14,36,12,960,-5,4,-4,101325,2500,7399,485,0xf,False,0x0
1784016506.370,15,15,2978,0,0,-19,57,29,1028,5,-3,3,101325,2500,7399,487,0xf,False,0x0
1784016506.580,16,16,3188,0,0,2,1,18,1032,-5,-4,4,101325,2500,7399,505,0xf,False,0x0
1784016506.791,17,17,3399,0,0,-4,-35,-7,962,4,-1,-3,101325,2500,7399,490,0xf,False,0x0
1784016506.991,18,18,3600,0,0,17,-9,5,985,-5,-2,0,101325,2500,7399,484,0xf,False,0x0
1784016507.193,19,19,3802,0,0,-19,-16,-57,1044,5,3,5,101325,2500,7399,514,0xf,False,0x0
1784016507.396,20,20,4004,0,0,9,-52,-56,980,-3,-4,-3,101325,2500,7399,491,0xf,False,0x0
1784016507.596,21,21,4205,0,0,3,-56,-28,1007,-5,-5,-3,101325,2500,7399,518,0xf,False,0x0
1784016507.797,22,22,4405,0,0,-14,45,-31,1030,0,5,-2,101325,2500,7399,497,0xf,False,0x0
1784016508.007,23,23,4616,0,0,2,-46,-33,957,2,0,4,101325,2500,7399,502,0xf,False,0x0
1784016508.208,24,24,4816,0,0,20,-45,-48,985,0,0,1,101325,2500,7399,484,0xf,False,0x0
1784016508.408,25,25,5017,1,0,18,5,11,976,2,5,-4,101325,2500,7398,518,0xf,False,0x0
1784016508.661,26,26,5270,1,0,-2,-27,35,1031,0,-3,-1,101325,2500,7398,520,0xf,False,0x0
1784016508.862,27,27,5470,1,0,14,-16,5,1020,1,-4,3,101325,2500,7398,497,0xf,False,0x0
1784016509.062,28,28,5671,1,0,-12,54,-12,1049,2,-2,-3,101325,2500,7398,493,0xf,False,0x0
1784016509.271,29,29,5880,1,0,-14,9,-11,993,-5,1,0,101325,2500,7398,497,0xf,False,0x0
1784017987.833,1,1,16,0,0,5,-24,55,1008,4,-3,-3,101325,2500,7400,498,0xf,False,0x0
1784017988.034,2,2,216,0,0,16,-45,53,981,5,2,-1,101325,2500,7400,508,0xf,False,0x0
1784017988.236,3,3,419,0,0,14,13,-25,982,-1,1,1,101325,2500,7400,515,0xf,False,0x0
1784017988.436,4,4,619,0,0,-18,1,45,1002,-3,-2,-1,101325,2500,7400,514,0xf,False,0x0
1784017988.637,5,5,820,0,0,5,16,-59,1013,3,-2,1,101325,2500,7400,496,0xf,False,0x0
1784017988.838,6,6,1020,0,0,-7,13,1,1007,2,3,-4,101325,2500,7400,486,0xf,False,0x0
1784017989.038,7,7,1221,0,0,-15,-41,41,980,0,2,1,101325,2500,7400,489,0xf,False,0x0
1784017989.239,8,8,1422,0,0,-13,-53,-60,1033,-2,1,5,101325,2500,7400,520,0xf,False,0x0
1784017989.440,9,9,1622,0,0,-17,8,-19,1048,-1,-5,1,101325,2500,7400,486,0xf,False,0x0
1784017989.640,10,10,1823,0,0,8,21,-58,1039,3,-2,1,101325,2500,7400,481,0xf,False,0x0
1784017989.879,11,11,2062,0,0,-16,-22,-21,974,3,1,3,101325,2500,7400,501,0xf,False,0x0
1784017990.080,12,12,2263,0,0,9,19,-8,1038,-5,-5,3,101325,2500,7400,501,0xf,False,0x0
1784017990.287,13,13,2470,0,0,-17,24,57,962,-3,5,-3,101325,2500,7400,502,0xf,False,0x0
1784017990.487,14,14,2670,0,0,-1,-50,-53,1050,4,-1,-1,101325,2500,7399,492,0xf,False,0x0
1784017990.688,15,15,2871,0,0,-10,-29,-16,954,0,2,3,101325,2500,7399,499,0xf,False,0x0
1784017990.927,16,16,3110,0,0,-9,20,-49,1008,-5,-4,-2,101325,2500,7399,503,0xf,False,0x0
1784017991.127,17,17,3310,0,0,8,57,-42,968,5,3,-1,101325,2500,7399,500,0xf,False,0x0
1784017991.330,18,18,3513,0,0,16,55,53,1043,-2,-1,-3,101325,2500,7399,492,0xf,False,0x0
1784017991.531,19,19,3713,0,0,-9,-39,49,974,4,-4,2,101325,2500,7399,518,0xf,False,0x0
1784017991.731,20,20,3914,0,0,17,-35,58,1021,1,0,5,101325,2500,7399,494,0xf,False,0x0
1784017991.995,21,21,4178,0,0,1,30,-54,1012,-4,0,4,101325,2500,7399,505,0xf,False,0x0
1784017992.196,22,22,4378,0,0,-8,-15,32,997,1,3,-5,101325,2500,7399,505,0xf,False,0x0
1784017992.403,23,23,4585,0,0,6,-5,-17,1038,-5,-1,2,101325,2500,7399,515,0xf,False,0x0
1784017992.603,24,24,4786,0,0,-1,-19,-2,1034,-1,0,0,101325,2500,7399,507,0xf,False,0x0
1784017992.804,25,25,4987,0,0,15,-21,39,997,1,-3,4,101325,2500,7399,492,0xf,False,0x0
1784017993.008,26,26,5191,1,0,-17,50,39,997,-5,-2,4,101325,2500,7398,515,0xf,False,0x0
1784017993.217,27,27,5400,1,0,10,31,60,1043,-2,-3,-4,101325,2500,7398,481,0xf,False,0x0
1784017993.417,28,28,5600,1,0,-5,-18,43,996,1,5,-3,101325,2500,7398,504,0xf,False,0x0
1784017993.618,29,29,5800,1,0,-10,34,31,1035,-5,3,1,101325,2500,7398,496,0xf,False,0x0
1784017993.846,30,30,6029,1,0,-10,-30,20,965,4,4,2,101325,2500,7398,491,0xf,False,0x0
1784017994.047,31,31,6230,1,0,10,46,47,971,3,-3,3,101325,2500,7398,515,0xf,False,0x0
1784017994.249,32,32,6432,1,0,15,-26,3,1042,-5,-4,-2,101325,2500,7398,509,0xf,False,0x0
1784017994.450,33,33,6632,1,0,0,47,-15,1002,-4,3,3,101325,2500,7398,505,0xf,False,0x0
1784017994.650,34,34,6833,1,0,-6,-57,28,983,3,1,1,101325,2500,7398,495,0xf,False,0x0
1784017994.856,35,35,7039,1,0,-3,21,20,979,-4,3,-5,101325,2500,7398,508,0xf,False,0x0
1784017995.056,36,36,7239,1,0,0,-47,29,976,0,1,-5,101325,2500,7398,493,0xf,False,0x0
1784017995.290,37,37,7473,1,0,-15,2,-44,976,0,-4,-2,101325,2500,7398,488,0xf,False,0x0
1784017995.491,38,38,7673,1,0,-10,12,28,954,-2,0,5,101325,2500,7397,492,0xf,False,0x0
1784017995.691,39,39,7874,1,0,3,-43,30,954,0,-4,-3,101325,2500,7397,500,0xf,False,0x0
1784017995.892,40,40,8074,1,0,-16,-40,-59,993,-5,4,-5,101325,2500,7397,483,0xf,False,0x0
1784017996.092,41,41,8275,1,0,-9,41,19,950,-4,1,-1,101325,2500,7397,491,0xf,False,0x0
1784017996.293,42,42,8475,1,0,-13,-34,-22,994,-2,-5,-4,101325,2500,7397,507,0xf,False,0x0
1784017996.514,43,43,8697,1,0,14,35,-40,964,1,-5,-5,101325,2500,7397,516,0xf,False,0x0
1784017996.715,44,44,8898,1,0,20,56,3,1036,2,-1,3,101325,2500,7397,505,0xf,False,0x0
1784017996.916,45,45,9099,1,0,-5,-29,17,994,-5,-1,1,101325,2500,7397,498,0xf,False,0x0
1784017997.122,46,46,9304,1,0,9,-14,34,950,1,-4,2,101325,2500,7397,484,0xf,False,0x0
1784017997.322,47,47,9505,1,0,20,36,45,1014,-4,3,-4,101325,2500,7397,501,0xf,False,0x0
1784017997.958,50,50,10140,2,0,901,21,1,1244,-4,1,2,101216,2494,7396,519,0xf,False,0x0
1784017998.205,51,51,10387,2,0,2427,33,-3,1615,-1,-5,-4,101030,2484,7396,497,0xf,False,0x0
1784017998.405,52,52,10588,2,0,3629,-29,-58,1925,2,1,0,100883,2476,7396,488,0xf,False,0x0
1784017998.614,53,53,10796,2,0,4835,-24,9,2191,4,5,1,100734,2468,7396,505,0xf,False,0x0
1784017998.814,54,54,10996,2,0,5989,-28,-7,2510,-1,1,-5,100595,2461,7396,502,0xf,False,0x0
1784017999.014,55,55,11197,2,0,7108,-19,40,2703,2,-5,2,100459,2453,7396,502,0xf,False,0x0
1784017999.259,56,56,11442,2,0,8411,-47,-3,2990,-2,3,-3,100299,2445,7396,488,0xf,False,0x0
1784017999.460,57,57,11643,2,0,9456,-56,32,3139,-5,3,-2,100171,2438,7396,519,0xf,False,0x0
1784017999.663,58,58,11845,2,0,10465,-11,27,3301,-5,4,-5,100046,2431,7396,480,0xf,False,0x0
1784017999.891,59,59,12074,2,0,11618,36,-60,3443,-2,0,-5,99909,2424,7396,517,0xf,False,0x0
1784018000.091,60,60,12274,2,0,12562,21,-3,3521,-1,-5,1,99793,2418,7396,499,0xf,False,0x0
1784018000.298,61,61,12481,2,0,13486,-24,53,3520,2,0,-2,99678,2412,7396,511,0xf,False,0x0
1784018000.499,62,62,12681,2,0,14400,6,57,3460,4,3,-1,99569,2406,7395,482,0xf,False,0x0
1784018000.699,63,63,12882,2,0,15252,26,51,3388,-2,-2,5,99464,2400,7395,496,0xf,False,0x0
1784018000.930,64,64,13113,2,0,16219,-32,11,3333,5,2,-2,99348,2394,7395,502,0xf,False,0x0
1784018001.131,65,65,13313,2,0,17002,13,6,3135,-1,-5,-2,99251,2389,7395,486,0xf,False,0x0
1784018001.346,66,66,13529,2,0,17821,13,-54,3015,-1,-3,0,99151,2384,7395,505,0xf,False,0x0
1784018001.546,67,67,13729,2,0,18541,46,46,2742,0,2,-3,99062,2379,7395,481,0xf,False,0x0
1784018001.747,68,68,13929,2,0,19261,24,-27,2526,-3,-3,-3,98976,2374,7395,509,0xf,False,0x0
1784018001.953,69,69,14136,2,0,19925,-14,17,2338,-3,0,-3,98892,2370,7395,496,0xf,False,0x0
1784018002.153,70,70,14336,2,0,20589,-53,53,1978,4,1,2,98814,2366,7395,485,0xf,False,0x0
1784018002.354,71,71,14536,2,0,21208,49,-22,1674,0,-4,-1,98739,2362,7395,505,0xf,False,0x0
1784018002.624,72,72,14807,2,0,21968,-24,-12,1295,-5,0,-1,98644,2357,7395,491,0xf,False,0x0
1784018002.824,73,73,15007,2,0,22505,34,4,-236,3,-4,3,98578,2353,7394,510,0xf,False,0x0
1784018003.041,74,74,15224,2,0,23043,-55,-23,-182,-5,0,-1,98511,2350,7394,480,0xf,False,0x0
1784018003.241,75,75,15424,2,0,23553,18,-20,-251,0,2,-1,98453,2347,7394,502,0xf,False,0x0
1784018003.442,76,76,15625,2,0,23989,-40,30,-280,-2,-5,2,98398,2344,7394,499,0xf,False,0x0
1784018003.882,78,78,16065,2,0,24882,4,22,-294,-2,-2,3,98291,2338,7394,520,0xf,False,0x0
1784018004.097,79,79,16279,2,0,25218,-42,-40,-311,4,4,-1,98245,2335,7394,512,0xf,False,0x0
1784018004.297,80,80,16480,2,0,25542,10,26,-336,-3,-4,0,98206,2333,7394,484,0xf,False,0x0
1784018004.498,81,81,16680,2,0,25830,-24,-21,-366,0,3,3,98171,2331,7394,505,0xf,False,0x0
1784018004.704,82,82,16887,2,0,26131,33,-34,-310,2,2,-1,98139,2330,7394,516,0xf,False,0x0
1784018004.905,83,83,17088,2,0,26337,-37,-41,-367,-4,-2,-1,98111,2328,7394,494,0xf,False,0x0
1784018005.105,84,84,17288,2,0,26548,43,-32,-424,-4,-5,5,98086,2327,7394,492,0xf,False,0x0
1784018005.332,85,85,17514,2,0,26716,28,-25,-404,3,-4,-1,98064,2326,7393,507,0xf,False,0x0
1784018005.532,86,86,17715,2,0,26879,-54,-38,-433,-5,-4,2,98047,2325,7393,503,0xf,False,0x0
1784018005.766,87,87,17949,2,0,26970,30,-10,-425,1,-5,-1,98033,2324,7393,508,0xf,False,0x0
1784018005.966,88,88,18149,2,0,27069,-10,20,-417,-2,0,-1,98024,2324,7393,511,0xf,False,0x0
1784018006.399,90,90,18581,3,1,27098,-20,-50,-70,3,5,5,98020,2323,7393,481,0xf,False,0x0
1784018006.603,91,91,18786,3,1,27027,58,-26,-121,-1,-4,0,98027,2324,7393,519,0xf,False,0x0
1784018006.804,92,92,18986,3,1,26975,52,-43,-133,-2,-2,-1,98033,2324,7393,513,0xf,False,0x0
1784018007.004,93,93,19187,3,1,26926,-26,44,-83,2,-3,-2,98039,2324,7393,483,0xf,False,0x0
1784018007.205,94,94,19388,3,1,26898,27,47,-102,-4,-2,1,98045,2325,7393,481,0xf,False,0x0
1784018007.485,95,95,19667,3,1,26815,-2,-5,-41,4,2,-5,98054,2325,7393,515,0xf,False,0x0
1784018007.686,96,96,19868,3,1,26738,-30,21,-120,3,-3,1,98060,2326,7393,516,0xf,False,0x0
1784018007.919,97,97,20102,3,1,26712,8,37,-69,2,-5,-1,98067,2326,7392,498,0xf,False,0x0
1784018008.119,98,98,20302,3,1,26665,33,55,-68,-1,1,3,98073,2326,7392,485,0xf,False,0x0
1784018008.365,99,99,20548,3,1,26603,-33,51,-91,4,1,0,98081,2327,7392,487,0xf,False,0x0
1784018008.566,100,100,20748,3,1,26541,41,27,-64,5,-2,-3,98087,2327,7392,485,0xf,False,0x0
1784018008.787,101,101,20969,3,1,26461,-35,5,-100,4,-5,4,98094,2327,7392,487,0xf,False,0x0
1784018008.987,102,102,21170,3,1,26427,-2,37,-47,0,3,-5,98100,2328,7392,515,0xf,False,0x0
1784018009.225,103,103,21408,3,1,26353,-33,45,-84,5,2,0,98108,2328,7392,495,0xf,False,0x0
1784018009.426,104,104,21608,3,1,26316,-47,6,-80,-4,4,3,98114,2328,7392,504,0xf,False,0x0
1784018009.874,106,106,22057,3,1,26196,9,-21,-137,3,3,0,98128,2329,7392,507,0xf,False,0x0
1784018010.330,108,108,22512,3,1,26071,6,-45,-89,-4,3,-3,98143,2330,7391,518,0xf,False,0x0
1784018010.569,109,109,22751,3,1,26028,-21,2,-67,3,-5,-2,98150,2330,7391,486,0xf,False,0x0
1784018010.818,110,110,23000,3,1,25965,-60,-38,-103,4,1,-2,98158,2331,7391,487,0xf,False,0x0
1784018011.018,111,111,23201,3,1,25883,30,-39,-119,-4,1,-2,98164,2331,7391,503,0xf,False,0x0
1784018011.219,112,112,23401,3,1,25861,-49,5,-75,1,-1,3,98171,2331,7391,520,0xf,False,0x0
1784018011.424,113,113,23606,3,1,25798,-11,18,-45,-1,0,5,98177,2332,7391,505,0xf,False,0x0
1784018011.624,114,114,23807,3,1,25733,-54,59,-144,-3,-4,-3,98184,2332,7391,486,0xf,False,0x0
1784018011.825,115,115,24007,3,1,25686,-49,6,-133,0,-3,-1,98190,2332,7391,490,0xf,False,0x0
1784018012.026,116,116,24208,3,1,25642,40,-20,-77,0,3,-5,98196,2333,7391,484,0xf,False,0x0
1784018012.226,117,117,24409,3,1,25583,-42,22,-51,3,0,-2,98203,2333,7391,487,0xf,False,0x0
1784018012.474,118,118,24657,3,1,25533,-40,34,-74,4,-3,-1,98211,2334,7391,500,0xf,False,0x0
1784018012.675,119,119,24857,3,1,25464,-51,24,-117,-1,0,-2,98217,2334,7391,512,0xf,False,0x0
1784018012.876,120,120,25058,3,1,25416,-18,-10,-137,-1,-3,-3,98224,2334,7390,490,0xf,False,0x0
1784018013.076,121,121,25259,3,1,25380,42,-45,-117,-3,3,2,98230,2335,7390,517,0xf,False,0x0
1784018013.300,122,122,25482,3,1,25300,-5,-38,-45,-2,-1,-1,98237,2335,7390,481,0xf,False,0x0
1784018013.500,123,123,25683,3,1,25257,35,5,-79,2,-5,4,98244,2335,7390,510,0xf,False,0x0
1784018013.701,124,124,25883,3,1,25196,58,43,-121,-1,0,-4,98250,2336,7390,491,0xf,False,0x0
1784018013.901,125,125,26084,3,1,25159,-28,27,-83,-4,2,-3,98257,2336,7390,511,0xf,False,0x0
1784018014.103,126,126,26285,3,1,25077,35,-7,-64,4,0,5,98263,2336,7390,496,0xf,False,0x0
1784018014.341,127,127,26523,3,1,25043,-46,59,-81,0,3,1,98271,2337,7390,487,0xf,False,0x0
1784018014.541,128,128,26724,3,1,24981,-59,-24,-116,-2,-1,0,98278,2337,7390,494,0xf,False,0x0
1784018014.757,129,129,26939,3,1,24912,57,-32,-45,4,4,5,98285,2338,7390,513,0xf,False,0x0
1784018014.957,130,130,27140,3,1,24881,18,-33,-109,-3,-3,-1,98291,2338,7390,510,0xf,False,0x0
1784018015.158,131,131,27341,3,1,24787,-5,-57,-62,0,1,-1,98298,2338,7390,515,0xf,False,0x0
1784018015.612,133,133,27794,3,1,24666,-53,-38,-76,0,5,-3,98313,2339,7389,519,0xf,False,0x0
1784018015.817,134,134,28000,3,1,24646,55,58,-45,-2,0,4,98320,2339,7389,483,0xf,False,0x0
1784018016.018,135,135,28200,3,1,24556,25,54,-79,5,-3,-2,98326,2340,7389,516,0xf,False,0x0
1784018016.219,136,136,28402,3,1,24513,55,43,-72,3,0,-3,98333,2340,7389,486,0xf,False,0x0
1784018016.420,137,137,28602,3,1,24459,17,0,-121,-4,-5,1,98340,2340,7389,515,0xf,False,0x0
1784018016.621,138,138,28803,3,1,24428,33,-1,-133,1,5,3,98346,2341,7389,492,0xf,False,0x0
1784018016.821,139,139,29004,3,1,24348,12,-37,-74,0,0,5,98353,2341,7389,489,0xf,False,0x0
1784018017.021,140,140,29204,3,1,24290,10,56,-90,3,-1,-4,98360,2342,7389,485,0xf,False,0x0
1784018017.235,141,141,29418,3,1,24251,-4,53,-134,5,4,4,98367,2342,7389,491,0xf,False,0x0
1784018017.436,142,142,29618,3,1,24203,17,-2,-73,-2,3,-4,98374,2342,7389,484,0xf,False,0x0
1784018017.638,143,143,29820,3,1,24137,-55,-13,-49,-3,1,-2,98380,2343,7389,501,0xf,False,0x0
1784018017.838,144,144,30021,3,1,24068,-49,-60,-123,-5,-1,3,98387,2343,7388,498,0xf,False,0x0
1784018018.039,145,145,30221,3,1,24024,-38,15,-100,-2,2,1,98394,2343,7388,487,0xf,False,0x0
1784018018.246,146,146,30429,3,1,23963,33,-20,-118,-4,5,-3,98401,2344,7388,512,0xf,False,0x0
1784018018.465,147,147,30648,3,1,23890,3,31,-114,-1,-1,5,98408,2344,7388,487,0xf,False,0x0
1784018018.666,148,148,30849,3,1,23827,25,26,-134,-4,-3,2,98415,2344,7388,511,0xf,False,0x0
1784018018.866,149,149,31049,3,1,23778,10,-42,-129,-4,1,3,98422,2345,7388,485,0xf,False,0x0
1784018019.067,150,150,31249,3,1,23724,-22,-1,-85,1,-4,-3,98429,2345,7388,502,0xf,False,0x0
1784018019.273,151,151,31455,3,1,23691,-18,26,-100,1,-1,-4,98436,2346,7388,495,0xf,False,0x0
1784018019.473,152,152,31656,3,1,23603,47,23,-156,5,2,5,98443,2346,7388,483,0xf,False,0x0
1784018019.673,153,153,31856,3,1,23547,21,2,-55,-1,0,4,98449,2346,7388,498,0xf,False,0x0
1784018019.923,154,154,32105,3,1,23485,37,-28,-137,1,2,5,98458,2347,7388,491,0xf,False,0x0
1784018020.123,155,155,32306,3,1,23445,-33,28,-141,4,0,-4,98465,2347,7388,511,0xf,False,0x0
1784018020.324,156,156,32507,3,1,23375,-9,58,-70,-5,3,-5,98472,2348,7387,490,0xf,False,0x0
1784018020.524,157,157,32707,3,1,23305,32,-10,-66,-5,-1,-1,98479,2348,7387,495,0xf,False,0x0
1784018020.725,158,158,32907,3,1,23280,0,35,-138,-5,1,-5,98486,2348,7387,493,0xf,False,0x0
1784018020.948,159,159,33130,3,1,23221,-13,-7,-122,2,-4,2,98493,2349,7387,486,0xf,False,0x0
1784018021.156,160,160,33339,3,1,23141,-37,46,-124,2,5,1,98501,2349,7387,486,0xf,False,0x0
1784018021.362,161,161,33545,3,1,23068,-37,-42,-112,4,-3,3,98508,2349,7387,513,0xf,False,0x0
1784018021.608,162,162,33791,3,1,22999,-25,58,-33,-4,0,-5,98516,2350,7387,488,0xf,False,0x0
1784018021.809,163,163,33991,3,1,22946,-27,19,-125,4,-5,3,98523,2350,7387,489,0xf,False,0x0
1784018022.014,164,164,34197,3,1,22912,-23,-41,-117,-3,0,-1,98531,2351,7387,500,0xf,False,0x0
1784018022.214,165,165,34397,3,1,22838,-48,-18,-145,3,-4,-1,98538,2351,7387,498,0xf,False,0x0
1784018032.980,1,1,2,0,0,12,29,-54,951,-3,-4,1,101325,2500,7400,486,0xf,False,0x0
1784018033.180,2,2,202,0,0,-19,-43,43,952,1,4,3,101325,2500,7400,487,0xf,False,0x0
1784018033.381,3,3,403,0,0,-8,-56,16,950,4,3,2,101325,2500,7400,516,0xf,False,0x0
1784018033.582,4,4,604,0,0,6,13,-52,975,-2,5,-4,101325,2500,7400,493,0xf,False,0x0
1784018033.797,5,5,819,0,0,7,-31,-43,1049,2,-4,2,101325,2500,7400,490,0xf,False,0x0
1784018033.997,6,6,1020,0,0,15,-27,9,1016,3,3,-3,101325,2500,7400,489,0xf,False,0x0
1784018034.198,7,7,1220,0,0,16,-39,52,999,-2,-3,0,101325,2500,7400,489,0xf,False,0x0
1784018034.401,8,8,1423,0,0,17,-34,40,986,5,3,5,101325,2500,7400,505,0xf,False,0x0
1784018034.601,9,9,1624,0,0,4,-24,-30,1040,2,-4,1,101325,2500,7400,509,0xf,False,0x0
1784018034.806,10,10,1828,0,0,-7,-43,19,963,-1,3,-2,101325,2500,7400,480,0xf,False,0x0
1784018035.006,11,11,2028,0,0,6,59,-26,1013,-2,3,5,101325,2500,7400,505,0xf,False,0x0
1784018035.207,12,12,2229,0,0,-9,-21,22,1029,5,3,-1,101325,2500,7400,494,0xf,False,0x0
1784018035.407,13,13,2429,0,0,4,22,-46,1042,2,-2,-4,101325,2500,7400,501,0xf,False,0x0
1784018035.607,14,14,2630,0,0,16,-50,57,997,0,-4,3,101325,2500,7399,498,0xf,False,0x0
1784018035.831,15,15,2853,0,0,8,-18,-54,996,2,-4,1,101325,2500,7399,515,0xf,False,0x0
1784018036.031,16,16,3053,0,0,16,-22,-19,967,5,0,0,101325,2500,7399,518,0xf,False,0x0
1784018036.231,17,17,3254,0,0,-1,51,16,953,2,5,1,101325,2500,7399,511,0xf,False,0x0
1784018036.468,18,18,3490,0,0,-1,31,-3,1022,4,4,1,101325,2500,7399,519,0xf,False,0x0
1784018036.669,19,19,3691,0,0,10,-23,-41,960,-2,-3,-5,101325,2500,7399,484,0xf,False,0x0
1784018036.874,20,20,3896,0,0,-14,6,-4,1023,-5,4,5,101325,2500,7399,488,0xf,False,0x0
1784018037.074,21,21,4097,0,0,-20,-1,52,974,1,2,-2,101325,2500,7399,480,0xf,False,0x0
1784018037.275,22,22,4297,0,0,-12,48,-36,998,2,-4,-3,101325,2500,7399,506,0xf,False,0x0
1784018037.487,23,23,4509,0,0,16,45,38,1045,0,-3,-2,101325,2500,7399,491,0xf,False,0x0
1784018037.688,24,24,4710,0,0,15,-42,-2,1009,2,-3,4,101325,2500,7399,520,0xf,False,0x0
1784018037.888,25,25,4910,0,0,13,-3,-9,977,4,2,4,101325,2500,7399,488,0xf,False,0x0
1784018038.089,26,26,5111,1,0,7,4,38,1005,2,-2,-4,101325,2500,7398,507,0xf,False,0x0
1784018038.523,28,28,5545,1,0,-14,-17,21,1033,1,-5,5,101325,2500,7398,519,0xf,False,0x0
1784018038.724,29,29,5746,1,0,-11,44,12,1046,-2,-4,-3,101325,2500,7398,514,0xf,False,0x0
1784018039.133,31,31,6155,1,0,9,-35,-21,990,1,2,0,101325,2500,7398,520,0xf,False,0x0
1784018039.333,32,32,6356,1,0,-11,46,20,966,-1,3,-5,101325,2500,7398,482,0xf,False,0x0
1784018039.567,33,33,6590,1,0,6,17,26,987,-5,5,2,101325,2500,7398,496,0xf,False,0x0
1784018039.768,34,34,6790,1,0,-2,54,-41,1037,4,3,4,101325,2500,7398,512,0xf,False,0x0
1784018039.974,35,35,6996,1,0,-2,27,4,950,-3,-3,-2,101325,2500,7398,487,0xf,False,0x0
1784018040.175,36,36,7197,1,0,8,-9,46,1030,2,-5,2,101325,2500,7398,493,0xf,False,0x0
1784018040.376,37,37,7399,1,0,-9,-4,31,955,1,1,3,101325,2500,7398,501,0xf,False,0x0
1784018040.579,38,38,7601,1,0,-18,-38,11,1025,-5,4,-1,101325,2500,7397,484,0xf,False,0x0
1784018040.779,39,39,7801,1,0,-14,12,-23,1005,4,1,-4,101325,2500,7397,494,0xf,False,0x0
1784018040.992,40,40,8015,1,0,0,49,-19,1004,2,3,1,101325,2500,7397,493,0xf,False,0x0
1784018041.193,41,41,8215,1,0,7,-9,54,1042,-1,0,0,101325,2500,7397,515,0xf,False,0x0
1784018041.394,42,42,8416,1,0,5,-60,-27,959,3,-3,-4,101325,2500,7397,505,0xf,False,0x0
1784018041.595,43,43,8617,1,0,-1,-42,42,967,-4,5,2,101325,2500,7397,507,0xf,False,0x0
1784018041.795,44,44,8817,1,0,11,-30,-39,962,-5,-4,-5,101325,2500,7397,520,0xf,False,0x0
1784018041.996,45,45,9018,1,0,-16,45,43,1040,-1,-4,-4,101325,2500,7397,515,0xf,False,0x0
1784018042.199,46,46,9221,1,0,-18,-47,-32,979,-1,1,-2,101325,2500,7397,493,0xf,False,0x0
1784018042.400,47,47,9422,1,0,1,45,-11,1033,-2,3,-4,101325,2500,7397,520,0xf,False,0x0
1784018042.601,48,48,9623,1,0,-17,53,-42,1041,4,1,-2,101325,2500,7397,507,0xf,False,0x0
1784018043.215,51,51,10237,2,0,1473,37,12,1356,-3,-1,3,101143,2490,7396,482,0xf,False,0x0
1784018043.415,52,52,10437,2,0,2720,51,-52,1717,3,1,5,100993,2482,7396,488,0xf,False,0x0
1784018043.616,53,53,10638,2,0,3918,4,41,2009,-3,-5,-1,100847,2474,7396,489,0xf,False,0x0
1784018043.817,54,54,10839,2,0,5086,21,53,2295,3,1,-5,100705,2466,7396,481,0xf,False,0x0
1784018044.017,55,55,11039,2,0,6208,-39,39,2484,4,5,-5,100566,2459,7396,486,0xf,False,0x0
1784018044.219,56,56,11242,2,0,7347,-40,-8,2724,-1,1,-2,100430,2452,7396,501,0xf,False,0x0
1784018044.459,57,57,11481,2,0,8621,-14,-53,2958,5,-1,-1,100274,2444,7396,488,0xf,False,0x0
1784018044.659,58,58,11681,2,0,9664,-39,32,3205,-4,-5,2,100147,2437,7396,496,0xf,False,0x0
1784018044.865,59,59,11887,2,0,10696,-58,-33,3361,3,-4,-5,100020,2430,7396,487,0xf,False,0x0
1784018045.065,60,60,12087,2,0,11652,-54,8,3384,4,-1,-1,99901,2424,7396,488,0xf,False,0x0
1784018045.299,61,61,12321,2,0,12776,17,-12,3534,4,4,-3,99766,2416,7396,498,0xf,False,0x0
1784018045.703,63,63,12725,2,0,14568,-30,-50,3494,-3,-2,3,99546,2405,7395,499,0xf,False,0x0
1784018045.903,64,64,12925,2,0,15424,0,59,3388,3,-4,4,99442,2399,7395,491,0xf,False,0x0
1784018046.104,65,65,13126,2,0,16238,-51,45,3290,1,3,-2,99341,2394,7395,488,0xf,False,0x0
1784018046.352,66,66,13374,2,0,17216,-39,30,3082,5,4,3,99222,2387,7395,487,0xf,False,0x0
1784018046.552,67,67,13575,2,0,17996,58,-4,2912,-5,-5,4,99130,2383,7395,508,0xf,False,0x0
1784018046.754,68,68,13776,2,0,18721,-35,28,2754,-1,-3,4,99041,2378,7395,515,0xf,False,0x0
1784018046.955,69,69,13977,2,0,19431,6,-4,2534,-1,1,0,98956,2373,7395,483,0xf,False,0x0
1784018047.160,70,70,14182,2,0,20079,-13,-12,2257,-1,-2,1,98873,2369,7395,501,0xf,False,0x0
1784018047.361,71,71,14383,2,0,20743,-37,-31,1934,-1,5,-1,98796,2365,7395,516,0xf,False,0x0
1784018047.561,72,72,14584,2,0,21329,3,-24,1675,3,2,4,98722,2361,7395,501,0xf,False,0x0
1784018047.762,73,73,14784,2,0,21913,-25,-5,1368,5,1,4,98652,2357,7395,481,0xf,False,0x0
1784018047.963,74,74,14985,2,0,22450,-50,-3,1059,4,-5,-4,98585,2354,7395,516,0xf,False,0x0
1784018048.169,75,75,15191,2,0,22996,-17,-53,-193,2,0,-5,98521,2350,7394,515,0xf,False,0x0
1784018048.608,77,77,15630,2,0,24003,8,-22,-264,-4,-5,5,98397,2344,7394,502,0xf,False,0x0
1784018048.819,78,78,15841,2,0,24415,-43,47,-237,-2,2,-1,98343,2341,7394,495,0xf,False,0x0
1784018049.019,79,79,16042,2,0,24824,38,-35,-237,-4,4,-5,98296,2338,7394,488,0xf,False,0x0
1784018049.220,80,80,16242,2,0,25181,10,-36,-289,-3,-1,-5,98253,2336,7394,506,0xf,False,0x0
1784018049.427,81,81,16449,2,0,25500,-35,-39,-273,1,5,-5,98212,2334,7394,512,0xf,False,0x0
1784018049.627,82,82,16649,2,0,25802,-58,-52,-307,-2,3,5,98176,2332,7394,493,0xf,False,0x0
1784018049.832,83,83,16853,2,0,26072,-50,-56,-362,-5,-1,-1,98144,2330,7394,511,0xf,False,0x0
1784018050.033,84,84,17055,2,0,26324,34,60,-414,0,1,5,98115,2328,7394,493,0xf,False,0x0
1784018050.235,85,85,17257,2,0,26522,50,44,-385,1,3,-1,98090,2327,7394,484,0xf,False,0x0
1784018050.436,86,86,17458,2,0,26674,41,-17,-392,-1,-5,2,98069,2326,7394,497,0xf,False,0x0
1784018050.639,87,87,17661,2,0,26837,60,-24,-440,3,1,-5,98051,2325,7393,506,0xf,False,0x0
1784018050.839,88,88,17862,2,0,26936,-34,33,-460,-3,-2,-1,98037,2324,7393,503,0xf,False,0x0
1784018051.043,89,89,18065,2,0,27041,59,33,-408,-3,-5,3,98027,2324,7393,495,0xf,False,0x0
1784018051.244,90,90,18266,2,0,27097,46,21,-419,-1,3,-2,98021,2323,7393,490,0xf,False,0x0
1784018051.446,91,91,18468,2,0,27087,-26,-50,-468,2,-1,-5,98018,2323,7393,492,0xf,False,0x0
1784018051.647,92,92,18669,3,1,27067,31,-47,-50,-1,4,-1,98023,2324,7393,512,0xf,False,0x0
1784018051.849,93,93,18871,3,1,27029,1,-21,-107,-4,-5,-1,98029,2324,7393,490,0xf,False,0x0
1784018052.049,94,94,19071,3,1,26979,50,-42,-139,1,5,-1,98036,2324,7393,489,0xf,False,0x0
1784018052.251,95,95,19272,3,1,26906,-50,-37,-71,1,-5,-2,98042,2325,7393,487,0xf,False,0x0
1784018052.451,96,96,19474,3,1,26864,28,19,-78,-2,1,-4,98048,2325,7393,516,0xf,False,0x0
1784018052.652,97,97,19674,3,1,26798,-25,-11,-49,-1,-1,2,98054,2325,7393,492,0xf,False,0x0
1784018052.852,98,98,19874,3,1,26743,-22,55,-112,5,2,2,98060,2326,7393,496,0xf,False,0x0
1784018053.073,99,99,20096,3,1,26711,14,-50,-121,1,-1,-2,98067,2326,7392,495,0xf,False,0x0
1784018053.274,100,100,20296,3,1,26652,-43,59,-129,-2,0,4,98073,2326,7392,494,0xf,False,0x0
1784018053.548,101,101,20570,3,1,26583,-11,-56,-152,0,4,-1,98082,2327,7392,508,0xf,False,0x0
1784018053.750,102,102,20772,3,1,26545,55,-27,-119,1,5,-4,98088,2327,7392,484,0xf,False,0x0
1784018054.160,104,104,21182,3,1,26424,4,-33,-91,-3,-3,5,98101,2328,7392,501,0xf,False,0x0
1784018054.415,105,105,21437,3,1,26350,-7,-14,-149,-5,-3,-4,98109,2328,7392,514,0xf,False,0x0
1784018054.638,106,106,21660,3,1,26293,-11,11,-67,-1,5,5,98116,2329,7392,503,0xf,False,0x0
1784018054.838,107,107,21860,3,1,26258,6,-58,-54,-3,-5,4,98122,2329,7392,498,0xf,False,0x0
1784018055.039,108,108,22061,3,1,26184,-36,3,-126,-3,-1,-4,98128,2329,7392,485,0xf,False,0x0
1784018055.445,110,110,22468,3,1,26101,43,-55,-134,-1,-1,4,98141,2330,7392,484,0xf,False,0x0
1784018055.646,111,111,22668,3,1,26057,57,59,-149,-5,-1,-5,98147,2330,7391,516,0xf,False,0x0
1784018056.048,113,113,23070,3,1,25918,44,-23,-83,-2,1,1,98160,2331,7391,513,0xf,False,0x0
1784018056.249,114,114,23272,3,1,25886,-37,-32,-46,-5,0,-5,98167,2331,7391,487,0xf,False,0x0
1784018056.450,115,115,23472,3,1,25830,30,-7,-114,1,4,4,98173,2332,7391,498,0xf,False,0x0
1784018056.651,116,116,23673,3,1,25791,-45,31,-97,-4,-3,-4,98179,2332,7391,481,0xf,False,0x0
1784018056.851,117,117,23874,3,1,25715,-36,-58,-116,3,-4,-5,98186,2332,7391,517,0xf,False,0x0
1784018057.055,118,118,24077,3,1,25676,18,58,-69,5,-1,-5,98192,2333,7391,518,0xf,False,0x0
1784018057.312,119,119,24334,3,1,25612,22,-26,-68,-2,2,4,98200,2333,7391,480,0xf,False,0x0
1784018057.713,121,121,24736,3,1,25488,-31,-28,-57,0,2,-5,98213,2334,7391,487,0xf,False,0x0
1784018057.914,122,122,24936,3,1,25443,-51,12,-43,-4,-3,-3,98220,2334,7391,491,0xf,False,0x0
1784018058.133,123,123,25155,3,1,25394,-30,38,-145,-3,-3,2,98227,2334,7390,500,0xf,False,0x0
1784018058.333,124,124,25355,3,1,25349,-25,48,-57,0,2,2,98233,2335,7390,500,0xf,False,0x0
1784018058.534,125,125,25556,3,1,25273,-24,29,-93,3,4,-4,98240,2335,7390,506,0xf,False,0x0
1784018058.734,126,126,25756,3,1,25246,-13,8,-147,4,-5,0,98246,2335,7390,513,0xf,False,0x0
1784018058.935,127,127,25957,3,1,25175,-27,-36,-50,3,-1,5,98253,2336,7390,493,0xf,False,0x0
1784018059.135,128,128,26157,3,1,25114,34,60,-36,3,5,-5,98259,2336,7390,488,0xf,False,0x0
1784018059.344,129,129,26366,3,1,25049,42,-40,-85,-1,2,-2,98266,2337,7390,505,0xf,False,0x0
1784018059.546,130,130,26568,3,1,25029,9,-31,-136,1,1,-4,98273,2337,7390,497,0xf,False,0x0
1784018059.746,131,131,26768,3,1,24947,-10,50,-102,-3,5,-3,98279,2337,7390,483,0xf,False,0x0
1784018059.992,132,132,27014,3,1,24909,-41,-40,-126,2,3,5,98287,2338,7390,493,0xf,False,0x0
1784018060.193,133,133,27215,3,1,24839,2,-2,-132,5,4,1,98294,2338,7390,495,0xf,False,0x0
1784018060.445,134,134,27467,3,1,24777,60,17,-99,1,-2,-2,98302,2338,7390,520,0xf,False,0x0
1784018060.646,135,135,27668,3,1,24731,30,28,-104,5,5,-1,98309,2339,7389,488,0xf,False,0x0
1784018060.848,136,136,27870,3,1,24673,-48,2,-126,-4,0,4,98315,2339,7389,480,0xf,False,0x0
1784018061.048,137,137,28070,3,1,24629,-4,-42,-107,-1,0,-3,98322,2340,7389,511,0xf,False,0x0
1784018061.249,138,138,28271,3,1,24573,-17,-3,-141,2,-3,-2,98329,2340,7389,480,0xf,False,0x0
1784018061.465,139,139,28487,3,1,24502,10,-58,-138,2,5,-2,98336,2340,7389,503,0xf,False,0x0
1784018061.665,140,140,28687,3,1,24437,-39,48,-151,-3,3,-1,98342,2341,7389,511,0xf,False,0x0
1784018061.866,141,141,28888,3,1,24391,19,24,-85,-2,-1,-5,98349,2341,7389,487,0xf,False,0x0
1784018062.067,142,142,29089,3,1,24336,56,-19,-131,1,-4,0,98356,2341,7389,492,0xf,False,0x0
1784018062.267,143,143,29289,3,1,24266,2,30,-142,4,-4,2,98363,2342,7389,499,0xf,False,0x0
1784018062.488,144,144,29510,3,1,24205,-58,21,-91,4,-5,-2,98370,2342,7389,484,0xf,False,0x0
1784018062.689,145,145,29711,3,1,24149,-37,-18,-72,0,3,-5,98377,2342,7389,509,0xf,False,0x0
1784018062.889,146,146,29911,3,1,24098,25,4,-66,3,3,-4,98383,2343,7389,511,0xf,False,0x0
1784018063.090,147,147,30112,3,1,24036,46,28,-116,0,3,4,98390,2343,7388,517,0xf,False,0x0
1784018063.292,148,148,30314,3,1,24008,-55,34,-98,-1,2,1,98397,2344,7388,515,0xf,False,0x0
1784018063.492,149,149,30515,3,1,23956,-30,59,-76,-5,2,5,98404,2344,7388,495,0xf,False,0x0
1784018063.728,150,150,30750,3,1,23874,13,5,-95,0,5,5,98412,2344,7388,512,0xf,False,0x0
1784018064.135,152,152,31157,3,1,23765,-25,-3,-100,-4,0,0,98426,2345,7388,497,0xf,False,0x0
1784018064.542,154,154,31564,3,1,23629,23,52,-117,0,-3,3,98439,2346,7388,516,0xf,False,0x0
1784018064.743,155,155,31765,3,1,23589,37,8,-57,4,-2,4,98446,2346,7388,506,0xf,False,0x0
1784018064.943,156,156,31965,3,1,23526,-1,-34,-83,3,-5,1,98453,2347,7388,490,0xf,False,0x0
1784018065.154,157,157,32177,3,1,23478,-7,52,-75,-5,1,-5,98460,2347,7388,493,0xf,False,0x0
1784018065.355,158,158,32377,3,1,23402,33,54,-72,5,4,4,98467,2347,7388,504,0xf,False,0x0
1784018065.555,159,159,32577,3,1,23348,-25,58,-100,2,-2,2,98474,2348,7387,504,0xf,False,0x0
1784018065.756,160,160,32778,3,1,23314,8,21,-154,2,0,0,98481,2348,7387,510,0xf,False,0x0
1784018066.000,161,161,33022,3,1,23245,-51,34,-131,2,-1,2,98490,2348,7387,503,0xf,False,0x0
1784018178.756,1,1,0,0,0,-8,-16,12,964,1,0,-5,101325,2500,7400,483,0xf,False,0x0
1784018178.957,2,2,200,0,0,-20,-38,60,967,4,5,-3,101325,2500,7400,483,0xf,False,0x0
1784018179.157,3,3,401,0,0,-4,-13,-8,1015,-5,-4,-3,101325,2500,7400,492,0xf,False,0x0
1784018179.358,4,4,602,0,0,-3,-28,50,953,0,-3,2,101325,2500,7400,509,0xf,False,0x0
1784018179.559,5,5,802,0,0,20,-35,-32,1039,2,3,-2,101325,2500,7400,489,0xf,False,0x0
1784018179.809,6,6,1053,0,0,-4,47,-29,996,5,5,-3,101325,2500,7400,496,0xf,False,0x0
1784018180.010,7,7,1253,0,0,-7,-48,-4,980,4,-1,3,101325,2500,7400,511,0xf,False,0x0
1784018180.211,8,8,1455,0,0,-2,-7,54,953,-2,-5,-4,101325,2500,7400,508,0xf,False,0x0
1784018180.411,9,9,1655,0,0,2,-54,-19,1020,2,3,5,101325,2500,7400,492,0xf,False,0x0
1784018180.614,10,10,1857,0,0,1,-30,-39,982,1,-2,5,101325,2500,7400,502,0xf,False,0x0
1784018180.844,11,11,2087,0,0,-9,-41,46,1047,4,-4,-2,101325,2500,7400,505,0xf,False,0x0
1784018181.044,12,12,2287,0,0,-20,17,50,987,-3,-4,0,101325,2500,7400,480,0xf,False,0x0
1784018181.250,13,13,2493,0,0,-7,36,-13,1049,-4,3,1,101325,2500,7400,510,0xf,False,0x0
1784018181.450,14,14,2694,0,0,20,35,-4,1010,5,1,1,101325,2500,7399,505,0xf,False,0x0
1784018181.650,15,15,2894,0,0,7,-46,-40,972,-5,3,2,101325,2500,7399,484,0xf,False,0x0
1784018181.880,16,16,3124,0,0,-9,-36,-9,1034,-5,5,-2,101325,2500,7399,503,0xf,False,0x0
1784018182.081,17,17,3325,0,0,9,-37,-18,977,5,-3,4,101325,2500,7399,490,0xf,False,0x0
1784018182.281,18,18,3525,0,0,20,54,21,1020,-2,2,1,101325,2500,7399,480,0xf,False,0x0
1784018182.481,19,19,3725,0,0,-4,3,5,968,-4,1,0,101325,2500,7399,503,0xf,False,0x0
1784018182.682,20,20,3926,0,0,-12,-10,-29,1008,3,-1,-2,101325,2500,7399,504,0xf,False,0x0
1784018182.923,21,21,4167,0,0,-4,5,-14,1025,0,-1,4,101325,2500,7399,499,0xf,False,0x0
1784018183.124,22,22,4368,0,0,14,44,5,1020,-1,-1,-5,101325,2500,7399,486,0xf,False,0x0
1784018183.349,23,23,4593,0,0,-4,-28,49,1019,1,0,3,101325,2500,7399,520,0xf,False,0x0
1784018183.549,24,24,4793,0,0,18,39,26,993,-2,-2,5,101325,2500,7399,507,0xf,False,0x0
1784018183.750,25,25,4993,0,0,0,-38,-36,1012,-4,-3,4,101325,2500,7399,509,0xf,False,0x0
1784018183.953,26,26,5197,1,0,14,43,-43,1040,1,0,1,101325,2500,7398,503,0xf,False,0x0
1784018184.154,27,27,5397,1,0,-20,-47,-22,1007,2,-5,-2,101325,2500,7398,514,0xf,False,0x0
1784018184.354,28,28,5598,1,0,-7,22,-13,1026,1,1,3,101325,2500,7398,495,0xf,False,0x0
1784018184.567,29,29,5810,1,0,1,-23,-49,988,5,4,-1,101325,2500,7398,520,0xf,False,0x0
1784018184.767,30,30,6011,1,0,-6,25,-19,1030,-5,0,0,101325,2500,7398,490,0xf,False,0x0
1784018184.968,31,31,6211,1,0,-14,-4,26,1044,3,-4,0,101325,2500,7398,486,0xf,False,0x0
1784018185.228,32,32,6472,1,0,-1,-16,21,950,-3,-2,-2,101325,2500,7398,484,0xf,False,0x0
1784018185.428,33,33,6672,1,0,0,59,-26,1049,-2,4,-4,101325,2500,7398,499,0xf,False,0x0
1784018185.630,34,34,6874,1,0,-7,-27,22,980,5,2,1,101325,2500,7398,508,0xf,False,0x0
1784018185.831,35,35,7075,1,0,-14,-7,49,1024,0,-4,1,101325,2500,7398,504,0xf,False,0x0
1784018186.042,36,36,7286,1,0,14,20,-4,1027,0,-4,0,101325,2500,7398,500,0xf,False,0x0
1784018186.242,37,37,7486,1,0,18,-39,-10,1002,-3,-1,-2,101325,2500,7398,520,0xf,False,0x0
1784018186.443,38,38,7686,1,0,-6,35,-43,1036,2,-4,4,101325,2500,7397,483,0xf,False,0x0
1784018186.684,39,39,7927,1,0,-3,-49,-10,992,-3,-5,0,101325,2500,7397,489,0xf,False,0x0
1784018187.087,1,1,0,0,0,0,-32,33,973,-4,0,1,101325,2500,7400,509,0xf,False,0x0
1784018187.287,2,2,200,0,0,-7,21,-58,1032,2,-4,4,101325,2500,7400,515,0xf,False,0x0
1784018187.494,3,3,407,0,0,-11,23,54,1019,1,2,2,101325,2500,7400,484,0xf,False,0x0
1784018187.701,4,4,614,0,0,-18,-15,-53,1038,2,2,0,101325,2500,7400,509,0xf,False,0x0
1784018188.135,6,6,1048,0,0,-13,24,-29,1040,2,5,0,101325,2500,7400,499,0xf,False,0x0
1784018188.349,7,7,1262,0,0,-7,50,25,1008,2,-4,0,101325,2500,7400,498,0xf,False,0x0
1784018188.550,8,8,1463,0,0,11,-46,-1,981,-5,3,-5,101325,2500,7400,493,0xf,False,0x0
1784018188.772,9,9,1685,0,0,-12,-52,-58,964,-2,-4,-2,101325,2500,7400,519,0xf,False,0x0
1784018188.989,10,10,1901,0,0,17,-7,-39,1035,3,-3,2,101325,2500,7400,509,0xf,False,0x0
1784018189.196,11,11,2110,0,0,12,-56,-28,1004,5,4,0,101325,2500,7400,492,0xf,False,0x0
1784018189.403,12,12,2317,0,0,-13,-32,-40,998,3,-3,2,101325,2500,7400,504,0xf,False,0x0
1784018189.608,13,13,2521,0,0,-17,20,-30,1034,-3,3,1,101325,2500,7399,506,0xf,False,0x0
1784018189.809,14,14,2722,0,0,-11,19,-30,992,-3,1,-1,101325,2500,7399,495,0xf,False,0x0
1784018190.212,16,16,3125,0,0,16,-18,-55,1022,-2,-3,2,101325,2500,7399,517,0xf,False,0x0
1784018190.413,17,17,3326,0,0,-18,20,20,1026,-2,-2,-3,101325,2500,7399,508,0xf,False,0x0
1784018190.617,18,18,3531,0,0,-16,-42,-20,977,-2,3,-4,101325,2500,7399,498,0xf,False,0x0
1784018190.818,19,19,3731,0,0,19,35,7,996,-5,3,-5,101325,2500,7399,519,0xf,False,0x0
1784018191.018,20,20,3931,0,0,-3,16,-2,977,-5,-2,-5,101325,2500,7399,505,0xf,False,0x0
1784018191.218,21,21,4132,0,0,-9,60,56,979,1,5,-4,101325,2500,7399,510,0xf,False,0x0
1784018191.419,22,22,4332,0,0,-10,-33,-41,997,5,-4,-4,101325,2500,7399,508,0xf,False,0x0
1784018191.626,23,23,4539,0,0,10,53,-25,966,-3,-4,-3,101325,2500,7399,496,0xf,False,0x0
1784018191.826,24,24,4739,0,0,2,-38,-17,981,2,-4,2,101325,2500,7399,486,0xf,False,0x0
1784018192.056,25,25,4970,0,0,-6,41,-40,1033,-2,-2,1,101325,2500,7399,520,0xf,False,0x0
1784018192.263,26,26,5176,1,0,-3,60,20,1036,4,-1,-2,101325,2500,7398,513,0xf,False,0x0
1784018192.463,27,27,5377,1,0,10,42,-2,1030,-2,-2,-2,101325,2500,7398,490,0xf,False,0x0
1784018192.664,28,28,5577,1,0,-4,36,-3,977,-1,4,-3,101325,2500,7398,518,0xf,False,0x0
1784018192.864,29,29,5777,1,0,20,-38,-14,1033,-1,4,0,101325,2500,7398,491,0xf,False,0x0
1784018193.532,1,1,0,0,0,-12,-56,-57,981,-2,-5,3,101325,2500,7400,497,0xf,False,0x0
1784018193.732,2,2,201,0,0,-11,46,-22,989,-3,4,1,101325,2500,7400,506,0xf,False,0x0
1784018193.950,3,3,419,0,0,4,4,47,1036,-1,5,-1,101325,2500,7400,485,0xf,False,0x0
1784018194.158,4,4,627,0,0,8,54,-5,961,5,4,0,101325,2500,7400,499,0xf,False,0x0
1784018194.359,5,5,828,0,0,-8,16,38,1030,-2,3,-4,101325,2500,7400,512,0xf,False,0x0
1784018194.560,6,6,1028,0,0,10,35,39,996,1,4,1,101325,2500,7400,490,0xf,False,0x0
1784018194.770,7,7,1238,0,0,-4,-32,35,1047,-5,5,-4,101325,2500,7400,512,0xf,False,0x0
1784018195.195,9,9,1664,0,0,14,-10,6,951,-4,-4,-4,101325,2500,7400,497,0xf,False,0x0
1784018195.409,10,10,1878,0,0,-20,-30,17,987,-5,-1,1,101325,2500,7400,480,0xf,False,0x0
1784018195.610,11,11,2078,0,0,1,-18,51,963,0,2,-3,101325,2500,7400,509,0xf,False,0x0
1784018195.810,12,12,2279,0,0,-15,-30,23,965,-3,-5,-2,101325,2500,7400,500,0xf,False,0x0
1784018196.021,13,13,2490,0,0,20,-2,26,956,1,-2,5,101325,2500,7400,511,0xf,False,0x0
1784018196.222,14,14,2691,0,0,19,-30,-46,1026,-1,5,2,101325,2500,7399,518,0xf,False,0x0
1784018196.437,15,15,2905,0,0,19,43,31,1042,1,-3,-5,101325,2500,7399,518,0xf,False,0x0
1784018196.637,16,16,3106,0,0,8,28,6,1038,-4,2,1,101325,2500,7399,493,0xf,False,0x0
1784018196.838,17,17,3307,0,0,-7,9,-15,1002,-3,-3,0,101325,2500,7399,483,0xf,False,0x0
1784018197.039,18,18,3508,0,0,-20,-8,-7,1049,0,-3,-3,101325,2500,7399,508,0xf,False,0x0
1784018338.054,1,1,1191,0,0,-1,-4,59,1000,0,3,-1,101325,2500,7400,501,0xf,False,0x88d0
1784018338.180,2,2,1391,0,0,6,-32,-42,1000,1,-5,-3,101325,2500,7400,515,0xf,False,0x36f4
1784018338.367,3,3,1591,0,0,-9,-38,-60,1000,1,1,4,101325,2500,7400,494,0xf,False,0x149b
1784018338.617,4,4,1791,0,0,-8,56,-53,1000,-4,2,-1,101325,2500,7400,480,0xf,False,0xff89
1784018338.776,5,5,1991,0,0,1,-14,49,1000,0,1,-4,101325,2500,7400,500,0xf,False,0x9592
1784018338.957,6,6,2191,0,0,-6,39,-44,1000,4,-3,0,101325,2500,7400,486,0xf,False,0x51b1
1784018339.222,7,7,2391,0,0,14,53,-16,1000,1,-2,-2,101325,2500,7400,515,0xf,False,0x32b4
1784018339.347,8,8,2591,0,0,-3,29,18,1000,-5,2,-5,101325,2500,7399,502,0xf,False,0x878c
1784018339.533,9,9,2791,0,0,-16,-33,53,1000,1,-5,-4,101325,2500,7399,499,0xf,False,0x1db6
1784018339.783,10,10,2991,0,0,0,5,-17,1000,3,-5,-3,101325,2500,7399,493,0xf,False,0x4031
1784018340.039,11,11,3191,0,0,-18,29,46,1000,-4,3,-1,101325,2500,7399,500,0xf,False,0x8ee3
1784018340.156,12,12,3391,0,0,3,-21,-44,1000,1,-4,4,101325,2500,7399,515,0xf,False,0xf19a
1784018340.363,13,13,3591,0,0,4,-24,2,1000,-4,2,-5,101325,2500,7399,505,0xf,False,0x6511
1784018340.610,14,14,3791,0,0,-11,-16,-27,1000,-3,2,1,101325,2500,7399,509,0xf,False,0x12
1784018340.814,15,15,3991,0,0,11,33,-21,1000,1,4,-1,101325,2500,7399,516,0xf,False,0x55da
1784018340.939,16,16,4191,0,0,0,-26,4,1000,-5,-3,-1,101325,2500,7399,485,0xf,False,0x8a7f
1784018341.139,17,17,4391,0,0,8,18,-20,1000,-2,-4,-4,101325,2500,7399,507,0xf,False,0x6b9d
1784018341.399,18,18,4591,0,0,6,17,-13,1000,-3,3,1,101325,2500,7399,482,0xf,False,0xa2ca
1784018341.653,19,19,4791,0,0,-2,11,4,1000,-5,3,1,101325,2500,7399,498,0xf,False,0x516b
1784018341.729,20,20,4991,0,0,13,-45,-3,1000,-4,0,0,101325,2500,7399,502,0xf,False,0xd3e4
1784018341.980,21,21,5191,1,0,-17,-11,22,1000,-1,-1,2,101325,2500,7398,495,0xf,False,0xac8e
1784018342.245,22,22,5391,1,0,5,-30,37,1000,-5,-4,-5,101325,2500,7398,484,0xf,False,0x4a2c
1784018342.308,23,23,5591,1,0,6,-41,8,1000,0,-3,2,101325,2500,7398,505,0xf,False,0x6ade
1784018342.602,24,24,5791,1,0,-6,7,-25,1000,-1,-5,-4,101325,2500,7398,482,0xf,False,0xf842
1784018342.826,25,25,5991,1,0,-7,-22,34,1000,-1,3,-5,101325,2500,7398,498,0xf,False,0x185c
1784018343.008,26,26,6191,1,0,16,12,-33,1000,1,3,-1,101325,2500,7398,518,0xf,False,0x8b17
1784018343.155,27,27,6391,1,0,11,30,-31,1000,0,4,-5,101325,2500,7398,512,0xf,False,0x6edc
1784018343.334,28,28,6591,1,0,5,-7,6,1000,4,-4,2,101325,2500,7398,503,0xf,False,0x8894
1784018343.553,29,29,6791,1,0,0,-22,4,1000,2,-2,-2,101325,2500,7398,517,0xf,False,0x1329
1784018343.816,30,30,6991,1,0,16,-18,33,1000,1,2,-5,101325,2500,7398,496,0xf,False,0x4dc4
1784018343.945,31,31,7191,1,0,-19,19,-11,1000,4,4,-2,101325,2500,7398,507,0xf,False,0x9ceb
1784018344.208,32,32,7391,1,0,7,-54,26,1000,4,-2,-1,101325,2500,7398,513,0xf,False,0xaf85
1784018344.396,33,33,7591,1,0,-15,47,4,1000,-4,2,3,101325,2500,7397,482,0xf,False,0xe6e7
1784018344.644,34,34,7791,1,0,-20,-20,-59,1000,4,0,-5,101325,2500,7397,490,0xf,False,0xc887
1784018344.768,35,35,7991,1,0,-15,38,36,1000,-1,-3,-5,101325,2500,7397,494,0xf,False,0xdec3
1784018344.955,36,36,8191,1,0,-15,34,10,1000,-4,-3,-3,101325,2500,7397,484,0xf,False,0xd6b5
1784018345.219,37,37,8391,1,0,19,-55,-53,1000,0,3,3,101325,2500,7397,497,0xf,False,0xd53f
1784018345.345,38,38,8591,1,0,10,58,20,1000,-3,-5,0,101325,2500,7397,493,0xf,False,0x2605
1784018345.576,39,39,8791,1,0,-9,51,6,1000,2,1,-4,101325,2500,7397,518,0xf,False,0x2576
1784018345.763,40,40,8991,1,0,12,-40,20,1000,4,-5,-4,101325,2500,7397,494,0xf,False,0xe1fa
1784018346.024,41,41,9191,1,0,3,36,-31,1000,-4,-3,-5,101325,2500,7397,488,0xf,False,0x15d8
1784018346.150,42,42,9391,1,0,-13,14,5,1000,4,-4,-5,101325,2500,7397,490,0xf,False,0xaea2
1784018346.336,43,43,9591,1,0,1,59,24,1000,-5,3,3,101325,2500,7397,500,0xf,False,0xd22f
1784018346.599,44,44,9791,1,0,-10,32,51,1000,3,-2,-3,101325,2500,7397,485,0xf,False,0x76
1784018346.818,45,45,9991,1,0,3,5,24,1000,2,-2,1,101325,2500,7397,518,0xf,False,0x5be3
1784018346.974,46,46,10191,2,0,1198,-46,-32,1299,2,1,2,101178,2492,7396,506,0xf,False,0x629f
1784018347.167,47,47,10391,2,0,2413,51,-23,1608,3,-1,1,101028,2484,7396,493,0xf,False,0x8270
1784018347.411,48,48,10591,2,0,3623,42,-16,1907,-4,2,-2,100881,2476,7396,488,0xf,False,0x8dae
1784018347.628,49,49,10791,2,0,4794,23,18,2191,1,-5,0,100738,2468,7396,513,0xf,False,0xb932
1784018347.752,50,50,10991,2,0,5942,49,28,2458,3,-4,-5,100599,2461,7396,483,0xf,False,0xc6bc
1784018347.983,51,51,11191,2,0,7056,-24,32,2701,1,-1,-2,100464,2454,7396,514,0xf,False,0x89da
1784018348.230,52,52,11391,2,0,8133,-26,14,2917,-1,1,-5,100332,2447,7396,493,0xf,False,0x1a1e
1784018348.294,53,53,11591,2,0,9177,-4,11,3103,1,-4,-1,100204,2440,7396,485,0xf,False,0x8a09
1784018348.558,54,54,11791,2,0,10213,49,-17,3256,-2,3,-4,100079,2433,7396,482,0xf,False,0xe720
1784018348.830,55,55,11991,2,0,11181,29,31,3373,-2,-1,-1,99958,2427,7396,486,0xf,False,0xe023
1784018349.024,56,56,12191,2,0,12145,-4,-57,3453,-5,-5,1,99841,2420,7396,501,0xf,False,0x7c51
1784018349.167,57,57,12391,2,0,13088,0,-44,3494,3,-2,4,99728,2414,7396,509,0xf,False,0xd39c
1784018349.349,58,58,12591,2,0,13998,9,-41,3495,-1,2,4,99618,2409,7395,495,0xf,False,0x3bcf
1784018349.691,59,59,12791,2,0,14845,-41,-7,3458,-5,-2,3,99511,2403,7395,513,0xf,False,0xcdf6
1784018349.816,60,60,12991,2,0,15687,-25,24,3381,-3,1,-5,99409,2397,7395,481,0xf,False,0xadaf
1784018349.940,61,61,13191,2,0,16501,26,-4,3268,-2,0,-4,99310,2392,7395,482,0xf,False,0x6049
1784018350.190,62,62,13391,2,0,17278,40,32,3118,-5,-3,-4,99215,2387,7395,507,0xf,False,0xbb97
1784018350.376,63,63,13591,2,0,18046,50,59,2935,2,-3,-5,99123,2382,7395,516,0xf,False,0x5c46
1784018350.626,64,64,13791,2,0,18765,-48,-42,2721,1,-4,1,99035,2378,7395,487,0xf,False,0x611f
1784018350.749,65,65,13991,2,0,19457,49,-14,2480,-1,4,-5,98951,2373,7395,498,0xf,False,0x9f42
1784018350.995,66,66,14191,2,0,20122,21,16,2216,2,-3,0,98870,2369,7395,503,0xf,False,0x9a9c
1784018351.291,67,67,14391,2,0,20753,-43,53,1933,-4,0,2,98793,2365,7395,506,0xf,False,0xb8b2
1784018351.352,68,68,14591,2,0,21364,-37,-42,1635,-2,3,0,98719,2361,7395,508,0xf,False,0x686c
1784018351.564,69,69,14791,2,0,21912,13,14,1327,-1,3,4,98650,2357,7395,512,0xf,False,0x6671
1784018351.818,70,70,14991,2,0,22484,10,42,1014,-5,-3,-3,98584,2353,7395,500,0xf,False,0x95be
1784018352.019,71,71,15191,2,0,22962,-33,1,-215,0,4,-4,98521,2350,7394,494,0xf,False,0x59bf
1784018352.143,72,72,15391,2,0,23474,-47,-45,-231,4,1,4,98462,2347,7394,505,0xf,False,0x6624
1784018352.361,73,73,15591,2,0,23896,29,-39,-247,-5,-2,-4,98407,2344,7394,496,0xf,False,0x416f
1784018352.612,74,74,15791,2,0,24321,44,-2,-263,-4,4,-3,98356,2341,7394,500,0xf,False,0xc81c
1784018352.938,75,75,15991,2,0,24717,-24,-32,-279,-5,0,-2,98308,2339,7394,492,0xf,False,0x36e
1784018352.938,76,76,16191,2,0,25097,-42,15,-295,0,-2,-1,98264,2336,7394,508,0xf,False,0x8253
1784018353.203,77,77,16391,2,0,25431,26,14,-311,0,1,2,98223,2334,7394,486,0xf,False,0x13db
1784018353.403,78,78,16591,2,0,25714,57,-11,-327,-1,1,0,98186,2332,7394,515,0xf,False,0x6c51
1784018353.655,79,79,16791,2,0,25983,44,51,-343,3,4,2,98153,2331,7394,492,0xf,False,0x958
1784018353.717,80,80,16991,2,0,26232,-35,-14,-359,-2,1,2,98124,2329,7394,517,0xf,False,0x963e
1784018354.014,81,81,17191,2,0,26439,27,22,-375,-1,-5,-2,98098,2328,7394,490,0xf,False,0xef0
1784018354.200,82,82,17391,2,0,26644,-49,2,-391,-4,1,4,98075,2326,7394,481,0xf,False,0xa2bb
1784018354.417,83,83,17591,2,0,26794,7,-24,-407,0,-4,4,98057,2325,7393,508,0xf,False,0xa178
1784018354.556,84,84,17791,2,0,26891,34,-54,-423,3,4,2,98042,2325,7393,504,0xf,False,0x32a6
1784018354.819,85,85,17991,2,0,26998,18,-10,-439,-3,-2,0,98031,2324,7393,497,0xf,False,0xc664
1784018355.006,86,86,18191,2,0,27042,52,-15,-455,-1,2,1,98023,2324,7393,509,0xf,False,0x8016
1784018355.145,87,87,18391,2,0,27109,-38,17,-471,0,-5,-5,98019,2323,7393,505,0xf,False,0x5ae
1784018355.426,88,88,18591,3,1,27096,51,-60,-98,1,-5,3,98021,2323,7393,488,0xf,False,0xac08
1784018355.615,89,89,18791,3,1,27018,36,-56,-94,-4,-1,-4,98027,2324,7393,487,0xf,False,0x35dd
1784018355.840,90,90,18991,3,1,26982,52,0,-105,-4,1,2,98033,2324,7393,491,0xf,False,0x8397
1784018355.955,91,91,19191,3,1,26939,-48,35,-99,1,-2,1,98039,2324,7393,518,0xf,False,0x9364
1784018356.250,92,92,19391,3,1,26878,3,-23,-91,-3,0,4,98045,2325,7393,502,0xf,False,0x4912
1784018356.450,93,93,19591,3,1,26817,26,19,-102,3,4,-3,98051,2325,7393,480,0xf,False,0x35fb
1784018356.639,94,94,19791,3,1,26764,-46,39,-80,-4,-2,2,98058,2325,7393,514,0xf,False,0x6ba7
1784018356.772,95,95,19991,3,1,26735,-14,47,-108,4,-2,0,98064,2326,7393,483,0xf,False,0xc623
1784018356.950,96,96,20191,3,1,26670,14,51,-84,4,-2,0,98070,2326,7392,493,0xf,False,0x42fa
1784018357.201,97,97,20391,3,1,26608,-46,-8,-88,3,-2,-5,98076,2326,7392,490,0xf,False,0x7ba8
1784018357.325,98,98,20591,3,1,26577,40,-50,-106,-3,0,-3,98082,2327,7392,505,0xf,False,0x2b37
1784018357.527,99,99,20791,3,1,26517,-8,-45,-98,1,-4,-1,98089,2327,7392,498,0xf,False,0x5e68
1784018357.775,100,100,20991,3,1,26452,27,52,-81,2,-3,-3,98095,2327,7392,517,0xf,False,0xa5d6
1784018358.023,101,101,21191,3,1,26425,-53,14,-83,3,-2,-1,98101,2328,7392,504,0xf,False,0x54c6
1784018358.163,102,102,21391,3,1,26367,2,-25,-85,2,-2,-3,98107,2328,7392,497,0xf,False,0x22b5
1784018358.350,103,103,21591,3,1,26327,-47,-29,-97,-3,2,0,98114,2328,7392,504,0xf,False,0x204d
1784018358.647,104,104,21791,3,1,26251,2,-39,-83,1,4,0,98120,2329,7392,489,0xf,False,0xc6d9
1784018358.800,105,105,21991,3,1,26221,5,-6,-92,4,-1,3,98126,2329,7392,511,0xf,False,0x6e03
1784018358.923,106,106,22191,3,1,26150,59,1,-102,1,3,-3,98132,2329,7392,497,0xf,False,0x471
1784018359.236,107,107,22391,3,1,26095,-4,37,-96,-5,-1,-3,98139,2330,7392,502,0xf,False,0xd79a
1784018359.490,108,108,22591,3,1,26080,-35,55,-97,3,4,4,98145,2330,7391,502,0xf,False,0x8ff4
1784018359.627,109,109,22791,3,1,26004,-30,39,-100,-1,3,-3,98151,2330,7391,511,0xf,False,0x1f07
1784018359.750,110,110,22991,3,1,25973,-46,28,-84,-1,-3,1,98158,2331,7391,491,0xf,False,0x5119
1784018359.984,111,111,23191,3,1,25899,40,-7,-106,4,-1,2,98164,2331,7391,484,0xf,False,0x911
1784018360.232,112,112,23391,3,1,25851,16,6,-105,-3,-1,0,98170,2331,7391,513,0xf,False,0xf7
1784018360.454,113,113,23591,3,1,25796,-35,10,-99,2,-3,-4,98177,2332,7391,486,0xf,False,0x1eff
1784018360.577,114,114,23791,3,1,25767,24,56,-86,-3,4,4,98183,2332,7391,487,0xf,False,0x7f78
1784018360.763,115,115,23991,3,1,25701,-18,-35,-100,-1,0,-1,98189,2332,7391,508,0xf,False,0xc880
1784018361.011,116,116,24191,3,1,25642,-29,8,-104,-2,0,-3,98196,2333,7391,494,0xf,False,0x855f
1784018361.136,117,117,24391,3,1,25604,5,44,-98,0,3,-2,98202,2333,7391,497,0xf,False,0xe4fd
1784018362.022,121,121,25191,3,1,25383,-15,-42,-92,-2,1,-3,98228,2335,7390,517,0xf,False,0x5eb8
1784018362.271,122,122,25391,3,1,25342,6,2,-87,1,-4,2,98234,2335,7390,494,0xf,False,0xfbfd
1784018362.455,123,123,25591,3,1,25256,13,6,-91,4,2,3,98241,2335,7390,495,0xf,False,0x6d35
1784018362.614,124,124,25791,3,1,25238,-23,-31,-80,4,-5,-4,98247,2336,7390,490,0xf,False,0x1aa2
1784018362.739,125,125,25991,3,1,25186,13,-12,-87,-1,-4,-5,98254,2336,7390,517,0xf,False,0x13aa
1784018362.988,126,126,26191,3,1,25126,-26,-21,-91,1,-1,-3,98260,2336,7390,519,0xf,False,0x36f3
1784018363.191,127,127,26391,3,1,25060,-13,25,-87,0,3,-2,98267,2337,7390,497,0xf,False,0x5178
1784018363.378,128,128,26591,3,1,25024,-5,22,-88,3,-4,-1,98273,2337,7390,482,0xf,False,0x1c8c
1784018363.580,129,129,26791,3,1,24972,-55,47,-109,0,-2,3,98280,2337,7390,513,0xf,False,0x5fa8
1784018363.813,130,130,26991,3,1,24899,37,19,-95,3,-5,3,98286,2338,7390,519,0xf,False,0x1cb1
1784018364.014,131,131,27191,3,1,24863,-45,-43,-95,4,-3,1,98293,2338,7390,482,0xf,False,0xa0ea
1784018364.187,132,132,27391,3,1,24795,10,1,-98,-1,-1,-1,98300,2338,7390,508,0xf,False,0xabda
1784018364.373,133,133,27591,3,1,24737,-30,-15,-91,2,3,-1,98306,2339,7389,503,0xf,False,0x7f94
1784018364.648,134,134,27791,3,1,24703,-31,58,-105,0,-3,3,98313,2339,7389,487,0xf,False,0x191e
1784018364.859,135,135,27991,3,1,24623,-35,31,-88,-2,0,3,98319,2339,7389,504,0xf,False,0x20b9
1784018364.922,136,136,28191,3,1,24580,21,-12,-83,0,-1,2,98326,2340,7389,505,0xf,False,0xb1bb
1784018365.154,137,137,28391,3,1,24533,-1,52,-96,-4,-2,0,98333,2340,7389,489,0xf,False,0x16dd
1784018365.405,138,138,28591,3,1,24470,28,-59,-82,2,2,0,98339,2340,7389,518,0xf,False,0xbcd4
1784018365.623,139,139,28791,3,1,24428,32,-34,-93,-3,-5,3,98346,2341,7389,490,0xf,False,0x8194
1784018365.748,140,140,28991,3,1,24350,-26,50,-90,0,-5,3,98353,2341,7389,486,0xf,False,0x8299
1784018365.997,141,141,29191,3,1,24297,-48,-58,-107,4,4,4,98359,2342,7389,514,0xf,False,0x4acb
1784018366.184,142,142,29391,3,1,24263,-21,28,-98,-1,1,-4,98366,2342,7389,514,0xf,False,0xdb81
1784018366.357,143,143,29591,3,1,24175,18,7,-106,-4,-4,1,98373,2342,7389,501,0xf,False,0xee61
1784018366.545,144,144,29791,3,1,24134,-33,-49,-108,1,2,-1,98379,2343,7389,499,0xf,False,0x7a94
1784018366.762,145,145,29991,3,1,24087,25,48,-86,2,3,0,98386,2343,7389,507,0xf,False,0x1e71
1784018367.012,146,146,30191,3,1,24033,-19,-6,-83,0,-5,2,98393,2343,7388,490,0xf,False,0x5737
1784018367.203,147,147,30391,3,1,23983,50,16,-90,-5,2,1,98400,2344,7388,503,0xf,False,0xca5d
1784018367.386,148,148,30591,3,1,23910,5,-54,-107,2,-3,-5,98406,2344,7388,505,0xf,False,0x4e90
1784018367.620,149,149,30791,3,1,23882,27,-5,-89,4,-2,1,98413,2344,7388,499,0xf,False,0x3827
1784018367.805,150,150,30991,3,1,23809,53,-44,-108,-2,2,-2,98420,2345,7388,503,0xf,False,0x7c68
1784018367.974,151,151,31191,3,1,23749,37,13,-106,3,-5,-2,98427,2345,7388,481,0xf,False,0x7660
1784018368.224,152,152,31391,3,1,23691,-35,1,-101,-3,0,-3,98434,2345,7388,518,0xf,False,0x3fc4
1784018368.410,153,153,31591,3,1,23641,-53,-54,-109,-3,-5,1,98440,2346,7388,480,0xf,False,0x8564
1784018368.711,154,154,31791,3,1,23564,3,-20,-106,-2,3,-4,98447,2346,7388,507,0xf,False,0xe675
1784018368.766,155,155,31991,3,1,23530,54,-10,-101,-3,-2,-3,98454,2347,7388,491,0xf,False,0x66e0
1784018368.953,156,156,32191,3,1,23469,24,-51,-99,-1,-4,-2,98461,2347,7388,505,0xf,False,0xfc95
1784018369.189,157,157,32391,3,1,23413,-59,-6,-101,4,2,-1,98468,2347,7388,519,0xf,False,0xf773
1784018369.314,158,158,32591,3,1,23345,53,-6,-81,2,0,-5,98475,2348,7387,516,0xf,False,0xf63e
1784018369.563,159,159,32791,3,1,23295,-59,59,-101,-2,-1,3,98482,2348,7387,508,0xf,False,0x7c5
1784018369.842,160,160,32991,3,1,23259,-49,37,-108,-3,3,-4,98489,2348,7387,497,0xf,False,0x3f6a
1784018370.031,161,161,33191,3,1,23196,26,-39,-90,-2,-4,4,98495,2349,7387,492,0xf,False,0xcb0
1784018370.156,162,162,33391,3,1,23111,-32,-47,-108,1,-2,-3,98502,2349,7387,510,0xf,False,0x4615
1784018370.342,163,163,33591,3,1,23054,31,38,-104,-2,0,-3,98509,2350,7387,498,0xf,False,0x1394
1784018370.590,164,164,33791,3,1,23012,-51,-57,-85,-5,-3,3,98516,2350,7387,497,0xf,False,0x18b
1784018370.840,165,165,33991,3,1,22977,48,-10,-81,-4,1,-2,98523,2350,7387,516,0xf,False,0xe48
1784018370.978,166,166,34191,3,1,22891,-45,55,-83,-1,4,-5,98530,2351,7387,510,0xf,False,0x2bee
1784018371.167,167,167,34391,3,1,22827,-33,38,-94,3,3,2,98537,2351,7387,488,0xf,False,0xcbd3
1784018371.428,168,168,34591,3,1,22773,44,36,-84,1,2,2,98544,2351,7387,488,0xf,False,0x8eb6
1784018371.648,169,169,34791,3,1,22724,-46,38,-92,-2,-1,-5,98551,2352,7387,504,0xf,False,0xabcb
1784018371.786,170,170,34991,3,1,22684,-43,38,-86,2,-4,-4,98559,2352,7387,503,0xf,False,0x2243
1784018371.986,171,171,35191,3,1,22616,-16,-47,-91,-1,-3,3,98566,2353,7386,494,0xf,False,0x768e
1784018372.225,172,172,35391,3,1,22544,-4,-57,-88,3,4,2,98573,2353,7386,501,0xf,False,0x50c1
1784018372.423,173,173,35591,3,1,22504,40,16,-95,-4,-1,2,98580,2353,7386,480,0xf,False,0xed79
1784018372.550,174,174,35791,3,1,22440,-5,54,-104,-1,-4,2,98587,2354,7386,503,0xf,False,0xab60
1784018372.814,175,175,35991,3,1,22362,-1,-55,-96,-1,-2,-3,98594,2354,7386,511,0xf,False,0x7ad5
1784018373.016,176,176,36191,3,1,22320,55,24,-101,0,3,-5,98601,2354,7386,486,0xf,False,0x864e
1784018373.168,177,177,36391,3,1,22254,25,-47,-80,2,4,3,98608,2355,7386,491,0xf,False,0x4526
1784018373.369,178,178,36591,3,1,22185,54,15,-88,-4,3,1,98616,2355,7386,512,0xf,False,0x5377
1784018373.615,179,179,36791,3,1,22140,-50,1,-107,2,-1,-5,98623,2356,7386,512,0xf,False,0x1cb2
1784018373.870,180,180,36991,3,1,22080,26,58,-82,-3,-5,-4,98630,2356,7386,495,0xf,False,0x50f1
1784018373.922,181,181,37191,3,1,22018,-41,56,-84,-1,1,-3,98637,2356,7386,505,0xf,False,0x425a
1784018374.167,182,182,37391,3,1,21967,17,-2,-101,-5,-5,4,98645,2357,7386,492,0xf,False,0x6b5c
1784018374.415,183,183,37591,3,1,21915,30,46,-87,2,0,3,98652,2357,7385,480,0xf,False,0xc39
1784018374.682,184,184,37791,3,1,21827,-49,22,-81,-1,-5,1,98659,2357,7385,515,0xf,False,0x23dc
1784018374.744,185,185,37991,3,1,21783,32,2,-105,-3,2,1,98666,2358,7385,495,0xf,False,0x58ff
1784018375.055,186,186,38191,3,1,21727,-42,-50,-100,1,-5,-2,98674,2358,7385,484,0xf,False,0x1fc7
1784018375.179,187,187,38391,3,1,21682,-24,59,-85,3,3,-1,98681,2359,7385,516,0xf,False,0xd38e
1784018375.336,188,188,38591,3,1,21623,-6,-46,-104,-2,4,1,98688,2359,7385,488,0xf,False,0x3ebc
1784018375.601,189,189,38791,3,1,21550,19,39,-85,-3,-3,-3,98696,2359,7385,512,0xf,False,0x25d3
1784018375.790,190,190,38991,3,1,21495,-38,38,-109,-4,-4,-5,98703,2360,7385,495,0xf,False,0x5602
1784018376.040,191,191,39191,3,1,21439,-27,-2,-104,1,4,-4,98711,2360,7385,499,0xf,False,0x53ca
1784018376.163,192,192,39391,3,1,21353,32,0,-93,0,4,0,98718,2361,7385,489,0xf,False,0x5c2a
1784018376.365,193,193,39591,3,1,21315,21,-49,-93,3,4,-1,98725,2361,7385,516,0xf,False,0x5448
1784018376.617,194,194,39791,3,1,21236,56,24,-105,-3,1,2,98733,2361,7385,486,0xf,False,0xa68e
1784018376.854,195,195,39991,3,1,21185,-17,-9,-97,4,1,0,98740,2362,7385,513,0xf,False,0xdb12
1784018376.994,196,196,40191,3,1,21137,24,41,-102,-2,1,4,98748,2362,7384,516,0xf,False,0x99dc
1784018377.221,197,197,40391,3,1,21075,-49,14,-82,4,-2,-1,98755,2363,7384,484,0xf,False,0x2416
1784018377.400,198,198,40591,3,1,20994,-45,-15,-97,1,-5,4,98763,2363,7384,481,0xf,False,0xcd9b
1784018377.676,199,199,40791,3,1,20953,-11,5,-81,1,-2,-5,98770,2363,7384,505,0xf,False,0x7493
1784018377.728,200,200,40991,3,1,20865,-21,-18,-102,0,-4,1,98778,2364,7384,484,0xf,False,0x6c46
1784018377.992,201,201,41191,3,1,20804,-32,43,-88,-5,-2,4,98786,2364,7384,483,0xf,False,0x7e77
1784018378.197,202,202,41391,3,1,20748,-55,49,-104,-1,-3,-2,98793,2365,7384,513,0xf,False,0x1f2c
1784018378.338,203,203,41591,3,1,20695,58,8,-82,-3,-5,4,98801,2365,7384,490,0xf,False,0xb6b0
1784018378.651,204,204,41791,3,1,20607,-11,-32,-108,-3,3,-4,98808,2365,7384,487,0xf,False,0x70af
1784018378.775,205,205,41991,3,1,20566,20,46,-101,-5,-3,-3,98816,2366,7384,505,0xf,False,0xd5ab
1784018379.040,206,206,42191,3,1,20504,-12,-42,-98,2,-1,-5,98824,2366,7384,493,0xf,False,0x8ce4
1784018379.102,207,207,42391,3,1,20445,35,-32,-93,3,-2,0,98831,2367,7384,509,0xf,False,0xc466
1784018379.382,208,208,42591,3,1,20376,42,44,-100,0,-2,-1,98839,2367,7383,501,0xf,False,0x1949
1784018379.592,209,209,42791,3,1,20295,50,17,-83,1,-5,0,98847,2367,7383,485,0xf,False,0x4ee3
1784018379.834,210,210,42991,3,1,20225,56,47,-107,2,4,0,98855,2368,7383,510,0xf,False,0x9d9a
1784018380.000,211,211,43191,3,1,20178,17,-58,-93,-4,-3,-1,98862,2368,7383,480,0xf,False,0x88a4
1784018380.206,212,212,43391,3,1,20132,20,14,-85,4,0,0,98870,2369,7383,498,0xf,False,0x9c7
1784018380.393,213,213,43591,3,1,20070,-57,-36,-82,-5,4,2,98878,2369,7383,503,0xf,False,0xf61c
1784018380.641,214,214,43791,3,1,19976,-26,29,-108,-2,2,-2,98886,2370,7383,499,0xf,False,0xd37e
1784018380.767,215,215,43991,3,1,19912,-46,47,-98,-5,0,-2,98894,2370,7383,508,0xf,False,0x63da
1784018381.038,216,216,44191,3,1,19853,-37,-43,-98,-1,2,4,98902,2370,7383,511,0xf,False,0x4
1784018381.218,217,217,44391,3,1,19810,54,-5,-102,-3,4,-2,98909,2371,7383,487,0xf,False,0xe531
1784018381.374,218,218,44591,3,1,19732,-60,-31,-80,1,3,-1,98917,2371,7383,505,0xf,False,0x6e24
1784018381.561,219,219,44791,3,1,19657,-16,-8,-108,1,0,-3,98925,2372,7383,493,0xf,False,0x5d0f
1784018381.808,220,220,44991,3,1,19602,44,-21,-98,3,-3,-1,98933,2372,7383,491,0xf,False,0xf912
1784018382.086,221,221,45191,3,1,19544,31,-8,-95,3,-1,1,98941,2373,7382,499,0xf,False,0xebee
1784018382.154,222,222,45391,3,1,19463,-35,-59,-86,-5,1,-2,98949,2373,7382,488,0xf,False,0xd17b
1784018382.333,223,223,45591,3,1,19422,-38,53,-86,-2,-1,-5,98957,2373,7382,489,0xf,False,0x5de4
1784018382.611,224,224,45791,3,1,19325,-39,7,-104,-2,-1,2,98965,2374,7382,496,0xf,False,0x433c
1784018382.812,225,225,45991,3,1,19286,-4,-53,-82,2,3,-3,98973,2374,7382,497,0xf,False,0xb857
1784018382.936,226,226,46191,3,1,19208,-56,-30,-86,1,3,1,98981,2375,7382,491,0xf,False,0x5d1
1784018383.153,227,227,46391,3,1,19153,-28,-16,-99,-2,-1,-2,98990,2375,7382,517,0xf,False,0x3a83
1784018383.424,228,228,46591,3,1,19069,-24,6,-91,2,-4,-4,98998,2376,7382,501,0xf,False,0xa1bc
1784018383.541,229,229,46791,3,1,19012,28,-10,-104,-4,0,-2,99006,2376,7382,504,0xf,False,0x57c6
1784018383.728,230,230,46991,3,1,18939,-57,-25,-83,-3,0,1,99014,2376,7382,486,0xf,False,0x5cc6
1784018383.992,231,231,47191,3,1,18887,22,-49,-83,4,4,-2,99022,2377,7382,489,0xf,False,0xff7
1784018384.209,232,232,47391,3,1,18795,-27,-59,-106,1,-3,1,99030,2377,7382,504,0xf,False,0x9c70
1784018384.333,233,233,47591,3,1,18749,26,-53,-87,-5,-1,3,99039,2378,7381,496,0xf,False,0xf4e9
1784018384.645,234,234,47791,3,1,18686,8,28,-88,2,3,-3,99047,2378,7381,498,0xf,False,0xfb0f
1784018384.770,235,235,47991,3,1,18604,-12,5,-88,2,-4,4,99055,2379,7381,505,0xf,False,0x5670
1784018385.036,236,236,48191,3,1,18519,-44,-42,-84,3,-4,0,99064,2379,7381,492,0xf,False,0x21cd
1784018385.159,237,237,48391,3,1,18474,29,-32,-96,-3,3,-2,99072,2379,7381,502,0xf,False,0xabe3
1784018385.361,238,238,48591,3,1,18398,-33,-57,-107,2,0,0,99080,2380,7381,500,0xf,False,0xd374
1784018385.622,239,239,48791,3,1,18320,23,47,-104,4,-4,0,99089,2380,7381,519,0xf,False,0x60f4
1784018385.814,240,240,48991,3,1,18267,-32,9,-84,-5,-1,-2,99097,2381,7381,494,0xf,False,0x332f
1784018385.943,241,241,49191,3,1,18204,-8,35,-101,0,-5,-5,99106,2381,7381,481,0xf,False,0x75d1
1784018386.202,242,242,49391,3,1,18102,16,33,-108,0,-1,0,99114,2382,7381,518,0xf,False,0xa39d
1784018386.388,243,243,49591,3,1,18046,-22,45,-97,3,0,-1,99123,2382,7381,507,0xf,False,0xde0e
1784018386.512,244,244,49791,3,1,17996,-12,43,-95,-1,-3,-4,99131,2383,7381,482,0xf,False,0x62b3
1784018386.759,245,245,49991,3,1,17901,-26,32,-96,-5,-4,2,99140,2383,7381,506,0xf,False,0x54a6
1784018386.976,246,246,50191,3,1,17848,-46,36,-87,-1,-5,0,99148,2384,7380,491,0xf,False,0xf09
1784018387.233,247,247,50391,3,1,17747,46,-27,-102,0,-1,2,99157,2384,7380,482,0xf,False,0x4973
1784018387.366,248,248,50591,3,1,17700,-16,16,-103,1,0,-2,99166,2384,7380,508,0xf,False,0xe30c
1784018387.561,249,249,50791,3,1,17633,42,6,-101,2,2,3,99174,2385,7380,482,0xf,False,0x6c0f
1784018387.815,250,250,50991,3,1,17554,53,14,-98,-1,3,3,99183,2385,7380,519,0xf,False,0x9968
1784018388.001,251,251,51191,3,1,17493,-20,4,-94,-4,-5,1,99192,2386,7380,513,0xf,False,0x58f9
1784018388.126,252,252,51391,3,1,17397,-34,-59,-100,-2,-4,-5,99201,2386,7380,498,0xf,False,0x1372
1784018388.359,253,253,51591,3,1,17354,-31,-57,-106,1,1,-3,99209,2387,7380,519,0xf,False,0x1a1e
1784018388.609,254,254,51791,3,1,17282,-25,20,-81,-5,2,-4,99218,2387,7380,481,0xf,False,0x2838
1784018388.867,255,255,51991,3,1,17182,-15,-22,-96,1,-4,-4,99227,2388,7380,517,0xf,False,0x7a4b
1784018388.983,256,256,52191,3,1,17132,-18,59,-85,1,2,-3,99236,2388,7380,502,0xf,False,0x135d
1784018389.199,257,257,52391,3,1,17047,-33,-34,-90,-2,1,3,99245,2389,7380,492,0xf,False,0xc00d
1784018389.389,258,258,52591,3,1,16990,14,-17,-82,-1,-3,4,99254,2389,7379,512,0xf,False,0xfb24
1784018389.528,259,259,52791,3,1,16907,37,-50,-84,-1,0,3,99263,2390,7379,498,0xf,False,0xa2bc
1784018389.780,260,260,52991,3,1,16823,-34,43,-105,-1,1,-3,99272,2390,7379,505,0xf,False,0x3fe1
1784018389.997,261,261,53191,3,1,16763,-54,23,-80,-3,4,1,99281,2391,7379,486,0xf,False,0x756b
1784018390.230,262,262,53391,3,1,16680,-21,55,-107,1,4,2,99290,2391,7379,485,0xf,False,0xa72a
1784018390.352,263,263,53591,3,1,16613,-19,-12,-104,3,0,-5,99299,2392,7379,495,0xf,False,0xdf8f
1784018390.539,264,264,53791,3,1,16522,8,22,-101,-2,4,-4,99308,2392,7379,515,0xf,False,0xc994
1784018390.819,265,265,53991,3,1,16460,-43,-59,-102,2,-2,-3,99317,2393,7379,512,0xf,False,0x3742
1784018391.004,266,266,54191,3,1,16383,38,-53,-91,-3,-2,2,99327,2393,7379,517,0xf,False,0xaf7c
1784018391.129,267,267,54391,3,1,16310,48,33,-102,0,-1,-1,99336,2394,7379,519,0xf,False,0x8ff5
1784018391.422,268,268,54591,3,1,16211,-12,-11,-86,-3,-2,-3,99345,2394,7379,515,0xf,False,0x65b9
1784018391.610,269,269,54791,3,1,16164,-42,24,-80,-4,3,1,99354,2395,7379,489,0xf,False,0xa74
1784018391.843,270,270,54991,3,1,16068,55,32,-84,2,-2,-2,99364,2395,7379,481,0xf,False,0xf05b
1784018391.919,271,271,55191,3,1,15977,32,-20,-91,-2,3,0,99373,2396,7378,518,0xf,False,0x3fbd
1784018392.218,272,272,55391,3,1,15897,-25,-47,-91,1,0,-3,99383,2396,7378,512,0xf,False,0xcd3b
1784018392.405,273,273,55591,3,1,15822,40,31,-106,2,-3,-5,99392,2397,7378,495,0xf,False,0x1458
1784018392.671,274,274,55791,3,1,15751,54,-59,-108,-5,-2,1,99402,2397,7378,504,0xf,False,0xf58a
1784018392.733,275,275,55991,3,1,15665,-1,-11,-89,-2,-2,2,99411,2398,7378,509,0xf,False,0x950f
1784018393.001,276,276,56191,3,1,15590,-52,31,-97,-3,4,3,99421,2398,7378,484,0xf,False,0xd61f
1784018393.189,277,277,56391,3,1,15511,32,21,-103,-2,0,-3,99430,2399,7378,504,0xf,False,0x7f43
1784018393.326,278,278,56591,3,1,15430,-22,-21,-84,4,-5,3,99440,2399,7378,513,0xf,False,0x7627
1784018393.589,279,279,56791,3,1,15349,-6,-23,-91,0,3,0,99450,2400,7378,481,0xf,False,0xe554
1784018393.789,280,280,56991,3,1,15294,25,46,-102,-4,3,-2,99459,2400,7378,484,0xf,False,0x27d5
1784018394.082,281,281,57191,3,1,15204,-1,1,-92,4,1,-3,99469,2401,7378,492,0xf,False,0xbae0
1784018394.143,282,282,57391,3,1,15113,29,49,-86,-3,1,-4,99479,2401,7378,508,0xf,False,0x22b0
1784018394.485,283,283,57591,3,1,15032,-49,-14,-84,-5,4,1,99489,2402,7377,491,0xf,False,0x6b7d
1784018394.611,284,284,57791,3,1,14962,-3,59,-92,-4,-1,4,99499,2402,7377,518,0xf,False,0x2cb6
1784018394.846,285,285,57991,3,1,14889,12,-46,-104,-4,1,0,99509,2403,7377,509,0xf,False,0xb34c
1784018394.971,286,286,58191,3,1,14817,-42,-29,-80,-3,2,-2,99519,2403,7377,500,0xf,False,0x2a39
1784018395.172,287,287,58391,3,1,14724,-32,47,-92,-2,1,3,99529,2404,7377,494,0xf,False,0xd9a
1784018395.443,288,288,58591,3,1,14635,-34,-8,-105,-3,-5,-4,99539,2404,7377,512,0xf,False,0x9b57
1784018395.624,289,289,58791,3,1,14567,-57,29,-87,-2,1,4,99549,2405,7377,519,0xf,False,0x8f66
1784018395.775,290,290,58991,3,1,14453,33,33,-92,0,2,4,99559,2405,7377,499,0xf,False,0x7c50
1784018396.013,291,291,59191,3,1,14399,-2,-34,-96,1,1,-5,99569,2406,7377,489,0xf,False,0x2572
1784018396.245,292,292,59391,3,1,14292,9,46,-88,3,-2,-5,99580,2407,7377,497,0xf,False,0x2e43
1784018396.308,293,293,59591,3,1,14221,-9,19,-87,3,-1,4,99590,2407,7377,515,0xf,False,0x2ad0
1784018396.556,294,294,59791,3,1,14139,28,-35,-98,2,2,2,99600,2408,7377,483,0xf,False,0x5e76
1784018396.834,295,295,59991,3,1,14043,48,-45,-100,-2,-2,1,99611,2408,7377,497,0xf,False,0xf5a9
1784018397.038,296,296,60191,3,1,13975,-9,20,-100,-1,-5,1,99621,2409,7376,518,0xf,False,0xa23a
1784018397.172,297,297,60391,3,1,13870,-17,13,-101,0,0,-5,99632,2409,7376,504,0xf,False,0xa408
1784018397.350,298,298,60591,3,1,13767,-57,-4,-82,-1,-4,3,99643,2410,7376,499,0xf,False,0x1a2
1784018397.645,299,299,60791,3,1,13699,-44,-4,-81,2,4,-1,99653,2410,7376,519,0xf,False,0x5f60
1784018397.845,300,300,60991,3,1,13599,-51,28,-107,-5,0,-1,99664,2411,7376,488,0xf,False,0x6c65
1784018397.988,301,301,61191,3,1,13529,-10,32,-87,2,-5,1,99675,2412,7376,506,0xf,False,0x221e
1784018398.199,302,302,61391,3,1,13436,-57,-57,-101,-4,-5,1,99686,2412,7376,512,0xf,False,0xf98f
1784018398.376,303,303,61591,3,1,13347,-51,-10,-101,-5,1,4,99696,2413,7376,501,0xf,False,0x89c3
1784018398.653,304,304,61791,3,1,13253,-58,-15,-84,-4,0,-2,99707,2413,7376,508,0xf,False,0x3f10
1784018398.779,305,305,61991,3,1,13155,35,37,-93,-3,-3,4,99718,2414,7376,518,0xf,False,0xa7de
1784018399.059,306,306,62191,3,1,13054,44,25,-82,0,1,3,99729,2415,7376,484,0xf,False,0xca88
1784018399.261,307,307,62391,3,1,12977,44,-13,-92,3,2,-5,99741,2415,7376,502,0xf,False,0x296
1784018399.324,308,308,62591,3,1,12880,51,-60,-95,-4,-1,1,99752,2416,7375,508,0xf,False,0xe7
1784018399.596,309,309,62791,3,1,12812,-13,-24,-92,-5,1,-1,99763,2416,7375,500,0xf,False,0x9239
1784018399.777,310,310,62991,3,1,12688,45,52,-97,-5,-5,1,99774,2417,7375,510,0xf,False,0xf3cf
1784018400.027,311,311,63191,3,1,12617,-22,-35,-99,0,-2,-2,99786,2418,7375,490,0xf,False,0xa296
1784018400.153,312,312,63391,3,1,12499,-10,54,-97,4,0,-4,99797,2418,7375,505,0xf,False,0x892
1784018400.420,313,313,63591,3,1,12431,-13,-33,-101,-2,2,4,99809,2419,7375,518,0xf,False,0x4cf
1784018400.607,314,314,63791,3,1,12339,31,19,-93,-1,-1,-5,99820,2419,7375,484,0xf,False,0x5d5b
1784018400.811,315,315,63991,3,1,12219,14,28,-91,0,0,-1,99832,2420,7375,505,0xf,False,0xbf78
1784018400.932,316,316,64191,3,1,12136,59,0,-109,1,2,-5,99844,2421,7375,517,0xf,False,0x18c1
1784018401.200,317,317,64391,3,1,12058,33,-14,-108,4,-1,0,99856,2421,7375,485,0xf,False,0x1555
1784018401.401,318,318,64591,3,1,11949,27,42,-81,-3,-4,3,99868,2422,7375,511,0xf,False,0x1fd9
1784018401.587,319,319,64791,3,1,11836,-37,-9,-96,4,-5,3,99880,2423,7375,516,0xf,False,0x2b46
1784018401.773,320,320,64991,3,1,11744,11,-27,-91,0,4,-4,99892,2423,7375,510,0xf,False,0x6b3d
1784018401.962,321,321,65191,3,1,11640,-15,-55,-81,0,2,0,99904,2424,7374,496,0xf,False,0xad85
1784018402.263,322,322,65391,3,1,11553,24,-41,-82,-5,-5,-4,99916,2424,7374,519,0xf,False,0x47cf
1784018402.333,323,323,65591,3,1,11447,-52,-19,-92,2,-3,2,99928,2425,7374,485,0xf,False,0xdeb3
1784018402.598,324,324,65791,3,1,11339,5,-44,-109,3,-5,-4,99941,2426,7374,487,0xf,False,0x1498
1784018402.785,325,325,65991,3,1,11242,44,-4,-95,2,-4,4,99953,2426,7374,506,0xf,False,0xc845
1784018403.036,326,326,66191,3,1,11140,-37,-47,-98,0,-5,2,99966,2427,7374,519,0xf,False,0x2cfe
1784018403.160,327,327,66391,3,1,11050,27,50,-109,1,-4,4,99979,2428,7374,508,0xf,False,0x78b1
1784018403.362,328,328,66591,3,1,10912,-8,9,-91,3,3,-3,99991,2428,7374,502,0xf,False,0x34f6
1784018403.637,329,329,66791,3,1,10812,22,14,-87,-2,-5,-1,100004,2429,7374,503,0xf,False,0xe580
1784018403.812,330,330,66991,3,1,10709,4,32,-83,-3,1,0,100017,2430,7374,504,0xf,False,0xf05f
1784018403.942,331,331,67191,3,1,10595,32,-46,-88,-5,-2,-1,100030,2431,7374,491,0xf,False,0x4790
1784018404.187,332,332,67391,3,1,10501,-27,-51,-89,3,-4,4,100044,2431,7374,499,0xf,False,0x7b0b
1784018404.388,333,333,67591,3,1,10390,1,22,-103,4,3,0,100057,2432,7373,517,0xf,False,0x18ef
1784018404.513,334,334,67791,3,1,10294,42,-8,-107,-4,-5,4,100070,2433,7373,506,0xf,False,0xb821
1784018404.746,335,335,67991,3,1,10182,30,-58,-92,-4,-1,3,100084,2433,7373,518,0xf,False,0x4e9d
1784018405.010,336,336,68191,3,1,10068,16,15,-106,-4,3,-2,100098,2434,7373,504,0xf,False,0x426f
1784018405.210,337,337,68391,3,1,9949,29,26,-81,-2,-3,-5,100112,2435,7373,515,0xf,False,0xa58f
1784018405.376,338,338,68591,3,1,9824,-32,21,-99,-4,1,0,100125,2436,7373,517,0xf,False,0x8964
1784018405.711,339,339,68791,3,1,9726,41,13,-103,2,-4,-1,100140,2436,7373,505,0xf,False,0x2e04
1784018405.773,340,340,68991,3,1,9578,10,31,-86,1,3,-5,100154,2437,7373,517,0xf,False,0xe7f0
1784018406.067,341,341,69191,3,1,9458,54,-27,-104,0,-3,4,100168,2438,7373,518,0xf,False,0x4a8c
1784018406.130,342,342,69391,3,1,9351,7,-14,-106,-5,4,-5,100183,2439,7373,481,0xf,False,0xf19f
1784018406.397,343,343,69591,3,1,9249,13,-29,-92,2,-1,-3,100197,2439,7373,491,0xf,False,0xbb06
1784018406.583,344,344,69791,3,1,9118,-14,-47,-84,4,1,0,100212,2440,7373,507,0xf,False,0xbf04
1784018406.834,345,345,69991,3,1,8984,-44,29,-80,0,-4,-4,100227,2441,7373,502,0xf,False,0x9497
1784018407.007,346,346,70191,3,1,8876,29,40,-102,-5,2,-5,100242,2442,7372,516,0xf,False,0xba84
1784018407.191,347,347,70391,3,1,8747,-18,19,-102,-3,-4,-3,100258,2443,7372,507,0xf,False,0xb85a
1784018407.443,348,348,70591,3,1,8597,-25,59,-96,4,1,1,100273,2443,7372,494,0xf,False,0xe2de
1784018407.506,349,349,70791,3,1,8485,43,45,-84,-1,2,4,100289,2444,7372,486,0xf,False,0x6afc
1784018407.755,350,350,70991,3,1,8351,12,43,-81,4,-3,3,100305,2445,7372,516,0xf,False,0x5066
1784018408.004,351,351,71191,3,1,8213,50,-57,-82,-2,3,2,100321,2446,7372,513,0xf,False,0xa1bb
1784018408.205,352,352,71391,3,1,8080,19,-18,-87,0,4,0,100337,2447,7372,488,0xf,False,0x9bc6
1784018408.355,353,353,71591,3,1,7973,-45,-30,-91,-5,-1,-4,100354,2448,7372,487,0xf,False,0x2241
1784018408.549,354,354,71791,3,1,7830,55,42,-84,-2,-5,-1,100371,2449,7372,509,0xf,False,0x2ca
1784018408.766,355,355,71991,3,1,7683,44,-40,-80,4,-2,0,100388,2450,7372,485,0xf,False,0xbdbe
1784018409.079,356,356,72191,3,1,7536,-29,0,-103,0,2,2,100405,2451,7372,488,0xf,False,0x233c
1784018409.139,357,357,72391,3,1,7377,-6,11,-101,2,-2,3,100422,2451,7372,492,0xf,False,0xbca5
1784018409.434,358,358,72591,3,1,7239,42,44,-80,0,4,-2,100440,2452,7371,510,0xf,False,0x6ea6
1784018409.620,359,359,72791,3,1,7103,-19,28,-100,-3,1,-4,100458,2453,7371,494,0xf,False,0x4d68
1784018409.807,360,360,72991,3,1,6937,12,-13,-103,-5,-3,4,100477,2454,7371,519,0xf,False,0x2167
1784018409.930,361,361,73191,3,1,6778,-48,-58,-100,4,-1,-1,100496,2455,7371,490,0xf,False,0xc56b
1784018410.220,362,362,73391,3,1,6643,-52,-18,-80,1,-1,-4,100515,2456,7371,506,0xf,False,0xf96e
1784018410.413,363,363,73591,3,1,6478,-53,-11,-82,1,-2,1,100534,2457,7371,508,0xf,False,0xf4d2
1784018410.534,364,364,73791,3,1,6303,43,54,-105,-2,0,-3,100554,2458,7371,499,0xf,False,0x532a
1784018410.816,365,365,73991,3,1,6136,-3,9,-81,1,-4,-3,100575,2460,7371,502,0xf,False,0xab3a
1784018411.005,366,366,74191,3,1,5991,1,27,-101,1,0,3,100595,2461,7371,501,0xf,False,0xf20b
1784018411.251,367,367,74391,3,1,5782,28,-9,-101,-4,3,-1,100617,2462,7371,511,0xf,False,0xa861
1784018411.319,368,368,74591,3,1,5631,10,13,-106,2,-1,3,100638,2463,7371,503,0xf,False,0xd734
1784018411.577,369,369,74791,3,1,5426,-20,15,-80,2,-5,-1,100661,2464,7371,508,0xf,False,0xbf92
1784018411.859,370,370,74991,3,1,5233,2,-27,-96,3,-3,-4,100684,2465,7371,486,0xf,False,0x28ec
1784018412.045,371,371,75191,3,1,5051,-26,-20,-91,-1,-2,1,100708,2467,7370,488,0xf,False,0x3f5
1784018412.106,372,372,75391,3,1,4870,21,29,-102,2,0,-1,100732,2468,7370,501,0xf,False,0x2ce3
1784018412.372,373,373,75591,3,1,4644,42,12,-96,-3,-2,-2,100758,2469,7370,508,0xf,False,0xc50b
1784018412.668,374,374,75791,3,1,4442,12,-51,-94,-3,-2,-1,100784,2471,7370,480,0xf,False,0xdf6b
1784018412.856,375,375,75991,3,1,4206,-2,18,-81,-1,0,0,100812,2472,7370,514,0xf,False,0xc09f
1784018412.987,376,376,76191,3,1,3963,1,-47,-96,-3,-2,4,100840,2474,7370,493,0xf,False,0x5def
1784018413.167,377,377,76391,3,1,3723,25,-56,-83,0,2,2,100871,2475,7370,519,0xf,False,0xe721
1784018413.415,378,378,76591,3,1,3461,48,21,-81,-4,-5,2,100903,2477,7370,501,0xf,False,0x9b10
1784018413.540,379,379,76791,3,1,3165,-53,-60,-96,-1,-4,-5,100937,2479,7370,498,0xf,False,0x1881
1784018413.775,380,380,76991,3,1,2886,-28,-1,-94,-5,-5,0,100973,2481,7370,482,0xf,False,0x2c3a
1784018413.993,381,381,77191,3,1,2538,44,16,-99,1,-2,-2,101014,2483,7370,509,0xf,False,0xf6b8
1784018414.241,382,382,77391,3,1,2195,-5,32,-108,3,-4,4,101058,2485,7370,519,0xf,False,0xe2b8
1784018414.304,383,383,77591,3,1,1740,2,33,-92,-4,2,-2,101111,2488,7369,489,0xf,False,0x391e
1784018414.566,384,384,77791,3,1,1205,0,18,-109,4,-2,4,101177,2492,7369,484,0xf,False,0xb33e
1784018414.880,385,385,77991,3,1,220,11,26,-86,-2,-4,-1,101298,2498,7369,480,0xf,False,0xe936
1784018415.006,386,386,78191,4,1,9,-13,-17,1096,-1,-1,-3,101325,2500,7369,501,0xf,False,0x7c3
1784018415.148,387,387,78391,4,1,9,-47,9,986,-1,-1,-5,101325,2500,7369,495,0xf,False,0xf146
1784018415.349,388,388,78591,4,1,-9,14,54,984,2,-5,2,101325,2500,7369,490,0xf,False,0x8043
1784018415.599,389,389,78791,4,1,-8,2,15,1009,2,0,0,101325,2500,7369,513,0xf,False,0x5515
1784018415.881,390,390,78991,4,1,13,-30,-5,1068,-3,-3,-5,101325,2500,7369,490,0xf,False,0x6c0e
1784018415.943,391,391,79191,4,1,19,-24,-15,989,4,2,1,101325,2500,7369,504,0xf,False,0xe287
1784018416.255,392,392,79391,4,1,15,-49,-26,935,1,-3,-4,101325,2500,7369,496,0xf,False,0x3d9d
1784018416.380,393,393,79591,4,1,-5,54,49,997,-5,3,3,101325,2500,7369,516,0xf,False,0x4209
1784018416.505,394,394,79791,4,1,9,36,-24,936,1,-2,-3,101325,2500,7369,503,0xf,False,0xc1e8
1784018416.755,395,395,79991,4,1,12,4,48,945,0,-2,3,101325,2500,7369,486,0xf,False,0x303d
1784018417.009,396,396,80191,4,1,3,-59,26,954,0,-5,-3,101325,2500,7368,495,0xf,False,0xe5f0
1784018417.224,397,397,80391,4,1,-15,19,-32,936,3,0,4,101325,2500,7368,509,0xf,False,0xa76
1784018417.372,398,398,80591,4,1,10,43,-35,1033,0,-2,-2,101325,2500,7368,517,0xf,False,0x4b51
1784018417.548,399,399,80791,4,1,18,-4,0,1011,4,-3,-2,101325,2500,7368,492,0xf,False,0xf15d
1784018417.828,400,400,80991,4,1,-18,5,21,956,1,-2,-1,101325,2500,7368,503,0xf,False,0xec88
1784018418.018,401,401,81191,4,1,2,9,-26,939,4,2,-4,101325,2500,7368,510,0xf,False,0x7ee9
1784018418.142,402,402,81391,4,1,4,42,-35,936,-2,-5,2,101325,2500,7368,502,0xf,False,0xfcd8
1784018418.414,403,403,81591,4,1,-13,54,22,1014,0,-5,-4,101325,2500,7368,518,0xf,False,0x2fe2
1784018418.593,404,404,81791,4,1,-4,14,-35,1019,4,1,-5,101325,2500,7368,497,0xf,False,0x3f85
1784018418.716,405,405,81991,4,1,17,47,21,1021,1,-5,3,101325,2500,7368,500,0xf,False,0x4eea
1784018418.967,406,406,82191,4,1,3,28,7,963,4,3,1,101325,2500,7368,494,0xf,False,0x987c
1784018419.230,407,407,82391,4,1,-8,28,1,952,1,-2,0,101325,2500,7368,483,0xf,False,0x5161
1784018419.417,408,408,82591,4,1,13,-30,22,943,-5,-1,-3,101325,2500,7367,505,0xf,False,0x7c13
1784018419.572,409,409,82791,4,1,6,54,15,971,-3,-4,-2,101325,2500,7367,484,0xf,False,0x1b04
1784018419.774,410,410,82991,4,1,-6,-48,-36,1087,2,-3,-5,101325,2500,7367,486,0xf,False,0x2103
1784018419.978,411,411,83191,4,1,2,44,-23,986,1,-2,-4,101325,2500,7367,515,0xf,False,0x3645
1784018420.226,412,412,83391,4,1,4,-10,-30,917,0,-4,-3,101325,2500,7367,512,0xf,False,0x7fcb
1784018420.349,413,413,83591,4,1,-3,21,15,932,0,-5,-3,101325,2500,7367,491,0xf,False,0x5e0e
1784018420.601,414,414,83791,4,1,14,-2,33,974,-3,2,2,101325,2500,7367,487,0xf,False,0xd8c7
1784018420.857,415,415,83991,4,1,-19,51,20,937,-1,-2,1,101325,2500,7367,518,0xf,False,0x8692
1784018421.035,416,416,84191,4,1,15,-37,-40,929,2,-3,0,101325,2500,7367,486,0xf,False,0x90f2
1784018421.212,417,417,84391,4,1,-19,0,-1,1094,2,2,-5,101325,2500,7367,514,0xf,False,0x813
1784018421.347,418,418,84591,4,1,3,-3,-55,958,-3,-1,0,101325,2500,7367,489,0xf,False,0x28de
1784018421.597,419,419,84791,4,1,11,-31,7,1037,-3,-2,-3,101325,2500,7367,509,0xf,False,0xfa76
1784018421.721,420,420,84991,4,1,8,-54,37,1009,-2,4,-1,101325,2500,7367,495,0xf,False,0xebb4
1784018422.023,421,421,85191,4,1,-9,-58,44,1056,-5,-4,2,101325,2500,7366,489,0xf,False,0x68cd
1784018422.205,422,422,85391,4,1,-14,-30,-7,970,-2,-2,-3,101325,2500,7366,481,0xf,False,0x16ec
1784018422.393,423,423,85591,4,1,-15,56,22,1025,-1,-3,-5,101325,2500,7366,505,0xf,False,0x95a1
1784018422.516,424,424,85791,4,1,8,-5,-22,1029,2,-3,1,101325,2500,7366,498,0xf,False,0xb0f5
1784018422.750,425,425,85991,4,1,-15,25,15,1076,-3,-3,-3,101325,2500,7366,502,0xf,False,0x26b1
1784018422.999,426,426,86191,4,1,16,52,-50,1032,4,-2,-4,101325,2500,7366,480,0xf,False,0xd2d5
1784018423.219,427,427,86391,4,1,-13,56,43,1070,0,-5,3,101325,2500,7366,506,0xf,False,0x63a4
1784018423.342,428,428,86591,4,1,14,20,46,956,4,-5,0,101325,2500,7366,519,0xf,False,0x5329
1784018423.546,429,429,86791,4,1,-18,29,7,1003,-4,2,-1,101325,2500,7366,496,0xf,False,0x7ff4
1784018423.845,430,430,86991,4,1,19,47,10,928,-2,0,-4,101325,2500,7366,494,0xf,False,0x4f94
1784018424.031,431,431,87191,4,1,10,-28,22,967,-3,-2,-2,101325,2500,7366,513,0xf,False,0x98e7
1784018424.211,432,432,87391,4,1,-14,-38,-34,1049,-4,-1,-3,101325,2500,7366,480,0xf,False,0x9ef
1784018424.388,433,433,87591,4,1,-2,41,44,965,4,-4,2,101325,2500,7365,499,0xf,False,0x2913
1784018424.581,434,434,87791,4,1,-9,-35,56,915,-4,2,4,101325,2500,7365,504,0xf,False,0xff85
1784018424.697,435,435,87991,4,1,-11,-49,40,972,0,-5,-4,101325,2500,7365,515,0xf,False,0x2aaa
1784018425.008,436,436,88191,4,1,-8,6,-39,1047,0,-3,-5,101325,2500,7365,508,0xf,False,0x31c8
1784018425.194,437,437,88391,4,1,11,3,42,981,-5,0,2,101325,2500,7365,496,0xf,False,0xb72b
1784018425.398,438,438,88591,4,1,-2,41,15,989,2,2,-1,101325,2500,7365,501,0xf,False,0xc697
1784018425.522,439,439,88791,4,1,11,33,-23,1059,0,2,-3,101325,2500,7365,510,0xf,False,0x873a
1784018425.755,440,440,88991,4,1,-3,-24,-21,964,4,2,-5,101325,2500,7365,501,0xf,False,0xcaba
1784018426.044,441,441,89191,4,1,19,35,-8,1024,-5,0,-3,101325,2500,7365,516,0xf,False,0xc313
1784018426.238,442,442,89391,4,1,13,-17,-12,902,3,2,-2,101325,2500,7365,503,0xf,False,0xd529
1784018426.363,443,443,89591,4,1,0,47,-2,906,4,-5,-4,101325,2500,7365,499,0xf,False,0x8694
1784018426.551,444,444,89791,4,1,3,-47,22,1090,1,4,0,101325,2500,7365,501,0xf,False,0x9a92
1784018426.861,445,445,89991,4,1,-12,27,-49,1073,-2,2,-4,101325,2500,7365,502,0xf,False,0x50fc
1784018426.988,446,446,90191,4,1,-16,57,-48,952,4,-4,0,101325,2500,7364,480,0xf,False,0xe2a6
1784018427.113,447,447,90391,4,1,-20,-49,-58,1031,3,2,2,101325,2500,7364,502,0xf,False,0x4728
1784018427.346,448,448,90591,4,1,10,39,-50,1012,2,1,-2,101325,2500,7364,505,0xf,False,0xd28a
1784018427.609,449,449,90791,4,1,18,-52,-52,1002,-2,-4,1,101325,2500,7364,491,0xf,False,0x2914
1784018427.861,450,450,90991,4,1,-5,53,-6,1095,4,3,1,101325,2500,7364,506,0xf,False,0x37c1
1784018427.942,451,451,91191,4,1,-9,55,22,918,0,-4,3,101325,2500,7364,507,0xf,False,0xb3a8
1784018428.202,452,452,91391,4,1,14,34,0,1012,2,3,-5,101325,2500,7364,498,0xf,False,0xd444
1784018428.389,453,453,91591,4,1,-19,5,-14,955,-1,-4,1,101325,2500,7364,500,0xf,False,0x298c
1784018428.515,454,454,91791,4,1,19,-49,45,995,3,1,0,101325,2500,7364,493,0xf,False,0x8af1
1784018428.794,455,455,91991,4,1,8,-6,44,988,-3,-3,-3,101325,2500,7364,517,0xf,False,0x7b7b
1784018428.979,456,456,92191,4,1,-9,11,-57,1087,1,-1,2,101325,2500,7364,499,0xf,False,0x13f7
1784018429.195,457,457,92391,4,1,18,-7,-8,989,1,-1,-4,101325,2500,7364,501,0xf,False,0xb303
1784018429.353,458,458,92591,4,1,2,21,22,1063,-3,-2,3,101325,2500,7363,511,0xf,False,0xb044
1784018429.567,459,459,92791,4,1,11,24,57,964,-5,-3,4,101325,2500,7363,516,0xf,False,0x4e58
1784018429.774,460,460,92991,4,1,-10,-19,5,947,-5,-5,2,101325,2500,7363,513,0xf,False,0x7897
1784018430.071,461,461,93191,4,1,9,-3,54,1023,-5,2,-4,101325,2500,7363,496,0xf,False,0x363d
1784018430.150,462,462,93391,4,1,-10,17,-11,959,1,4,4,101325,2500,7363,503,0xf,False,0x1c34
1784018430.336,463,463,93591,4,1,4,-20,21,969,-4,2,4,101325,2500,7363,492,0xf,False,0xe0d7
1784018430.601,464,464,93791,4,1,-2,17,-8,911,3,1,4,101325,2500,7363,495,0xf,False,0x293d
1784018430.850,465,465,93991,4,1,3,-42,14,907,-5,1,3,101325,2500,7363,507,0xf,False,0x3033
1784018430.974,466,466,94191,4,1,-19,-26,-58,1058,3,4,-1,101325,2500,7363,492,0xf,False,0x1239
1784018431.159,467,467,94391,4,1,-6,16,-35,1014,-2,2,-2,101325,2500,7363,496,0xf,False,0xa960
1784018431.441,468,468,94591,4,1,12,-45,6,982,-2,-5,4,101325,2500,7363,480,0xf,False,0x60dd
1784018431.519,469,469,94791,4,1,10,53,3,946,1,-3,-3,101325,2500,7363,509,0xf,False,0x8a6f
1784018431.815,470,470,94991,4,1,-9,33,47,1063,-2,1,-4,101325,2500,7363,484,0xf,False,0x8695
1784018432.037,471,471,95191,4,1,4,32,28,941,-2,3,1,101325,2500,7362,518,0xf,False,0x3e0
1784018432.220,472,472,95391,4,1,15,-26,-10,1094,-1,3,-4,101325,2500,7362,489,0xf,False,0xf73b
1784018432.352,473,473,95591,4,1,-8,29,38,943,0,2,-5,101325,2500,7362,485,0xf,False,0x9325
1784018432.547,474,474,95791,4,1,-20,-49,-29,1010,-4,4,-2,101325,2500,7362,489,0xf,False,0x1a02
1784018432.839,475,475,95991,4,1,-17,20,-20,951,-3,3,3,101325,2500,7362,492,0xf,False,0x892
1784018433.026,476,476,96191,4,1,1,42,0,945,-1,-3,-2,101325,2500,7362,508,0xf,False,0x3444
1784018433.175,477,477,96391,4,1,3,-15,-34,1071,-4,-5,0,101325,2500,7362,497,0xf,False,0x8dda
1784018433.353,478,478,96591,4,1,-5,40,-29,993,-3,0,-2,101325,2500,7362,488,0xf,False,0x3e86
1784018433.600,479,479,96791,4,1,-18,38,-46,1045,-3,1,-3,101325,2500,7362,515,0xf,False,0xf741
1784018433.876,480,480,96991,4,1,18,48,45,929,4,1,-2,101325,2500,7362,501,0xf,False,0xfb04
1784018433.928,481,481,97191,4,1,-19,-17,33,920,-5,-3,-2,101325,2500,7362,487,0xf,False,0xfa2d
1784018434.236,482,482,97391,4,1,-20,-20,-36,976,0,-4,2,101325,2500,7362,509,0xf,False,0xb443
1784018434.443,483,483,97591,4,1,-6,-59,1,976,-1,0,4,101325,2500,7361,513,0xf,False,0x18e3
1784018434.505,484,484,97791,4,1,-19,39,-8,934,3,3,-4,101325,2500,7361,510,0xf,False,0xcc6c
1784018434.724,485,485,97991,4,1,11,-50,47,914,-4,1,-5,101325,2500,7361,508,0xf,False,0xc20c
1784018435.029,486,486,98191,4,1,5,-36,25,915,-5,1,-2,101325,2500,7361,497,0xf,False,0x1354
1784018435.267,487,487,98391,4,1,-13,21,42,964,0,4,3,101325,2500,7361,485,0xf,False,0xbdd9
1784018435.331,488,488,98591,4,1,-19,-59,50,928,0,3,3,101325,2500,7361,491,0xf,False,0x25ba
1784018435.581,489,489,98791,4,1,-16,-11,-38,1072,3,3,-2,101325,2500,7361,496,0xf,False,0x17f4
1784018435.774,490,490,98991,4,1,13,24,-46,1017,0,3,2,101325,2500,7361,505,0xf,False,0xd0e9
1784018436.031,491,491,99191,4,1,-7,-11,15,930,-1,1,-5,101325,2500,7361,490,0xf,False,0xa818
1784018436.172,492,492,99391,4,1,6,43,26,905,4,0,-3,101325,2500,7361,497,0xf,False,0xef1b
1784018436.361,493,493,99591,4,1,18,7,2,978,0,-4,-5,101325,2500,7361,513,0xf,False,0xefcb
1784018436.611,494,494,99791,4,1,11,-53,28,992,4,2,0,101325,2500,7361,503,0xf,False,0xa3f3
1784018436.859,495,495,99991,4,1,6,47,-30,968,2,1,3,101325,2500,7361,496,0xf,False,0xac56
1784018436.985,496,496,100191,4,1,-4,-24,-18,1019,3,-1,2,101325,2500,7360,505,0xf,False,0xb45e
1784018437.171,497,497,100391,4,1,-5,-45,-21,915,-4,-3,4,101325,2500,7360,516,0xf,False,0x34b9
1784018437.449,498,498,100591,4,1,-7,45,-58,1096,-4,2,0,101325,2500,7360,505,0xf,False,0x5059
1784018437.511,499,499,100791,4,1,-18,44,30,917,4,-3,1,101325,2500,7360,498,0xf,False,0x3417
1784018437.760,500,500,100991,4,1,-16,53,-31,982,-2,4,2,101325,2500,7360,519,0xf,False,0x43ef
1784018438.024,501,501,101191,4,1,-1,26,-40,944,-3,-3,4,101325,2500,7360,501,0xf,False,0x6432
1784018438.213,502,502,101391,4,1,-15,21,-45,978,1,-4,-4,101325,2500,7360,510,0xf,False,0x9f31
1784018438.353,503,503,101591,4,1,-8,58,-9,1096,-2,-3,-1,101325,2500,7360,497,0xf,False,0x1307
1784018438.601,504,504,101791,4,1,8,-1,-27,982,1,-2,-5,101325,2500,7360,504,0xf,False,0x8efa
1784018438.787,505,505,101991,4,1,15,-24,41,918,4,4,4,101325,2500,7360,495,0xf,False,0xb59f
1784018439.037,506,506,102191,4,1,-1,35,-24,1065,-4,-5,-3,101325,2500,7360,490,0xf,False,0x21ea
1784018439.178,507,507,102391,4,1,-15,-18,26,968,-2,-4,1,101325,2500,7360,482,0xf,False,0x5a5c
1784018439.366,508,508,102591,4,1,-17,-1,-43,957,-2,0,-2,101325,2500,7359,494,0xf,False,0x3a7
1784018439.612,509,509,102791,4,1,-16,57,-8,991,-4,-4,1,101325,2500,7359,507,0xf,False,0x5c5d
1784018439.826,510,510,102991,4,1,-17,-3,-9,1024,0,3,-5,101325,2500,7359,503,0xf,False,0xf0a5
1784018439.953,511,511,103191,4,1,0,-50,31,1073,2,-4,-4,101325,2500,7359,506,0xf,False,0xbe5d
1784018440.217,512,512,103391,4,1,-19,6,35,965,-2,-2,-3,101325,2500,7359,495,0xf,False,0x9dbf
1784018440.452,513,513,103591,4,1,13,-7,-3,913,0,-5,-2,101325,2500,7359,483,0xf,False,0xcc36
1784018440.528,514,514,103791,4,1,-14,11,19,900,-3,4,3,101325,2500,7359,484,0xf,False,0xda99
1784018440.841,515,515,103991,4,1,7,16,19,1075,1,-1,0,101325,2500,7359,493,0xf,False,0xc298
1784018440.967,516,516,104191,4,1,-4,-53,10,925,-1,3,0,101325,2500,7359,512,0xf,False,0x9e23
1784018441.247,517,517,104391,4,1,-1,46,36,1072,-5,3,0,101325,2500,7359,517,0xf,False,0xd6a2
1784018441.311,518,518,104591,4,1,18,38,-10,907,4,-2,3,101325,2500,7359,510,0xf,False,0x740f
1784018441.602,519,519,104791,4,1,-18,-17,-55,932,-4,-1,-4,101325,2500,7359,494,0xf,False,0xcdeb
1784018441.779,520,520,104991,4,1,-20,12,16,978,3,2,-4,101325,2500,7359,519,0xf,False,0x4f1e
1784018442.028,521,521,105191,4,1,-9,19,-13,1054,2,2,0,101325,2500,7358,487,0xf,False,0xc681
1784018442.151,522,522,105391,4,1,-15,-23,30,962,-3,-2,-1,101325,2500,7358,501,0xf,False,0xe28
1784018442.510,523,523,105591,4,1,-1,-56,32,940,0,0,2,101325,2500,7358,516,0xf,False,0xfdf3
1784018442.572,524,524,105791,4,1,-15,-25,-59,906,-2,-1,2,101325,2500,7358,513,0xf,False,0x631c
1784018442.714,525,525,105991,4,1,6,-50,-7,1096,3,0,-3,101325,2500,7358,493,0xf,False,0x900f
1784018443.001,526,526,106191,4,1,11,0,31,934,-1,-4,4,101325,2500,7358,481,0xf,False,0x2108
1784018443.180,527,527,106391,4,1,-14,-56,8,1081,0,-5,1,101325,2500,7358,501,0xf,False,0xbdfa
1784018443.442,528,528,106591,4,1,-17,48,21,960,4,-4,2,101325,2500,7358,518,0xf,False,0xe33
1784018443.505,529,529,106791,4,1,5,56,-23,975,3,3,-5,101325,2500,7358,511,0xf,False,0xa310
1784018443.787,530,530,106991,4,1,-9,53,38,1045,3,-5,4,101325,2500,7358,511,0xf,False,0x96e6
1784018443.975,531,531,107191,4,1,2,49,38,949,2,3,-5,101325,2500,7358,483,0xf,False,0xdff6
1784018444.195,532,532,107391,4,1,4,19,24,1087,3,0,-5,101325,2500,7358,484,0xf,False,0x1c1f
1784018444.319,533,533,107591,4,1,-11,-26,-46,1041,-2,-3,-2,101325,2500,7357,500,0xf,False,0x9470
1784018444.537,534,534,107791,4,1,-7,51,-1,1000,1,3,-5,101325,2500,7357,505,0xf,False,0x7198
1784018444.787,535,535,107991,4,1,-1,45,-43,1050,-3,3,-2,101325,2500,7357,492,0xf,False,0x7ebf
1784018445.085,536,536,108191,4,1,0,-51,51,1091,-2,1,1,101325,2500,7357,518,0xf,False,0x31d2
1784018445.147,537,537,108391,4,1,18,-2,43,1092,-2,0,-4,101325,2500,7357,508,0xf,False,0xbc38
1784018445.440,538,538,108591,4,1,-7,52,38,929,3,-1,-4,101325,2500,7357,507,0xf,False,0x5172
1784018445.624,539,539,108791,4,1,4,19,-21,1095,-3,-5,4,101325,2500,7357,505,0xf,False,0xe11f
1784018445.877,540,540,108991,4,1,2,43,-32,908,-3,0,0,101325,2500,7357,508,0xf,False,0x4025
1784018445.952,541,541,109191,4,1,2,-36,33,1050,0,2,-1,101325,2500,7357,518,0xf,False,0x5737
1784018446.209,542,542,109391,4,1,-9,-30,-31,1058,-4,-3,1,101325,2500,7357,488,0xf,False,0x8d2c
1784018446.390,543,543,109591,4,1,-15,-40,11,1028,-1,4,4,101325,2500,7357,486,0xf,False,0xd42e
1784018446.538,544,544,109791,4,1,8,-7,28,910,0,4,-1,101325,2500,7357,508,0xf,False,0x69a7
1784018446.778,545,545,109991,4,1,18,9,-23,1088,1,1,-3,101325,2500,7357,481,0xf,False,0x3253
1784018447.024,546,546,110191,4,1,0,-58,52,1066,-2,0,-4,101325,2500,7356,490,0xf,False,0xb48d
1784018447.251,547,547,110391,4,1,-16,1,-30,1055,4,2,-2,101325,2500,7356,518,0xf,False,0x7047
1784018447.367,548,548,110591,4,1,-10,56,22,1049,1,-4,3,101325,2500,7356,508,0xf,False,0x133f
1784018447.625,549,549,110791,4,1,-9,31,-33,1065,2,-4,4,101325,2500,7356,497,0xf,False,0xe32c
1784018447.802,550,550,110991,4,1,-8,-4,-28,940,-1,-1,2,101325,2500,7356,488,0xf,False,0xa625
1784018448.100,551,551,111191,4,1,12,-60,-28,947,-5,-2,-4,101325,2500,7356,519,0xf,False,0xf0af
1784018448.162,552,552,111391,4,1,-2,-8,0,952,4,-4,1,101325,2500,7356,487,0xf,False,0xcda4
1784018448.349,553,553,111591,4,1,15,13,-33,1099,-3,-4,-5,101325,2500,7356,492,0xf,False,0x20f5
1784018448.616,554,554,111791,4,1,12,29,13,1042,-1,3,-3,101325,2500,7356,490,0xf,False,0x6891
1784018448.775,555,555,111991,4,1,4,-9,-3,1022,-3,-2,-4,101325,2500,7356,508,0xf,False,0xe971
1784018448.958,556,556,112191,4,1,-7,5,47,945,-2,-1,3,101325,2500,7356,509,0xf,False,0x2730
1784018449.222,557,557,112391,4,1,-6,13,-37,1004,4,1,-1,101325,2500,7356,502,0xf,False,0x689c
1784018449.409,558,558,112591,4,1,14,48,-23,1087,4,2,-3,101325,2500,7355,509,0xf,False,0xe6bf
1784018449.578,559,559,112791,4,1,18,-27,-20,960,2,4,-1,101325,2500,7355,515,0xf,False,0xc5b7
1784018449.767,560,560,112991,4,1,-2,-60,45,930,2,3,-3,101325,2500,7355,482,0xf,False,0x543
1784018450.015,561,561,113191,4,1,-13,-31,-28,1099,-2,-2,-5,101325,2500,7355,492,0xf,False,0xa46
1784018450.270,562,562,113391,4,1,-12,-14,-15,929,-2,1,0,101325,2500,7355,516,0xf,False,0xc06c
1784018450.327,563,563,113591,4,1,-3,-11,14,1028,3,3,-5,101325,2500,7355,500,0xf,False,0x37ed
1784018450.575,564,564,113791,4,1,17,-4,48,966,-3,1,-2,101325,2500,7355,482,0xf,False,0x2eee
1784018450.791,565,565,113991,4,1,5,-4,26,935,0,2,0,101325,2500,7355,495,0xf,False,0x9263
1784018451.064,566,566,114191,4,1,10,4,-11,1041,3,-3,4,101325,2500,7355,494,0xf,False,0x9dc6
1784018451.118,567,567,114391,4,1,-10,-20,39,963,4,1,2,101325,2500,7355,496,0xf,False,0x89a
1784018451.411,568,568,114591,4,1,6,-18,-38,1049,0,-5,-4,101325,2500,7355,505,0xf,False,0x596
1784018451.713,569,569,114791,4,1,11,48,37,1053,3,1,-3,101325,2500,7355,494,0xf,False,0xb4fe
1784018451.713,570,570,114991,4,1,14,7,58,915,-3,0,-4,101325,2500,7355,513,0xf,False,0x1ac
1784018451.981,571,571,115191,4,1,6,-28,-20,926,-4,2,1,101325,2500,7354,509,0xf,False,0x266c
1784018452.244,572,572,115391,4,1,-14,-3,26,1099,-5,0,0,101325,2500,7354,515,0xf,False,0x8167
1784018452.422,573,573,115591,4,1,11,-17,-50,1046,0,3,1,101325,2500,7354,501,0xf,False,0xd8c
1784018452.547,574,574,115791,4,1,-14,43,-26,939,4,1,1,101325,2500,7354,509,0xf,False,0xe176
1784018452.751,575,575,115991,4,1,1,37,12,911,4,-2,1,101325,2500,7354,488,0xf,False,0x650a
1784018453.046,576,576,116191,4,1,-13,-2,57,1083,-2,-5,-4,101325,2500,7354,492,0xf,False,0x12dc
1784018453.234,577,577,116391,4,1,11,57,39,973,2,0,-1,101325,2500,7354,515,0xf,False,0x820c
1784018453.422,578,578,116591,4,1,-11,-44,48,958,-5,2,1,101325,2500,7354,489,0xf,False,0x5228
1784018453.546,579,579,116791,4,1,-5,28,-3,979,-1,0,-2,101325,2500,7354,496,0xf,False,0x675a
1784018453.793,580,580,116991,4,1,11,-36,-28,1083,3,-5,0,101325,2500,7354,495,0xf,False,0x9aad
1784018454.043,581,581,117191,4,1,-15,34,35,1098,4,3,-1,101325,2500,7354,490,0xf,False,0xa534
1784018454.166,582,582,117391,4,1,19,-16,50,983,4,-1,-2,101325,2500,7354,499,0xf,False,0x44ad
1784018454.408,583,583,117591,4,1,13,4,28,915,0,-5,1,101325,2500,7353,492,0xf,False,0x4f23
1784018454.599,584,584,117791,4,1,4,-38,32,1002,-3,1,2,101325,2500,7353,512,0xf,False,0x3e61
1784018454.751,585,585,117991,4,1,-19,57,2,1052,-2,-5,2,101325,2500,7353,512,0xf,False,0xcfc9
1784018454.940,586,586,118191,4,1,16,-58,5,991,4,2,-5,101325,2500,7353,494,0xf,False,0x3590
1784018455.221,587,587,118391,4,1,14,14,16,974,-4,-5,0,101325,2500,7353,516,0xf,False,0xe47c
1784018455.406,588,588,118591,4,1,14,-39,-17,1020,0,-2,0,101325,2500,7353,519,0xf,False,0x4347
1784018455.538,589,589,118791,4,1,-5,-58,-48,1031,4,-3,1,101325,2500,7353,481,0xf,False,0x2e40
1784018455.720,590,590,118991,4,1,19,-51,-55,914,1,-4,0,101325,2500,7353,485,0xf,False,0xbba5
1784018455.986,591,591,119191,4,1,-3,-32,34,925,-5,3,-2,101325,2500,7353,493,0xf,False,0x35b7
1784018456.189,592,592,119391,4,1,-17,31,-48,987,-4,0,4,101325,2500,7353,517,0xf,False,0x7c6d
1784018456.330,593,593,119591,4,1,10,-11,-48,1054,-4,-5,0,101325,2500,7353,480,0xf,False,0xb431
1784018456.579,594,594,119791,4,1,12,-21,-33,1044,4,-5,3,101325,2500,7353,508,0xf,False,0x113a
1784018456.813,595,595,119991,4,1,18,27,-60,1053,-2,0,-1,101325,2500,7353,516,0xf,False,0x9e02
1784018457.124,596,596,120191,4,1,-5,14,-15,935,1,1,4,101325,2500,7352,490,0xf,False,0xfaba
1784018457.124,597,597,120391,4,1,-8,48,43,936,0,0,-3,101325,2500,7352,505,0xf,False,0x2eb
1784018457.373,598,598,120591,4,1,8,34,33,1020,0,2,-1,101325,2500,7352,490,0xf,False,0x7f9d
1784018457.620,599,599,120791,4,1,10,-47,-38,1069,-4,-5,-2,101325,2500,7352,517,0xf,False,0x65a4
1784018457.804,600,600,120991,4,1,-11,13,-5,1032,-2,1,-1,101325,2500,7352,487,0xf,False,0xbe0e
1784018457.979,601,601,121191,4,1,17,-14,18,1057,2,0,-3,101325,2500,7352,509,0xf,False,0x8882
1784018458.180,602,602,121391,4,1,3,31,-10,1059,4,-5,0,101325,2500,7352,490,0xf,False,0x9b60
1784018458.433,603,603,121591,4,1,-11,-31,47,907,-1,0,-2,101325,2500,7352,503,0xf,False,0xc9bd
1784018458.501,604,604,121791,4,1,-6,-56,-53,931,4,2,-4,101325,2500,7352,496,0xf,False,0xb60d
1784018458.743,605,605,121991,4,1,1,-28,22,1071,-3,-1,1,101325,2500,7352,506,0xf,False,0xb195
1784018458.977,606,606,122191,4,1,6,-18,-13,951,4,2,-3,101325,2500,7352,495,0xf,False,0xff30
1784018459.243,607,607,122391,4,1,10,-8,40,964,4,2,-1,101325,2500,7352,495,0xf,False,0xb37
1784018459.305,608,608,122591,4,1,17,-3,-31,1023,-5,3,-4,101325,2500,7351,503,0xf,False,0x27ba
1784018459.613,609,609,122791,4,1,-4,28,39,938,0,1,3,101325,2500,7351,496,0xf,False,0x647d
1784018459.802,610,610,122991,4,1,14,-45,-36,916,-1,4,4,101325,2500,7351,505,0xf,False,0xe9d9
1784018460.045,611,611,123191,4,1,12,1,-41,923,1,1,-5,101325,2500,7351,509,0xf,False,0x3503
1784018460.161,612,612,123391,4,1,-9,-38,-38,1034,-4,-5,-4,101325,2500,7351,486,0xf,False,0xa717
1784018460.396,613,613,123591,4,1,-20,49,14,1053,0,-2,3,101325,2500,7351,502,0xf,False,0xedef
1784018460.581,614,614,123791,4,1,-8,-28,12,926,2,2,-4,101325,2500,7351,501,0xf,False,0xcd48
1784018460.735,615,615,123991,4,1,-6,-50,52,1096,1,-1,4,101325,2500,7351,503,0xf,False,0x60c6
1784018460.924,616,616,124191,4,1,-15,3,59,1014,0,2,2,101325,2500,7351,517,0xf,False,0xc32c
1784018461.205,617,617,124391,4,1,-8,-51,40,912,0,-1,2,101325,2500,7351,507,0xf,False,0x8e77
1784018461.407,618,618,124591,4,1,10,30,7,958,3,-5,4,101325,2500,7351,489,0xf,False,0xe150
1784018461.534,619,619,124791,4,1,-13,-56,-30,946,-2,2,0,101325,2500,7351,501,0xf,False,0xc8f4
1784018461.760,620,620,124991,4,1,-15,-12,6,929,-2,-1,-4,101325,2500,7351,508,0xf,False,0x180e
1784018462.001,621,621,125191,4,1,7,-6,-60,1020,-2,-4,-2,101325,2500,7350,506,0xf,False,0x6cc
1784018462.201,622,622,125391,4,1,5,40,-5,981,2,-1,4,101325,2500,7350,495,0xf,False,0x8aa7
1784018462.325,623,623,125591,4,1,13,11,-13,991,-4,1,3,101325,2500,7350,499,0xf,False,0x83da
1784018462.543,624,624,125791,4,1,-14,-13,-38,1012,-3,2,-3,101325,2500,7350,488,0xf,False,0x52b5
1784018462.823,625,625,125991,4,1,-17,2,-31,975,4,4,-3,101325,2500,7350,482,0xf,False,0xaef8
1784018463.011,626,626,126191,4,1,19,-48,-59,901,-2,0,-1,101325,2500,7350,505,0xf,False,0x82f5
1784018463.135,627,627,126391,4,1,-13,20,38,1071,-3,0,0,101325,2500,7350,516,0xf,False,0xe371
1784018463.384,628,628,126591,4,1,7,31,-6,1096,-3,-4,0,101325,2500,7350,490,0xf,False,0x50d8
1784018463.651,629,629,126791,4,1,9,49,-46,1079,-5,-4,-1,101325,2500,7350,492,0xf,False,0x4b28
1784018463.729,630,630,126991,4,1,14,29,-7,990,-1,4,-3,101325,2500,7350,489,0xf,False,0x24bb
1784018463.998,631,631,127191,4,1,-2,3,16,986,1,3,-4,101325,2500,7350,495,0xf,False,0x95da
1784018464.192,632,632,127391,4,1,-7,-20,-13,1047,-3,0,4,101325,2500,7350,496,0xf,False,0x6af8
1784018464.394,633,633,127591,4,1,19,-13,29,1032,-5,4,3,101325,2500,7349,501,0xf,False,0xb990
1784018464.520,634,634,127791,4,1,5,-47,-37,1069,-1,4,-5,101325,2500,7349,493,0xf,False,0xeac1
1784018464.799,635,635,127991,4,1,17,35,31,1067,-5,4,3,101325,2500,7349,509,0xf,False,0xf65e
1784018464.989,636,636,128191,4,1,-16,-40,24,1084,1,0,-4,101325,2500,7349,511,0xf,False,0x1b84
1784018465.231,637,637,128391,4,1,12,6,-42,1041,-2,1,4,101325,2500,7349,493,0xf,False,0x3ba5
1784018465.369,638,638,128591,4,1,-14,13,38,1085,-1,-5,-3,101325,2500,7349,498,0xf,False,0x8012
1784018465.557,639,639,128791,4,1,1,-42,16,946,-4,-1,-2,101325,2500,7349,519,0xf,False,0x7032
1784018465.791,640,640,128991,4,1,-8,46,41,980,-5,-2,-2,101325,2500,7349,481,0xf,False,0x7443
1784018466.084,641,641,129191,4,1,-16,-37,57,936,1,-2,-3,101325,2500,7349,492,0xf,False,0xea72
1784018466.150,642,642,129391,4,1,-6,27,-2,1070,1,-1,2,101325,2500,7349,519,0xf,False,0x4e23
1784018466.461,643,643,129591,4,1,-13,7,38,1062,4,-5,-2,101325,2500,7349,515,0xf,False,0x7583
1784018466.584,644,644,129791,4,1,-10,45,-42,955,3,-1,-1,101325,2500,7349,491,0xf,False,0xdcf0
1784018466.745,645,645,129991,4,1,0,-4,-51,1091,-1,-2,0,101325,2500,7349,487,0xf,False,0x7e65
1784018466.943,646,646,130191,4,1,-12,15,26,994,1,4,-4,101325,2500,7348,511,0xf,False,0x8558
1784018467.227,647,647,130391,4,1,5,54,-4,909,-4,-5,-1,101325,2500,7348,499,0xf,False,0xcff0
1784018467.423,648,648,130591,4,1,-4,33,-35,1081,-3,3,-5,101325,2500,7348,491,0xf,False,0x86b5
1784018467.539,649,649,130791,4,1,8,59,20,957,3,0,-2,101325,2500,7348,518,0xf,False,0xfb18
1784018467.747,650,650,130991,4,1,-18,8,19,1033,-2,4,4,101325,2500,7348,501,0xf,False,0xeb23
1784018467.994,651,651,131191,4,1,18,20,11,1010,-4,-1,-4,101325,2500,7348,492,0xf,False,0x8455
1784018468.244,652,652,131391,4,1,3,11,40,901,-2,3,0,101325,2500,7348,505,0xf,False,0x4688
1784018468.389,653,653,131591,4,1,19,-49,35,1073,-5,4,-1,101325,2500,7348,500,0xf,False,0x688f
1784018468.777,654,654,131791,4,1,-8,28,-20,998,3,0,2,101325,2500,7348,490,0xf,False,0xfe92
1784018468.836,655,655,131991,4,1,-16,-50,17,1008,3,-1,-5,101325,2500,7348,511,0xf,False,0xdd
1784018469.022,656,656,132191,4,1,3,-5,-42,918,-5,-2,0,101325,2500,7348,510,0xf,False,0x7ed9
1784018469.158,657,657,132391,4,1,0,-33,24,930,2,-5,3,101325,2500,7348,518,0xf,False,0x3ee8
1784018469.350,658,658,132591,4,1,-15,-30,-6,1006,-4,1,-2,101325,2500,7347,504,0xf,False,0xf508
1784018469.643,659,659,132791,4,1,14,58,48,1038,1,1,2,101325,2500,7347,507,0xf,False,0x3fda
1784018469.705,660,660,132991,4,1,-4,-3,-52,1012,1,0,-4,101325,2500,7347,486,0xf,False,0x3f82
1784018469.983,661,661,133191,4,1,15,39,21,989,-1,-4,-2,101325,2500,7347,494,0xf,False,0x4fb4
1784018470.185,662,662,133391,4,1,3,-43,43,1070,-2,-5,-5,101325,2500,7347,485,0xf,False,0x62b5
1784018470.434,663,663,133591,4,1,-12,27,-51,938,-5,-4,1,101325,2500,7347,514,0xf,False,0x69ad
1784018470.497,664,664,133791,4,1,19,-59,19,1000,1,2,-3,101325,2500,7347,511,0xf,False,0xad74
1784018470.793,665,665,133991,4,1,3,11,14,974,4,-1,2,101325,2500,7347,508,0xf,False,0xa78d
1784018471.010,666,666,134191,4,1,17,-25,-28,1003,-1,2,3,101325,2500,7347,483,0xf,False,0xf01c
1784018471.199,667,667,134391,4,1,-1,23,50,1033,-3,0,3,101325,2500,7347,495,0xf,False,0xf9a8
1784018471.372,668,668,134591,4,1,16,18,-16,983,0,2,0,101325,2500,7347,496,0xf,False,0x89cb
1784018471.558,669,669,134791,4,1,-5,-2,11,1064,1,1,-4,101325,2500,7347,485,0xf,False,0x9371
1784018471.840,670,670,134991,4,1,-10,-9,-18,1003,-5,0,0,101325,2500,7347,488,0xf,False,0x6ad
1784018472.025,671,671,135191,4,1,19,-49,-55,1085,-4,0,2,101325,2500,7346,495,0xf,False,0xac49
1784018472.198,672,672,135391,4,1,8,-14,36,901,4,1,-2,101325,2500,7346,517,0xf,False,0xb7fb
1784018472.384,673,673,135591,4,1,5,-17,43,932,-2,-2,-2,101325,2500,7346,500,0xf,False,0xcc65
1784018472.619,674,674,135791,4,1,-1,-53,-35,957,0,-3,0,101325,2500,7346,508,0xf,False,0xbf27
1784018472.743,675,675,135991,4,1,-13,-8,6,1077,4,-4,3,101325,2500,7346,500,0xf,False,0x2767
1784018473.024,676,676,136191,4,1,-16,-22,16,1028,0,2,4,101325,2500,7346,512,0xf,False,0xc20d
1784018473.247,677,677,136391,4,1,0,-40,39,1068,3,-5,-3,101325,2500,7346,501,0xf,False,0xa3e8
1784018473.441,678,678,136591,4,1,-6,52,-20,922,1,-4,-3,101325,2500,7346,515,0xf,False,0xa976
1784018473.503,679,679,136791,4,1,-7,41,45,934,0,-4,0,101325,2500,7346,519,0xf,False,0x313c
1784018473.751,680,680,136991,4,1,14,-21,53,914,-5,-3,4,101325,2500,7346,511,0xf,False,0x5c1
1784018474.062,681,681,137191,4,1,-11,-37,31,1074,3,0,-5,101325,2500,7346,512,0xf,False,0x76a6
1784018474.247,682,682,137391,4,1,6,-4,11,1025,-3,4,-1,101325,2500,7346,483,0xf,False,0x7ab8
1784018474.404,683,683,137591,4,1,3,15,-3,1046,-3,-1,4,101325,2500,7345,503,0xf,False,0x5395
1784018474.591,684,684,137791,4,1,-5,-6,-33,910,3,0,-5,101325,2500,7345,513,0xf,False,0xbd77
1784018474.793,685,685,137991,4,1,-18,-10,40,997,4,1,-3,101325,2500,7345,512,0xf,False,0x7a5b
1784018475.052,686,686,138191,4,1,14,-54,23,907,4,-4,4,101325,2500,7345,499,0xf,False,0xebc0
1784018475.168,687,687,138391,4,1,13,-13,50,952,-4,-2,4,101325,2500,7345,506,0xf,False,0xe45d
1784018475.355,688,688,138591,4,1,12,34,-14,1068,2,-3,4,101325,2500,7345,480,0xf,False,0x5238
1784018475.603,689,689,138791,4,1,8,-60,22,958,2,4,4,101325,2500,7345,504,0xf,False,0x941f
1784018475.729,690,690,138991,4,1,17,58,16,939,-2,-4,-2,101325,2500,7345,501,0xf,False,0xe142
1784018475.977,691,691,139191,4,1,-14,-22,-15,1064,2,1,-4,101325,2500,7345,495,0xf,False,0x3ef6
1784018476.180,692,692,139391,4,1,-14,-37,-51,997,4,3,-2,101325,2500,7345,504,0xf,False,0xc46
1784018476.509,693,693,139591,4,1,3,-59,23,1027,-4,4,-3,101325,2500,7345,498,0xf,False,0x2c44
1784018476.568,694,694,139791,4,1,-13,53,29,992,-4,-2,-1,101325,2500,7345,494,0xf,False,0xddba
1784018476.753,695,695,139991,4,1,13,44,1,945,3,-5,4,101325,2500,7345,492,0xf,False,0x5b60
1784018477.033,696,696,140191,4,1,16,10,58,1073,-5,0,4,101325,2500,7344,509,0xf,False,0x5b78
1784018477.234,697,697,140391,4,1,7,-52,-9,1055,2,-3,-5,101325,2500,7344,483,0xf,False,0xedda
1784018477.362,698,698,140591,4,1,3,15,57,1003,-2,-3,-5,101325,2500,7344,485,0xf,False,0x1b8d
1784018477.590,699,699,140791,4,1,10,0,-46,1058,0,-4,1,101325,2500,7344,485,0xf,False,0xff61
1784018477.798,700,700,140991,4,1,8,-13,-18,1012,-1,-1,0,101325,2500,7344,509,0xf,False,0x448f
1784018478.001,701,701,141191,4,1,-5,-42,14,1032,-5,-3,1,101325,2500,7344,494,0xf,False,0x2623
1784018478.127,702,702,141391,4,1,13,49,-58,953,-5,-4,-4,101325,2500,7344,514,0xf,False,0x3216
1784018478.390,703,703,141591,4,1,-8,-1,46,946,1,-4,2,101325,2500,7344,500,0xf,False,0xa5e0
1784018478.608,704,704,141791,4,1,-17,-11,-32,1078,0,1,-2,101325,2500,7344,493,0xf,False,0x2cf3
1784018478.733,705,705,141991,4,1,-16,27,-34,961,-4,-2,-2,101325,2500,7344,516,0xf,False,0x9451
1784018479.018,706,706,142191,4,1,0,3,30,1047,1,3,-4,101325,2500,7344,500,0xf,False,0x385f
1784018479.156,707,707,142391,4,1,15,-25,-1,969,-4,4,4,101325,2500,7344,500,0xf,False,0x81e5
1784018479.439,708,708,142591,4,1,-10,-12,-33,1074,1,-5,-5,101325,2500,7343,497,0xf,False,0x69a3
1784018479.517,709,709,142791,4,1,-3,-23,14,927,0,-5,1,101325,2500,7343,505,0xf,False,0xb751
1784018479.831,710,710,142991,4,1,-17,-56,-5,917,2,2,-3,101325,2500,7343,506,0xf,False,0x99c
1784018480.014,711,711,143191,4,1,-14,-13,-41,1034,1,-3,2,101325,2500,7343,510,0xf,False,0x3f4c
1784018480.250,712,712,143391,4,1,-19,-59,7,1048,0,1,4,101325,2500,7343,482,0xf,False,0x4de4
1784018480.311,713,713,143591,4,1,8,-35,38,1094,-5,-4,-5,101325,2500,7343,517,0xf,False,0xb6a0
1784018480.576,714,714,143791,4,1,18,-36,17,996,1,-3,-5,101325,2500,7343,493,0xf,False,0xc4a8
1784018480.780,715,715,143991,4,1,-5,11,37,1096,4,-5,0,101325,2500,7343,506,0xf,False,0xb3a2
1784018481.044,716,716,144191,4,1,13,-30,35,956,-1,-4,2,101325,2500,7343,489,0xf,False,0x51d0
1784018481.232,717,717,144391,4,1,-17,19,45,935,-3,-3,3,101325,2500,7343,518,0xf,False,0x519b
1784018481.355,718,718,144591,4,1,12,29,-52,1090,-5,-5,4,101325,2500,7343,483,0xf,False,0x1be6
1784018481.606,719,719,144791,4,1,-19,51,-18,905,-2,-1,0,101325,2500,7343,505,0xf,False,0x219
1784018481.761,720,720,144991,4,1,-20,50,-2,945,3,1,3,101325,2500,7343,506,0xf,False,0x9435
1784018481.950,721,721,145191,4,1,-9,-44,-57,1040,4,4,2,101325,2500,7342,510,0xf,False,0x57e1
1784018482.185,722,722,145391,4,1,-19,33,-3,980,-1,-5,-5,101325,2500,7342,517,0xf,False,0xba44
1784018482.434,723,723,145591,4,1,5,29,-60,1016,-4,0,1,101325,2500,7342,512,0xf,False,0xcec2
1784018482.558,724,724,145791,4,1,14,-19,-36,979,-5,2,-2,101325,2500,7342,482,0xf,False,0x8588
1784018482.746,725,725,145991,4,1,8,8,-12,901,2,4,-5,101325,2500,7342,498,0xf,False,0x28eb
1784018483.010,726,726,146191,4,1,8,-31,59,1068,-4,4,2,101325,2500,7342,505,0xf,False,0xff1f
1784018483.212,727,727,146391,4,1,19,-12,-4,986,-2,1,0,101325,2500,7342,518,0xf,False,0xa0ac
1784018483.337,728,728,146591,4,1,-16,-42,-38,924,0,-2,1,101325,2500,7342,480,0xf,False,0xacc8
1784018483.556,729,729,146791,4,1,2,58,-58,906,-1,-1,3,101325,2500,7342,512,0xf,False,0xd82e
1784018483.884,730,730,146991,4,1,-13,21,-19,961,-5,4,3,101325,2500,7342,493,0xf,False,0xb5e0
1784018484.024,731,731,147191,4,1,-7,-39,-45,968,3,3,-2,101325,2500,7342,496,0xf,False,0xa838
1784018484.148,732,732,147391,4,1,-16,-43,-48,953,4,-5,-5,101325,2500,7342,518,0xf,False,0x24c4
1784018484.350,733,733,147591,4,1,14,21,-29,1030,-1,-4,-1,101325,2500,7341,506,0xf,False,0x7072
1784018484.596,734,734,147791,4,1,-20,50,15,981,-5,0,3,101325,2500,7341,496,0xf,False,0x7a71
1784018484.725,735,735,147991,4,1,7,-12,24,1030,3,-3,0,101325,2500,7341,506,0xf,False,0xb6b6
1784018484.972,736,736,148191,4,1,2,-52,-10,998,1,4,1,101325,2500,7341,486,0xf,False,0xa89a
1784018485.206,737,737,148391,4,1,12,-18,17,999,1,1,-4,101325,2500,7341,505,0xf,False,0xf3a9
1784018485.519,738,738,148591,4,1,18,57,-54,1024,0,-4,-1,101325,2500,7341,504,0xf,False,0xfe4a
1784018485.519,739,739,148791,4,1,6,-39,4,1090,-1,-5,1,101325,2500,7341,512,0xf,False,0xe5d4
1784018485.773,740,740,148991,4,1,-14,-42,-45,943,3,-2,-2,101325,2500,7341,482,0xf,False,0x4f19
1784018485.970,741,741,149191,4,1,13,-25,-50,1021,-5,-3,2,101325,2500,7341,505,0xf,False,0x679b
1784018486.249,742,742,149391,4,1,8,22,29,1091,4,-3,-4,101325,2500,7341,499,0xf,False,0x8170
1784018486.312,743,743,149591,4,1,12,5,-56,1004,-4,-1,-1,101325,2500,7341,487,0xf,False,0x19a
1784018486.577,744,744,149791,4,1,-2,37,-57,1060,0,2,0,101325,2500,7341,486,0xf,False,0x1d95
1784018486.827,745,745,149991,4,1,1,40,44,914,-2,2,2,101325,2500,7341,515,0xf,False,0x960e
1784018487.014,746,746,150191,4,1,-17,-46,14,1026,3,3,-5,101325,2500,7340,504,0xf,False,0x179a
1784018487.138,747,747,150391,4,1,-20,-37,-6,1097,-2,-1,2,101325,2500,7340,514,0xf,False,0xf3a1
1784018487.388,748,748,150591,4,1,17,-29,-4,1072,-2,1,2,101325,2500,7340,511,0xf,False,0x542b
1784018487.590,749,749,150791,4,1,7,59,45,966,2,-1,1,101325,2500,7340,516,0xf,False,0x2999
1784018487.714,750,750,150991,4,1,18,-43,-45,958,4,-2,0,101325,2500,7340,487,0xf,False,0xbf74
1784018487.967,751,751,151191,4,1,2,-20,27,999,4,4,0,101325,2500,7340,519,0xf,False,0x8614
1784018488.240,752,752,151391,4,1,14,-58,40,965,2,2,-4,101325,2500,7340,489,0xf,False,0x484e
1784018488.442,753,753,151591,4,1,4,-36,-36,1011,-1,-4,-3,101325,2500,7340,510,0xf,False,0xd214
1784018488.546,754,754,151791,4,1,-7,17,10,1043,-5,-5,-1,101325,2500,7340,508,0xf,False,0x7691
1784018488.783,755,755,151991,4,1,19,-12,44,974,3,4,-1,101325,2500,7340,519,0xf,False,0x5b32
1784018489.013,756,756,152191,4,1,16,-42,43,1020,3,2,2,101325,2500,7340,485,0xf,False,0x6600
1784018489.189,757,757,152391,4,1,13,-3,21,1094,-3,-4,-5,101325,2500,7340,506,0xf,False,0xcc12
1784018489.362,758,758,152591,4,1,13,14,12,1027,-1,1,-4,101325,2500,7339,509,0xf,False,0x67a7
1784018489.548,759,759,152791,4,1,14,-49,24,1090,0,-3,1,101325,2500,7339,494,0xf,False,0x60ab
1784018489.842,760,760,152991,4,1,10,-23,0,986,3,4,-5,101325,2500,7339,506,0xf,False,0x664d
1784018490.093,761,761,153191,4,1,-10,21,10,1098,3,3,-5,101325,2500,7339,485,0xf,False,0x202c
1784018490.171,762,762,153391,4,1,-6,54,18,1034,0,0,-4,101325,2500,7339,506,0xf,False,0x1237
1784018490.357,763,763,153591,4,1,12,-18,-58,1092,-1,-3,1,101325,2500,7339,519,0xf,False,0xaaa
1784018490.589,764,764,153791,4,1,-2,-4,-14,976,-5,-2,0,101325,2500,7339,509,0xf,False,0x1968
1784018490.714,765,765,153991,4,1,-18,-35,12,972,3,0,-2,101325,2500,7339,484,0xf,False,0x8a44
1784018490.947,766,766,154191,4,1,14,-14,56,990,-3,-4,-1,101325,2500,7339,492,0xf,False,0xb7b1
1784018491.211,767,767,154391,4,1,-9,-24,-56,981,1,-4,-5,101325,2500,7339,500,0xf,False,0x7ee0
1784018491.387,768,768,154591,4,1,-16,-2,9,1002,-2,0,3,101325,2500,7339,503,0xf,False,0xe316
1784018491.533,769,769,154791,4,1,-7,26,55,1017,-3,-3,-2,101325,2500,7339,483,0xf,False,0xd382
1784018491.789,770,770,154991,4,1,-6,21,-18,995,1,3,-3,101325,2500,7339,518,0xf,False,0x6de2
1784018492.007,771,771,155191,4,1,-8,-46,23,961,3,-3,2,101325,2500,7338,492,0xf,False,0x110a
1784018492.272,772,772,155391,4,1,-2,-29,31,1058,-4,1,4,101325,2500,7338,495,0xf,False,0x9ec0
1784018492.350,773,773,155591,4,1,2,48,-18,912,-4,1,-3,101325,2500,7338,484,0xf,False,0xc6b3
1784018492.648,774,774,155791,4,1,0,-48,38,904,-4,3,-4,101325,2500,7338,506,0xf,False,0x3b43
1784018492.833,775,775,155991,4,1,-4,30,-1,1022,3,-3,-3,101325,2500,7338,488,0xf,False,0x7646
1784018493.114,776,776,156191,4,1,-9,27,-12,1050,1,-2,-2,101325,2500,7338,515,0xf,False,0xfde3
1784018493.114,777,777,156391,4,1,-5,-34,56,972,-3,0,1,101325,2500,7338,494,0xf,False,0xd554
1784018493.418,778,778,156591,4,1,-15,-9,54,967,4,2,-3,101325,2500,7338,487,0xf,False,0x530e
1784018493.601,779,779,156791,4,1,6,-11,-7,1030,-2,-5,1,101325,2500,7338,492,0xf,False,0x8603
1784018493.759,780,780,156991,4,1,-1,33,54,937,2,3,-1,101325,2500,7338,511,0xf,False,0xd32f
1784018494.018,781,781,157191,4,1,14,-31,-22,934,-4,-3,1,101325,2500,7338,483,0xf,False,0x1300
1784018494.235,782,782,157391,4,1,2,-21,-39,1018,0,-3,-5,101325,2500,7338,507,0xf,False,0x44dd
1784018494.482,783,783,157591,4,1,-8,23,-17,1091,2,-4,0,101325,2500,7337,519,0xf,False,0x8ebc
1784018494.545,784,784,157791,4,1,-3,-56,27,949,-5,0,2,101325,2500,7337,513,0xf,False,0x5dba
1784018494.731,785,785,157991,4,1,11,-30,-49,1074,-1,-3,0,101325,2500,7337,490,0xf,False,0xf47f
1784018494.993,786,786,158191,4,1,7,17,21,1025,-3,0,-4,101325,2500,7337,494,0xf,False,0x5316
1784018495.302,787,787,158391,4,1,8,58,-4,1052,4,1,4,101325,2500,7337,513,0xf,False,0x6cac
1784018495.364,788,788,158591,4,1,10,-16,-8,911,2,-3,1,101325,2500,7337,489,0xf,False,0x9da5
1784018495.553,789,789,158791,4,1,19,-22,36,972,0,-1,-1,101325,2500,7337,516,0xf,False,0x33f6
1784018495.831,790,790,158991,4,1,10,-26,-24,1031,-5,4,1,101325,2500,7337,512,0xf,False,0xe97
1784018496.020,791,791,159191,4,1,-6,-46,59,977,0,4,0,101325,2500,7337,482,0xf,False,0x2ec5
1784018496.144,792,792,159391,4,1,-9,-44,-13,1067,-2,-1,4,101325,2500,7337,510,0xf,False,0x9169
1784018496.362,793,793,159591,4,1,-5,-29,8,1017,1,-2,-1,101325,2500,7337,485,0xf,False,0xda64
1784018496.643,794,794,159791,4,1,14,-43,8,958,0,-1,2,101325,2500,7337,511,0xf,False,0x3b0f
1784018496.704,795,795,159991,4,1,2,12,-22,986,-2,-2,-1,101325,2500,7337,513,0xf,False,0xfad3
1784018496.953,796,796,160191,4,1,11,7,38,1045,1,1,-3,101325,2500,7336,491,0xf,False,0x8ca3
1784018497.220,797,797,160391,4,1,-16,47,-40,1043,2,3,1,101325,2500,7336,498,0xf,False,0xf210
1784018497.405,798,798,160591,4,1,6,52,-44,1064,-5,0,-2,101325,2500,7336,480,0xf,False,0x3fcd
1784018497.579,799,799,160791,4,1,16,54,-31,1099,-2,-3,2,101325,2500,7336,494,0xf,False,0x4aa6
1784018497.763,800,800,160991,4,1,-15,-18,-35,1035,-5,2,1,101325,2500,7336,518,0xf,False,0x7458
1784018498.029,801,801,161191,4,1,16,20,-15,1054,-5,-5,2,101325,2500,7336,508,0xf,False,0x674c
1784018498.216,802,802,161391,4,1,10,12,27,993,1,-5,-3,101325,2500,7336,505,0xf,False,0x4227
1784018498.340,803,803,161591,4,1,-5,2,-37,928,-5,-1,-2,101325,2500,7336,507,0xf,False,0xa71a
1784018498.541,804,804,161791,4,1,11,44,58,1006,0,-4,-3,101325,2500,7336,512,0xf,False,0x4480
1784018498.852,805,805,161991,4,1,-6,9,11,960,0,3,0,101325,2500,7336,495,0xf,False,0x6685
1784018499.090,806,806,162191,4,1,-1,-25,49,997,-1,-4,4,101325,2500,7336,509,0xf,False,0xcb8
1784018499.146,807,807,162391,4,1,-10,0,2,1091,-3,2,4,101325,2500,7336,513,0xf,False,0x6fd6
1784018499.432,808,808,162591,4,1,-14,45,57,923,3,-5,0,101325,2500,7335,511,0xf,False,0x6f28
1784018499.627,809,809,162791,4,1,18,44,0,932,-5,1,-4,101325,2500,7335,505,0xf,False,0x75d3
1784018499.891,810,810,162991,4,1,-17,-26,-39,1064,-2,0,-2,101325,2500,7335,506,0xf,False,0xfe24
1784018499.953,811,811,163191,4,1,16,-56,-49,1092,-3,4,-3,101325,2500,7335,503,0xf,False,0x213d
1784018500.264,812,812,163391,4,1,11,-36,-19,916,3,-3,3,101325,2500,7335,514,0xf,False,0x4c0c
1784018500.451,813,813,163591,4,1,-7,-2,-17,1093,2,1,4,101325,2500,7335,518,0xf,False,0x6441
1784018500.513,814,814,163791,4,1,-1,18,-18,1075,0,-5,4,101325,2500,7335,514,0xf,False,0x46d7
1784018500.732,815,815,163991,4,1,-16,23,-54,1084,-4,1,2,101325,2500,7335,518,0xf,False,0x6111
1784018500.982,816,816,164191,4,1,1,36,7,963,3,1,2,101325,2500,7335,504,0xf,False,0xf60d
1784018501.270,817,817,164391,4,1,-14,21,-10,979,-1,1,3,101325,2500,7335,508,0xf,False,0x3041
1784018501.325,818,818,164591,4,1,-6,-15,-58,956,2,-2,-2,101325,2500,7335,518,0xf,False,0x8748
1784018501.575,819,819,164791,4,1,-15,23,2,927,1,-1,-5,101325,2500,7335,510,0xf,False,0x9f3a
1784018501.791,820,820,164991,4,1,17,54,-8,1070,4,4,2,101325,2500,7335,514,0xf,False,0xfba6
1784018502.118,821,821,165191,4,1,12,56,-23,922,-3,1,2,101325,2500,7334,507,0xf,False,0xc3eb
1784018502.196,822,822,165391,4,1,-8,29,32,1076,-4,3,0,101325,2500,7334,498,0xf,False,0xf620
1784018502.425,823,823,165591,4,1,-18,22,-33,975,-3,-3,2,101325,2500,7334,490,0xf,False,0xebaf
1784018502.603,824,824,165791,4,1,7,-59,51,973,3,-4,3,101325,2500,7334,495,0xf,False,0xf231
1784018502.727,825,825,165991,4,1,14,-26,5,907,3,2,-2,101325,2500,7334,507,0xf,False,0x3379
1784018502.992,826,826,166191,4,1,5,42,-45,1029,3,3,0,101325,2500,7334,485,0xf,False,0x8ea1
1784018503.208,827,827,166391,4,1,18,-33,-20,1084,1,-1,4,101325,2500,7334,499,0xf,False,0xc86e
1784018503.425,828,828,166591,4,1,-4,-26,-26,980,1,2,2,101325,2500,7334,518,0xf,False,0xb8c9
1784018503.627,829,829,166791,4,1,0,-28,25,965,-2,3,4,101325,2500,7334,501,0xf,False,0x45da
1784018503.751,830,830,166991,4,1,11,-28,26,1070,-4,-2,2,101325,2500,7334,482,0xf,False,0xca59
1784018504.017,831,831,167191,4,1,-4,-50,34,960,2,-1,-1,101325,2500,7334,498,0xf,False,0x1e81
1784018504.231,832,832,167391,4,1,2,23,-38,1073,3,-4,-2,101325,2500,7334,497,0xf,False,0xa6be
1784018504.470,833,833,167591,4,1,10,-8,31,913,-5,2,0,101325,2500,7333,492,0xf,False,0xfd6d
1784018504.703,834,834,167791,4,1,-8,54,29,969,-1,0,-2,101325,2500,7333,517,0xf,False,0x5775
1784018504.828,835,835,167991,4,1,-13,-60,-18,1011,3,3,1,101325,2500,7333,505,0xf,False,0xacc3
1784018505.061,836,836,168191,4,1,11,-51,43,965,-5,-1,-5,101325,2500,7333,509,0xf,False,0xe529
1784018505.124,837,837,168391,4,1,-7,24,-17,982,1,-4,4,101325,2500,7333,487,0xf,False,0xf94c
1784018505.387,838,838,168591,4,1,9,-29,56,959,-1,-2,0,101325,2500,7333,508,0xf,False,0x4363
1784018505.655,839,839,168791,4,1,17,-43,47,921,0,1,-4,101325,2500,7333,515,0xf,False,0xebf8
1784018505.716,840,840,168991,4,1,4,-49,58,959,-4,0,-3,101325,2500,7333,498,0xf,False,0x52d4
1784018506.043,841,841,169191,4,1,-11,-45,37,929,0,-3,-1,101325,2500,7333,487,0xf,False,0x8b99
1784018506.170,842,842,169391,4,1,-12,24,-10,1005,3,-2,-3,101325,2500,7333,482,0xf,False,0x4be7
1784018506.429,843,843,169591,4,1,-8,39,53,932,-1,-1,-5,101325,2500,7333,499,0xf,False,0xdd55
1784018506.544,844,844,169791,4,1,15,55,59,1003,4,-5,-2,101325,2500,7333,517,0xf,False,0x6940
1784018506.855,845,845,169991,4,1,4,45,19,983,1,2,3,101325,2500,7333,516,0xf,False,0x85b6
1784018506.978,846,846,170191,4,1,-13,-8,-11,1050,-3,-4,0,101325,2500,7332,509,0xf,False,0xd724
1784018507.243,847,847,170391,4,1,3,-52,27,1074,-3,0,-3,101325,2500,7332,495,0xf,False,0x32f4
1784018507.367,848,848,170591,4,1,9,-54,55,1060,1,2,1,101325,2500,7332,504,0xf,False,0x5b7a
1784018507.570,849,849,170791,4,1,0,42,9,999,2,-3,-3,101325,2500,7332,503,0xf,False,0x406b
1784018507.789,850,850,170991,4,1,14,-5,47,976,-4,-2,2,101325,2500,7332,506,0xf,False,0xb7c5
1784018508.042,851,851,171191,4,1,16,-35,29,1042,3,2,1,101325,2500,7332,486,0xf,False,0xdaf6
1784018508.166,852,852,171391,4,1,11,26,-36,923,-2,-5,-4,101325,2500,7332,502,0xf,False,0xc39a
1784018508.462,853,853,171591,4,1,-2,-40,23,915,0,2,-1,101325,2500,7332,511,0xf,False,0x84fe
1784018508.589,854,854,171791,4,1,-18,-29,-33,1015,-2,3,4,101325,2500,7332,516,0xf,False,0xad0e
1784018508.793,855,855,171991,4,1,-4,9,-12,976,-2,0,-2,101325,2500,7332,491,0xf,False,0x9813
1784018508.980,856,856,172191,4,1,0,27,-30,907,0,-3,0,101325,2500,7332,503,0xf,False,0xe1d8
1784018509.231,857,857,172391,4,1,3,34,-47,991,2,-2,3,101325,2500,7332,488,0xf,False,0x6782
1784018509.444,858,858,172591,4,1,-4,50,-10,1009,-5,3,-2,101325,2500,7331,485,0xf,False,0xe8de
1784018509.511,859,859,172791,4,1,5,-39,-11,1031,4,-5,4,101325,2500,7331,487,0xf,False,0x6187
1784018509.818,860,860,172991,4,1,18,0,-17,984,-3,0,-3,101325,2500,7331,515,0xf,False,0xe01d
1784018510.010,861,861,173191,4,1,6,8,-50,1009,-3,-4,0,101325,2500,7331,481,0xf,False,0xb806
1784018510.222,862,862,173391,4,1,-15,-59,22,965,-4,4,-2,101325,2500,7331,496,0xf,False,0xba01
1784018510.336,863,863,173591,4,1,-18,54,-3,1094,2,-3,0,101325,2500,7331,483,0xf,False,0x4063
1784018510.584,864,864,173791,4,1,2,-60,49,1026,1,2,3,101325,2500,7331,515,0xf,False,0x6a6b
1784018510.788,865,865,173991,4,1,9,9,-20,1031,-1,-4,-3,101325,2500,7331,480,0xf,False,0xcd32
1784018511.007,866,866,174191,4,1,6,51,-45,943,-2,-5,3,101325,2500,7331,506,0xf,False,0x606b
1784018511.130,867,867,174391,4,1,-19,-36,24,962,-1,-2,4,101325,2500,7331,514,0xf,False,0x80d7
1784018511.379,868,868,174591,4,1,17,38,-41,946,-2,-3,2,101325,2500,7331,512,0xf,False,0x6010
1784018511.659,869,869,174791,4,1,19,-42,-38,924,4,-3,-4,101325,2500,7331,485,0xf,False,0xf107
1784018511.722,870,870,174991,4,1,2,3,12,992,0,-3,0,101325,2500,7331,480,0xf,False,0x2dcd
1784018511.972,871,871,175191,4,1,18,58,-38,1030,2,1,-3,101325,2500,7330,504,0xf,False,0x6edb
1784018512.159,872,872,175391,4,1,-7,-42,-32,997,-4,-4,-2,101325,2500,7330,484,0xf,False,0xc8cd
1784018512.472,873,873,175591,4,1,15,5,5,1042,-5,2,-3,101325,2500,7330,506,0xf,False,0xba78
1784018512.531,874,874,175791,4,1,-3,8,5,966,-3,-1,4,101325,2500,7330,486,0xf,False,0x5d3b
1784018512.735,875,875,175991,4,1,10,-6,-27,953,4,0,2,101325,2500,7330,506,0xf,False,0x230e
1784018512.985,876,876,176191,4,1,3,11,-43,988,-5,-3,4,101325,2500,7330,498,0xf,False,0xf982
1784018513.251,877,877,176391,4,1,9,-13,12,922,-1,0,-2,101325,2500,7330,508,0xf,False,0x93d8
1784018513.313,878,878,176591,4,1,12,-53,39,916,0,1,-4,101325,2500,7330,517,0xf,False,0xb4fb
1784018513.562,879,879,176791,4,1,-1,-18,22,988,0,4,-4,101325,2500,7330,494,0xf,False,0x1447
1784018513.828,880,880,176991,4,1,3,17,23,1061,-1,4,-1,101325,2500,7330,510,0xf,False,0x212c
1784018514.077,881,881,177191,4,1,-2,-43,50,973,1,2,4,101325,2500,7330,517,0xf,False,0x183b
1784018514.141,882,882,177391,4,1,19,-3,46,1093,-5,-3,1,101325,2500,7330,499,0xf,False,0xe554
1784018514.389,883,883,177591,4,1,-20,49,22,1039,3,-2,3,101325,2500,7329,498,0xf,False,0x4a9f
1784018514.575,884,884,177791,4,1,-19,-12,36,1022,0,-4,0,101325,2500,7329,482,0xf,False,0x45e
1784018514.760,885,885,177991,4,1,3,-37,-12,992,3,-4,-2,101325,2500,7329,511,0xf,False,0xd9d2
1784018514.945,886,886,178191,4,1,-9,13,-49,939,-4,-1,0,101325,2500,7329,504,0xf,False,0x848e
1784018515.195,887,887,178391,4,1,19,5,-40,1084,-2,-5,0,101325,2500,7329,514,0xf,False,0xd57b
1784018515.442,888,888,178591,4,1,-5,7,45,1031,1,2,4,101325,2500,7329,496,0xf,False,0xc56f
1784018515.520,889,889,178791,4,1,12,42,-30,930,-2,4,-3,101325,2500,7329,503,0xf,False,0xbed2
1784018515.798,890,890,178991,4,1,13,-48,36,1033,-4,-2,-3,101325,2500,7329,496,0xf,False,0x36f3
1784018515.990,891,891,179191,4,1,1,-17,-39,1029,4,-1,0,101325,2500,7329,497,0xf,False,0xd94d
1784018516.221,892,892,179391,4,1,-11,32,28,941,1,1,3,101325,2500,7329,482,0xf,False,0xca19
1784018516.346,893,893,179591,4,1,-10,51,55,1082,-3,4,-2,101325,2500,7329,485,0xf,False,0xf66a
1784018516.595,894,894,179791,4,1,11,-12,13,1047,3,3,-5,101325,2500,7329,505,0xf,False,0x82ee
1784018516.784,895,895,179991,4,1,10,15,22,1065,-3,-2,2,101325,2500,7329,498,0xf,False,0x72b7
1784018516.928,896,896,180191,4,1,-11,-10,-56,924,0,4,-4,101325,2500,7328,509,0xf,False,0xf066
1784018517.236,897,897,180391,4,1,-11,3,53,902,-5,-4,1,101325,2500,7328,516,0xf,False,0xb8d7
1784018517.379,898,898,180591,4,1,-17,13,-9,1049,3,4,3,101325,2500,7328,494,0xf,False,0xe945
1784018517.656,899,899,180791,4,1,10,11,-23,927,-1,1,4,101325,2500,7328,495,0xf,False,0xa1cb
1784018517.716,900,900,180991,4,1,-5,54,-55,924,-4,1,-1,101325,2500,7328,484,0xf,False,0x34dc
1784018517.967,901,901,181191,4,1,13,24,50,1025,1,-4,4,101325,2500,7328,500,0xf,False,0xaca2
1784018518.244,902,902,181391,4,1,-20,-16,-23,993,-3,1,2,101325,2500,7328,498,0xf,False,0x2b8
1784018518.450,903,903,181591,4,1,-1,-14,59,1030,4,4,-4,101325,2500,7328,480,0xf,False,0x793e
1784018518.512,904,904,181791,4,1,-2,52,-54,998,-1,1,-3,101325,2500,7328,487,0xf,False,0xf9a8
1784018518.761,905,905,181991,4,1,-6,-17,10,1085,-4,1,-3,101325,2500,7328,492,0xf,False,0x1605
1784018518.963,906,906,182191,4,1,9,32,43,1018,-3,-1,-1,101325,2500,7328,501,0xf,False,0x770a
1784018519.212,907,907,182391,4,1,-17,35,-47,989,-1,2,0,101325,2500,7328,483,0xf,False,0x29ae
1784018519.382,908,908,182591,4,1,-12,12,52,1032,4,-4,-4,101325,2500,7327,505,0xf,False,0xd411
1784018519.569,909,909,182791,4,1,16,0,40,970,0,-2,4,101325,2500,7327,516,0xf,False,0xc151
1784018519.817,910,910,182991,4,1,-4,26,-26,900,4,-4,4,101325,2500,7327,488,0xf,False,0x8927
1784018519.942,911,911,183191,4,1,0,46,8,968,-1,1,-5,101325,2500,7327,480,0xf,False,0x28fc
1784018520.175,912,912,183391,4,1,-20,32,-55,1093,-2,0,0,101325,2500,7327,483,0xf,False,0x89be
1784018520.367,913,913,183591,4,1,-20,-9,-47,920,3,-5,-1,101325,2500,7327,495,0xf,False,0x6c4f
1784018520.614,914,914,183791,4,1,2,-22,-14,1039,4,-2,-1,101325,2500,7327,490,0xf,False,0x5f78
1784018520.772,915,915,183991,4,1,0,11,1,997,-1,3,0,101325,2500,7327,511,0xf,False,0x17e3
1784018520.961,916,916,184191,4,1,-14,42,-55,1083,-4,1,-3,101325,2500,7327,487,0xf,False,0x47e2
1784018521.195,917,917,184391,4,1,-20,27,-38,915,-4,1,-5,101325,2500,7327,493,0xf,False,0x984f
1784018521.460,918,918,184591,4,1,-6,15,-24,938,4,0,1,101325,2500,7327,499,0xf,False,0xe98e
1784018521.522,919,919,184791,4,1,-18,-40,7,1054,2,-5,-5,101325,2500,7327,481,0xf,False,0x2811
1784018521.774,920,920,184991,4,1,-1,48,5,951,-2,2,0,101325,2500,7327,489,0xf,False,0xaa78
1784018521.972,921,921,185191,4,1,6,49,48,1022,-1,-4,-3,101325,2500,7326,515,0xf,False,0xf95d
1784018522.252,922,922,185391,4,1,-6,18,-54,1001,0,2,0,101325,2500,7326,497,0xf,False,0xb61f
1784018522.376,923,923,185591,4,1,1,-55,-41,974,3,2,3,101325,2500,7326,484,0xf,False,0x46a1
1784018522.579,924,924,185791,4,1,2,43,43,906,2,-2,4,101325,2500,7326,495,0xf,False,0xbe28
1784018522.860,925,925,185991,4,1,-3,59,-18,1053,2,-1,2,101325,2500,7326,490,0xf,False,0x352
1784018522.923,926,926,186191,4,1,-17,56,-11,1097,3,-1,3,101325,2500,7326,491,0xf,False,0x176e
1784018523.204,927,927,186391,4,1,18,-2,-41,1035,2,3,4,101325,2500,7326,493,0xf,False,0xcf0b
1784018523.345,928,928,186591,4,1,-19,-55,50,945,3,-1,3,101325,2500,7326,514,0xf,False,0x3488
1784018523.623,929,929,186791,4,1,-15,2,14,1077,2,-1,1,101325,2500,7326,500,0xf,False,0xfa1a
1784018523.748,930,930,186991,4,1,-11,-4,-46,1067,4,0,-2,101325,2500,7326,510,0xf,False,0xb06a
1784018523.965,931,931,187191,4,1,15,49,59,916,-4,-5,4,101325,2500,7326,502,0xf,False,0x115f
1784018524.169,932,932,187391,4,1,-7,-22,43,1006,0,-4,4,101325,2500,7326,492,0xf,False,0x4dbc
1784018524.464,933,933,187591,4,1,1,43,1,973,0,-4,-4,101325,2500,7325,513,0xf,False,0x4b2b
1784018524.525,934,934,187791,4,1,-3,-53,-28,906,-3,2,-2,101325,2500,7325,486,0xf,False,0x76df
1784018524.744,935,935,187991,4,1,9,2,10,915,0,-1,-1,101325,2500,7325,498,0xf,False,0xa1e2
1784018525.025,936,936,188191,4,1,-19,-41,-46,1075,1,-1,0,101325,2500,7325,485,0xf,False,0x930b
1784018525.212,937,937,188391,4,1,-13,-41,53,906,0,-2,4,101325,2500,7325,493,0xf,False,0x178e
1784018525.365,938,938,188591,4,1,5,-32,58,1020,-1,-1,-1,101325,2500,7325,507,0xf,False,0x8671
1784018525.672,939,939,188791,4,1,2,36,56,1076,3,-1,3,101325,2500,7325,495,0xf,False,0xc1de
1784018525.785,940,940,188991,4,1,7,-42,-1,939,-1,-5,1,101325,2500,7325,481,0xf,False,0x8c56
1784018526.064,941,941,189191,4,1,-2,5,-17,1045,-2,4,4,101325,2500,7325,486,0xf,False,0x300
1784018526.128,942,942,189391,4,1,-10,-31,-34,938,-1,4,-2,101325,2500,7325,499,0xf,False,0xb7a4
1784018526.377,943,943,189591,4,1,-5,-46,51,983,0,2,4,101325,2500,7325,495,0xf,False,0x52b8
1784018526.626,944,944,189791,4,1,18,-47,48,1009,1,-3,-5,101325,2500,7325,517,0xf,False,0x25a9
1784018526.751,945,945,189991,4,1,14,-47,35,907,2,-2,2,101325,2500,7325,496,0xf,False,0x8937
1784018526.986,946,946,190191,4,1,12,6,-1,919,0,-3,3,101325,2500,7324,486,0xf,False,0xa9dd
1784018527.173,947,947,190391,4,1,-11,32,-7,1012,3,-1,2,101325,2500,7324,492,0xf,False,0x86cc
1784018527.421,948,948,190591,4,1,-9,-42,-17,926,-3,4,4,101325,2500,7324,497,0xf,False,0xa492
1784018527.545,949,949,190791,4,1,-10,-30,-40,910,3,3,-3,101325,2500,7324,509,0xf,False,0xd4de
1784018527.761,950,950,190991,4,1,-17,-7,29,907,-1,-3,1,101325,2500,7324,511,0xf,False,0xb64d
1784018528.073,951,951,191191,4,1,-7,20,32,1076,1,4,0,101325,2500,7324,495,0xf,False,0xb471
1784018528.198,952,952,191391,4,1,19,-42,-50,937,-2,4,-5,101325,2500,7324,505,0xf,False,0xd489
1784018528.322,953,953,191591,4,1,9,-16,-9,975,-5,4,2,101325,2500,7324,482,0xf,False,0x7f5c
1784018528.572,954,954,191791,4,1,-17,15,3,916,-5,2,-2,101325,2500,7324,510,0xf,False,0x27f
1784018528.880,955,955,191991,4,1,-10,44,6,940,3,-1,-3,101325,2500,7324,513,0xf,False,0x2f50
1784018529.065,956,956,192191,4,1,6,0,56,946,-4,-3,-2,101325,2500,7324,517,0xf,False,0xab11
1784018529.127,957,957,192391,4,1,-14,-29,46,905,-5,-1,-3,101325,2500,7324,485,0xf,False,0x7c75
1784018529.378,958,958,192591,4,1,17,-5,10,948,4,4,-1,101325,2500,7323,492,0xf,False,0xa968
1784018529.594,959,959,192791,4,1,1,47,44,982,-1,-4,1,101325,2500,7323,484,0xf,False,0x4051
1784018529.735,960,960,192991,4,1,-17,-19,14,918,3,-3,-3,101325,2500,7323,513,0xf,False,0xbdb6
1784018529.939,961,961,193191,4,1,-16,-19,-58,919,2,3,-2,101325,2500,7323,511,0xf,False,0x37c0
1784018530.185,962,962,193391,4,1,-4,30,-54,1079,2,1,-2,101325,2500,7323,495,0xf,False,0xf360
1784018530.401,963,963,193591,4,1,3,-60,45,1024,-5,3,-3,101325,2500,7323,511,0xf,False,0x287d
1784018530.525,964,964,193791,4,1,-9,44,22,939,2,-4,-5,101325,2500,7323,488,0xf,False,0x643a
1784018530.774,965,965,193991,4,1,-20,-33,-16,939,-1,4,4,101325,2500,7323,497,0xf,False,0xfbeb
1784018531.033,966,966,194191,4,1,-18,-3,11,1062,3,3,2,101325,2500,7323,495,0xf,False,0x11f8
1784018531.226,967,967,194391,4,1,6,51,51,997,3,-1,2,101325,2500,7323,517,0xf,False,0xa80b
1784018531.393,968,968,194591,4,1,-11,39,-53,902,-2,4,4,101325,2500,7323,519,0xf,False,0xcf1d
1784018531.596,969,969,194791,4,1,-16,-49,-3,970,-2,-4,-2,101325,2500,7323,482,0xf,False,0xa68e
1784018531.798,970,970,194991,4,1,-15,-32,35,1044,0,0,-2,101325,2500,7323,498,0xf,False,0xb771
1784018532.077,971,971,195191,4,1,-7,-13,-53,1064,4,-2,-1,101325,2500,7322,483,0xf,False,0x3a96
1784018532.144,972,972,195391,4,1,2,41,0,959,0,-5,-3,101325,2500,7322,492,0xf,False,0x2c73
1784018532.463,973,973,195591,4,1,-18,-17,58,945,2,-3,-3,101325,2500,7322,507,0xf,False,0xffda
1784018532.595,974,974,195791,4,1,0,19,-60,1073,-1,2,-3,101325,2500,7322,481,0xf,False,0xcc85
1784018532.720,975,975,195991,4,1,-8,-1,20,957,1,2,2,101325,2500,7322,500,0xf,False,0xec79
1784018532.984,976,976,196191,4,1,19,-1,51,936,-3,-2,-4,101325,2500,7322,495,0xf,False,0x7c69
1784018533.172,977,977,196391,4,1,-13,-59,-27,945,-5,4,-2,101325,2500,7322,491,0xf,False,0xd7bf
1784018533.421,978,978,196591,4,1,8,-39,-31,1013,1,2,-2,101325,2500,7322,501,0xf,False,0xe834
1784018533.545,979,979,196791,4,1,0,20,19,1076,1,-3,0,101325,2500,7322,517,0xf,False,0x78c1
1784018533.778,980,980,196991,4,1,16,-28,50,1099,3,-3,-3,101325,2500,7322,483,0xf,False,0x1fe5
1784018534.057,981,981,197191,4,1,-4,27,-54,942,-2,0,-2,101325,2500,7322,505,0xf,False,0xbe53
1784018534.244,982,982,197391,4,1,-11,52,33,949,3,-2,-3,101325,2500,7322,480,0xf,False,0xd8b3
1784018534.407,983,983,197591,4,1,-1,-11,10,1075,-2,0,-2,101325,2500,7321,499,0xf,False,0xe1d
1784018534.603,984,984,197791,4,1,5,49,-2,987,4,-2,-3,101325,2500,7321,506,0xf,False,0xd07
1784018534.836,985,985,197991,4,1,-7,7,-17,1033,1,-2,-4,101325,2500,7321,486,0xf,False,0xded9
1784018534.898,986,986,198191,4,1,4,51,-34,1081,-4,-3,3,101325,2500,7321,495,0xf,False,0x525
1784018535.237,987,987,198391,4,1,1,59,25,943,0,2,1,101325,2500,7321,501,0xf,False,0xc2ae
1784018535.355,988,988,198591,4,1,16,2,44,996,-2,-2,0,101325,2500,7321,491,0xf,False,0x9502
1784018535.679,989,989,198791,4,1,8,11,-43,956,1,3,-4,101325,2500,7321,508,0xf,False,0x62a1
1784018535.757,990,990,198991,4,1,6,-43,59,998,3,-2,0,101325,2500,7321,516,0xf,False,0xd8b1
1784018535.960,991,991,199191,4,1,14,21,28,916,-4,-5,-4,101325,2500,7321,485,0xf,False,0x8567
1784018536.192,992,992,199391,4,1,2,2,-41,927,1,-2,4,101325,2500,7321,480,0xf,False,0x3bb1
1784018536.394,993,993,199591,4,1,12,25,-37,964,2,3,-5,101325,2500,7321,511,0xf,False,0xca12
1784018536.579,994,994,199791,4,1,-4,22,-32,911,-3,0,-5,101325,2500,7321,503,0xf,False,0xd4b4
1784018536.796,995,995,199991,4,1,4,-30,-29,1069,2,3,2,101325,2500,7321,487,0xf,False,0xb1f7
1784018537.016,996,996,200191,4,1,19,46,-36,945,0,-2,1,101325,2500,7320,503,0xf,False,0x9f20
1784018537.202,997,997,200391,4,1,-20,15,17,987,-4,-5,-5,101325,2500,7320,519,0xf,False,0xbd07
1784018537.327,998,998,200591,4,1,-19,-40,-55,1066,3,-5,-3,101325,2500,7320,514,0xf,False,0x7af
1784018537.546,999,999,200791,4,1,5,10,11,922,2,4,3,101325,2500,7320,504,0xf,False,0x554c
1784018537.842,1000,1000,200991,4,1,-1,39,53,1093,-5,0,-4,101325,2500,7320,481,0xf,False,0x46e1
1784018537.901,1001,1001,201191,4,1,-11,17,39,974,1,2,-3,101325,2500,7320,505,0xf,False,0xc608
1784018538.238,1002,1002,201391,4,1,14,54,47,963,-4,-3,1,101325,2500,7320,486,0xf,False,0xd4ff
1784018538.416,1003,1003,201591,4,1,-19,54,-24,911,0,-2,2,101325,2500,7320,493,0xf,False,0x8022
1784018538.649,1004,1004,201791,4,1,-3,-46,16,911,1,-4,0,101325,2500,7320,502,0xf,False,0x44bf
1784018538.711,1005,1005,201991,4,1,-15,-18,-53,906,1,0,2,101325,2500,7320,498,0xf,False,0x1f17
1784018538.960,1006,1006,202191,4,1,2,-36,17,918,-5,3,0,101325,2500,7320,511,0xf,False,0x6c76
1784018539.212,1007,1007,202391,4,1,2,43,57,939,4,0,-1,101325,2500,7320,486,0xf,False,0x9b1b
1784018539.461,1008,1008,202591,4,1,-2,28,29,960,1,1,-2,101325,2500,7319,502,0xf,False,0x34fb
1784018539.524,1009,1009,202791,4,1,-13,-29,-29,1012,-3,-2,-1,101325,2500,7319,495,0xf,False,0x971e
1784018539.757,1010,1010,202991,4,1,12,-2,-14,942,-2,4,-1,101325,2500,7319,488,0xf,False,0x3302
1784018539.961,1011,1011,203191,4,1,-9,2,-25,1007,0,-2,2,101325,2500,7319,519,0xf,False,0x4961
1784018540.238,1012,1012,203391,4,1,-16,51,33,965,3,4,-4,101325,2500,7319,513,0xf,False,0xad33
1784018540.389,1013,1013,203591,4,1,-3,48,11,1097,3,-1,1,101325,2500,7319,484,0xf,False,0x974
1784018540.564,1014,1014,203791,4,1,18,-24,-55,990,4,1,-3,101325,2500,7319,484,0xf,False,0xdd01
1784018540.813,1015,1015,203991,4,1,-8,53,-21,925,1,4,-2,101325,2500,7319,513,0xf,False,0x22b2
1784018540.937,1016,1016,204191,4,1,-10,47,-27,950,3,3,-3,101325,2500,7319,483,0xf,False,0xaaf
1784018541.202,1017,1017,204391,4,1,-1,5,-50,1088,-3,-1,-2,101325,2500,7319,505,0xf,False,0xfa34
1784018541.404,1018,1018,204591,4,1,13,-38,-36,993,-3,-1,1,101325,2500,7319,496,0xf,False,0xb0e
1784018541.591,1019,1019,204791,4,1,-4,-12,-45,1043,-5,4,-1,101325,2500,7319,502,0xf,False,0x83be
1784018541.731,1020,1020,204991,4,1,-17,-30,25,984,-3,3,2,101325,2500,7319,495,0xf,False,0xde77
1784018541.932,1021,1021,205191,4,1,3,-12,20,1024,3,-4,-5,101325,2500,7318,488,0xf,False,0x9bd2
1784018542.218,1022,1022,205391,4,1,-8,55,20,1048,-5,-4,-1,101325,2500,7318,511,0xf,False,0xdc3c
1784018542.403,1023,1023,205591,4,1,-19,-29,-29,1063,-1,3,-1,101325,2500,7318,492,0xf,False,0x1353
1784018542.527,1024,1024,205791,4,1,8,13,45,994,2,-4,-2,101325,2500,7318,509,0xf,False,0x7a59
1784018542.762,1025,1025,205991,4,1,11,38,-18,975,-4,-4,-4,101325,2500,7318,500,0xf,False,0x40bc
1784018543.013,1026,1026,206191,4,1,-13,37,-33,1083,-1,-3,0,101325,2500,7318,516,0xf,False,0xc71e
1784018543.215,1027,1027,206391,4,1,-13,-14,-49,1058,-5,-5,-4,101325,2500,7318,515,0xf,False,0xc3c0
1784018543.340,1028,1028,206591,4,1,3,5,-30,947,0,4,3,101325,2500,7318,508,0xf,False,0xd10d
1784018543.630,1029,1029,206791,4,1,8,14,19,965,-3,-2,-4,101325,2500,7318,503,0xf,False,0x2ebf
1784018543.822,1030,1030,206991,4,1,16,-24,15,975,-5,-3,-3,101325,2500,7318,498,0xf,False,0xafb7
1784018543.970,1031,1031,207191,4,1,0,-55,31,1058,-1,2,0,101325,2500,7318,485,0xf,False,0xed7b
1784018544.163,1032,1032,207391,4,1,19,-30,0,959,-1,-5,-1,101325,2500,7318,514,0xf,False,0x4f2c
1784018544.427,1033,1033,207591,4,1,14,49,36,972,-2,4,4,101325,2500,7317,481,0xf,False,0x1eff
1784018544.645,1034,1034,207791,4,1,-18,9,29,1031,-3,2,-3,101325,2500,7317,487,0xf,False,0x2a2b
1784018544.707,1035,1035,207991,4,1,-2,-20,-5,933,1,3,4,101325,2500,7317,496,0xf,False,0x6936
1784018544.986,1036,1036,208191,4,1,-20,0,37,1053,-2,3,-1,101325,2500,7317,513,0xf,False,0x4249
1784018545.187,1037,1037,208391,4,1,-13,-16,41,963,3,1,-5,101325,2500,7317,481,0xf,False,0x2478
1784018545.466,1038,1038,208591,4,1,-5,-46,22,978,-1,1,-5,101325,2500,7317,497,0xf,False,0x700a
1784018545.525,1039,1039,208791,4,1,2,-28,2,901,0,3,4,101325,2500,7317,493,0xf,False,0x91d6
1784018545.794,1040,1040,208991,4,1,-2,-15,-24,1006,-4,-1,-4,101325,2500,7317,503,0xf,False,0xf380
1784018546.101,1041,1041,209191,4,1,6,-44,21,1026,-4,4,-1,101325,2500,7317,484,0xf,False,0x63fe
1784018546.101,1042,1042,209391,4,1,11,-48,-24,1040,4,3,-5,101325,2500,7317,510,0xf,False,0x2d45
1784018546.352,1043,1043,209591,4,1,17,38,-60,926,3,-3,-1,101325,2500,7317,512,0xf,False,0x7f3c
1784018546.618,1044,1044,209791,4,1,13,-2,43,1075,-4,-3,-4,101325,2500,7317,518,0xf,False,0xd000
1784018546.804,1045,1045,209991,4,1,1,-51,-33,1074,-3,2,-5,101325,2500,7317,511,0xf,False,0xb473
1784018546.975,1046,1046,210191,4,1,-6,-31,-54,942,1,-5,-4,101325,2500,7316,492,0xf,False,0xe090
1784018547.116,1047,1047,210391,4,1,-2,-46,0,981,-2,3,-5,101325,2500,7316,500,0xf,False,0xbf89
1784018547.381,1048,1048,210591,4,1,-4,32,6,948,-1,1,-5,101325,2500,7316,516,0xf,False,0xe173
1784018547.630,1049,1049,210791,4,1,-16,-43,-36,1061,0,-3,0,101325,2500,7316,502,0xf,False,0xb124
1784018547.756,1050,1050,210991,4,1,12,14,1,1059,-5,-4,2,101325,2500,7316,496,0xf,False,0x9c76
1784018547.944,1051,1051,211191,4,1,-2,10,37,968,2,2,-2,101325,2500,7316,496,0xf,False,0xbd37
1784018548.222,1052,1052,211391,4,1,-12,-2,13,904,-5,3,-1,101325,2500,7316,515,0xf,False,0x3798
1784018548.487,1053,1053,211591,4,1,8,-45,-27,1049,2,-4,-3,101325,2500,7316,510,0xf,False,0x9f26
1784018548.549,1054,1054,211791,4,1,12,49,-20,982,2,-2,0,101325,2500,7316,510,0xf,False,0x41ba
1784018548.736,1055,1055,211991,4,1,-3,-50,-29,953,-4,-5,-2,101325,2500,7316,514,0xf,False,0xa665
1784018549.002,1056,1056,212191,4,1,1,26,-47,1099,-3,-2,1,101325,2500,7316,498,0xf,False,0x42c4
1784018549.172,1057,1057,212391,4,1,17,-7,-20,979,-2,-2,1,101325,2500,7316,504,0xf,False,0xbfe4
1784018549.377,1058,1058,212591,4,1,-13,4,47,932,1,1,-4,101325,2500,7315,504,0xf,False,0xe069
1784018549.608,1059,1059,212791,4,1,-11,-4,-34,1006,3,4,-4,101325,2500,7315,505,0xf,False,0x6452
1784018549.796,1060,1060,212991,4,1,4,16,53,945,-5,-2,-4,101325,2500,7315,480,0xf,False,0xca7f
1784018549.923,1061,1061,213191,4,1,19,-40,41,1016,1,-5,3,101325,2500,7315,484,0xf,False,0x7b2c
1784018550.226,1062,1062,213391,4,1,15,-19,55,973,4,0,-3,101325,2500,7315,480,0xf,False,0x5ea4
1784018550.406,1063,1063,213591,4,1,9,53,30,1067,-5,0,-2,101325,2500,7315,485,0xf,False,0x9ab
1784018550.670,1064,1064,213791,4,1,-18,-50,-28,1006,1,-5,2,101325,2500,7315,506,0xf,False,0xf2f8
1784018550.732,1065,1065,213991,4,1,-3,-30,39,987,-4,4,0,101325,2500,7315,502,0xf,False,0xa061
1784018551.029,1066,1066,214191,4,1,3,48,16,952,-5,2,-5,101325,2500,7315,505,0xf,False,0x687f
1784018551.217,1067,1067,214391,4,1,-3,0,-6,1078,-5,-1,2,101325,2500,7315,496,0xf,False,0x940f
1784018551.436,1068,1068,214591,4,1,2,-34,-10,1007,-4,3,-4,101325,2500,7315,487,0xf,False,0xdd2f
1784018551.561,1069,1069,214791,4,1,-19,-22,42,925,1,-2,-2,101325,2500,7315,496,0xf,False,0x8f74
1784018551.747,1070,1070,214991,4,1,9,-40,-40,920,-5,3,-5,101325,2500,7315,497,0xf,False,0x38e0
1784018551.995,1071,1071,215191,4,1,9,5,-35,1001,-3,-5,2,101325,2500,7314,506,0xf,False,0x1ce
1784018552.120,1072,1072,215391,4,1,-13,48,36,1064,-4,4,-1,101325,2500,7314,491,0xf,False,0x6e89
1784018552.323,1073,1073,215591,4,1,-15,-18,54,1013,-3,2,3,101325,2500,7314,489,0xf,False,0x88e4
1784018552.571,1074,1074,215791,4,1,-8,12,-50,1049,-1,0,4,101325,2500,7314,513,0xf,False,0x6714
1784018552.821,1075,1075,215991,4,1,2,6,-28,1068,-4,1,4,101325,2500,7314,508,0xf,False,0x304e
1784018552.947,1076,1076,216191,4,1,7,13,-37,1045,4,1,3,101325,2500,7314,481,0xf,False,0x371b
1784018553.165,1077,1077,216391,4,1,19,20,55,903,2,2,2,101325,2500,7314,512,0xf,False,0x3cf
1784018553.413,1078,1078,216591,4,1,-5,47,57,1000,-3,-4,-1,101325,2500,7314,482,0xf,False,0x1f01
1784018553.629,1079,1079,216791,4,1,9,30,23,1047,1,-1,-4,101325,2500,7314,500,0xf,False,0xf746
1784018553.754,1080,1080,216991,4,1,-10,51,-54,902,-5,-4,4,101325,2500,7314,511,0xf,False,0xd275
1784018553.992,1081,1081,217191,4,1,16,-39,33,1034,-2,1,-2,101325,2500,7314,515,0xf,False,0x60f3
1784018554.190,1082,1082,217391,4,1,-15,-59,-6,1016,-1,3,1,101325,2500,7314,514,0xf,False,0x9073
1784018554.457,1083,1083,217591,4,1,10,26,-58,957,-4,-3,4,101325,2500,7313,516,0xf,False,0x750f
1784018554.532,1084,1084,217791,4,1,15,-24,-50,941,-5,-1,0,101325,2500,7313,482,0xf,False,0x32ae
1784018554.782,1085,1085,217991,4,1,-18,-46,-17,1097,-4,-5,-1,101325,2500,7313,490,0xf,False,0xf942
1784018555.017,1086,1086,218191,4,1,15,50,30,1072,4,-2,-5,101325,2500,7313,489,0xf,False,0xa5e5
1784018555.141,1087,1087,218391,4,1,13,-51,-45,983,-1,4,-5,101325,2500,7313,504,0xf,False,0x5064
1784018555.374,1088,1088,218591,4,1,7,21,31,1070,0,-1,-1,101325,2500,7313,519,0xf,False,0x3998
1784018555.575,1089,1089,218791,4,1,7,-49,3,1090,-1,4,2,101325,2500,7313,498,0xf,False,0xe240
1784018555.837,1090,1090,218991,4,1,-15,-48,11,989,-4,3,-1,101325,2500,7313,504,0xf,False,0x2406
1784018555.899,1091,1091,219191,4,1,-12,-19,-9,909,2,-1,-4,101325,2500,7313,505,0xf,False,0x72aa
1784018556.147,1092,1092,219391,4,1,-17,-8,0,995,0,4,1,101325,2500,7313,480,0xf,False,0xaade
1784018556.477,1093,1093,219591,4,1,0,-9,-56,1035,-1,3,4,101325,2500,7313,501,0xf,False,0x8627
1784018556.617,1094,1094,219791,4,1,-9,-46,42,1097,-2,1,1,101325,2500,7313,503,0xf,False,0x3b04
1784018556.776,1095,1095,219991,4,1,1,-18,19,1092,3,-3,-2,101325,2500,7313,483,0xf,False,0xd470
1784018556.978,1096,1096,220191,4,1,8,39,3,1073,1,-5,1,101325,2500,7312,481,0xf,False,0xf06d
1784018557.227,1097,1097,220391,4,1,13,47,59,962,1,-1,-4,101325,2500,7312,488,0xf,False,0xec93
1784018557.474,1098,1098,220591,4,1,-12,-40,-1,1067,-5,-1,-5,101325,2500,7312,502,0xf,False,0x5b35
1784018557.538,1099,1099,220791,4,1,-18,36,-24,1005,-1,0,0,101325,2500,7312,490,0xf,False,0xc6d4
1784018557.785,1100,1100,220991,4,1,7,-57,25,933,-3,1,0,101325,2500,7312,510,0xf,False,0x66e1
1784018558.004,1101,1101,221191,4,1,-16,25,-47,956,4,-1,-2,101325,2500,7312,492,0xf,False,0xa451
1784018558.283,1102,1102,221391,4,1,-9,-16,-30,1032,-1,-4,-2,101325,2500,7312,512,0xf,False,0x366a
1784018558.376,1103,1103,221591,4,1,-17,-38,-39,989,-2,4,4,101325,2500,7312,502,0xf,False,0x277d
1784018558.589,1104,1104,221791,4,1,15,-23,28,998,1,-3,4,101325,2500,7312,483,0xf,False,0x12d8
1784018558.845,1105,1105,221991,4,1,-12,57,46,988,-5,2,-3,101325,2500,7312,500,0xf,False,0x19a7
1784018558.921,1106,1106,222191,4,1,18,32,40,1049,2,4,0,101325,2500,7312,506,0xf,False,0x1bf5
1784018559.126,1107,1107,222391,4,1,10,41,-27,972,-5,-1,-4,101325,2500,7312,481,0xf,False,0xdaec
1784018559.361,1108,1108,222591,4,1,-8,38,3,953,-3,-4,0,101325,2500,7311,481,0xf,False,0x91a8
1784018559.607,1109,1109,222791,4,1,16,-1,35,1061,-3,-4,4,101325,2500,7311,480,0xf,False,0x1932
1784018559.760,1110,1110,222991,4,1,-19,-59,20,1071,2,-1,-5,101325,2500,7311,519,0xf,False,0xe936
1784018559.946,1111,1111,223191,4,1,1,25,-14,1032,0,1,4,101325,2500,7311,512,0xf,False,0xaf86
1784018560.225,1112,1112,223391,4,1,2,24,43,996,4,-4,-5,101325,2500,7311,515,0xf,False,0xafce
1784018560.479,1113,1113,223591,4,1,17,32,-13,1032,2,3,1,101325,2500,7311,505,0xf,False,0x7b57
1784018560.539,1114,1114,223791,4,1,18,-15,-3,1028,-2,4,-4,101325,2500,7311,482,0xf,False,0x8bd4
1784018560.790,1115,1115,223991,4,1,-13,-8,54,1066,0,-3,1,101325,2500,7311,518,0xf,False,0xcfb5
1784018560.977,1116,1116,224191,4,1,15,-16,-48,916,-2,-3,2,101325,2500,7311,480,0xf,False,0x96d9
1784018561.289,1117,1117,224391,4,1,12,33,-57,1058,-4,2,-1,101325,2500,7311,491,0xf,False,0x2aa2
1784018561.351,1118,1118,224591,4,1,-14,25,-16,912,-2,0,-2,101325,2500,7311,485,0xf,False,0xf47f
1784018561.663,1119,1119,224791,4,1,9,-30,-31,1052,-1,-2,3,101325,2500,7311,507,0xf,False,0x1100
1784018561.848,1120,1120,224991,4,1,19,-10,-51,1067,-4,-5,2,101325,2500,7311,515,0xf,False,0x40ae
1784018561.938,1121,1121,225191,4,1,-19,56,-39,997,2,-4,-5,101325,2500,7310,489,0xf,False,0x5a61
1784018562.190,1122,1122,225391,4,1,14,-47,41,1001,1,-5,-4,101325,2500,7310,506,0xf,False,0xa1a8
1784018562.393,1123,1123,225591,4,1,15,-20,51,1048,-1,4,-3,101325,2500,7310,493,0xf,False,0x4404
1784018562.593,1124,1124,225791,4,1,7,21,-15,1052,-4,4,-2,101325,2500,7310,516,0xf,False,0x77c5
1784018562.781,1125,1125,225991,4,1,12,-18,40,989,2,4,-5,101325,2500,7310,480,0xf,False,0x24a1
1784018562.986,1126,1126,226191,4,1,19,49,50,1069,0,-1,-4,101325,2500,7310,506,0xf,False,0xac
1784018563.205,1127,1127,226391,4,1,16,-42,-2,970,3,3,0,101325,2500,7310,480,0xf,False,0xe4cb
1784018563.445,1128,1128,226591,4,1,19,23,46,983,4,-3,-5,101325,2500,7310,517,0xf,False,0x3581
1784018563.562,1129,1129,226791,4,1,1,-53,17,1053,2,-1,4,101325,2500,7310,503,0xf,False,0x1530
1784018563.749,1130,1130,226991,4,1,17,43,17,1017,-5,1,-1,101325,2500,7310,491,0xf,False,0xa441
1784018564.013,1131,1131,227191,4,1,-9,34,-59,1079,-2,-5,2,101325,2500,7310,517,0xf,False,0x726f
1784018564.261,1132,1132,227391,4,1,-5,-59,59,1024,-2,-1,3,101325,2500,7310,506,0xf,False,0x5df1
1784018564.323,1133,1133,227591,4,1,-18,-22,6,933,-1,-4,0,101325,2500,7309,487,0xf,False,0x20a5
1784018564.635,1134,1134,227791,4,1,16,-54,-45,999,0,4,-2,101325,2500,7309,483,0xf,False,0x9aac
1784018564.823,1135,1135,227991,4,1,0,51,-5,1074,-2,0,4,101325,2500,7309,512,0xf,False,0xd96a
1784018564.995,1136,1136,228191,4,1,-6,-24,-44,1060,-3,-4,3,101325,2500,7309,505,0xf,False,0x3ecb
1784018565.182,1137,1137,228391,4,1,-16,-18,2,1084,-3,2,-4,101325,2500,7309,481,0xf,False,0x3fad
1784018565.366,1138,1138,228591,4,1,4,53,15,1047,-5,0,3,101325,2500,7309,481,0xf,False,0x2996
1784018565.616,1139,1139,228791,4,1,-5,46,-38,985,1,-1,-3,101325,2500,7309,495,0xf,False,0x7b77
1784018565.744,1140,1140,228991,4,1,15,-10,48,1062,1,-4,-3,101325,2500,7309,484,0xf,False,0x17c7
1784018566.015,1141,1141,229191,4,1,-10,-4,-11,918,4,3,4,101325,2500,7309,491,0xf,False,0x91a5
1784018566.212,1142,1142,229391,4,1,-14,-16,22,1093,-4,-2,-3,101325,2500,7309,509,0xf,False,0xe287
1784018566.459,1143,1143,229591,4,1,-5,-9,1,936,1,4,-4,101325,2500,7309,512,0xf,False,0xd347
1784018566.571,1144,1144,229791,4,1,19,-26,38,1030,4,-3,3,101325,2500,7309,506,0xf,False,0xb5f8
1784018566.790,1145,1145,229991,4,1,0,13,0,1054,-3,1,3,101325,2500,7309,519,0xf,False,0x38c4
1784018566.977,1146,1146,230191,4,1,-5,10,41,975,-3,-5,-1,101325,2500,7308,495,0xf,False,0xf3c3
1784018567.226,1147,1147,230391,4,1,-17,12,25,1080,1,4,-5,101325,2500,7308,497,0xf,False,0xd306
1784018567.351,1148,1148,230591,4,1,7,-60,26,1052,3,4,3,101325,2500,7308,497,0xf,False,0xf307
1784018567.601,1149,1149,230791,4,1,-10,-3,-26,916,-4,-1,-1,101325,2500,7308,504,0xf,False,0x7c5e
1784018567.788,1150,1150,230991,4,1,-2,-38,28,1065,-2,4,2,101325,2500,7308,480,0xf,False,0x7cf2
1784018567.912,1151,1151,231191,4,1,15,-26,-58,947,3,-5,-1,101325,2500,7308,495,0xf,False,0xf602
1784018568.192,1152,1152,231391,4,1,-9,-55,-30,921,2,-2,-3,101325,2500,7308,490,0xf,False,0xc1d4
1784018568.394,1153,1153,231591,4,1,5,41,-18,998,0,-4,2,101325,2500,7308,518,0xf,False,0x610c
1784018568.613,1154,1154,231791,4,1,-16,-55,-41,1064,3,-5,1,101325,2500,7308,512,0xf,False,0xa2d7
1784018568.739,1155,1155,231991,4,1,17,50,47,1026,4,-4,-5,101325,2500,7308,513,0xf,False,0xe361
1784018568.972,1156,1156,232191,4,1,15,22,0,907,3,-5,-3,101325,2500,7308,490,0xf,False,0xd49f
1784018569.222,1157,1157,232391,4,1,-6,-28,37,932,-3,-1,2,101325,2500,7308,515,0xf,False,0x9e26
1784018569.407,1158,1158,232591,4,1,-16,-42,43,901,-2,3,1,101325,2500,7307,496,0xf,False,0x4f2c
1784018569.573,1159,1159,232791,4,1,5,-23,-6,1029,4,0,3,101325,2500,7307,513,0xf,False,0xaab5
1784018569.764,1160,1160,232991,4,1,-11,30,41,1014,-4,4,3,101325,2500,7307,509,0xf,False,0xcbdf
1784018569.998,1161,1161,233191,4,1,-20,15,-57,961,4,-5,0,101325,2500,7307,519,0xf,False,0xfca6
1784018570.288,1162,1162,233391,4,1,5,59,-20,1059,1,1,4,101325,2500,7307,517,0xf,False,0x3ad7
1784018570.342,1163,1163,233591,4,1,-2,33,-12,1073,-3,0,4,101325,2500,7307,515,0xf,False,0x76d5
1784018570.648,1164,1164,233791,4,1,-15,5,9,1031,3,1,1,101325,2500,7307,480,0xf,False,0x36e0
1784018570.827,1165,1165,233991,4,1,-15,-28,-33,1054,0,1,0,101325,2500,7307,487,0xf,False,0x1db2
1784018570.981,1166,1166,234191,4,1,-2,34,56,996,2,-2,0,101325,2500,7307,500,0xf,False,0xced5
1784018571.137,1167,1167,234391,4,1,-1,-12,40,963,3,2,0,101325,2500,7307,506,0xf,False,0x21b6
1784018571.420,1168,1168,234591,4,1,19,57,27,976,-1,0,-1,101325,2500,7307,493,0xf,False,0x146b
1784018571.607,1169,1169,234791,4,1,18,25,4,994,-4,-3,0,101325,2500,7307,497,0xf,False,0x2e53
1784018571.783,1170,1170,234991,4,1,-8,58,-18,1030,-2,1,-5,101325,2500,7307,511,0xf,False,0x4cf1
1784018571.966,1171,1171,235191,4,1,-19,-33,-45,927,-2,0,-3,101325,2500,7306,488,0xf,False,0xbe58
1784018572.169,1172,1172,235391,4,1,7,49,-31,1006,4,-3,-2,101325,2500,7306,513,0xf,False,0x23fa
1784018572.434,1173,1173,235591,4,1,-8,-55,38,979,-4,-5,-2,101325,2500,7306,490,0xf,False,0x906a
1784018572.556,1174,1174,235791,4,1,-20,-53,47,949,-5,0,-1,101325,2500,7306,481,0xf,False,0xcb45
1784018572.751,1175,1175,235991,4,1,-8,-2,34,1023,-3,4,2,101325,2500,7306,515,0xf,False,0xb068
1784018573.006,1176,1176,236191,4,1,-6,20,51,999,2,3,1,101325,2500,7306,516,0xf,False,0x787d
1784018573.161,1177,1177,236391,4,1,-20,28,11,1050,2,-4,3,101325,2500,7306,519,0xf,False,0x731f
1784018573.363,1178,1178,236591,4,1,17,34,27,904,-3,-1,-3,101325,2500,7306,519,0xf,False,0x6e41
1784018573.565,1179,1179,236791,4,1,-8,15,44,915,-1,3,-5,101325,2500,7306,489,0xf,False,0x94cb
1784018573.845,1180,1180,236991,4,1,-14,35,-18,1017,4,4,-3,101325,2500,7306,503,0xf,False,0x69b0
1784018573.908,1181,1181,237191,4,1,17,26,-30,1024,1,-5,-3,101325,2500,7306,517,0xf,False,0xd80d
1784018574.172,1182,1182,237391,4,1,-18,15,-50,1001,-3,-5,-1,101325,2500,7306,505,0xf,False,0x17ee
1784018574.357,1183,1183,237591,4,1,11,-31,-16,946,4,3,2,101325,2500,7305,485,0xf,False,0x74a2
1784018574.621,1184,1184,237791,4,1,16,-42,-6,966,-3,-2,4,101325,2500,7305,489,0xf,False,0xff5f
1784018574.745,1185,1185,237991,4,1,-17,44,-59,1048,3,0,0,101325,2500,7305,507,0xf,False,0xdeb0
1784018575.010,1186,1186,238191,4,1,11,-27,-24,1013,-4,3,-2,101325,2500,7305,489,0xf,False,0x17e7
1784018575.204,1187,1187,238391,4,1,-3,-16,-48,1094,2,3,1,101325,2500,7305,488,0xf,False,0x7cf2
1784018575.400,1188,1188,238591,4,1,6,18,-26,981,0,4,1,101325,2500,7305,502,0xf,False,0xc3ad
1784018575.546,1189,1189,238791,4,1,-11,35,52,950,-5,1,-2,101325,2500,7305,511,0xf,False,0x2819
1784018575.745,1190,1190,238991,4,1,17,52,59,1096,0,-1,3,101325,2500,7305,480,0xf,False,0x351d
1784018576.011,1191,1191,239191,4,1,5,9,35,1098,-3,-2,-2,101325,2500,7305,493,0xf,False,0xa8e9
1784018576.135,1192,1192,239391,4,1,-9,-1,17,1023,1,-2,2,101325,2500,7305,508,0xf,False,0x9549
1784018576.354,1193,1193,239591,4,1,15,3,43,969,-1,4,-4,101325,2500,7305,485,0xf,False,0x6a9c
1784018576.650,1194,1194,239791,4,1,1,35,59,1062,-5,2,-1,101325,2500,7305,507,0xf,False,0xa2a2
1784018576.790,1195,1195,239991,4,1,11,-20,23,1004,0,0,-3,101325,2500,7305,512,0xf,False,0x91c3
1784018576.950,1196,1196,240191,4,1,-14,-51,-14,969,-2,-4,-4,101325,2500,7304,510,0xf,False,0xf172
1784018577.165,1197,1197,240391,4,1,-4,59,-23,1012,-4,1,-3,101325,2500,7304,484,0xf,False,0xc8fa
1784018577.368,1198,1198,240591,4,1,9,12,53,939,-3,-1,-1,101325,2500,7304,486,0xf,False,0x903f
1784018577.617,1199,1199,240791,4,1,0,32,40,981,-4,2,4,101325,2500,7304,508,0xf,False,0x9c70
1784018577.787,1200,1200,240991,4,1,-18,-13,-12,942,4,-1,2,101325,2500,7304,516,0xf,False,0x508b
1784018577.974,1201,1201,241191,4,1,5,-44,5,1076,4,0,-4,101325,2500,7304,483,0xf,False,0xadc5
1784018578.212,1202,1202,241391,4,1,15,5,23,1057,0,4,3,101325,2500,7304,504,0xf,False,0x6209
1784018578.464,1203,1203,241591,4,1,5,-11,-36,1068,-3,3,3,101325,2500,7304,502,0xf,False,0x6aaa
1784018578.522,1204,1204,241791,4,1,-2,6,-14,951,1,1,2,101325,2500,7304,500,0xf,False,0x1ff4
1784018578.804,1205,1205,241991,4,1,8,-14,-13,1016,-2,-5,-5,101325,2500,7304,492,0xf,False,0x7498
1784018579.005,1206,1206,242191,4,1,3,18,27,1017,0,4,-2,101325,2500,7304,519,0xf,False,0xe4d9
1784018579.165,1207,1207,242391,4,1,-15,49,4,1058,2,-5,-2,101325,2500,7304,495,0xf,False,0x4dcc
1784018579.348,1208,1208,242591,4,1,-6,27,29,986,-2,2,-4,101325,2500,7303,481,0xf,False,0x32ea
1784018579.612,1209,1209,242791,4,1,10,-46,57,907,4,3,-3,101325,2500,7303,506,0xf,False,0xe6d1
1784018579.802,1210,1210,242991,4,1,-10,51,-10,926,3,3,-3,101325,2500,7303,496,0xf,False,0x38bc
1784018579.938,1211,1211,243191,4,1,19,11,57,1095,3,2,-5,101325,2500,7303,490,0xf,False,0xc371
1784018580.158,1212,1212,243391,4,1,-1,7,21,928,-4,2,-4,101325,2500,7303,490,0xf,False,0xe0f4
1784018580.406,1213,1213,243591,4,1,-18,27,22,1082,4,-4,-1,101325,2500,7303,490,0xf,False,0xa762
1784018580.606,1214,1214,243791,4,1,10,-10,0,1079,-5,-5,0,101325,2500,7303,491,0xf,False,0xfa5e
1784018580.731,1215,1215,243991,4,1,-20,52,-54,905,2,2,-1,101325,2500,7303,490,0xf,False,0x529
1784018580.964,1216,1216,244191,4,1,-6,31,-58,985,2,-2,1,101325,2500,7303,507,0xf,False,0xfa71
1784018581.213,1217,1217,244391,4,1,18,-36,10,1005,-5,-1,-4,101325,2500,7303,506,0xf,False,0xb236
1784018581.413,1218,1218,244591,4,1,-11,25,21,1029,3,0,0,101325,2500,7303,504,0xf,False,0x39f6
1784018581.568,1219,1219,244791,4,1,18,-16,19,943,4,0,0,101325,2500,7303,495,0xf,False,0x8c42
1784018581.755,1220,1220,244991,4,1,-18,-43,-4,1090,3,-2,2,101325,2500,7303,500,0xf,False,0xb4f6
1784018582.067,1221,1221,245191,4,1,17,59,-55,1078,3,4,3,101325,2500,7302,506,0xf,False,0xb773
1784018582.128,1222,1222,245391,4,1,3,-43,-40,988,1,2,-4,101325,2500,7302,491,0xf,False,0x9257
1784018582.333,1223,1223,245591,4,1,0,41,-43,951,-3,0,4,101325,2500,7302,486,0xf,False,0x252a
1784018582.580,1224,1224,245791,4,1,0,-28,35,927,0,1,4,101325,2500,7302,492,0xf,False,0xbfe
1784018582.829,1225,1225,245991,4,1,14,-24,6,902,-2,2,-5,101325,2500,7302,482,0xf,False,0xe9e5
1784018583.018,1226,1226,246191,4,1,19,-5,-22,948,-1,-1,-1,101325,2500,7302,511,0xf,False,0xfefc
1784018583.143,1227,1227,246391,4,1,-18,-51,-45,965,-3,3,-3,101325,2500,7302,505,0xf,False,0xa0a0
1784018583.395,1228,1228,246591,4,1,4,-32,-8,920,2,-3,-3,101325,2500,7302,511,0xf,False,0xb805
1784018583.646,1229,1229,246791,4,1,-6,34,-32,910,3,-5,-3,101325,2500,7302,497,0xf,False,0xcef0
1784018583.709,1230,1230,246991,4,1,-18,-42,40,1008,2,-3,1,101325,2500,7302,490,0xf,False,0x3357
1784018584.004,1231,1231,247191,4,1,8,15,-16,989,2,-1,-5,101325,2500,7302,496,0xf,False,0x8bb3
1784018584.212,1232,1232,247391,4,1,4,25,28,1063,2,-3,-1,101325,2500,7302,510,0xf,False,0x86cd
1784018584.410,1233,1233,247591,4,1,-7,34,57,1044,-1,-3,2,101325,2500,7301,482,0xf,False,0x50d
1784018584.565,1234,1234,247791,4,1,12,18,8,1097,-1,-5,-4,101325,2500,7301,483,0xf,False,0x212e
1784018584.769,1235,1235,247991,4,1,1,7,-37,924,-3,-1,3,101325,2500,7301,500,0xf,False,0x2d2b
1784018585.034,1236,1236,248191,4,1,-19,47,-54,920,4,4,3,101325,2500,7301,484,0xf,False,0xade3
1784018585.157,1237,1237,248391,4,1,-10,21,-16,1011,0,-3,-1,101325,2500,7301,519,0xf,False,0x6c7d
1784018585.345,1238,1238,248591,4,1,10,-37,57,952,-4,0,3,101325,2500,7301,486,0xf,False,0xff8
1784018585.594,1239,1239,248791,4,1,-15,54,38,931,-5,-5,0,101325,2500,7301,492,0xf,False,0x73c5
1784018585.842,1240,1240,248991,4,1,2,29,30,1096,-2,0,-4,101325,2500,7301,481,0xf,False,0xc9f9
1784018585.905,1241,1241,249191,4,1,7,-56,27,1004,-1,2,4,101325,2500,7301,502,0xf,False,0x3f74
1784018586.156,1242,1242,249391,4,1,-17,6,-20,912,4,-1,-5,101325,2500,7301,519,0xf,False,0xb36e
1784018586.392,1243,1243,249591,4,1,15,-3,44,906,-5,4,-3,101325,2500,7301,501,0xf,False,0xf55e
1784018586.672,1244,1244,249791,4,1,0,18,-43,1049,-3,4,-2,101325,2500,7301,505,0xf,False,0x3aff
1784018586.748,1245,1245,249991,4,1,-20,-2,11,1081,4,-1,-2,101325,2500,7301,507,0xf,False,0x9973
1784018587.011,1246,1246,250191,4,1,2,-59,38,1073,-1,0,1,101325,2500,7300,497,0xf,False,0xc916
1784018587.211,1247,1247,250391,4,1,7,-39,12,1018,-4,0,2,101325,2500,7300,481,0xf,False,0x7a9c
1784018587.458,1248,1248,250591,4,1,8,-40,13,1010,-4,4,-4,101325,2500,7300,512,0xf,False,0x1892
1784018587.521,1249,1249,250791,4,1,7,-54,-43,955,1,4,3,101325,2500,7300,503,0xf,False,0x724
1784018587.788,1250,1250,250991,4,1,14,46,27,973,-3,0,3,101325,2500,7300,504,0xf,False,0xe165
1784018588.069,1251,1251,251191,4,1,-10,47,47,1049,0,1,4,101325,2500,7300,509,0xf,False,0xcace
1784018588.130,1252,1252,251391,4,1,-18,-38,36,1010,-5,-1,0,101325,2500,7300,489,0xf,False,0xf3b9
1784018588.395,1253,1253,251591,4,1,10,18,2,1056,-5,-1,3,101325,2500,7300,508,0xf,False,0xb80f
1784018588.593,1254,1254,251791,4,1,12,18,-27,981,-4,0,-3,101325,2500,7300,489,0xf,False,0x3fec
1784018588.842,1255,1255,251991,4,1,-17,7,28,1054,-3,-2,3,101325,2500,7300,500,0xf,False,0xb499
1784018588.905,1256,1256,252191,4,1,-1,-4,42,1098,1,-4,-5,101325,2500,7300,487,0xf,False,0x4663
1784018589.183,1257,1257,252391,4,1,13,-24,37,1066,-3,4,-4,101325,2500,7300,498,0xf,False,0xda01
1784018589.370,1258,1258,252591,4,1,-20,57,20,965,-5,-2,-2,101325,2500,7299,514,0xf,False,0x91af
1784018589.620,1259,1259,252791,4,1,-14,-54,-4,934,-1,3,-1,101325,2500,7299,496,0xf,False,0x61e5
1784018589.744,1260,1260,252991,4,1,-15,-49,-42,991,-2,3,1,101325,2500,7299,489,0xf,False,0x84b4
1784018589.995,1261,1261,253191,4,1,8,0,-1,1008,-1,-5,4,101325,2500,7299,519,0xf,False,0xb427
1784018590.181,1262,1262,253391,4,1,13,-44,17,942,4,1,-3,101325,2500,7299,506,0xf,False,0xd568
1784018590.414,1263,1263,253591,4,1,15,-1,14,922,-5,0,-5,101325,2500,7299,484,0xf,False,0x496a
1784018590.554,1264,1264,253791,4,1,19,-7,-15,1026,-4,4,-4,101325,2500,7299,491,0xf,False,0x18d0
1784018590.900,1265,1265,253991,4,1,8,-8,-13,921,3,1,-1,101325,2500,7299,493,0xf,False,0xb650
1784018591.025,1266,1266,254191,4,1,2,-4,-30,1026,-4,-4,-4,101325,2500,7299,486,0xf,False,0x97be
1784018591.212,1267,1267,254391,4,1,8,37,37,1029,4,-1,4,101325,2500,7299,503,0xf,False,0x269b
1784018591.337,1268,1268,254591,4,1,-15,-16,21,915,-2,3,2,101325,2500,7299,504,0xf,False,0x846b
1784018591.600,1269,1269,254791,4,1,3,7,-58,904,3,3,3,101325,2500,7299,504,0xf,False,0xb428
1784018591.801,1270,1270,254991,4,1,16,-15,-3,982,-1,4,-1,101325,2500,7299,490,0xf,False,0xd77a
1784018591.926,1271,1271,255191,4,1,-18,-9,28,1066,4,-3,-3,101325,2500,7298,487,0xf,False,0x665e
1784018592.221,1272,1272,255391,4,1,-18,-5,-18,908,-1,-1,1,101325,2500,7298,516,0xf,False,0xbe34
1784018592.421,1273,1273,255591,4,1,14,12,-10,1020,-5,-3,-1,101325,2500,7298,501,0xf,False,0x5e18
1784018592.627,1274,1274,255791,4,1,12,-41,-52,999,-2,-3,-1,101325,2500,7298,504,0xf,False,0xb16
1784018592.749,1275,1275,255991,4,1,10,-13,-41,981,-1,0,2,101325,2500,7298,494,0xf,False,0xf469
1784018592.951,1276,1276,256191,4,1,-10,-49,33,946,-1,-1,-2,101325,2500,7298,488,0xf,False,0x4510
1784018593.202,1277,1277,256391,4,1,-10,25,-26,901,1,-5,1,101325,2500,7298,483,0xf,False,0x1652
1784018593.466,1278,1278,256591,4,1,15,-53,41,953,-5,0,4,101325,2500,7298,517,0xf,False,0x51db
1784018593.545,1279,1279,256791,4,1,-6,29,21,950,-2,0,-2,101325,2500,7298,505,0xf,False,0x2150
1784018593.808,1280,1280,256991,4,1,-3,-39,-42,1000,-3,-5,2,101325,2500,7298,492,0xf,False,0xef79
1784018594.012,1281,1281,257191,4,1,12,-12,26,930,0,-5,-1,101325,2500,7298,517,0xf,False,0xb32a
1784018594.162,1282,1282,257391,4,1,-8,29,-38,932,-4,-5,-4,101325,2500,7298,516,0xf,False,0x1289
1784018594.318,1283,1283,257591,4,1,8,7,-4,971,3,2,1,101325,2500,7297,517,0xf,False,0xf210
1784018594.599,1284,1284,257791,4,1,5,-5,-20,949,-4,-3,3,101325,2500,7297,515,0xf,False,0xa20e
1784018594.784,1285,1285,257991,4,1,-20,18,-18,952,4,-3,-1,101325,2500,7297,495,0xf,False,0x8573
1784018595.035,1286,1286,258191,4,1,17,48,24,1033,1,-3,0,101325,2500,7297,491,0xf,False,0xfe13
1784018595.159,1287,1287,258391,4,1,12,9,53,936,1,-1,-1,101325,2500,7297,500,0xf,False,0x9439
1784018595.408,1288,1288,258591,4,1,5,-36,4,1017,3,4,-5,101325,2500,7297,511,0xf,False,0xf04e
1784018595.616,1289,1289,258791,4,1,6,27,-30,1020,-5,1,-4,101325,2500,7297,492,0xf,False,0x421e
1784018595.737,1290,1290,258991,4,1,7,7,-39,1027,3,-4,-4,101325,2500,7297,508,0xf,False,0x16b6
1784018596.047,1291,1291,259191,4,1,2,-4,-27,1066,2,-1,-1,101325,2500,7297,486,0xf,False,0x19e1
1784018596.236,1292,1292,259391,4,1,17,-39,3,1045,-2,-2,0,101325,2500,7297,518,0xf,False,0xaec5
1784018596.420,1293,1293,259591,4,1,7,14,45,979,-4,-1,-1,101325,2500,7297,512,0xf,False,0x267a
1784018596.560,1294,1294,259791,4,1,9,7,-58,1055,-3,3,-1,101325,2500,7297,511,0xf,False,0x80ec
1784018596.822,1295,1295,259991,4,1,15,26,-60,1033,-1,1,2,101325,2500,7297,513,0xf,False,0x8cb
1784018597.041,1296,1296,260191,4,1,-16,57,-58,1073,-2,-5,-2,101325,2500,7296,487,0xf,False,0xac92
1784018597.116,1297,1297,260391,4,1,-9,-35,-3,947,-3,-5,0,101325,2500,7296,513,0xf,False,0xb45e
1784018597.378,1298,1298,260591,4,1,-5,36,10,959,3,-5,3,101325,2500,7296,494,0xf,False,0xd014
1784018597.567,1299,1299,260791,4,1,-10,-38,-25,935,-5,-3,-5,101325,2500,7296,492,0xf,False,0xbe67
1784018597.814,1300,1300,260991,4,1,13,-4,-3,1011,-5,-4,-5,101325,2500,7296,513,0xf,False,0x5988
1784018597.938,1301,1301,261191,4,1,8,36,-49,941,4,-3,-2,101325,2500,7296,507,0xf,False,0xb972
1784018598.186,1302,1302,261391,4,1,19,41,-20,1022,-4,-3,2,101325,2500,7296,490,0xf,False,0x67fc
1784018598.385,1303,1303,261591,4,1,-10,-50,1,929,0,-3,4,101325,2500,7296,491,0xf,False,0xcce3
1784018598.639,1304,1304,261791,4,1,-15,8,-30,953,-3,-5,-1,101325,2500,7296,487,0xf,False,0x2e9b
1784018598.760,1305,1305,261991,4,1,-16,-16,30,1090,-1,1,-1,101325,2500,7296,499,0xf,False,0x1fdf
1784018598.955,1306,1306,262191,4,1,-5,-42,-43,1015,-2,-1,2,101325,2500,7296,515,0xf,False,0x9094
1784018599.210,1307,1307,262391,4,1,9,-46,-54,901,-3,3,0,101325,2500,7296,508,0xf,False,0x4e8c
1784018599.426,1308,1308,262591,4,1,-3,-60,45,1021,-4,0,2,101325,2500,7295,507,0xf,False,0xa597
1784018599.551,1309,1309,262791,4,1,16,-28,-51,1019,-1,2,-3,101325,2500,7295,497,0xf,False,0xf8bb
1784018599.752,1310,1310,262991,4,1,9,-22,-2,941,1,-5,-4,101325,2500,7295,519,0xf,False,0x4bef
1784018600.042,1311,1311,263191,4,1,14,-8,8,1018,-1,-5,-4,101325,2500,7295,496,0xf,False,0x714c
1784018600.154,1312,1312,263391,4,1,16,48,-8,1030,-1,2,1,101325,2500,7295,501,0xf,False,0xaae9
1784018600.356,1313,1313,263591,4,1,7,49,-41,1047,-2,-5,2,101325,2500,7295,498,0xf,False,0xc95c
1784018600.651,1314,1314,263791,4,1,15,-29,5,922,1,-1,-5,101325,2500,7295,488,0xf,False,0x2aeb
1784018600.790,1315,1315,263991,4,1,-4,-50,-18,926,0,1,-2,101325,2500,7295,501,0xf,False,0x96c6
1784018600.914,1316,1316,264191,4,1,-12,-19,-30,1046,1,-2,0,101325,2500,7295,504,0xf,False,0x70a9
1784018601.162,1317,1317,264391,4,1,17,-16,54,914,2,3,4,101325,2500,7295,487,0xf,False,0xa26f
1784018601.413,1318,1318,264591,4,1,12,5,5,907,1,-4,-5,101325,2500,7295,502,0xf,False,0xf615
1784018601.598,1319,1319,264791,4,1,8,6,30,1007,-2,-3,-5,101325,2500,7295,513,0xf,False,0x1216
1784018601.747,1320,1320,264991,4,1,16,-21,-16,1097,-3,-2,2,101325,2500,7295,500,0xf,False,0xa52c
1784018601.941,1321,1321,265191,4,1,-15,-45,-38,1040,4,-4,4,101325,2500,7294,513,0xf,False,0x1a31
1784018602.284,1322,1322,265391,4,1,-11,-24,53,965,0,1,1,101325,2500,7294,495,0xf,False,0xfd3d
1784018602.409,1323,1323,265591,4,1,-12,21,41,946,0,-4,-4,101325,2500,7294,514,0xf,False,0x132a
1784018602.609,1324,1324,265791,4,1,17,7,29,937,-5,-3,-1,101325,2500,7294,495,0xf,False,0x5207
1784018602.796,1325,1325,265991,4,1,-1,9,4,1061,-4,-3,4,101325,2500,7294,493,0xf,False,0x3dff
1784018603.015,1326,1326,266191,4,1,4,-2,-50,994,3,-2,2,101325,2500,7294,508,0xf,False,0x1e6a
1784018603.092,1327,1327,266391,4,1,-19,20,-40,1078,-2,-5,-5,101325,2500,7294,484,0xf,False,0xf2a9
1784018603.359,1328,1328,266591,4,1,12,-54,13,913,-3,4,4,101325,2500,7294,484,0xf,False,0x5aac
1784018603.619,1329,1329,266791,4,1,4,-34,25,970,-3,-1,1,101325,2500,7294,504,0xf,False,0x72f6
1784018603.800,1330,1330,266991,4,1,16,-58,13,1074,-2,-2,1,101325,2500,7294,519,0xf,False,0x5dec
1784018603.920,1331,1331,267191,4,1,-6,3,29,1088,-1,-5,-1,101325,2500,7294,506,0xf,False,0xe055
1784018604.137,1332,1332,267391,4,1,8,-21,-21,1056,4,-5,1,101325,2500,7294,502,0xf,False,0x3858
1784018604.436,1333,1333,267591,4,1,-15,-3,-7,905,2,1,-5,101325,2500,7293,484,0xf,False,0x4ec5
1784018604.633,1334,1334,267791,4,1,0,-7,32,945,-1,0,-3,101325,2500,7293,481,0xf,False,0x19d
1784018604.765,1335,1335,267991,4,1,4,-47,-44,936,0,2,2,101325,2500,7293,518,0xf,False,0xb608
1784018605.153,1336,1336,268191,4,1,14,-39,58,1066,0,-4,-4,101325,2500,7293,480,0xf,False,0xfeb0
1784018605.211,1337,1337,268391,4,1,3,33,5,1093,3,4,-5,101325,2500,7293,489,0xf,False,0xc86c
1784018605.462,1338,1338,268591,4,1,-14,20,-6,999,2,-4,0,101325,2500,7293,487,0xf,False,0xcf2f
1784018605.572,1339,1339,268791,4,1,14,-43,-31,1076,-3,3,3,101325,2500,7293,505,0xf,False,0x9dbc
1784018605.758,1340,1340,268991,4,1,9,44,-6,1070,-2,-5,-5,101325,2500,7293,486,0xf,False,0x2ec2
1784018606.006,1341,1341,269191,4,1,0,-3,-41,1046,-5,-4,-4,101325,2500,7293,512,0xf,False,0x528e
1784018606.131,1342,1342,269391,4,1,-1,5,-21,975,-4,0,2,101325,2500,7293,505,0xf,False,0xb661
1784018606.397,1343,1343,269591,4,1,19,-50,-56,961,-3,4,4,101325,2500,7293,514,0xf,False,0x7768
1784018606.584,1344,1344,269791,4,1,12,20,-15,1007,-2,-3,3,101325,2500,7293,484,0xf,False,0x1b1e
1784018606.804,1345,1345,269991,4,1,5,57,44,1052,3,-3,-2,101325,2500,7293,499,0xf,False,0xee92
1784018606.929,1346,1346,270191,4,1,-8,-27,-3,1077,4,4,-1,101325,2500,7292,511,0xf,False,0xc31f
1784018607.178,1347,1347,270391,4,1,-17,2,36,1047,4,2,-4,101325,2500,7292,480,0xf,False,0x8943
1784018607.366,1348,1348,270591,4,1,15,35,41,985,0,-4,-3,101325,2500,7292,494,0xf,False,0xc62
1784018607.632,1349,1349,270791,4,1,-17,-33,-41,966,1,3,-5,101325,2500,7292,486,0xf,False,0x49ce
1784018607.759,1350,1350,270991,4,1,19,-39,3,944,1,-2,3,101325,2500,7292,486,0xf,False,0x9790
1784018607.958,1351,1351,271191,4,1,10,29,18,1028,-2,3,1,101325,2500,7292,492,0xf,False,0xa430
1784018608.207,1352,1352,271391,4,1,-13,-48,-2,992,-3,-1,-4,101325,2500,7292,493,0xf,False,0x9156
1784018608.456,1353,1353,271591,4,1,8,-12,-43,953,3,-1,1,101325,2500,7292,494,0xf,False,0xfa10
1784018608.518,1354,1354,271791,4,1,19,17,-16,1068,1,-2,-4,101325,2500,7292,485,0xf,False,0xbfb7
1784018608.781,1355,1355,271991,4,1,-17,-55,-42,910,1,1,-1,101325,2500,7292,494,0xf,False,0x7ff0
1784018609.044,1356,1356,272191,4,1,-11,26,-35,905,-1,0,-5,101325,2500,7292,510,0xf,False,0x47a5
1784018609.120,1357,1357,272391,4,1,-19,16,-51,1086,-3,1,2,101325,2500,7292,488,0xf,False,0x69c6
1784018609.448,1358,1358,272591,4,1,-2,37,52,1081,-2,-1,-3,101325,2500,7291,482,0xf,False,0xb4f2
1784018609.571,1359,1359,272791,4,1,13,25,3,992,-2,-1,-2,101325,2500,7291,499,0xf,False,0x4b6c
1784018609.806,1360,1360,272991,4,1,4,48,-49,1075,-5,-5,4,101325,2500,7291,506,0xf,False,0x22da
1784018609.931,1361,1361,273191,4,1,4,22,26,1057,-4,-1,3,101325,2500,7291,514,0xf,False,0x9a7d
1784018610.196,1362,1362,273391,4,1,10,28,46,937,0,0,0,101325,2500,7291,510,0xf,False,0xf258
1784018610.382,1363,1363,273591,4,1,6,-16,12,906,-1,4,-1,101325,2500,7291,496,0xf,False,0x1a2a
1784018610.616,1364,1364,273791,4,1,17,31,-2,1089,3,-5,1,101325,2500,7291,509,0xf,False,0x71fa
1784018610.739,1365,1365,273991,4,1,-14,-38,-15,1009,-2,4,-4,101325,2500,7291,515,0xf,False,0xa4de
1784018610.987,1366,1366,274191,4,1,17,0,-33,964,3,-2,-2,101325,2500,7291,491,0xf,False,0x3838
1784018611.263,1367,1367,274391,4,1,-1,-57,-7,928,0,-4,1,101325,2500,7291,499,0xf,False,0x7d53
1784018611.456,1368,1368,274591,4,1,1,53,-30,984,4,-2,-4,101325,2500,7291,489,0xf,False,0xab42
1784018611.618,1369,1369,274791,4,1,-11,16,35,1078,-1,4,2,101325,2500,7291,485,0xf,False,0x4396
1784018611.796,1370,1370,274991,4,1,-15,-43,1,1071,-1,-3,3,101325,2500,7291,496,0xf,False,0x6fe5
1784018611.984,1371,1371,275191,4,1,-12,-48,41,1098,2,0,-5,101325,2500,7290,487,0xf,False,0x8bd9
1784018612.109,1372,1372,275391,4,1,-13,57,-40,1099,4,3,-1,101325,2500,7290,509,0xf,False,0x9720
1784018612.405,1373,1373,275591,4,1,5,-16,4,910,0,3,0,101325,2500,7290,507,0xf,False,0xeaf9
1784018612.591,1374,1374,275791,4,1,-14,51,-29,908,2,-5,1,101325,2500,7290,490,0xf,False,0x94a2
1784018612.903,1375,1375,275991,4,1,-10,12,-3,941,-4,-4,4,101325,2500,7290,508,0xf,False,0xfcd5
1784018612.963,1376,1376,276191,4,1,-15,-19,13,1071,-2,2,2,101325,2500,7290,501,0xf,False,0xb2db
1784018613.179,1377,1377,276391,4,1,-6,15,-25,1035,-1,4,4,101325,2500,7290,505,0xf,False,0xb52
1784018613.383,1378,1378,276591,4,1,12,42,-29,1032,2,4,-4,101325,2500,7290,516,0xf,False,0xf4cd
1784018613.616,1379,1379,276791,4,1,1,-28,14,1082,2,-4,-1,101325,2500,7290,508,0xf,False,0xb4e6
1784018613.741,1380,1380,276991,4,1,9,47,-4,1075,4,-5,1,101325,2500,7290,512,0xf,False,0x7e1f
1784018613.959,1381,1381,277191,4,1,18,47,-10,913,-2,-5,-4,101325,2500,7290,513,0xf,False,0xce75
1784018614.209,1382,1382,277391,4,1,-9,-50,18,1069,-3,-4,4,101325,2500,7290,480,0xf,False,0x8a38
1784018614.410,1383,1383,277591,4,1,15,24,49,1029,-1,3,-3,101325,2500,7289,492,0xf,False,0xe54e
1784018614.534,1384,1384,277791,4,1,6,-16,47,1087,3,4,0,101325,2500,7289,513,0xf,False,0x676b
1784018614.830,1385,1385,277991,4,1,15,0,-46,942,2,-1,2,101325,2500,7289,489,0xf,False,0xa728
1784018615.038,1386,1386,278191,4,1,-2,-36,36,972,4,-3,-3,101325,2500,7289,489,0xf,False,0xec71
1784018615.094,1387,1387,278391,4,1,19,59,-52,1014,-4,-5,-2,101325,2500,7289,483,0xf,False,0xa7dd
1784018615.404,1388,1388,278591,4,1,-6,16,16,1075,1,4,2,101325,2500,7289,480,0xf,False,0x4dff
1784018615.595,1389,1389,278791,4,1,19,49,-38,1014,-3,-1,2,101325,2500,7289,510,0xf,False,0xc450
1784018615.829,1390,1390,278991,4,1,-1,53,23,1052,-3,-3,-4,101325,2500,7289,492,0xf,False,0x42d6
1784018615.907,1391,1391,279191,4,1,-18,51,45,1068,-2,-5,-3,101325,2500,7289,506,0xf,False,0x276c
1784018616.188,1392,1392,279391,4,1,14,4,-38,978,-5,1,-3,101325,2500,7289,503,0xf,False,0x2383
1784018616.376,1393,1393,279591,4,1,-2,13,47,936,-3,-2,3,101325,2500,7289,519,0xf,False,0xccd
1784018616.624,1394,1394,279791,4,1,-7,-43,-33,952,-3,2,-4,101325,2500,7289,504,0xf,False,0x6bdf
1784018616.750,1395,1395,279991,4,1,13,-29,58,1049,-4,1,3,101325,2500,7289,484,0xf,False,0xa2f2
1784018617.000,1396,1396,280191,4,1,-17,-30,-36,933,3,3,4,101325,2500,7288,506,0xf,False,0x3906
1784018617.212,1397,1397,280391,4,1,7,-43,-20,983,-1,1,4,101325,2500,7288,505,0xf,False,0xf87f
1784018617.405,1398,1398,280591,4,1,19,24,21,1026,4,2,2,101325,2500,7288,491,0xf,False,0xd28b
1784018617.562,1399,1399,280791,4,1,14,-25,17,1004,-2,0,-2,101325,2500,7288,496,0xf,False,0xb5b1
1784018617.765,1400,1400,280991,4,1,-18,9,51,1034,-3,-4,-5,101325,2500,7288,506,0xf,False,0xb107
1784018618.015,1401,1401,281191,4,1,-4,3,-24,948,0,0,4,101325,2500,7288,481,0xf,False,0x37ec
1784018618.138,1402,1402,281391,4,1,8,43,-7,1059,1,-1,3,101325,2500,7288,516,0xf,False,0x3516
1784018618.383,1403,1403,281591,4,1,-20,37,39,946,1,0,4,101325,2500,7288,483,0xf,False,0xeb20
1784018618.594,1404,1404,281791,4,1,-8,-56,-32,1071,3,-4,1,101325,2500,7288,487,0xf,False,0x9370
1784018618.789,1405,1405,281991,4,1,1,-19,15,1063,2,4,2,101325,2500,7288,482,0xf,False,0xcd91
1784018618.918,1406,1406,282191,4,1,-9,48,-35,960,-5,-5,2,101325,2500,7288,487,0xf,False,0xa192
1784018621.690,1,1,1726,0,0,-5,31,-3,1000,2,-5,-2,101325,2500,7400,518,0xf,False,0x2421
1784018621.815,2,2,1926,0,0,19,-8,7,1000,-2,3,-5,101325,2500,7400,499,0xf,False,0x269a
1784018622.067,3,3,2126,0,0,-9,13,20,1000,1,3,-2,101325,2500,7400,503,0xf,False,0xbd09
1784018622.207,4,4,2326,0,0,5,-26,31,1000,-2,4,1,101325,2500,7400,509,0xf,False,0xd6db
1784018622.363,5,5,2526,0,0,14,-13,40,1000,1,1,4,101325,2500,7399,511,0xf,False,0x2eb8
1784018622.642,6,6,2726,0,0,-12,-23,49,1000,4,-5,1,101325,2500,7399,485,0xf,False,0x9778
1784018622.831,7,7,2926,0,0,-18,-20,-31,1000,0,-5,0,101325,2500,7399,491,0xf,False,0xecfd
1784018623.019,8,8,3126,0,0,11,-24,-56,1000,1,1,-1,101325,2500,7399,485,0xf,False,0x1cd1
1784018623.206,9,9,3326,0,0,-9,16,-52,1000,3,0,-3,101325,2500,7399,486,0xf,False,0xd82
1784018623.408,10,10,3526,0,0,14,-27,50,1000,3,3,3,101325,2500,7399,490,0xf,False,0x506e
1784018623.533,11,11,3726,0,0,6,-59,53,1000,-5,-2,-2,101325,2500,7399,517,0xf,False,0xd2ee
1784018623.797,12,12,3926,0,0,-18,25,38,1000,-3,-1,-3,101325,2500,7399,497,0xf,False,0x4bb9
1784018623.999,13,13,4126,0,0,-7,58,23,1000,4,-4,-1,101325,2500,7399,487,0xf,False,0x37a4
1784018624.277,14,14,4326,0,0,-9,-55,-22,1000,-1,-3,1,101325,2500,7399,501,0xf,False,0x8997
1784018624.378,15,15,4526,0,0,-13,49,58,1000,-3,4,4,101325,2500,7399,500,0xf,False,0xd8fa
1784018624.557,16,16,4726,0,0,2,23,-1,1000,-4,2,-3,101325,2500,7399,495,0xf,False,0xda14
1784018624.824,17,17,4926,0,0,-9,-17,-56,1000,1,-4,0,101325,2500,7399,506,0xf,False,0x7540
1784018625.132,18,18,5126,1,0,-4,-58,45,1000,-1,1,4,101325,2500,7398,498,0xf,False,0xe9f
1784018625.184,19,19,5326,1,0,0,28,49,1000,3,2,3,101325,2500,7398,488,0xf,False,0x7b4e
1784018625.369,20,20,5526,1,0,12,-41,-55,1000,3,3,1,101325,2500,7398,482,0xf,False,0xc548
1784018625.618,21,21,5726,1,0,0,-2,51,1000,4,-4,3,101325,2500,7398,498,0xf,False,0x6b24
1784018625.899,22,22,5926,1,0,-5,-45,53,1000,-4,-3,-4,101325,2500,7398,499,0xf,False,0xcd62
1784018625.977,23,23,6126,1,0,-8,-16,49,1000,4,1,2,101325,2500,7398,513,0xf,False,0xf6f3
1784018626.250,24,24,6326,1,0,-20,54,14,1000,-4,-4,2,101325,2500,7398,513,0xf,False,0xc442
1784018626.596,25,25,6526,1,0,15,8,-8,1000,-2,3,4,101325,2500,7398,482,0xf,False,0x48fe
1784018626.596,26,26,6726,1,0,-9,-54,-31,1000,-4,-2,4,101325,2500,7398,495,0xf,False,0xd74b
1784018626.799,27,27,6926,1,0,2,59,-43,1000,1,-1,-2,101325,2500,7398,515,0xf,False,0xc393
1784018627.002,28,28,7126,1,0,18,-30,-5,1000,-3,2,-1,101325,2500,7398,492,0xf,False,0xe909
1784018627.271,29,29,7326,1,0,4,-54,-38,1000,-3,1,-5,101325,2500,7398,509,0xf,False,0xa0d1
1784018627.393,30,30,7526,1,0,-20,-31,-38,1000,-3,-5,0,101325,2500,7397,513,0xf,False,0x188f
1784018627.580,31,31,7726,1,0,2,56,35,1000,-5,-1,0,101325,2500,7397,512,0xf,False,0xd21b
1784018627.799,32,32,7926,1,0,19,-54,19,1000,-1,-5,4,101325,2500,7397,509,0xf,False,0x7517
1784018628.062,33,33,8126,1,0,1,37,-2,1000,-5,-3,1,101325,2500,7397,482,0xf,False,0xeec7
1784018628.188,34,34,8326,1,0,-11,-48,-54,1000,3,-4,-1,101325,2500,7397,495,0xf,False,0x1075
1784018628.413,35,35,8526,1,0,-10,-49,1,1000,-4,1,-3,101325,2500,7397,481,0xf,False,0x8642
1784018628.653,36,36,8726,1,0,4,41,58,1000,-1,-3,3,101325,2500,7397,513,0xf,False,0x88b5
1784018628.840,37,37,8926,1,0,-12,51,40,1000,2,-4,3,101325,2500,7397,500,0xf,False,0x136a
1784018628.966,38,38,9126,1,0,-16,53,12,1000,-2,-1,3,101325,2500,7397,484,0xf,False,0x577f
1784018629.261,39,39,9326,1,0,-19,-26,25,1000,4,2,0,101325,2500,7397,501,0xf,False,0x1234
1784018629.459,40,40,9526,1,0,-19,18,-54,1000,-5,4,4,101325,2500,7397,517,0xf,False,0x5b01
1784018629.815,41,41,9726,1,0,-4,-46,23,1000,4,-3,-1,101325,2500,7397,513,0xf,False,0xab0c
1784018629.815,42,42,9926,1,0,8,2,14,1000,-1,3,-3,101325,2500,7397,481,0xf,False,0x7624
1784018630.005,43,43,10126,2,0,783,-45,-26,1197,1,4,1,101227,2494,7396,508,0xf,False,0xab28
1784018630.285,44,44,10326,2,0,2049,33,34,1508,4,-3,-2,101076,2486,7396,487,0xf,False,0xc2cb
1784018630.347,45,45,10526,2,0,3231,-23,5,1811,2,1,3,100928,2478,7396,506,0xf,False,0xc864
1784018630.628,46,46,10726,2,0,4420,-19,53,2101,-1,-3,0,100784,2471,7396,509,0xf,False,0x6a64
1784018630.815,47,47,10926,2,0,5565,-51,14,2373,-3,-3,4,100644,2463,7396,507,0xf,False,0xce10
1784018631.048,48,48,11126,2,0,6688,-40,30,2624,-5,1,-5,100507,2456,7396,494,0xf,False,0x603
1784018631.173,49,49,11326,2,0,7774,-1,28,2850,-1,3,0,100374,2449,7396,481,0xf,False,0x343d
1784018631.409,50,50,11526,2,0,8844,-12,-20,3046,2,-4,-5,100245,2442,7396,502,0xf,False,0x1262
1784018631.596,51,51,11726,2,0,9878,19,11,3210,-3,-3,4,100119,2435,7396,500,0xf,False,0xf2be
1784018631.877,52,52,11926,2,0,10864,42,-28,3339,-5,-4,-2,99997,2429,7396,503,0xf,False,0x6a4c
1784018632.001,53,53,12126,2,0,11854,47,-60,3431,3,0,-3,99879,2422,7396,487,0xf,False,0x491
1784018632.221,54,54,12326,2,0,12800,49,24,3485,0,1,-5,99764,2416,7396,509,0xf,False,0x4e7c
1784018632.470,55,55,12526,2,0,13699,-45,49,3499,3,0,0,99653,2410,7395,484,0xf,False,0xcc54
1784018632.685,56,56,12726,2,0,14568,-12,-44,3474,2,3,2,99546,2405,7395,513,0xf,False,0x7ca1
1784018632.808,57,57,12926,2,0,15428,-37,-52,3410,-5,-1,-5,99442,2399,7395,515,0xf,False,0x18d5
1784018633.024,58,58,13126,2,0,16237,-58,-40,3309,2,0,2,99342,2394,7395,503,0xf,False,0xae37
1784018633.255,59,59,13326,2,0,17024,-27,59,3170,4,-2,2,99245,2389,7395,514,0xf,False,0xd714
1784018633.385,60,60,13526,2,0,17820,35,-45,2998,-1,2,-2,99152,2384,7395,505,0xf,False,0x556a
1784018633.647,61,61,13726,2,0,18521,28,-43,2794,4,2,-4,99063,2379,7395,484,0xf,False,0xada6
1784018633.823,62,62,13926,2,0,19240,34,-43,2561,1,4,3,98978,2374,7395,485,0xf,False,0xd45d
1784018634.072,63,63,14126,2,0,19917,-46,-24,2304,1,-5,4,98896,2370,7395,504,0xf,False,0x300
1784018634.197,64,64,14326,2,0,20551,-55,53,2027,0,3,-3,98818,2366,7395,491,0xf,False,0x2353
1784018634.410,65,65,14526,2,0,21151,-55,-54,1733,-1,0,4,98743,2362,7395,496,0xf,False,0x663d
1784018634.662,66,66,14726,2,0,21731,5,-48,1428,1,-1,0,98672,2358,7395,487,0xf,False,0xed2f
1784018634.863,67,67,14926,2,0,22296,-46,-56,1116,2,0,-3,98605,2355,7395,509,0xf,False,0xea5b
1784018635.009,68,68,15126,2,0,22806,-23,41,-210,-3,0,-5,98541,2351,7394,492,0xf,False,0xf0d
1784018635.205,69,69,15326,2,0,23291,-19,-51,-226,-1,3,3,98481,2348,7394,487,0xf,False,0x2e96
1784018635.456,70,70,15526,2,0,23784,-15,0,-242,1,-1,4,98425,2345,7394,499,0xf,False,0xb890
1784018635.753,71,71,15726,2,0,24188,-30,-55,-258,1,-3,0,98372,2342,7394,505,0xf,False,0xb077
1784018635.753,72,72,15926,2,0,24611,34,-33,-274,-5,2,-4,98323,2340,7394,510,0xf,False,0x9918
1784018636.126,73,73,16126,2,0,24986,5,19,-290,-5,-5,-1,98278,2337,7394,499,0xf,False,0x877e
1784018636.254,74,74,16326,2,0,25304,-29,-31,-306,1,4,-1,98236,2335,7394,491,0xf,False,0x8839
1784018636.377,75,75,16526,2,0,25636,40,49,-322,-4,-4,3,98198,2333,7394,483,0xf,False,0xab3c
1784018636.593,76,76,16726,2,0,25892,22,37,-338,1,-4,-2,98164,2331,7394,517,0xf,False,0xb85c
1784018636.843,77,77,16926,2,0,26177,12,-36,-354,1,0,3,98133,2329,7394,518,0xf,False,0x17c8
1784018637.028,78,78,17126,2,0,26402,35,47,-370,-3,0,-1,98106,2328,7394,495,0xf,False,0xb9cf
1784018637.158,79,79,17326,2,0,26579,55,40,-386,-5,4,-2,98082,2327,7394,518,0xf,False,0xa81d
1784018637.402,80,80,17526,2,0,26734,-22,-19,-402,4,-1,-2,98063,2326,7393,498,0xf,False,0x57df
1784018637.718,81,81,17726,2,0,26878,-22,54,-418,0,2,-2,98046,2325,7393,508,0xf,False,0x39e1
1784018637.867,82,82,17926,2,0,26966,-56,-30,-434,1,-5,-5,98034,2324,7393,510,0xf,False,0x40aa
1784018637.997,83,83,18126,2,0,27031,13,4,-450,2,0,2,98025,2324,7393,491,0xf,False,0x9e99
1784018638.242,84,84,18326,2,0,27088,48,32,-466,0,4,2,98020,2323,7393,502,0xf,False,0x35b
1784018638.432,85,85,18526,3,1,27107,-49,-1,-85,-5,-4,-2,98019,2323,7393,518,0xf,False,0xbd12
1784018638.582,86,86,18726,3,1,27050,56,45,-91,1,1,3,98025,2324,7393,510,0xf,False,0x96c9
1784018638.774,87,87,18926,3,1,27013,17,-8,-84,-3,1,3,98031,2324,7393,487,0xf,False,0x80f
1784018638.994,88,88,19126,3,1,26951,2,-11,-91,-3,-3,4,98037,2324,7393,514,0xf,False,0x5978
1784018639.243,89,89,19326,3,1,26893,48,-38,-94,-3,2,1,98043,2325,7393,489,0xf,False,0x3a3
1784018639.368,90,90,19526,3,1,26841,-30,20,-82,2,-3,-5,98049,2325,7393,505,0xf,False,0x3b79
1784018639.662,91,91,19726,3,1,26803,42,-42,-100,3,1,1,98056,2325,7393,517,0xf,False,0x8e08
1784018639.800,92,92,19926,3,1,26740,34,-53,-83,-4,-5,1,98062,2326,7393,509,0xf,False,0x6221
1784018640.078,93,93,20126,3,1,26681,51,58,-83,-2,1,1,98068,2326,7392,505,0xf,False,0x249a
1784018640.157,94,94,20326,3,1,26630,-35,49,-80,-1,0,-3,98074,2326,7392,491,0xf,False,0xf707
1784018640.426,95,95,20526,3,1,26607,-27,11,-94,-3,-4,-1,98080,2327,7392,499,0xf,False,0x34ef
1784018640.607,96,96,20726,3,1,26545,23,45,-81,1,3,-4,98087,2327,7392,505,0xf,False,0xd922
1784018640.887,97,97,20926,3,1,26470,16,-30,-85,2,-1,-1,98093,2327,7392,512,0xf,False,0xe706
1784018640.948,98,98,21126,3,1,26445,-5,17,-92,2,2,1,98099,2328,7392,483,0xf,False,0x9f71
1784018641.212,99,99,21326,3,1,26368,34,31,-86,4,-5,4,98105,2328,7392,495,0xf,False,0xff5d
1784018641.463,100,100,21526,3,1,26320,-38,57,-94,1,-4,3,98112,2328,7392,517,0xf,False,0x27f
1784018641.524,101,101,21726,3,1,26303,-7,-10,-80,-5,0,-3,98118,2329,7392,494,0xf,False,0xf922
1784018641.804,102,102,21926,3,1,26236,52,55,-91,-3,-4,4,98124,2329,7392,482,0xf,False,0x4109
1784018642.021,103,103,22126,3,1,26169,2,13,-105,3,1,1,98130,2329,7392,495,0xf,False,0x7c46
1784018642.208,104,104,22326,3,1,26145,-55,-20,-105,4,4,-1,98137,2330,7392,481,0xf,False,0x7096
1784018642.444,105,105,22526,3,1,26079,-52,-31,-85,-1,3,-4,98143,2330,7391,513,0xf,False,0xee02
1784018642.583,106,106,22726,3,1,26019,38,-6,-88,-3,-2,4,98149,2330,7391,510,0xf,False,0x3282
1784018642.831,107,107,22926,3,1,25965,49,10,-87,2,-5,-3,98156,2331,7391,510,0xf,False,0x3156
1784018643.076,108,108,23126,3,1,25911,24,-21,-106,2,4,4,98162,2331,7391,516,0xf,False,0x596c
1784018643.167,109,109,23326,3,1,25889,-24,11,-85,1,1,1,98168,2331,7391,507,0xf,False,0x572c
1784018643.359,110,110,23526,3,1,25836,44,20,-96,-2,-5,-3,98175,2332,7391,495,0xf,False,0x9cd8
1784018643.639,111,111,23726,3,1,25784,59,-49,-89,-4,0,1,98181,2332,7391,517,0xf,False,0x45dc
1784018643.841,112,112,23926,3,1,25727,33,-17,-103,0,-1,0,98187,2332,7391,499,0xf,False,0x406f
1784018643.965,113,113,24126,3,1,25653,-56,-11,-85,1,1,-3,98194,2333,7391,489,0xf,False,0x65bc
1784018644.257,114,114,24326,3,1,25609,-7,5,-84,3,-3,-1,98200,2333,7391,507,0xf,False,0x1bf8
1784018644.445,115,115,24526,3,1,25546,5,37,-83,-1,1,-1,98207,2333,7391,509,0xf,False,0x3797
1784018644.663,116,116,24726,3,1,25494,24,51,-107,1,3,-3,98213,2334,7391,513,0xf,False,0x77b8
1784018644.789,117,117,24926,3,1,25461,-20,-58,-92,3,-1,3,98219,2334,7391,497,0xf,False,0x349b
1784018645.021,118,118,25126,3,1,25378,-57,40,-88,2,3,3,98226,2334,7390,503,0xf,False,0x758a
1784018645.268,119,119,25326,3,1,25325,-52,2,-105,-2,4,-3,98232,2335,7390,514,0xf,False,0x8419
1784018645.353,120,120,25526,3,1,25283,-11,-33,-91,3,-4,-5,98239,2335,7390,483,0xf,False,0x3fb5
1784018645.763,121,121,25726,3,1,25238,-18,1,-96,-5,-1,-3,98245,2335,7390,480,0xf,False,0xfdc9
1784018645.817,122,122,25926,3,1,25173,-39,-7,-94,0,-2,4,98252,2336,7390,519,0xf,False,0x426
1784018646.065,123,123,26126,3,1,25130,11,-55,-107,2,-1,-2,98258,2336,7390,509,0xf,False,0xa7c8
1784018646.204,124,124,26326,3,1,25073,45,-9,-89,1,4,0,98265,2336,7390,516,0xf,False,0xf789
1784018646.391,125,125,26526,3,1,25043,-20,8,-89,-2,0,-4,98271,2337,7390,514,0xf,False,0x4c4c
1784018646.658,126,126,26726,3,1,24961,51,14,-87,0,-3,4,98278,2337,7390,492,0xf,False,0x8c96
1784018646.893,127,127,26926,3,1,24924,11,42,-108,1,-2,1,98284,2338,7390,485,0xf,False,0x3c64
1784018646.956,128,128,27126,3,1,24845,-2,-11,-81,-1,1,0,98291,2338,7390,483,0xf,False,0x7011
1784018647.378,129,129,27326,3,1,24830,-40,1,-102,-1,2,1,98297,2338,7390,519,0xf,False,0x5308
1784018647.441,130,130,27526,3,1,24748,-19,-7,-84,4,-5,1,98304,2339,7389,490,0xf,False,0x3cab
1784018647.565,131,131,27726,3,1,24695,-9,-41,-101,2,2,-5,98311,2339,7389,505,0xf,False,0x5230
1784018647.752,132,132,27926,3,1,24662,-38,31,-82,2,1,-2,98317,2339,7389,488,0xf,False,0x8ff1
1784018648.094,133,133,28126,3,1,24599,0,-27,-80,0,1,-2,98324,2340,7389,503,0xf,False,0x4d6c
1784018648.238,134,134,28326,3,1,24525,52,44,-92,-1,-4,-3,98330,2340,7389,513,0xf,False,0x4850
1784018648.362,135,135,28526,3,1,24481,10,10,-94,-4,3,-5,98337,2340,7389,498,0xf,False,0xe7df
1784018648.596,136,136,28726,3,1,24445,2,59,-99,3,1,4,98344,2341,7389,486,0xf,False,0x5956
1784018648.984,137,137,28926,3,1,24372,-34,-35,-105,-5,1,-4,98350,2341,7389,502,0xf,False,0xffa1
1784018649.046,138,138,29126,3,1,24321,-2,-17,-80,-3,-2,2,98357,2341,7389,480,0xf,False,0x7e79
1784018649.237,139,139,29326,3,1,24286,27,-17,-96,-2,0,4,98364,2342,7389,504,0xf,False,0xbb9
1784018649.421,140,140,29526,3,1,24220,18,-38,-102,-2,-4,-5,98370,2342,7389,493,0xf,False,0xad02
1784018649.687,141,141,29726,3,1,24144,27,-28,-100,1,-4,0,98377,2342,7389,512,0xf,False,0x1f4f
1784018649.826,142,142,29926,3,1,24121,-53,36,-98,2,-4,-2,98384,2343,7389,497,0xf,False,0x62f6
1784018650.021,143,143,30126,3,1,24036,-58,-22,-105,-3,-5,-2,98391,2343,7388,486,0xf,False,0x93ad
1784018650.201,144,144,30326,3,1,23980,-45,38,-97,0,3,-4,98397,2344,7388,519,0xf,False,0xf8ef
1784018650.465,145,145,30526,3,1,23946,-40,-53,-97,4,3,-4,98404,2344,7388,511,0xf,False,0x60bf
1784018650.528,146,146,30726,3,1,23873,-16,-23,-91,-3,2,4,98411,2344,7388,501,0xf,False,0xef9f
1784018650.824,147,147,30926,3,1,23844,19,20,-95,3,2,4,98418,2345,7388,514,0xf,False,0xf01f
1784018651.008,148,148,31126,3,1,23757,-43,-36,-90,-3,-2,4,98425,2345,7388,487,0xf,False,0xd817
1784018651.255,149,149,31326,3,1,23706,-21,1,-97,4,1,-3,98431,2345,7388,488,0xf,False,0xa41b
1784018651.378,150,150,31526,3,1,23656,37,-26,-104,-4,4,-2,98438,2346,7388,503,0xf,False,0xd25b
1784018651.629,151,151,31726,3,1,23594,-37,21,-94,0,-5,-1,98445,2346,7388,517,0xf,False,0xd697
1784018651.835,152,152,31926,3,1,23553,20,38,-101,-2,-2,1,98452,2346,7388,510,0xf,False,0x2683
1784018652.080,153,153,32126,3,1,23503,-13,-29,-83,0,0,-2,98459,2347,7388,501,0xf,False,0x1d1e
1784018652.247,154,154,32326,3,1,23415,-7,7,-87,-5,-1,2,98466,2347,7388,498,0xf,False,0xf58d
1784018652.374,155,155,32526,3,1,23390,44,58,-103,-5,-3,-3,98472,2348,7387,496,0xf,False,0xecd0
1784018652.673,156,156,32726,3,1,23323,25,-32,-87,-3,2,2,98479,2348,7387,497,0xf,False,0xf5a
1784018652.854,157,157,32926,3,1,23255,-2,47,-108,1,-3,4,98486,2348,7387,510,0xf,False,0xcf51
1784018652.978,158,158,33126,3,1,23212,-48,54,-97,1,-3,-2,98493,2349,7387,495,0xf,False,0xa781
1784018653.197,159,159,33326,3,1,23136,-59,39,-102,4,-5,0,98500,2349,7387,506,0xf,False,0xac91
1784018653.571,160,160,33526,3,1,23110,-29,-33,-92,-4,4,-2,98507,2349,7387,501,0xf,False,0xfd2e
1784018653.571,161,161,33726,3,1,23029,-4,23,-106,-5,-1,1,98514,2350,7387,499,0xf,False,0x1f59
1784018653.758,162,162,33926,3,1,22983,55,46,-85,3,-2,2,98521,2350,7387,501,0xf,False,0x4d19
1784018654.037,163,163,34126,3,1,22933,-32,51,-109,4,1,2,98528,2351,7387,490,0xf,False,0x4e99
1784018654.318,164,164,34326,3,1,22849,-14,54,-93,4,2,4,98535,2351,7387,492,0xf,False,0x2c76
1784018654.379,165,165,34526,3,1,22804,18,-43,-80,-3,0,1,98542,2351,7387,488,0xf,False,0xbb60
1784018654.566,166,166,34726,3,1,22766,-9,-40,-88,-1,4,-5,98549,2352,7387,503,0xf,False,0x75b
1784018654.861,167,167,34926,3,1,22701,44,-49,-93,-2,-2,4,98556,2352,7387,493,0xf,False,0x889e
1784018655.063,168,168,35126,3,1,22642,-11,48,-84,3,4,-2,98563,2352,7386,481,0xf,False,0xb269
1784018655.252,169,169,35326,3,1,22566,32,-39,-89,2,-5,-5,98570,2353,7386,494,0xf,False,0x1e4f
1784018655.376,170,170,35526,3,1,22535,-8,43,-106,-2,1,4,98578,2353,7386,503,0xf,False,0x3008
1784018655.682,171,171,35726,3,1,22458,-33,-6,-99,3,4,3,98585,2354,7386,517,0xf,False,0xbd01
1784018655.888,172,172,35926,3,1,22410,18,-54,-90,2,1,-2,98592,2354,7386,511,0xf,False,0x9815
1784018656.097,173,173,36126,3,1,22341,24,-29,-98,-1,-3,-4,98599,2354,7386,506,0xf,False,0x98c1
1784018656.218,174,174,36326,3,1,22266,-7,19,-87,1,2,-2,98606,2355,7386,494,0xf,False,0x2d4a
1784018656.419,175,175,36526,3,1,22218,11,48,-83,3,2,4,98613,2355,7386,490,0xf,False,0xf900
1784018656.545,176,176,36726,3,1,22156,-58,-49,-86,-5,1,-4,98621,2355,7386,484,0xf,False,0x58a8
1784018656.808,177,177,36926,3,1,22104,-35,-32,-95,-3,4,4,98628,2356,7386,505,0xf,False,0xae94
1784018657.011,178,178,37126,3,1,22028,14,-2,-101,-1,2,-3,98635,2356,7386,518,0xf,False,0xb0b8
1784018657.261,179,179,37326,3,1,21986,-22,-58,-104,-5,-2,4,98642,2357,7386,514,0xf,False,0xa800
1784018657.387,180,180,37526,3,1,21913,21,-19,-100,0,3,3,98649,2357,7385,500,0xf,False,0x5b95
1784018657.588,181,181,37726,3,1,21876,8,40,-93,-3,-1,4,98657,2357,7385,496,0xf,False,0x1641
1784018657.855,182,182,37926,3,1,21811,21,16,-81,-5,-1,2,98664,2358,7385,488,0xf,False,0xe2df
1784018658.042,183,183,38126,3,1,21741,-29,45,-85,4,2,-3,98671,2358,7385,491,0xf,False,0xb03
1784018658.213,184,184,38326,3,1,21673,-35,0,-85,-4,2,0,98679,2359,7385,498,0xf,False,0x6a4d
1784018658.400,185,185,38526,3,1,21606,-22,-22,-87,0,-4,4,98686,2359,7385,500,0xf,False,0x9644
1784018658.637,186,186,38726,3,1,21561,-14,5,-80,-5,-2,-5,98693,2359,7385,489,0xf,False,0x33f8
1784018658.823,187,187,38926,3,1,21494,-25,-20,-92,4,1,-4,98701,2360,7385,510,0xf,False,0x9216
1784018659.010,188,188,39126,3,1,21457,48,-7,-81,-1,1,1,98708,2360,7385,514,0xf,False,0x12fd
1784018659.196,189,189,39326,3,1,21381,33,29,-88,-5,-2,-2,98716,2360,7385,515,0xf,False,0xe780
1784018659.447,190,190,39526,3,1,21307,12,7,-103,2,-5,-4,98723,2361,7385,492,0xf,False,0xdfe4
1784018659.603,191,191,39726,3,1,21264,19,-58,-87,-5,2,-5,98730,2361,7385,501,0xf,False,0xe46f
1784018659.790,192,192,39926,3,1,21189,-43,50,-85,0,-2,3,98738,2362,7385,510,0xf,False,0x23c9
1784018660.007,193,193,40126,3,1,21134,19,20,-92,-5,3,1,98745,2362,7384,519,0xf,False,0xc022
1784018660.278,194,194,40326,3,1,21087,46,-48,-102,1,-2,2,98753,2362,7384,501,0xf,False,0x9c80
1784018660.333,195,195,40526,3,1,21007,-13,8,-109,-1,-1,4,98760,2363,7384,504,0xf,False,0x5157
1784018660.647,196,196,40726,3,1,20935,9,16,-105,-5,-3,1,98768,2363,7384,501,0xf,False,0x778f
1784018660.832,197,197,40926,3,1,20889,-15,-6,-82,-5,1,-1,98775,2364,7384,490,0xf,False,0xf4e7
1784018661.095,198,198,41126,3,1,20840,21,-33,-101,2,2,-4,98783,2364,7384,517,0xf,False,0xa0b3
1784018661.155,199,199,41326,3,1,20785,1,-21,-98,4,1,0,98791,2364,7384,508,0xf,False,0x91bd
1784018661.406,200,200,41526,3,1,20725,23,52,-100,-3,-3,-5,98798,2365,7384,498,0xf,False,0x9d25
1784018661.810,201,201,41726,3,1,20625,-49,-51,-84,2,1,4,98806,2365,7384,485,0xf,False,0x19e
1784018661.902,202,202,41926,3,1,20563,-56,46,-104,-5,4,-2,98814,2366,7384,515,0xf,False,0xcd37
1784018662.135,203,203,42126,3,1,20508,-11,-60,-89,-4,-1,-2,98821,2366,7384,517,0xf,False,0xfdf0
1784018662.199,204,204,42326,3,1,20446,-18,56,-98,-5,-2,4,98829,2367,7384,517,0xf,False,0x804a
1784018662.449,205,205,42526,3,1,20410,-23,14,-106,2,1,-2,98837,2367,7383,518,0xf,False,0x5712
1784018662.619,206,206,42726,3,1,20332,11,44,-109,-3,-3,4,98844,2367,7383,512,0xf,False,0x673f
1784018662.804,207,207,42926,3,1,20253,-9,22,-97,0,-2,0,98852,2368,7383,498,0xf,False,0xcd2b
1784018663.055,208,208,43126,3,1,20218,6,-60,-99,3,-4,-5,98860,2368,7383,482,0xf,False,0x3336
1784018663.270,209,209,43326,3,1,20130,41,44,-93,3,4,-1,98868,2369,7383,489,0xf,False,0x2998
1784018663.351,210,210,43526,3,1,20058,-24,-59,-92,-3,4,3,98875,2369,7383,505,0xf,False,0x3316
1784018663.598,211,211,43726,3,1,20014,-37,-33,-91,-5,1,1,98883,2369,7383,515,0xf,False,0x5fe9
1784018663.844,212,212,43926,3,1,19951,-48,-49,-82,-1,-4,0,98891,2370,7383,516,0xf,False,0x6577
1784018664.079,213,213,44126,3,1,19898,30,-42,-86,4,3,2,98899,2370,7383,497,0xf,False,0x96b
1784018664.156,214,214,44326,3,1,19810,-55,-53,-99,4,-3,3,98907,2371,7383,501,0xf,False,0x76a8
1784018664.436,215,215,44526,3,1,19755,-47,-41,-98,-5,-3,4,98915,2371,7383,514,0xf,False,0x450e
1784018664.624,216,216,44726,3,1,19689,-11,0,-85,2,-1,-4,98923,2372,7383,480,0xf,False,0x787a
1784018664.840,217,217,44926,3,1,19625,-35,40,-85,-3,1,3,98931,2372,7383,485,0xf,False,0x9dac
1784018664.966,218,218,45126,3,1,19551,38,-14,-108,-4,4,-5,98939,2372,7382,492,0xf,False,0x85b8
1784018665.232,219,219,45326,3,1,19507,-52,25,-81,2,0,3,98947,2373,7382,515,0xf,False,0x6eb3
1784018665.496,220,220,45526,3,1,19427,-57,-52,-96,-5,4,-1,98955,2373,7382,498,0xf,False,0x847
1784018665.573,221,221,45726,3,1,19370,-52,-3,-108,4,3,-3,98963,2374,7382,514,0xf,False,0x4a5f
1784018665.761,222,222,45926,3,1,19300,-13,-3,-85,1,0,3,98971,2374,7382,493,0xf,False,0xe286
1784018665.993,223,223,46126,3,1,19245,45,-49,-102,2,4,1,98979,2375,7382,496,0xf,False,0x7d70
1784018666.328,224,224,46326,3,1,19141,35,-40,-97,1,1,1,98987,2375,7382,509,0xf,False,0xe704
1784018666.386,225,225,46526,3,1,19075,57,3,-96,3,-3,1,98995,2375,7382,496,0xf,False,0x3e92
1784018666.571,226,226,46726,3,1,19028,44,-18,-98,-4,2,2,99003,2376,7382,517,0xf,False,0x8594
1784018666.818,227,227,46926,3,1,18960,-12,27,-86,0,-2,2,99011,2376,7382,491,0xf,False,0x6ba9
1784018667.131,228,228,47126,3,1,18905,-60,27,-92,2,-1,0,99020,2377,7382,519,0xf,False,0x4b30
1784018667.193,229,229,47326,3,1,18834,-56,-21,-90,4,4,3,99028,2377,7382,519,0xf,False,0x3f94
1784018667.377,230,230,47526,3,1,18737,59,4,-84,2,-5,4,99036,2378,7381,504,0xf,False,0xfafd
1784018667.737,231,231,47726,3,1,18685,4,-11,-92,1,2,-3,99044,2378,7381,510,0xf,False,0xdc7a
1784018667.737,232,232,47926,3,1,18615,-11,17,-107,0,3,-4,99053,2378,7381,483,0xf,False,0xcd29
1784018668.066,233,233,48126,3,1,18549,-53,19,-101,-1,-5,-1,99061,2379,7381,496,0xf,False,0xee8b
1784018668.315,234,234,48326,3,1,18484,10,-26,-90,-3,-3,0,99069,2379,7381,517,0xf,False,0x298c
1784018668.441,235,235,48526,3,1,18428,-13,-11,-98,-3,-4,3,99078,2380,7381,509,0xf,False,0x838b
1784018668.632,236,236,48726,3,1,18351,-36,-54,-93,-4,4,-2,99086,2380,7381,508,0xf,False,0x187b
1784018668.753,237,237,48926,3,1,18280,2,55,-105,4,3,0,99094,2381,7381,486,0xf,False,0x7ab8
1784018669.000,238,238,49126,3,1,18228,-13,-6,-97,3,3,-1,99103,2381,7381,495,0xf,False,0x7f4f
1784018669.249,239,239,49326,3,1,18139,48,-35,-95,4,1,4,99111,2382,7381,500,0xf,False,0x4b3f
1784018669.373,240,240,49526,3,1,18077,-6,9,-108,1,-1,-3,99120,2382,7381,503,0xf,False,0x2dae
1784018669.562,241,241,49726,3,1,17998,44,-28,-82,0,1,-3,99128,2382,7381,501,0xf,False,0x3575
1784018669.840,242,242,49926,3,1,17925,47,59,-83,-4,-5,0,99137,2383,7381,491,0xf,False,0x52dd
1784018670.043,243,243,50126,3,1,17858,-23,26,-83,-3,-3,4,99146,2383,7380,505,0xf,False,0x82a1
1784018670.183,244,244,50326,3,1,17805,-7,35,-105,-4,1,-4,99154,2384,7380,510,0xf,False,0x1ce8
1784018670.370,245,245,50526,3,1,17726,-25,31,-84,2,-5,-4,99163,2384,7380,495,0xf,False,0xeeb8
1784018670.618,246,246,50726,3,1,17652,-21,21,-90,-1,-5,3,99171,2385,7380,504,0xf,False,0xe65e
1784018670.742,247,247,50926,3,1,17582,-36,30,-108,-2,-5,2,99180,2385,7380,507,0xf,False,0xe736
1784018670.958,248,248,51126,3,1,17518,7,53,-91,-2,-1,-1,99189,2386,7380,486,0xf,False,0xed28
1784018671.240,249,249,51326,3,1,17426,-39,-31,-100,-2,-2,-2,99198,2386,7380,519,0xf,False,0xf2d1
1784018671.427,250,250,51526,3,1,17341,-14,25,-95,-4,-3,-5,99206,2387,7380,480,0xf,False,0x5c10
1784018671.551,251,251,51726,3,1,17289,-25,22,-97,1,2,-1,99215,2387,7380,486,0xf,False,0xe1be
1784018671.797,252,252,51926,3,1,17234,-7,-2,-84,0,-5,2,99224,2388,7380,502,0xf,False,0x756b
1784018672.109,253,253,52126,3,1,17153,-1,-53,-101,-4,4,-1,99233,2388,7380,509,0xf,False,0xf6
1784018672.249,254,254,52326,3,1,17068,20,-35,-93,-4,3,0,99242,2389,7380,501,0xf,False,0x49da
1784018672.373,255,255,52526,3,1,16992,-13,29,-85,-5,-2,-2,99251,2389,7379,511,0xf,False,0x7318
1784018672.622,256,256,52726,3,1,16919,-24,-18,-80,4,2,-3,99260,2389,7379,505,0xf,False,0x80d4
1784018672.834,257,257,52926,3,1,16838,1,-48,-83,1,-5,2,99269,2390,7379,516,0xf,False,0x234b
1784018673.074,258,258,53126,3,1,16784,-47,-51,-97,3,2,0,99278,2390,7379,498,0xf,False,0x6a27
1784018673.135,259,259,53326,3,1,16702,41,53,-106,-2,1,0,99287,2391,7379,503,0xf,False,0x90e2
1784018673.400,260,260,53526,3,1,16617,-60,47,-99,-5,-1,-2,99296,2391,7379,507,0xf,False,0xa09a
1784018673.665,261,261,53726,3,1,16552,9,53,-88,1,4,2,99305,2392,7379,482,0xf,False,0x719d
1784018673.726,262,262,53926,3,1,16464,-13,-12,-88,2,-5,0,99314,2392,7379,514,0xf,False,0xf045
1784018674.036,263,263,54126,3,1,16411,-17,1,-95,-4,4,-3,99324,2393,7379,502,0xf,False,0x9e0a
1784018674.224,264,264,54326,3,1,16333,18,-1,-80,-3,-5,-1,99333,2393,7379,490,0xf,False,0x17c1
1784018674.609,265,265,54526,3,1,16230,22,15,-89,-3,-2,1,99342,2394,7379,482,0xf,False,0x60b
1784018674.609,266,266,54726,3,1,16164,-30,20,-107,0,-3,3,99351,2394,7379,487,0xf,False,0x8597
1784018674.810,267,267,54926,3,1,16096,56,28,-101,-3,-3,0,99361,2395,7379,511,0xf,False,0x2d4c
1784018675.012,268,268,55126,3,1,16026,-35,-8,-90,-5,0,-2,99370,2395,7378,498,0xf,False,0x7433
1784018675.276,269,269,55326,3,1,15938,51,-52,-109,3,-3,-4,99379,2396,7378,502,0xf,False,0x233c
1784018675.338,270,270,55526,3,1,15884,27,-2,-94,-2,-2,1,99389,2396,7378,485,0xf,False,0x19b9
1784018675.618,271,271,55726,3,1,15798,24,-25,-85,2,4,1,99398,2397,7378,512,0xf,False,0xccef
1784018675.803,272,272,55926,3,1,15720,-9,-34,-99,-5,-4,2,99408,2397,7378,510,0xf,False,0xf7f5
1784018677.416,1,1,776,0,0,11,-49,-7,1000,-4,-1,0,101325,2500,7400,487,0xf,False,0xabb0
1784018677.555,2,2,976,0,0,-3,-3,-18,1000,1,-4,-2,101325,2500,7400,518,0xf,False,0x2cfc
1784018677.806,3,3,1176,0,0,-8,22,-58,1000,1,4,-2,101325,2500,7400,515,0xf,False,0x25f3
1784018677.931,4,4,1376,0,0,-4,-27,36,1000,-3,3,-5,101325,2500,7400,512,0xf,False,0x63a8
1784018678.134,5,5,1576,0,0,-9,32,-5,1000,0,-3,3,101325,2500,7400,488,0xf,False,0x17a
1784018678.368,6,6,1776,0,0,-4,36,42,1000,4,2,-3,101325,2500,7400,494,0xf,False,0x117d
1784018678.635,7,7,1976,0,0,-6,-3,56,1000,-3,4,3,101325,2500,7400,503,0xf,False,0x3e01
1784018678.712,8,8,2176,0,0,-12,32,34,1000,-3,3,0,101325,2500,7400,480,0xf,False,0xe778
1784018679.008,9,9,2376,0,0,10,41,-34,1000,3,1,-1,101325,2500,7400,498,0xf,False,0xf821
1784018679.199,10,10,2576,0,0,0,-48,2,1000,2,2,4,101325,2500,7399,481,0xf,False,0xf3e1
1784018679.413,11,11,2776,0,0,13,-16,39,1000,2,-1,2,101325,2500,7399,503,0xf,False,0xd3b9
1784018679.537,12,12,2976,0,0,-9,39,-6,1000,-5,-4,-5,101325,2500,7399,503,0xf,False,0x3c5b
1784018679.759,13,13,3176,0,0,-13,-40,52,1000,-5,0,1,101325,2500,7399,499,0xf,False,0x3dd9
1784018680.007,14,14,3376,0,0,-9,-30,-51,1000,0,-2,-1,101325,2500,7399,519,0xf,False,0x1751
1784018680.196,15,15,3576,0,0,-19,34,44,1000,2,2,1,101325,2500,7399,509,0xf,False,0xba2d
1784018680.341,16,16,3776,0,0,-14,-54,40,1000,-4,0,-3,101325,2500,7399,511,0xf,False,0xaa5b
1784018680.535,17,17,3976,0,0,14,-16,-13,1000,-3,-5,2,101325,2500,7399,507,0xf,False,0x9b
1784018680.784,18,18,4176,0,0,1,54,-60,1000,0,1,-2,101325,2500,7399,490,0xf,False,0xac8b
1784018680.909,19,19,4376,0,0,-10,-58,38,1000,0,3,-2,101325,2500,7399,518,0xf,False,0x98f4
1784018681.111,20,20,4576,0,0,-3,-17,-28,1000,4,-5,-3,101325,2500,7399,514,0xf,False,0xb0b8
1784018681.392,21,21,4776,0,0,-6,-1,-44,1000,-4,-2,-4,101325,2500,7399,505,0xf,False,0xf79b
1784018681.595,22,22,4976,0,0,-14,13,-6,1000,-3,-2,-1,101325,2500,7399,497,0xf,False,0x1b38
1784018681.734,23,23,5176,1,0,-11,-36,-29,1000,1,1,2,101325,2500,7398,515,0xf,False,0xb7e7
1784018681.921,24,24,5376,1,0,11,-34,11,1000,2,3,2,101325,2500,7398,509,0xf,False,0x2e44
1784018682.189,25,25,5576,1,0,15,-59,-49,1000,-3,2,-3,101325,2500,7398,493,0xf,False,0x1333
1784018682.467,26,26,5776,1,0,-17,-19,31,1000,-5,-5,-1,101325,2500,7398,511,0xf,False,0xb000
1784018682.529,27,27,5976,1,0,-18,-15,3,1000,0,-4,4,101325,2500,7398,496,0xf,False,0xaf4a
1784018682.725,28,28,6176,1,0,-8,-24,-24,1000,4,2,-3,101325,2500,7398,517,0xf,False,0xdd92
1784018682.965,29,29,6376,1,0,3,-36,41,1000,3,0,3,101325,2500,7398,487,0xf,False,0xc627
1784018683.215,30,30,6576,1,0,-20,0,58,1000,-3,-5,-1,101325,2500,7398,481,0xf,False,0x9001
1784018683.341,31,31,6776,1,0,17,-42,39,1000,4,-2,1,101325,2500,7398,497,0xf,False,0xd88e
1784018683.591,32,32,6976,1,0,7,-53,59,1000,-3,-4,-4,101325,2500,7398,484,0xf,False,0x797b
1784018683.795,33,33,7176,1,0,-12,57,-3,1000,-4,-1,-2,101325,2500,7398,504,0xf,False,0x5aa9
1784018683.917,34,34,7376,1,0,16,16,37,1000,4,-5,-3,101325,2500,7398,510,0xf,False,0x4149
1784018684.118,35,35,7576,1,0,18,31,13,1000,-5,-4,3,101325,2500,7397,505,0xf,False,0x5ca
1784018684.403,36,36,7776,1,0,-6,-17,-32,1000,-4,2,-2,101325,2500,7397,495,0xf,False,0xb16d
1784018684.603,37,37,7976,1,0,9,33,50,1000,-1,-3,3,101325,2500,7397,496,0xf,False,0x668c
1784018684.725,38,38,8176,1,0,-5,-47,-36,1000,1,-1,2,101325,2500,7397,480,0xf,False,0xb89
1784018684.914,39,39,8376,1,0,-16,35,17,1000,4,1,-4,101325,2500,7397,481,0xf,False,0x3289
1784018685.174,40,40,8576,1,0,18,-34,-55,1000,-1,0,2,101325,2500,7397,514,0xf,False,0xbd5e
1784018685.425,41,41,8776,1,0,7,-3,10,1000,-2,0,3,101325,2500,7397,512,0xf,False,0x13ed
1784018685.564,42,42,8976,1,0,-15,2,52,1000,-5,-4,-4,101325,2500,7397,492,0xf,False,0xa38f
1784018685.751,43,43,9176,1,0,-19,29,11,1000,0,-5,3,101325,2500,7397,508,0xf,False,0xcb87
1784018685.999,44,44,9376,1,0,-7,-51,-40,1000,-3,0,4,101325,2500,7397,493,0xf,False,0x1af3
1784018686.061,45,45,9576,1,0,19,-41,8,1000,3,4,2,101325,2500,7397,501,0xf,False,0x4a98
1784018686.343,46,46,9776,1,0,-5,-43,23,1000,-2,-3,-2,101325,2500,7397,497,0xf,False,0x17e9
1784018686.528,47,47,9976,1,0,-1,-11,-24,1000,3,3,-1,101325,2500,7397,514,0xf,False,0x7a5c
1784018686.763,48,48,10176,2,0,1110,-52,41,1275,-4,-3,3,101189,2492,7396,490,0xf,False,0xa41b
1784018686.886,49,49,10376,2,0,2348,-36,-49,1585,1,2,4,101039,2484,7396,485,0xf,False,0xbc44
1784018687.149,50,50,10576,2,0,3557,44,2,1885,-5,-3,4,100892,2476,7396,519,0xf,False,0xe809
1784018687.404,51,51,10776,2,0,4712,54,-40,2171,-1,3,4,100749,2469,7396,494,0xf,False,0x5db9
1784018687.582,52,52,10976,2,0,5860,43,7,2438,0,-1,-4,100610,2461,7396,487,0xf,False,0x54e7
1784018687.739,53,53,11176,2,0,6968,31,-27,2683,4,0,-2,100474,2454,7396,519,0xf,False,0xaae6
1784018687.925,54,54,11376,2,0,8065,-50,10,2902,2,0,-3,100342,2447,7396,489,0xf,False,0x4b09
1784018688.220,55,55,11576,2,0,9096,-54,-33,3090,-1,-2,4,100213,2440,7396,486,0xf,False,0x280f
1784018688.406,56,56,11776,2,0,10136,-30,26,3245,-2,-4,-5,100089,2434,7396,507,0xf,False,0xa143
1784018688.560,57,57,11976,2,0,11114,-34,-18,3365,4,4,1,99967,2427,7396,495,0xf,False,0x63de
1784018688.764,58,58,12176,2,0,12096,-44,36,3448,-3,0,0,99850,2421,7396,505,0xf,False,0x27de
1784018689.030,59,59,12376,2,0,13028,-41,57,3492,-5,-3,-4,99736,2415,7396,488,0xf,False,0xdf4e
1784018689.092,60,60,12576,2,0,13924,16,45,3497,-4,2,0,99626,2409,7395,499,0xf,False,0x2855
1784018689.401,61,61,12776,2,0,14786,36,26,3462,-1,1,-4,99519,2403,7395,493,0xf,False,0xaac4
1784018689.542,62,62,12976,2,0,15658,13,54,3389,-1,4,0,99416,2398,7395,492,0xf,False,0xef5a
1784018689.762,63,63,13176,2,0,16443,-42,42,3277,-5,-3,-5,99317,2393,7395,503,0xf,False,0xf0b2
1784018689.901,64,64,13376,2,0,17234,15,-52,3130,-2,2,-2,99222,2387,7395,519,0xf,False,0x47ce
1784018690.120,65,65,13576,2,0,17987,-27,12,2950,4,0,-5,99130,2383,7395,482,0xf,False,0x4e24
1784018690.369,66,66,13776,2,0,18696,-17,28,2738,-4,-1,4,99041,2378,7395,494,0xf,False,0x2560
1784018690.586,67,67,13976,2,0,19387,-59,6,2499,3,-5,-2,98957,2373,7395,514,0xf,False,0x582e
1784018690.711,68,68,14176,2,0,20071,-32,51,2237,2,-5,2,98876,2369,7395,492,0xf,False,0x6446
1784018690.931,69,69,14376,2,0,20717,-13,9,1955,2,-4,1,98799,2365,7395,499,0xf,False,0x2741
1784018691.226,70,70,14576,2,0,21323,4,20,1658,1,4,-4,98725,2361,7395,486,0xf,False,0xb95b
1784018691.414,71,71,14776,2,0,21882,-37,-14,1350,-3,-4,-5,98655,2357,7395,514,0xf,False,0x3642
1784018691.546,72,72,14976,2,0,22422,-27,44,1037,-5,2,-4,98588,2354,7395,480,0xf,False,0xd768
1784018691.725,73,73,15176,2,0,22922,-21,-20,-214,-4,-2,1,98526,2350,7394,487,0xf,False,0xa3f6
1784018692.007,74,74,15376,2,0,23414,59,48,-230,4,3,4,98467,2347,7394,494,0xf,False,0xa373
1784018692.069,75,75,15576,2,0,23884,54,-29,-246,-1,-5,2,98411,2344,7394,487,0xf,False,0x4fe6
1784018692.336,76,76,15776,2,0,24292,-42,-20,-262,-1,3,2,98360,2342,7394,496,0xf,False,0xc71a
1784018692.601,77,77,15976,2,0,24699,48,-23,-278,-3,-5,0,98311,2339,7394,494,0xf,False,0x1053
1784018692.787,78,78,16176,2,0,25058,5,-10,-294,4,4,1,98267,2337,7394,510,0xf,False,0x8138
1784018692.928,79,79,16376,2,0,25409,18,-46,-310,0,-2,-4,98226,2334,7394,511,0xf,False,0x3df
1784018693.182,80,80,16576,2,0,25714,-58,-39,-326,-3,-3,-4,98189,2332,7394,490,0xf,False,0x411f
1784018693.366,81,81,16776,2,0,25986,-17,-29,-342,-3,2,1,98156,2331,7394,509,0xf,False,0x4909
1784018693.664,82,82,16976,2,0,26217,-25,-33,-358,-5,4,2,98126,2329,7394,482,0xf,False,0x3ed0
1784018693.727,83,83,17176,2,0,26423,-42,-9,-374,-5,-5,-1,98100,2328,7394,487,0xf,False,0xb750
1784018694.039,84,84,17376,2,0,26621,-28,-13,-390,-3,1,-1,98077,2326,7394,485,0xf,False,0x999f
1784018694.160,85,85,17576,2,0,26784,-6,-49,-406,-4,0,-5,98058,2325,7393,512,0xf,False,0xcb8d
1784018694.438,86,86,17776,2,0,26882,-49,-55,-422,0,-4,-4,98043,2325,7393,517,0xf,False,0x7e4f
1784018694.501,87,87,17976,2,0,27003,-50,-31,-438,-1,-2,3,98031,2324,7393,508,0xf,False,0xc8b6
1784018694.755,88,88,18176,2,0,27043,-1,-31,-454,-1,0,-4,98023,2324,7393,508,0xf,False,0xca66
1784018695.002,89,89,18376,2,0,27090,25,16,-470,-2,0,-1,98019,2323,7393,483,0xf,False,0xa99
1784018695.126,90,90,18576,3,1,27099,-4,12,-89,1,-1,-2,98020,2323,7393,499,0xf,False,0x57a6
1784018695.315,91,91,18776,3,1,27014,-53,46,-102,2,-5,-5,98026,2324,7393,513,0xf,False,0xbea0
1784018695.567,92,92,18976,3,1,26991,-12,-4,-92,4,0,2,98033,2324,7393,508,0xf,False,0xd9df
1784018695.833,93,93,19176,3,1,26945,-30,40,-107,2,4,-2,98039,2324,7393,513,0xf,False,0x9319
1784018696.018,94,94,19376,3,1,26891,-43,-56,-105,-5,2,-5,98045,2325,7393,519,0xf,False,0x370b
1784018696.189,95,95,19576,3,1,26834,7,-24,-102,3,4,3,98051,2325,7393,516,0xf,False,0xa43e
1784018696.378,96,96,19776,3,1,26782,17,41,-80,-4,-4,-3,98057,2325,7393,486,0xf,False,0x8380
1784018696.580,97,97,19976,3,1,26743,52,-24,-99,3,2,-5,98063,2326,7393,488,0xf,False,0xd50a
1784018696.719,98,98,20176,3,1,26676,55,-59,-91,4,-1,0,98070,2326,7392,499,0xf,False,0x7b0c
1784018696.973,99,99,20376,3,1,26642,-4,-44,-96,-3,-1,2,98076,2326,7392,513,0xf,False,0xe1f2
1784018697.156,100,100,20576,3,1,26597,-23,-32,-101,0,3,3,98082,2327,7392,493,0xf,False,0xd2d4
1784018697.452,101,101,20776,3,1,26544,-4,5,-99,-3,-2,-3,98088,2327,7392,486,0xf,False,0xd445
1784018697.514,102,102,20976,3,1,26474,-47,53,-97,0,-2,1,98094,2327,7392,482,0xf,False,0x39f4
1784018697.762,103,103,21176,3,1,26436,-9,51,-94,-3,-2,1,98101,2328,7392,519,0xf,False,0x61e7
1784018697.966,104,104,21376,3,1,26389,-15,30,-80,1,-3,1,98107,2328,7392,488,0xf,False,0xd94a
1784018698.090,105,105,21576,3,1,26311,-19,29,-96,4,1,0,98113,2328,7392,510,0xf,False,0x82ff
1784018698.337,106,106,21776,3,1,26276,26,-19,-85,-2,3,-4,98119,2329,7392,506,0xf,False,0xd229
1784018698.586,107,107,21976,3,1,26205,-56,-23,-103,-4,1,-2,98126,2329,7392,494,0xf,False,0xbfca
1784018698.790,108,108,22176,3,1,26177,-26,10,-91,0,4,4,98132,2329,7392,482,0xf,False,0xe418
1784018698.913,109,109,22376,3,1,26118,-25,53,-109,-3,-3,-5,98138,2330,7392,506,0xf,False,0x418a
1784018699.176,110,110,22576,3,1,26063,49,22,-100,-2,-5,-4,98145,2330,7391,499,0xf,False,0x693c
1784018699.390,111,111,22776,3,1,25997,20,55,-94,0,3,-4,98151,2330,7391,488,0xf,False,0x597a
1784018699.595,112,112,22976,3,1,25952,-35,-14,-90,-1,-1,0,98157,2331,7391,502,0xf,False,0x3cbf
1784018699.735,113,113,23176,3,1,25927,0,-44,-84,4,-1,1,98164,2331,7391,499,0xf,False,0xc034
1784018699.940,114,114,23376,3,1,25852,-56,26,-83,-5,-3,3,98170,2331,7391,501,0xf,False,0x69a7
1784018700.162,115,115,23576,3,1,25789,49,58,-91,-1,-1,-5,98176,2332,7391,497,0xf,False,0xecac
1784018700.434,116,116,23776,3,1,25759,15,-14,-106,-2,-1,-1,98183,2332,7391,500,0xf,False,0x883b
1784018700.499,117,117,23976,3,1,25716,53,45,-107,-2,-4,-2,98189,2332,7391,484,0xf,False,0x5baa
1784018700.774,118,118,24176,3,1,25653,-30,-26,-100,-2,3,2,98195,2333,7391,512,0xf,False,0xac3d
1784018700.966,119,119,24376,3,1,25594,-55,-13,-106,2,-1,-3,98202,2333,7391,511,0xf,False,0xb680
1784018701.091,120,120,24576,3,1,25533,-15,-47,-82,0,0,3,98208,2333,7391,492,0xf,False,0xd13a
1784018701.342,121,121,24776,3,1,25472,5,-26,-108,3,3,-1,98215,2334,7391,519,0xf,False,0x130
1784018701.527,122,122,24976,3,1,25427,30,-20,-85,-4,-1,1,98221,2334,7391,513,0xf,False,0xc4bb
1784018701.775,123,123,25176,3,1,25389,53,-16,-89,-2,-4,-2,98227,2334,7390,495,0xf,False,0xbab4
1784018701.912,124,124,25376,3,1,25329,-25,17,-108,2,1,-4,98234,2335,7390,482,0xf,False,0xd04a
1784018702.151,125,125,25576,3,1,25287,31,30,-99,-4,-4,-5,98240,2335,7390,480,0xf,False,0x884a
1784018702.385,126,126,25776,3,1,25207,-49,-8,-94,3,2,0,98247,2336,7390,490,0xf,False,0x44a7
1784018702.570,127,127,25976,3,1,25191,-18,11,-95,-2,2,4,98253,2336,7390,480,0xf,False,0xf404
1784018702.771,128,128,26176,3,1,25101,-25,-28,-97,-2,-5,0,98260,2336,7390,509,0xf,False,0xb393
1784018702.958,129,129,26376,3,1,25070,-60,42,-101,-3,0,-5,98266,2337,7390,492,0xf,False,0x2f6d
1784018703.147,130,130,26576,3,1,25006,38,48,-103,1,-5,0,98273,2337,7390,498,0xf,False,0xf152
1784018703.435,131,131,26776,3,1,24950,23,31,-101,0,-2,3,98279,2337,7390,497,0xf,False,0xc0a0
1784018703.552,132,132,26976,3,1,24908,59,-22,-101,-4,-3,2,98286,2338,7390,502,0xf,False,0xbc05
1784018703.753,133,133,27176,3,1,24858,13,49,-99,-4,-2,1,98293,2338,7390,483,0xf,False,0x3410
1784018704.018,134,134,27376,3,1,24778,41,-52,-82,2,-3,-5,98299,2338,7390,500,0xf,False,0xf343
1784018704.081,135,135,27576,3,1,24741,-33,-22,-107,-1,-1,-5,98306,2339,7389,481,0xf,False,0xd28d
1784018704.331,136,136,27776,3,1,24708,8,16,-107,-5,0,-2,98312,2339,7389,493,0xf,False,0x1da7
1784018704.589,137,137,27976,3,1,24650,13,-12,-93,4,-5,2,98319,2339,7389,486,0xf,False,0xc150
1784018704.764,138,138,28176,3,1,24593,23,-52,-103,2,1,-5,98326,2340,7389,480,0xf,False,0xcbc9
1784018704.888,139,139,28376,3,1,24545,14,28,-108,-1,-1,-1,98332,2340,7389,490,0xf,False,0x632d
1784018705.168,140,140,28576,3,1,24462,38,-54,-81,4,2,1,98339,2340,7389,500,0xf,False,0x30c5
1784018705.386,141,141,28776,3,1,24420,-41,-18,-99,3,-1,0,98345,2341,7389,496,0xf,False,0x3880
1784018705.574,142,142,28976,3,1,24361,21,26,-86,-2,2,4,98352,2341,7389,508,0xf,False,0xa3f7
1784018705.747,143,143,29176,3,1,24290,-6,-46,-101,2,-5,2,98359,2341,7389,502,0xf,False,0x2dff
1784018705.932,144,144,29376,3,1,24240,6,-6,-97,-3,-2,-3,98365,2342,7389,518,0xf,False,0xb738
1784018706.212,145,145,29576,3,1,24217,-50,23,-109,2,0,-4,98372,2342,7389,502,0xf,False,0xf97a
1784018706.434,146,146,29776,3,1,24142,-7,56,-94,-2,-1,1,98379,2343,7389,481,0xf,False,0xb311
1784018706.561,147,147,29976,3,1,24092,13,-53,-83,-1,0,-1,98386,2343,7389,481,0xf,False,0x31d7
1784018706.742,148,148,30176,3,1,24041,-19,-46,-84,-3,-2,2,98392,2343,7388,495,0xf,False,0xdba9
1784018706.991,149,149,30376,3,1,23986,-27,-38,-98,0,-4,4,98399,2344,7388,517,0xf,False,0x27
1784018707.118,150,150,30576,3,1,23936,42,33,-88,4,4,-4,98406,2344,7388,505,0xf,False,0x2282
1784018707.337,151,151,30776,3,1,23863,18,14,-81,-3,-3,3,98413,2344,7388,493,0xf,False,0xcc5
1784018707.681,152,152,30976,3,1,23829,38,-40,-99,1,3,4,98419,2345,7388,500,0xf,False,0xfd39
1784018707.804,153,153,31176,3,1,23761,6,-56,-108,-1,-2,1,98426,2345,7388,489,0xf,False,0x7ae6
1784018707.926,154,154,31376,3,1,23686,15,-6,-87,-4,0,-3,98433,2345,7388,515,0xf,False,0xe5a0
1784018708.156,155,155,31576,3,1,23642,35,25,-100,-4,-2,4,98440,2346,7388,490,0xf,False,0xe4db
1784018708.342,156,156,31776,3,1,23605,24,-23,-92,-2,-5,1,98447,2346,7388,497,0xf,False,0xf3cd
1784018708.764,157,157,31976,3,1,23549,-6,-38,-88,4,-3,3,98454,2347,7388,494,0xf,False,0xaffa
1784018708.764,158,158,32176,3,1,23486,26,37,-91,0,-4,4,98460,2347,7388,503,0xf,False,0xc6b5
1784018708.947,159,159,32376,3,1,23428,-32,12,-107,-3,2,3,98467,2347,7388,500,0xf,False,0x3f17
1784018709.227,160,160,32576,3,1,23358,-60,15,-93,-3,-4,-4,98474,2348,7387,506,0xf,False,0x7e38
1784018709.413,161,161,32776,3,1,23307,48,-27,-95,-2,-3,0,98481,2348,7387,494,0xf,False,0x51b1
1784018709.539,162,162,32976,3,1,23259,38,45,-93,-1,2,3,98488,2348,7387,509,0xf,False,0xdcd
1784018712.183,1,1,1546,0,0,-3,-49,-58,1000,3,4,3,101325,2500,7400,491,0xf,False,0xf64e
1784018712.313,2,2,1746,0,0,17,27,-6,1000,-3,-5,4,101325,2500,7400,492,0xf,False,0xd882
1784018712.430,3,3,1946,0,0,18,-26,-39,1000,0,-3,-4,101325,2500,7400,497,0xf,False,0x93f1
1784018712.640,4,4,2146,0,0,-1,42,11,1000,3,-3,-1,101325,2500,7400,495,0xf,False,0xdad9
1784018712.899,5,5,2346,0,0,-5,45,-6,1000,-1,-3,4,101325,2500,7400,506,0xf,False,0xbef
1784018713.100,6,6,2546,0,0,-14,30,-6,1000,-2,3,1,101325,2500,7399,493,0xf,False,0x3fc0
1784018713.225,7,7,2746,0,0,12,-26,-42,1000,-4,-4,-4,101325,2500,7399,493,0xf,False,0xd845
1784018713.456,8,8,2946,0,0,2,43,-54,1000,1,3,-2,101325,2500,7399,492,0xf,False,0x1ae4
1784018713.750,9,9,3146,0,0,8,14,-25,1000,0,-1,-2,101325,2500,7399,493,0xf,False,0xa7c2
1784018713.812,10,10,3346,0,0,-13,27,44,1000,1,4,4,101325,2500,7399,491,0xf,False,0x3ef6
1784018714.049,11,11,3546,0,0,6,40,27,1000,4,0,-2,101325,2500,7399,517,0xf,False,0x273a
1784018714.247,12,12,3746,0,0,16,22,-12,1000,2,0,-4,101325,2500,7399,509,0xf,False,0x98b2
1784018714.508,13,13,3946,0,0,4,-4,-59,1000,3,-2,3,101325,2500,7399,516,0xf,False,0xdf95
1784018714.570,14,14,4146,0,0,-14,16,32,1000,-2,3,-1,101325,2500,7399,502,0xf,False,0xb3d0
1784018714.849,15,15,4346,0,0,14,10,42,1000,-1,-3,-5,101325,2500,7399,518,0xf,False,0xbef7
1784018715.065,16,16,4546,0,0,12,-5,-43,1000,2,-2,0,101325,2500,7399,517,0xf,False,0x51c
1784018715.320,17,17,4746,0,0,7,35,7,1000,-3,-4,3,101325,2500,7399,498,0xf,False,0x584c
1784018715.392,18,18,4946,0,0,4,10,-23,1000,-4,-2,-1,101325,2500,7399,513,0xf,False,0xc687
1784018715.647,19,19,5146,1,0,-7,1,-18,1000,2,1,1,101325,2500,7398,488,0xf,False,0xd40b
1784018715.849,20,20,5346,1,0,-1,33,54,1000,1,-5,0,101325,2500,7398,480,0xf,False,0x1a1e
1784018716.144,21,21,5546,1,0,-15,-3,-44,1000,2,1,-5,101325,2500,7398,510,0xf,False,0x4170
1784018716.205,22,22,5746,1,0,12,54,48,1000,-1,3,1,101325,2500,7398,480,0xf,False,0xe45b
1784018716.469,23,23,5946,1,0,15,52,27,1000,3,1,2,101325,2500,7398,485,0xf,False,0xadda
1784018716.655,24,24,6146,1,0,19,55,-58,1000,4,2,3,101325,2500,7398,491,0xf,False,0x86bb
1784018716.873,25,25,6346,1,0,12,-29,50,1000,1,-4,4,101325,2500,7398,509,0xf,False,0x8119
1784018717.000,26,26,6546,1,0,-1,-46,-17,1000,-2,4,3,101325,2500,7398,487,0xf,False,0xb454
1784018717.247,27,27,6746,1,0,-20,12,-56,1000,-4,-1,-1,101325,2500,7398,513,0xf,False,0xacb4
1784018717.481,28,28,6946,1,0,10,26,-21,1000,-2,0,-3,101325,2500,7398,519,0xf,False,0x1970
1784018717.605,29,29,7146,1,0,-10,-47,21,1000,1,-1,-4,101325,2500,7398,480,0xf,False,0x11a0
1784018717.868,30,30,7346,1,0,-12,-48,39,1000,2,-2,-3,101325,2500,7398,503,0xf,False,0x620f
1784018718.059,31,31,7546,1,0,-5,-25,29,1000,-1,-1,-1,101325,2500,7397,490,0xf,False,0x320a
1784018718.307,32,32,7746,1,0,-15,-54,-52,1000,-1,-3,2,101325,2500,7397,519,0xf,False,0x74c9
1784018718.431,33,33,7946,1,0,15,2,-35,1000,2,1,-4,101325,2500,7397,493,0xf,False,0x995f
1784018718.653,34,34,8146,1,0,-19,-6,-20,1000,-1,2,-2,101325,2500,7397,493,0xf,False,0x25ec
1784018718.843,35,35,8346,1,0,5,12,-54,1000,1,1,1,101325,2500,7397,500,0xf,False,0xfa08
1784018719.140,36,36,8546,1,0,-12,-56,-2,1000,-2,2,-5,101325,2500,7397,502,0xf,False,0x39d9
1784018719.202,37,37,8746,1,0,-16,-7,59,1000,-1,-5,1,101325,2500,7397,480,0xf,False,0x1b62
1784018719.467,38,38,8946,1,0,3,0,-15,1000,4,-2,-5,101325,2500,7397,493,0xf,False,0x7563
1784018719.676,39,39,9146,1,0,-1,31,32,1000,-1,1,1,101325,2500,7397,515,0xf,False,0x5eef
1784018719.806,40,40,9346,1,0,-5,43,-12,1000,0,4,3,101325,2500,7397,504,0xf,False,0x6fa
1784018720.024,41,41,9546,1,0,0,-53,29,1000,2,3,-2,101325,2500,7397,486,0xf,False,0x5267
1784018720.275,42,42,9746,1,0,-19,-56,-38,1000,0,4,-2,101325,2500,7397,511,0xf,False,0x9657
1784018720.508,43,43,9946,1,0,17,7,41,1000,-4,-1,-4,101325,2500,7397,483,0xf,False,0xfc16
1784018720.571,44,44,10146,2,0,917,56,-41,1229,-5,-4,0,101212,2494,7396,487,0xf,False,0x2e24
1784018720.867,45,45,10346,2,0,2149,-37,-19,1539,4,0,4,101061,2485,7396,510,0xf,False,0xf0a7
1784018721.225,46,46,10546,2,0,3364,51,35,1840,-3,-1,0,100914,2478,7396,512,0xf,False,0xfed5
1784018721.287,47,47,10746,2,0,4553,-47,31,2129,-3,-4,1,100770,2470,7396,494,0xf,False,0x8d07
1784018721.413,48,48,10946,2,0,5684,55,39,2400,3,1,-5,100630,2463,7396,514,0xf,False,0xb158
1784018721.664,49,49,11146,2,0,6815,24,53,2648,-3,4,0,100494,2455,7396,511,0xf,False,0x86de
1784018721.868,50,50,11346,2,0,7878,26,-8,2871,1,-5,-3,100361,2448,7396,481,0xf,False,0xea85
1784018722.006,51,51,11546,2,0,8955,48,-8,3064,-2,-3,-2,100232,2441,7396,481,0xf,False,0xdf3e
1784018722.224,52,52,11746,2,0,9977,56,5,3224,-1,1,-2,100107,2435,7396,491,0xf,False,0x95c
1784018722.473,53,53,11946,2,0,10963,12,-9,3350,-1,0,4,99985,2428,7396,487,0xf,False,0x7a16
1784018722.706,54,54,12146,2,0,11959,-56,47,3438,-5,1,-3,99867,2422,7396,491,0xf,False,0x70fa
1784018722.768,55,55,12346,2,0,12885,11,-16,3488,3,2,-1,99753,2416,7396,495,0xf,False,0x3069
1784018723.098,56,56,12546,2,0,13792,15,-23,3498,-3,0,4,99642,2410,7395,495,0xf,False,0x968f
1784018723.236,57,57,12746,2,0,14682,-45,-22,3470,1,0,0,99535,2404,7395,485,0xf,False,0x9c5b
1784018723.501,58,58,12946,2,0,15530,35,-20,3402,4,-4,3,99432,2399,7395,482,0xf,False,0x75d9
1784018723.564,59,59,13146,2,0,16344,-27,-25,3296,4,0,-4,99332,2393,7395,491,0xf,False,0x4529
1784018723.829,60,60,13346,2,0,17128,32,14,3155,2,0,0,99236,2388,7395,513,0xf,False,0x12c
1784018724.078,61,61,13546,2,0,17868,56,29,2979,2,-4,-4,99143,2383,7395,500,0xf,False,0x4cb7
1784018724.280,62,62,13746,2,0,18598,-40,-42,2772,1,0,4,99054,2379,7395,493,0xf,False,0x46d4
1784018724.413,63,63,13946,2,0,19288,25,31,2537,1,4,2,98969,2374,7395,506,0xf,False,0x137b
1784018724.717,64,64,14146,2,0,19965,30,41,2278,4,-4,3,98888,2370,7395,494,0xf,False,0xa95f
1784018724.873,65,65,14346,2,0,20600,-17,-29,1998,-1,-1,-3,98810,2366,7395,505,0xf,False,0x15a5
1784018724.997,66,66,14546,2,0,21230,55,20,1703,-3,-2,-3,98736,2362,7395,499,0xf,False,0xec54
1784018725.202,67,67,14746,2,0,21785,-33,42,1397,2,-3,-2,98665,2358,7395,503,0xf,False,0xa492
1784018725.448,68,68,14946,2,0,22337,8,-40,1084,-1,4,-2,98598,2354,7395,485,0xf,False,0x9ec9
1784018725.695,69,69,15146,2,0,22846,8,1,-211,-4,4,-1,98535,2351,7394,490,0xf,False,0xdf83
1784018725.758,70,70,15346,2,0,23349,-54,-40,-227,3,2,-5,98475,2348,7394,518,0xf,False,0x7dcb
1784018726.048,71,71,15546,2,0,23795,49,-2,-243,-4,-2,2,98419,2345,7394,482,0xf,False,0xcdd3
1784018726.238,72,72,15746,2,0,24228,-47,-12,-259,1,2,1,98367,2342,7394,493,0xf,False,0xe546
1784018726.821,1,1,0,0,0,-19,28,49,1041,0,4,0,101325,2500,7400,483,0xf,False,0x0
1784018727.022,2,2,201,0,0,9,-55,-11,1042,5,4,-4,101325,2500,7400,496,0xf,False,0x0
1784018727.233,3,3,412,0,0,5,12,25,1037,-5,-3,-4,101325,2500,7400,497,0xf,False,0x0
1784018727.434,4,4,613,0,0,-4,-25,2,953,4,-3,3,101325,2500,7400,498,0xf,False,0x0
1784018727.634,5,5,813,0,0,-19,19,-15,1023,-1,5,4,101325,2500,7400,515,0xf,False,0x0
1784018727.871,6,6,1050,0,0,-12,-37,54,1035,-4,-1,-2,101325,2500,7400,517,0xf,False,0x0
1784018728.071,7,7,1250,0,0,-17,40,-12,974,-1,5,5,101325,2500,7400,481,0xf,False,0x0
1784018728.274,8,8,1453,0,0,18,-11,11,1037,-3,-4,-2,101325,2500,7400,514,0xf,False,0x0
1784018728.474,9,9,1654,0,0,-17,-47,-33,955,4,-3,3,101325,2500,7400,495,0xf,False,0x0
1784018728.877,11,11,2056,0,0,7,11,37,956,-2,0,-1,101325,2500,7400,491,0xf,False,0x0
1784018729.077,12,12,2256,0,0,5,-42,-28,1015,5,-2,2,101325,2500,7400,485,0xf,False,0x0
1784018729.277,13,13,2457,0,0,-11,-19,50,970,-3,3,-5,101325,2500,7400,486,0xf,False,0x0
1784018729.528,14,14,2707,0,0,9,52,-30,1031,-1,-4,-5,101325,2500,7399,496,0xf,False,0x0
1784018729.768,15,15,2947,0,0,-7,22,17,1009,5,-4,1,101325,2500,7399,499,0xf,False,0x0
1784018729.969,16,16,3148,0,0,-6,48,5,971,2,0,0,101325,2500,7399,482,0xf,False,0x0
1784018730.197,17,17,3376,0,0,-2,2,-47,999,0,0,-2,101325,2500,7399,504,0xf,False,0x0
1784018730.397,18,18,3576,0,0,-2,-10,31,972,-1,-3,5,101325,2500,7399,515,0xf,False,0x0
1784018730.609,19,19,3789,0,0,9,4,-44,1015,5,2,5,101325,2500,7399,517,0xf,False,0x0
1784018730.811,20,20,3990,0,0,-12,46,-40,953,-5,-2,4,101325,2500,7399,490,0xf,False,0x0
1784018731.011,21,21,4190,0,0,5,33,-46,992,-5,-4,2,101325,2500,7399,486,0xf,False,0x0
1784018731.215,22,22,4394,0,0,-17,-54,-49,957,-3,1,5,101325,2500,7399,487,0xf,False,0x0
1784018731.415,23,23,4594,0,0,-12,20,23,1038,2,-3,4,101325,2500,7399,509,0xf,False,0x0
1784018731.616,24,24,4795,0,0,4,23,-3,990,4,-4,-1,101325,2500,7399,483,0xf,False,0x0
1784018731.816,25,25,4996,0,0,-3,-26,3,1031,5,-5,-2,101325,2500,7399,496,0xf,False,0x0
1784018732.017,26,26,5196,1,0,17,44,-42,971,-1,5,0,101325,2500,7398,491,0xf,False,0x0
1784018732.217,27,27,5397,1,0,-16,26,-48,1020,-5,-5,5,101325,2500,7398,499,0xf,False,0x0
1784018732.418,28,28,5597,1,0,15,60,1,1044,5,0,1,101325,2500,7398,507,0xf,False,0x0
1784018732.628,29,29,5808,1,0,-1,29,-3,1014,0,1,5,101325,2500,7398,494,0xf,False,0x0
1784018732.829,30,30,6008,1,0,-14,46,-28,1007,4,-3,2,101325,2500,7398,517,0xf,False,0x0
1784018733.030,31,31,6209,1,0,-11,56,-28,966,-2,0,3,101325,2500,7398,508,0xf,False,0x0
1784018733.231,32,32,6410,1,0,-4,-19,-45,968,-5,-2,1,101325,2500,7398,489,0xf,False,0x0
1784018733.891,110,110,23346,3,1,25881,22,24,-90,-1,0,-4,98169,2331,7391,486,0xf,False,0xc169
1784018734.108,111,111,23546,3,1,25827,-15,-51,-100,2,4,3,98175,2332,7391,486,0xf,False,0x6850
1784018734.231,112,112,23746,3,1,25779,29,4,-88,-5,-1,4,98182,2332,7391,484,0xf,False,0x638d
1784018734.435,113,113,23946,3,1,25723,31,-48,-86,-5,-5,-1,98188,2332,7391,495,0xf,False,0xf6df
1784018734.700,114,114,24146,3,1,25658,29,22,-87,-5,-2,0,98194,2333,7391,510,0xf,False,0x9f6d
1784018734.761,115,115,24346,3,1,25618,-46,51,-97,1,2,3,98201,2333,7391,493,0xf,False,0x4d7a
1784018735.011,116,116,24546,3,1,25540,-47,19,-92,-5,3,-4,98207,2333,7391,508,0xf,False,0x23de
1784018735.272,117,117,24746,3,1,25503,2,-52,-88,-2,-3,2,98214,2334,7391,481,0xf,False,0x779a
1784018735.461,118,118,24946,3,1,25459,45,22,-86,2,-4,-4,98220,2334,7391,486,0xf,False,0x32ef
1784018735.604,119,119,25146,3,1,25396,-56,15,-94,3,-1,-3,98227,2334,7390,487,0xf,False,0xb79f
1784018735.852,120,120,25346,3,1,25323,10,42,-104,-4,-4,3,98233,2335,7390,511,0xf,False,0x889
1784018736.037,121,121,25546,3,1,25283,-49,-58,-92,1,-1,-4,98239,2335,7390,501,0xf,False,0xd298
1784018736.319,122,122,25746,3,1,25225,-38,-37,-108,2,-1,-3,98246,2335,7390,485,0xf,False,0x8e5
1784018736.382,123,123,25946,3,1,25164,-23,12,-86,-5,1,-2,98252,2336,7390,484,0xf,False,0x3821
1784018736.675,124,124,26146,3,1,25139,-3,42,-93,1,-1,-4,98259,2336,7390,516,0xf,False,0xd6db
1784018736.864,125,125,26346,3,1,25061,-33,2,-85,-2,-4,-2,98265,2337,7390,516,0xf,False,0xdb0a
1784018737.111,126,126,26546,3,1,25027,19,-59,-84,1,-1,-3,98272,2337,7390,509,0xf,False,0xd4cb
1784018737.235,127,127,26746,3,1,24973,0,-55,-80,1,0,3,98278,2337,7390,507,0xf,False,0x75f3
1784018737.422,128,128,26946,3,1,24927,-38,-43,-100,4,4,-5,98285,2338,7390,495,0xf,False,0x7090
1784018737.673,129,129,27146,3,1,24857,-6,-52,-95,4,-5,-5,98292,2338,7390,493,0xf,False,0x4d29
1784018737.795,130,130,27346,3,1,24798,-31,-17,-84,2,4,0,98298,2338,7390,518,0xf,False,0xf244
1784018738.042,131,131,27546,3,1,24762,36,53,-82,3,-2,-5,98305,2339,7389,504,0xf,False,0x6b75
1784018738.253,132,132,27746,3,1,24679,3,57,-97,4,3,-4,98311,2339,7389,504,0xf,False,0x4d65
1784018738.494,133,133,27946,3,1,24633,26,9,-90,-2,3,2,98318,2339,7389,503,0xf,False,0xd828
1784018738.633,134,134,28146,3,1,24584,10,-11,-98,-1,4,2,98325,2340,7389,509,0xf,False,0xc7a4
1784018738.834,135,135,28346,3,1,24515,28,-57,-100,-1,-4,4,98331,2340,7389,496,0xf,False,0x9be8
1784018739.085,136,136,28546,3,1,24493,-4,57,-97,2,-2,1,98338,2340,7389,488,0xf,False,0x96fa
1784018739.272,137,137,28746,3,1,24442,-51,-25,-87,2,1,-5,98344,2341,7389,484,0xf,False,0x5d10
1784018739.395,138,138,28946,3,1,24363,-58,45,-100,-2,-5,-5,98351,2341,7389,514,0xf,False,0x9bd
1784018739.676,139,139,29146,3,1,24321,6,36,-104,1,-3,-5,98358,2341,7389,487,0xf,False,0x27a4
1784018739.862,140,140,29346,3,1,24275,11,-40,-92,-2,-5,2,98364,2342,7389,518,0xf,False,0x4b0b
1784018740.127,141,141,29546,3,1,24223,-45,2,-92,3,0,1,98371,2342,7389,508,0xf,False,0x1712
1784018740.280,142,142,29746,3,1,24135,-9,-44,-94,4,4,3,98378,2343,7389,503,0xf,False,0xdc7a
1784018740.454,143,143,29946,3,1,24093,-7,-38,-90,-4,-4,-4,98385,2343,7389,497,0xf,False,0x7501
1784018740.673,144,144,30146,3,1,24043,-6,8,-81,1,3,3,98391,2343,7388,495,0xf,False,0x45e
1784018740.798,145,145,30346,3,1,23980,35,23,-95,4,-5,-2,98398,2344,7388,505,0xf,False,0x2235
1784018741.000,146,146,30546,3,1,23931,44,-40,-80,-1,-3,-3,98405,2344,7388,506,0xf,False,0xfa3d
1784018743.035,1,1,913,0,0,-14,-22,-29,1000,-2,-1,2,101325,2500,7400,499,0xf,False,0x5752
1784018743.035,2,2,1113,0,0,8,-5,-40,1000,-5,0,-4,101325,2500,7400,513,0xf,False,0x4fc0
1784018743.223,3,3,1313,0,0,10,16,-34,1000,1,-2,4,101325,2500,7400,510,0xf,False,0x7dce
1784018743.491,4,4,1513,0,0,-2,-33,-41,1000,-3,-4,-5,101325,2500,7400,502,0xf,False,0xeb76
1784018743.675,5,5,1713,0,0,-4,18,36,1000,-5,0,3,101325,2500,7400,507,0xf,False,0xeb56
1784018743.807,6,6,1913,0,0,-1,-31,46,1000,0,3,0,101325,2500,7400,516,0xf,False,0xd0d4
1784018743.988,7,7,2113,0,0,9,-16,57,1000,-1,-4,0,101325,2500,7400,513,0xf,False,0x1ec0
1784018744.268,8,8,2313,0,0,9,-37,-22,1000,3,-5,0,101325,2500,7400,481,0xf,False,0xb86c
1784018744.455,9,9,2513,0,0,18,-15,49,1000,-3,-4,-2,101325,2500,7399,507,0xf,False,0x2401
1784018744.591,10,10,2713,0,0,-12,39,38,1000,0,3,1,101325,2500,7399,519,0xf,False,0xff7b
1784018744.846,11,11,2913,0,0,10,3,-11,1000,3,-2,4,101325,2500,7399,511,0xf,False,0x3595
1784018745.092,12,12,3113,0,0,-9,-4,-53,1000,-4,-1,1,101325,2500,7399,513,0xf,False,0x77dc
1784018745.154,13,13,3313,0,0,8,9,-27,1000,3,-2,-2,101325,2500,7399,518,0xf,False,0xb4c1
1784018745.401,14,14,3513,0,0,7,18,11,1000,-3,4,0,101325,2500,7399,491,0xf,False,0xd6b9
1784018745.651,15,15,3713,0,0,-16,-10,-7,1000,3,2,2,101325,2500,7399,510,0xf,False,0x2bf
1784018745.903,16,16,3913,0,0,16,-59,1,1000,-5,4,1,101325,2500,7399,508,0xf,False,0xeb2d
1784018745.965,17,17,4113,0,0,9,9,-14,1000,1,1,-1,101325,2500,7399,511,0xf,False,0x3bc2
1784018746.247,18,18,4313,0,0,-2,52,-14,1000,-5,2,-1,101325,2500,7399,519,0xf,False,0x7ac1
1784018746.445,19,19,4513,0,0,-1,26,-57,1000,2,-2,1,101325,2500,7399,495,0xf,False,0x396d
1784018746.687,20,20,4713,0,0,-3,-49,-1,1000,-4,1,-1,101325,2500,7399,491,0xf,False,0x1765
1784018746.812,21,21,4913,0,0,-5,-52,-1,1000,-5,1,-4,101325,2500,7399,516,0xf,False,0xf51d
1784018747.014,22,22,5113,1,0,4,-41,-25,1000,-3,4,-3,101325,2500,7398,499,0xf,False,0x7cd2
1784018747.278,23,23,5313,1,0,11,17,14,1000,-1,2,-5,101325,2500,7398,486,0xf,False,0x23bf
1784018747.482,24,24,5513,1,0,14,47,18,1000,-3,4,1,101325,2500,7398,492,0xf,False,0xcdfb
1784018747.604,25,25,5713,1,0,-2,-5,-57,1000,-2,0,-2,101325,2500,7398,519,0xf,False,0x70d
1784018747.869,26,26,5913,1,0,-16,-23,53,1000,-3,2,-4,101325,2500,7398,485,0xf,False,0x57b4
1784018748.069,27,27,6113,1,0,-18,-26,-15,1000,0,4,-3,101325,2500,7398,518,0xf,False,0xc982
1784018748.196,28,28,6313,1,0,-20,43,-26,1000,-1,-2,-5,101325,2500,7398,493,0xf,False,0xf40d
1784018748.393,29,29,6513,1,0,15,-32,-17,1000,3,-4,-3,101325,2500,7398,507,0xf,False,0x2a3c
1784018748.634,30,30,6713,1,0,7,54,34,1000,0,-3,-2,101325,2500,7398,483,0xf,False,0x77d9
1784018748.884,31,31,6913,1,0,-12,-20,-33,1000,-5,4,0,101325,2500,7398,490,0xf,False,0xb32e
1784018749.033,32,32,7113,1,0,-5,-4,-9,1000,-4,3,-2,101325,2500,7398,500,0xf,False,0x730e
1784018749.210,33,33,7313,1,0,-16,1,7,1000,2,-1,-2,101325,2500,7398,484,0xf,False,0x65a6
1784018749.459,34,34,7513,1,0,-15,30,-20,1000,0,1,2,101325,2500,7397,484,0xf,False,0x6234
1784018749.717,35,35,7713,1,0,19,0,-58,1000,-5,-5,-3,101325,2500,7397,491,0xf,False,0x6c71
1784018749.771,36,36,7913,1,0,-3,-27,39,1000,-5,3,3,101325,2500,7397,486,0xf,False,0xb26b
1784018750.034,37,37,8113,1,0,18,-26,30,1000,-2,-1,4,101325,2500,7397,480,0xf,False,0x5a19
1784018750.286,38,38,8313,1,0,-5,34,44,1000,-3,1,4,101325,2500,7397,495,0xf,False,0xf3e4
1784018750.487,39,39,8513,1,0,-10,17,-6,1000,3,-4,3,101325,2500,7397,494,0xf,False,0x9fff
1784018750.611,40,40,8713,1,0,-15,-41,-9,1000,-1,1,1,101325,2500,7397,497,0xf,False,0x7740
1784018750.860,41,41,8913,1,0,-11,36,17,1000,-1,-3,-1,101325,2500,7397,509,0xf,False,0x4418
1784018751.054,42,42,9113,1,0,-17,2,6,1000,-3,-3,-2,101325,2500,7397,514,0xf,False,0x95cd
1784018751.170,43,43,9313,1,0,11,8,49,1000,-4,-2,-1,101325,2500,7397,483,0xf,False,0xe3d3
1784018751.451,44,44,9513,1,0,-13,16,47,1000,0,-1,2,101325,2500,7397,514,0xf,False,0xa9bd
1784018751.639,45,45,9713,1,0,-2,-28,3,1000,3,-2,-5,101325,2500,7397,507,0xf,False,0xe568
1784018751.855,46,46,9913,1,0,7,-43,39,1000,3,-1,3,101325,2500,7397,488,0xf,False,0x91ad
1784018752.003,47,47,10113,2,0,695,-46,-57,1177,2,-3,3,101237,2495,7396,513,0xf,False,0x5537
1784018752.183,48,48,10313,2,0,1948,-39,27,1488,-5,2,-1,101086,2487,7396,505,0xf,False,0x14fa
1784018752.431,49,49,10513,2,0,3176,-55,6,1791,-1,1,-3,100938,2479,7396,516,0xf,False,0x95b1
1784018752.698,50,50,10713,2,0,4362,-29,-23,2082,-1,-5,-5,100794,2471,7396,514,0xf,False,0x2b4b
1784018752.758,51,51,10913,2,0,5500,57,34,2356,4,-2,-3,100653,2464,7396,487,0xf,False,0x2c7c
1784018753.008,52,52,11113,2,0,6615,35,-25,2609,-1,2,-4,100516,2456,7396,499,0xf,False,0x41d
1784018753.272,53,53,11313,2,0,7700,-25,-26,2836,1,0,1,100383,2449,7396,507,0xf,False,0xb915
1784018753.521,54,54,11513,2,0,8791,30,-30,3034,-1,-4,-1,100253,2442,7396,502,0xf,False,0x3181
1784018753.600,55,55,11713,2,0,9818,-32,-53,3200,0,1,-5,100127,2436,7396,511,0xf,False,0x1fdd
1784018753.850,56,56,11913,2,0,10801,-20,59,3331,3,-4,4,100005,2429,7396,485,0xf,False,0xa864
1784018754.097,57,57,12113,2,0,11768,-59,-49,3426,-3,-4,4,99887,2423,7396,512,0xf,False,0xd568
1784018754.159,58,58,12313,2,0,12720,25,37,3482,-5,-5,-4,99772,2417,7396,494,0xf,False,0x1072
1784018754.406,59,59,12513,2,0,13657,-30,2,3499,1,1,-5,99660,2411,7395,509,0xf,False,0x2b65
1784018754.657,60,60,12713,2,0,14515,-39,-55,3477,-4,4,4,99552,2405,7395,518,0xf,False,0xcd2f
1784018754.845,61,61,12913,2,0,15371,-48,-21,3416,4,-5,-4,99448,2400,7395,490,0xf,False,0x804a
1784018754.967,62,62,13113,2,0,16209,1,-7,3316,-3,-4,4,99348,2394,7395,515,0xf,False,0x2614
1784018755.228,63,63,13313,2,0,17007,-24,27,3180,-3,-5,-2,99251,2389,7395,497,0xf,False,0xec75
1784018755.470,64,64,13513,2,0,17775,-58,-9,3010,-2,-1,-2,99158,2384,7395,481,0xf,False,0x9ca9
1784018755.800,65,65,13713,2,0,18503,14,-2,2808,-4,-2,0,99069,2379,7395,481,0xf,False,0xc2ae
1784018755.800,66,66,13913,2,0,19206,18,30,2577,-3,3,-5,98983,2375,7395,511,0xf,False,0xde2c
1784018756.002,67,67,14113,2,0,19884,1,30,2322,-3,-1,2,98901,2370,7395,500,0xf,False,0x97f5
1784018756.253,68,68,14313,2,0,20504,7,-11,2045,0,-5,-4,98822,2366,7395,483,0xf,False,0x19ea
1784018756.537,69,69,14513,2,0,21136,39,-2,1753,-5,-1,0,98748,2362,7395,511,0xf,False,0x74c9
1784018756.593,70,70,14713,2,0,21709,-53,43,1448,4,-2,1,98676,2358,7395,513,0xf,False,0xc2ac
1784018756.869,71,71,14913,2,0,22260,-19,-34,1136,-5,4,3,98609,2355,7395,499,0xf,False,0x7872
1784018757.196,72,72,15113,2,0,22797,35,-22,-209,2,0,-1,98545,2351,7394,502,0xf,False,0xfd08
1784018757.196,73,73,15313,2,0,23278,-47,51,-225,3,0,-5,98485,2348,7394,485,0xf,False,0xec15
1784018757.437,74,74,15513,2,0,23754,-20,39,-241,4,4,-5,98428,2345,7394,508,0xf,False,0x2ba0
1784018757.655,75,75,15713,2,0,24176,1,-12,-257,4,0,-2,98375,2342,7394,508,0xf,False,0x85b3
1784018757.853,76,76,15913,2,0,24582,-13,14,-273,1,-4,0,98326,2340,7394,488,0xf,False,0x74a4
1784018757.983,77,77,16113,2,0,24962,44,44,-289,4,3,2,98281,2337,7394,500,0xf,False,0xdc14
1784018758.282,78,78,16313,2,0,25292,9,49,-305,-3,1,0,98239,2335,7394,496,0xf,False,0x3a65
1784018758.465,79,79,16513,2,0,25624,50,-31,-321,1,-3,4,98200,2333,7394,513,0xf,False,0x1d82
1784018758.714,80,80,16713,2,0,25889,52,-54,-337,4,1,0,98166,2331,7394,508,0xf,False,0x48c
1784018758.777,81,81,16913,2,0,26164,1,-19,-353,-5,-5,1,98135,2330,7394,493,0xf,False,0x64f8
1784018759.027,82,82,17113,2,0,26361,21,59,-369,4,3,-1,98107,2328,7394,508,0xf,False,0x6172
1784018759.229,83,83,17313,2,0,26547,53,-5,-385,1,-4,-5,98084,2327,7394,506,0xf,False,0xe59c
1784018759.493,84,84,17513,2,0,26739,54,-51,-401,-4,1,1,98064,2326,7393,505,0xf,False,0x71f
1784018759.618,85,85,17713,2,0,26862,-39,-24,-417,2,-3,2,98047,2325,7393,503,0xf,False,0x3c4
1784018759.868,86,86,17913,2,0,26965,-52,-59,-433,0,3,2,98035,2324,7393,504,0xf,False,0x9b6d
1784018760.055,87,87,18113,2,0,27041,22,-55,-449,-1,-2,1,98025,2324,7393,509,0xf,False,0xd9ba
1784018760.194,88,88,18313,2,0,27102,-25,47,-465,-3,-3,3,98020,2323,7393,505,0xf,False,0x8eaa
1784018760.445,89,89,18513,3,1,27113,37,-25,-108,3,-5,-5,98018,2323,7393,481,0xf,False,0x2ab9
1784018760.633,90,90,18713,3,1,27050,-17,20,-87,-5,1,4,98025,2324,7393,496,0xf,False,0x653a
1784018760.880,91,91,18913,3,1,27007,-5,0,-88,-4,-2,-4,98031,2324,7393,486,0xf,False,0xce2c
1784018761.005,92,92,19113,3,1,26961,30,7,-107,-4,1,2,98037,2324,7393,480,0xf,False,0x60d3
1784018761.194,93,93,19313,3,1,26898,11,-7,-91,4,-4,-2,98043,2325,7393,509,0xf,False,0x444a
1784018761.454,94,94,19513,3,1,26827,53,-18,-86,0,-4,2,98049,2325,7393,488,0xf,False,0xb65e
1784018761.705,95,95,19713,3,1,26789,31,-60,-100,-2,2,-1,98055,2325,7393,510,0xf,False,0x169
1784018761.770,96,96,19913,3,1,26730,-51,-58,-103,4,-4,-5,98061,2326,7393,499,0xf,False,0x74cc
1784018762.016,97,97,20113,3,1,26692,-9,-53,-106,-1,-5,-4,98068,2326,7392,517,0xf,False,0x3b36
1784018762.265,98,98,20313,3,1,26626,24,-31,-84,3,-1,-5,98074,2326,7392,506,0xf,False,0x4a0
1784018762.389,99,99,20513,3,1,26605,15,-25,-86,-2,-4,4,98080,2327,7392,485,0xf,False,0xc25b
1784018762.640,100,100,20713,3,1,26539,11,-53,-85,0,-2,1,98086,2327,7392,492,0xf,False,0x6e1b
1784018762.843,101,101,20913,3,1,26500,45,-32,-104,2,-4,2,98092,2327,7392,504,0xf,False,0x4d62
1784018763.032,102,102,21113,3,1,26460,-13,-41,-91,1,-5,3,98099,2328,7392,509,0xf,False,0x6040
1784018763.215,103,103,21313,3,1,26379,3,2,-100,4,4,1,98105,2328,7392,506,0xf,False,0x9cf8
1784018763.446,104,104,21513,3,1,26356,21,38,-107,4,-5,0,98111,2328,7392,491,0xf,False,0x389a
1784018763.632,105,105,21713,3,1,26291,36,-6,-94,-1,-3,2,98117,2329,7392,484,0xf,False,0xce01
1784018763.883,106,106,21913,3,1,26254,-18,-30,-99,2,-3,-1,98124,2329,7392,510,0xf,False,0xe91e
1784018764.008,107,107,22113,3,1,26187,-38,45,-89,0,-4,3,98130,2329,7392,510,0xf,False,0x3fa7
1784018764.227,108,108,22313,3,1,26145,47,-17,-83,-3,3,-3,98136,2330,7392,502,0xf,False,0x3492
1784018764.476,109,109,22513,3,1,26075,37,7,-108,-1,-5,3,98143,2330,7391,492,0xf,False,0xc853
1784018764.695,110,110,22713,3,1,26012,51,46,-97,-3,2,-2,98149,2330,7391,503,0xf,False,0xb888
1784018764.758,111,111,22913,3,1,25974,58,25,-107,-3,-4,2,98155,2331,7391,494,0xf,False,0x675e
1784018765.039,112,112,23113,3,1,25934,-15,2,-80,-3,-3,1,98162,2331,7391,512,0xf,False,0xa401
1784018765.226,113,113,23313,3,1,25888,-27,-6,-80,0,4,-2,98168,2331,7391,516,0xf,False,0x6f0f
1784018765.375,114,114,23513,3,1,25807,3,39,-87,0,-5,-2,98174,2332,7391,505,0xf,False,0x82c8
1784018765.616,115,115,23713,3,1,25787,34,6,-86,1,-1,-4,98181,2332,7391,499,0xf,False,0xad79
1784018765.820,116,116,23913,3,1,25703,24,-17,-108,3,-1,3,98187,2332,7391,483,0xf,False,0x435e
1784018766.068,117,117,24113,3,1,25681,-8,-28,-107,1,-4,-2,98193,2333,7391,499,0xf,False,0x1cd7
1784018766.205,118,118,24313,3,1,25605,32,-7,-92,-1,4,-4,98200,2333,7391,494,0xf,False,0xb749
1784018766.395,119,119,24513,3,1,25578,10,5,-100,0,0,-1,98206,2333,7391,510,0xf,False,0xe14
1784018766.689,120,120,24713,3,1,25511,47,17,-106,-3,-3,-2,98213,2334,7391,487,0xf,False,0x1198
1784018766.874,121,121,24913,3,1,25436,28,3,-100,-2,-5,0,98219,2334,7391,504,0xf,False,0x8ae6
1784018767.042,122,122,25113,3,1,25403,38,-8,-103,-3,-4,1,98225,2334,7390,515,0xf,False,0xe53
1784018767.218,123,123,25313,3,1,25332,42,-33,-85,1,-1,3,98232,2335,7390,519,0xf,False,0xb834
1784018767.499,124,124,25513,3,1,25311,-6,25,-95,4,-4,2,98238,2335,7390,512,0xf,False,0xaf25
1784018767.688,125,125,25713,3,1,25223,-8,26,-93,4,0,1,98245,2335,7390,512,0xf,False,0x4aca
1784018767.833,126,126,25913,3,1,25188,-28,16,-95,-4,3,-1,98251,2336,7390,480,0xf,False,0xa1b4
1784018768.014,127,127,26113,3,1,25123,12,-35,-84,-5,-5,-1,98258,2336,7390,497,0xf,False,0x6932
1784018768.403,128,128,26313,3,1,25086,-9,41,-97,-2,-3,-3,98264,2336,7390,490,0xf,False,0x2f9
1784018768.403,129,129,26513,3,1,25024,14,-57,-87,0,4,-4,98271,2337,7390,518,0xf,False,0xa3c1
1784018768.590,130,130,26713,3,1,24972,-5,56,-85,3,-5,-3,98277,2337,7390,488,0xf,False,0x7663
1784018768.811,131,131,26913,3,1,24913,-11,9,-91,4,1,0,98284,2338,7390,485,0xf,False,0xc3a6
1784018769.074,132,132,27113,3,1,24857,22,-49,-86,-1,2,3,98290,2338,7390,514,0xf,False,0x4eb
1784018769.229,133,133,27313,3,1,24822,-55,-46,-87,-4,-2,-1,98297,2338,7390,505,0xf,False,0xbce1
1784018769.415,134,134,27513,3,1,24772,-58,8,-91,-5,3,-4,98304,2339,7389,497,0xf,False,0x83dd
1784018769.635,135,135,27713,3,1,24697,55,28,-107,4,-2,2,98310,2339,7389,512,0xf,False,0xb438
1784018769.885,136,136,27913,3,1,24649,2,-27,-101,-1,-2,-4,98317,2339,7389,482,0xf,False,0xd127
1784018770.045,137,137,28113,3,1,24613,-44,38,-99,-3,0,4,98323,2340,7389,480,0xf,False,0xcf60
1784018770.231,138,138,28313,3,1,24549,11,-12,-100,0,2,-3,98330,2340,7389,511,0xf,False,0xd20e
1784018770.482,139,139,28513,3,1,24470,-41,44,-100,-4,-4,-1,98337,2340,7389,509,0xf,False,0x23d2
1784018770.671,140,140,28713,3,1,24416,-39,-8,-108,-4,1,-2,98343,2341,7389,514,0xf,False,0x9d55
1784018770.847,141,141,28913,3,1,24370,-10,-14,-83,-3,3,0,98350,2341,7389,489,0xf,False,0xeeb8
1784018771.048,142,142,29113,3,1,24337,57,-34,-90,-5,-4,-5,98357,2341,7389,510,0xf,False,0x5da5
1784018771.271,143,143,29313,3,1,24290,-24,25,-83,3,2,3,98363,2342,7389,480,0xf,False,0xeaa9
1784018771.389,144,144,29513,3,1,24230,38,28,-102,-4,-2,3,98370,2342,7389,488,0xf,False,0xac38
1784018771.578,145,145,29713,3,1,24171,11,-54,-104,-5,3,0,98377,2342,7389,491,0xf,False,0xbca9
1784018771.860,146,146,29913,3,1,24090,24,-33,-85,1,-4,-1,98383,2343,7389,496,0xf,False,0xdfe1
1784018772.106,147,147,30113,3,1,24057,-31,-39,-84,-5,2,-3,98390,2343,7388,509,0xf,False,0xfb82
1784018772.170,148,148,30313,3,1,24013,-42,-34,-92,2,1,-3,98397,2344,7388,513,0xf,False,0x5759
1784018772.420,149,149,30513,3,1,23946,-35,-1,-86,0,-3,2,98404,2344,7388,511,0xf,False,0xb2d3
1784018772.652,150,150,30713,3,1,23898,-50,42,-83,4,0,4,98410,2344,7388,492,0xf,False,0x2239
1784018772.840,151,151,30913,3,1,23826,-14,35,-92,-4,2,-2,98417,2345,7388,510,0xf,False,0xc8ef
1784018772.997,152,152,31113,3,1,23756,16,-34,-90,-5,2,2,98424,2345,7388,519,0xf,False,0xf0b0
1784018773.247,153,153,31313,3,1,23711,1,-36,-80,-1,0,-5,98431,2345,7388,515,0xf,False,0x2bc7
1784018773.450,154,154,31513,3,1,23666,55,35,-109,3,3,0,98438,2346,7388,486,0xf,False,0x5188
1784018773.724,155,155,31713,3,1,23614,7,-39,-103,-2,3,2,98445,2346,7388,489,0xf,False,0x243f
1784018773.776,156,156,31913,3,1,23568,-49,-8,-83,0,4,-4,98451,2346,7388,501,0xf,False,0x4b43
1784018774.027,157,157,32113,3,1,23497,-28,50,-102,0,-5,0,98458,2347,7388,510,0xf,False,0x652a
1784018774.244,158,158,32313,3,1,23432,6,-22,-82,2,0,-5,98465,2347,7388,499,0xf,False,0x5319
1784018774.602,159,159,32513,3,1,23390,-10,3,-86,4,-1,-1,98472,2348,7387,486,0xf,False,0x94fd
1784018774.602,160,160,32713,3,1,23337,46,54,-89,-5,-1,2,98479,2348,7387,511,0xf,False,0x8a0
1784018774.910,161,161,32913,3,1,23248,-26,17,-88,-3,0,1,98486,2348,7387,487,0xf,False,0x938f
1784018775.084,162,162,33113,3,1,23190,-3,-29,-103,-5,3,3,98493,2349,7387,511,0xf,False,0x16f6
1784018775.147,163,163,33313,3,1,23142,0,-49,-101,-3,1,-1,98500,2349,7387,490,0xf,False,0x5a2f
1784018775.428,164,164,33513,3,1,23077,-45,-60,-80,-5,3,1,98507,2349,7387,508,0xf,False,0x7df9
1784018775.613,165,165,33713,3,1,23021,-35,18,-100,-5,1,-1,98514,2350,7387,495,0xf,False,0x877b
1784018775.876,166,166,33913,3,1,22997,24,-32,-96,-5,-3,1,98521,2350,7387,492,0xf,False,0x3df8
1784018776.000,167,167,34113,3,1,22939,30,-7,-86,2,1,-3,98528,2350,7387,509,0xf,False,0x5822
1784018776.234,168,168,34313,3,1,22876,29,16,-106,1,2,3,98535,2351,7387,489,0xf,False,0x733e
1784018776.509,169,169,34513,3,1,22827,50,45,-95,-1,-3,-1,98542,2351,7387,497,0xf,False,0x53e7
1784018776.684,170,170,34713,3,1,22739,50,52,-92,-2,-4,0,98549,2352,7387,496,0xf,False,0xf630
1784018776.809,171,171,34913,3,1,22701,35,-13,-100,-4,1,-5,98556,2352,7387,511,0xf,False,0xf7f4
1784018777.020,172,172,35113,3,1,22628,-27,-27,-95,0,-2,4,98563,2352,7386,495,0xf,False,0x86d3
1784018777.277,173,173,35313,3,1,22594,55,-1,-96,1,-3,4,98570,2353,7386,494,0xf,False,0xcf2d
1784018777.511,174,174,35513,3,1,22518,-2,-53,-95,-3,-3,0,98577,2353,7386,506,0xf,False,0x5f1c
1784018777.638,175,175,35713,3,1,22442,-2,-57,-93,-4,4,-4,98584,2354,7386,514,0xf,False,0x464
1784018777.822,176,176,35913,3,1,22402,-29,-6,-92,-3,1,4,98591,2354,7386,514,0xf,False,0x43f0
1784018778.085,177,177,36113,3,1,22344,-22,35,-107,4,3,0,98598,2354,7386,488,0xf,False,0xc3d8
1784018778.363,178,178,36313,3,1,22303,2,-51,-102,0,3,-5,98606,2355,7386,516,0xf,False,0x1831
1784018778.414,179,179,36513,3,1,22208,-39,-17,-87,1,1,3,98613,2355,7386,491,0xf,False,0xf217
1784018778.679,180,180,36713,3,1,22173,8,20,-92,-2,-2,-5,98620,2355,7386,490,0xf,False,0xdbd4
1784018778.897,181,181,36913,3,1,22118,-29,56,-103,2,0,1,98627,2356,7386,507,0xf,False,0x87f9
1784018778.974,182,182,37113,3,1,22055,-55,-6,-101,-2,4,-1,98634,2356,7386,493,0xf,False,0x1ce8
1784018779.240,183,183,37313,3,1,21973,58,-33,-86,3,-2,0,98642,2357,7386,514,0xf,False,0xae0c
1784018779.425,184,184,37513,3,1,21938,-39,-44,-102,-2,0,0,98649,2357,7385,502,0xf,False,0xab13
1784018779.708,185,185,37713,3,1,21884,15,16,-95,1,2,2,98656,2357,7385,494,0xf,False,0xeff3
1784018779.771,186,186,37913,3,1,21827,-26,37,-90,-5,-3,-4,98664,2358,7385,500,0xf,False,0x5881
1784018780.038,187,187,38113,3,1,21735,28,-20,-93,-5,-5,1,98671,2358,7385,497,0xf,False,0x9af3
1784018780.241,188,188,38313,3,1,21706,8,36,-90,-3,-4,2,98678,2359,7385,481,0xf,False,0xaff
1784018780.520,189,189,38513,3,1,21632,-52,-1,-92,-3,-4,1,98686,2359,7385,494,0xf,False,0xe49
1784018780.644,190,190,38713,3,1,21566,-40,47,-90,4,-5,3,98693,2359,7385,482,0xf,False,0xd16a
1784018780.880,191,191,38913,3,1,21521,33,-29,-107,4,3,3,98700,2360,7385,496,0xf,False,0xe8a4
1784018781.083,192,192,39113,3,1,21429,36,26,-98,-4,3,2,98708,2360,7385,494,0xf,False,0xf532
1784018781.235,193,193,39313,3,1,21370,41,36,-108,3,-5,-2,98715,2360,7385,489,0xf,False,0x8c2b
1784018781.411,194,194,39513,3,1,21317,59,27,-105,-3,-4,0,98723,2361,7385,494,0xf,False,0x57ab
1784018781.708,195,195,39713,3,1,21279,-53,-14,-90,-2,0,-2,98730,2361,7385,485,0xf,False,0x4a7e
1784018781.848,196,196,39913,3,1,21189,-30,47,-104,-3,-3,0,98737,2362,7385,494,0xf,False,0x13c5
1784018781.971,197,197,40113,3,1,21135,-42,-44,-80,-3,2,-1,98745,2362,7384,493,0xf,False,0x74f0
1784018782.203,198,198,40313,3,1,21064,-21,-27,-104,4,-1,3,98752,2362,7384,485,0xf,False,0xb6ba
1784018782.490,199,199,40513,3,1,21017,-3,47,-96,2,4,-4,98760,2363,7384,481,0xf,False,0x23d
1784018782.688,200,200,40713,3,1,20972,-31,18,-95,-3,0,-2,98767,2363,7384,496,0xf,False,0x431b
1784018782.811,201,201,40913,3,1,20896,-26,-17,-87,3,2,3,98775,2364,7384,488,0xf,False,0xd04e
1784018783.015,202,202,41113,3,1,20845,41,-52,-92,-1,0,-5,98783,2364,7384,485,0xf,False,0x5204
1784018783.263,203,203,41313,3,1,20792,54,59,-107,0,-2,0,98790,2364,7384,484,0xf,False,0x2822
1784018783.453,204,204,41513,3,1,20696,47,-21,-92,-1,-2,-1,98798,2365,7384,510,0xf,False,0x6372
1784018783.593,205,205,41713,3,1,20645,-46,36,-86,-3,3,2,98805,2365,7384,517,0xf,False,0xcc2b
1784018784.013,206,206,41913,3,1,20596,28,-3,-98,-1,-2,4,98813,2366,7384,511,0xf,False,0x946a
1784018784.075,207,207,42113,3,1,20508,-6,59,-89,4,4,4,98821,2366,7384,509,0xf,False,0x2c46
1784018784.214,208,208,42313,3,1,20479,37,24,-101,4,4,1,98828,2367,7384,493,0xf,False,0x4ed8
1784018784.402,209,209,42513,3,1,20407,-20,44,-94,-1,-5,-1,98836,2367,7383,481,0xf,False,0xb52
1784018784.624,210,210,42713,3,1,20317,-10,-25,-81,-3,-4,-4,98844,2367,7383,500,0xf,False,0x480e
1784018784.874,211,211,42913,3,1,20266,27,29,-105,-2,-1,-4,98852,2368,7383,514,0xf,False,0xb0d8
1784018785.029,212,212,43113,3,1,20225,21,-45,-91,4,-3,1,98859,2368,7383,502,0xf,False,0x308e
1784018785.216,213,213,43313,3,1,20135,26,54,-103,0,-1,3,98867,2369,7383,491,0xf,False,0x18e1
1784018785.479,214,214,43513,3,1,20066,-21,-53,-99,4,-2,2,98875,2369,7383,497,0xf,False,0x5287
1784018785.705,215,215,43713,3,1,20010,42,-25,-95,-1,4,1,98883,2369,7383,511,0xf,False,0x3378
1784018785.821,216,216,43913,3,1,19939,-34,-6,-93,0,-1,4,98891,2370,7383,484,0xf,False,0xdb70
1784018786.049,217,217,44113,3,1,19886,-9,3,-88,-1,-2,-3,98898,2370,7383,503,0xf,False,0xa753
1784018786.257,218,218,44313,3,1,19838,47,24,-91,3,0,-2,98906,2371,7383,499,0xf,False,0xf6f9
1784018786.430,219,219,44513,3,1,19760,28,-41,-93,-4,-4,2,98914,2371,7383,515,0xf,False,0x2fad
1784018786.615,220,220,44713,3,1,19690,-31,2,-104,-5,-1,2,98922,2372,7383,517,0xf,False,0x2929
1784018786.836,221,221,44913,3,1,19614,-29,41,-83,-4,2,-2,98930,2372,7383,489,0xf,False,0xe2a4
1784018787.038,222,222,45113,3,1,19551,-14,-45,-107,3,0,1,98938,2372,7382,518,0xf,False,0x5737
1784018787.176,223,223,45313,3,1,19495,-2,-54,-89,3,4,-1,98946,2373,7382,502,0xf,False,0xcaf9
1784018787.460,224,224,45513,3,1,19422,-55,-44,-101,-2,1,-2,98954,2373,7382,493,0xf,False,0xf3c6
1784018787.658,225,225,45713,3,1,19347,48,-60,-86,-2,-4,-3,98962,2374,7382,482,0xf,False,0x801f
1784018787.861,226,226,45913,3,1,19315,31,-38,-109,0,4,3,98970,2374,7382,497,0xf,False,0xd2df
1784018787.988,227,227,46113,3,1,19245,-57,17,-83,2,0,1,98978,2374,7382,513,0xf,False,0x4e89
1784018788.238,228,228,46313,3,1,19158,49,47,-85,-2,0,-4,98986,2375,7382,495,0xf,False,0x4d8d
1784018788.487,229,229,46513,3,1,19085,40,22,-95,1,-3,1,98994,2375,7382,505,0xf,False,0xaa0b
1784018788.674,230,230,46713,3,1,19029,29,-33,-83,2,4,4,99003,2376,7382,493,0xf,False,0x67fb
1784018788.800,231,231,46913,3,1,18960,-6,-31,-90,0,-2,-5,99011,2376,7382,494,0xf,False,0xa07d
1784018789.048,232,232,47113,3,1,18905,25,-54,-106,-1,-3,-4,99019,2377,7382,511,0xf,False,0x72f5
1784018789.235,233,233,47313,3,1,18840,-29,36,-93,-5,-1,-4,99027,2377,7382,513,0xf,False,0xffc7
1784018789.361,234,234,47513,3,1,18762,22,52,-94,3,4,-1,99035,2378,7381,493,0xf,False,0x8e28
1784018789.648,235,235,47713,3,1,18679,37,-8,-85,-5,2,-1,99044,2378,7381,493,0xf,False,0x56bf
1784018789.955,236,236,47913,3,1,18606,-25,13,-92,-4,3,1,99052,2378,7381,514,0xf,False,0xd3fd
1784018790.079,237,237,48113,3,1,18553,-46,-45,-89,-1,2,2,99060,2379,7381,514,0xf,False,0xc710
1784018790.326,238,238,48313,3,1,18478,16,47,-103,0,2,-3,99069,2379,7381,483,0xf,False,0x32fb
1784018790.389,239,239,48513,3,1,18421,-44,-25,-96,3,2,-1,99077,2380,7381,517,0xf,False,0xd3b2
1784018790.640,240,240,48713,3,1,18345,1,-1,-89,2,1,4,99085,2380,7381,518,0xf,False,0xe0cc
1784018790.906,241,241,48913,3,1,18300,5,-10,-81,0,4,0,99094,2381,7381,496,0xf,False,0xc983
1784018790.968,242,242,49113,3,1,18218,36,-33,-86,-3,-2,-1,99102,2381,7381,486,0xf,False,0x5d98
1784018791.219,243,243,49313,3,1,18144,-43,7,-95,-5,1,1,99111,2382,7381,503,0xf,False,0x2f9c
1784018791.528,244,244,49513,3,1,18088,25,-23,-101,-5,2,3,99119,2382,7381,516,0xf,False,0xfd47
1784018791.654,245,245,49713,3,1,18005,15,57,-88,1,1,4,99128,2382,7381,481,0xf,False,0x1a44
1784018791.778,246,246,49913,3,1,17947,-12,24,-84,4,-2,4,99136,2383,7381,505,0xf,False,0x7503
1784018792.027,247,247,50113,3,1,17871,-36,-3,-95,0,2,-1,99145,2383,7380,513,0xf,False,0x17da
1784018792.276,248,248,50313,3,1,17777,4,-21,-88,3,0,3,99154,2384,7380,515,0xf,False,0x22c0
1784018792.402,249,249,50513,3,1,17736,-27,44,-88,-1,-4,0,99162,2384,7380,491,0xf,False,0xce35
1784018792.590,250,250,50713,3,1,17637,-6,-52,-86,-4,-5,4,99171,2385,7380,508,0xf,False,0x74c7
1784018792.841,251,251,50913,3,1,17573,-49,-20,-86,-3,2,-4,99180,2385,7380,503,0xf,False,0xd3ed
1784018793.123,252,252,51113,3,1,17527,-40,-10,-94,1,-3,1,99188,2386,7380,480,0xf,False,0x8f77
1784018793.186,253,253,51313,3,1,17423,-20,-44,-88,-4,0,-3,99197,2386,7380,485,0xf,False,0xf9d8
1784018793.434,254,254,51513,3,1,17372,-19,1,-106,1,0,3,99206,2387,7380,502,0xf,False,0xb7d0
1784018793.621,255,255,51713,3,1,17297,-12,14,-106,-5,3,-4,99215,2387,7380,501,0xf,False,0xe087
1784018793.841,256,256,51913,3,1,17236,50,51,-94,-2,2,2,99224,2388,7380,508,0xf,False,0x5e71
1784018794.032,257,257,52113,3,1,17148,36,47,-100,-4,0,-4,99232,2388,7380,517,0xf,False,0xe016
1784018794.215,258,258,52313,3,1,17084,-39,-53,-94,1,-3,-2,99241,2389,7380,494,0xf,False,0x4ff
1784018794.465,259,259,52513,3,1,17007,-39,51,-90,-5,-3,4,99250,2389,7379,506,0xf,False,0x996c
1784018794.713,260,260,52713,3,1,16930,23,57,-101,-4,-3,-4,99259,2389,7379,500,0xf,False,0x24e1
1784018794.789,261,261,52913,3,1,16866,6,-43,-106,2,4,-3,99268,2390,7379,500,0xf,False,0xa614
1784018795.040,262,262,53113,3,1,16776,39,-23,-92,4,-5,-5,99277,2390,7379,487,0xf,False,0xea43
1784018795.290,263,263,53313,3,1,16718,-33,-39,-95,-4,0,-2,99286,2391,7379,480,0xf,False,0xad0a
1784018795.350,264,264,53513,3,1,16627,20,43,-96,2,-1,1,99295,2391,7379,494,0xf,False,0x3419
1784018795.605,265,265,53713,3,1,16555,-52,18,-82,-2,-1,4,99305,2392,7379,500,0xf,False,0xed16
1784018795.848,266,266,53913,3,1,16475,27,8,-100,1,-5,-4,99314,2392,7379,489,0xf,False,0xa010
1784018796.098,267,267,54113,3,1,16425,-55,35,-106,-2,-3,3,99323,2393,7379,507,0xf,False,0x95b1
1784018796.160,268,268,54313,3,1,16326,33,21,-88,-5,-5,-1,99332,2393,7379,483,0xf,False,0xec3
1784018796.410,269,269,54513,3,1,16273,43,-36,-106,-5,3,-1,99341,2394,7379,492,0xf,False,0x8dfc
1784018796.660,270,270,54713,3,1,16196,4,56,-91,-4,1,2,99351,2394,7379,486,0xf,False,0x93df
1784018796.894,271,271,54913,3,1,16103,-54,-60,-109,-3,0,1,99360,2395,7379,493,0xf,False,0xe791
1784018797.020,272,272,55113,3,1,16030,-52,45,-92,4,0,1,99369,2395,7378,501,0xf,False,0x938f
1784018797.207,273,273,55313,3,1,15931,-50,-36,-89,3,2,-4,99379,2396,7378,485,0xf,False,0x67ec
1784018797.468,274,274,55513,3,1,15871,40,-9,-82,-1,-1,-2,99388,2396,7378,509,0xf,False,0x6f94
1784018797.708,275,275,55713,3,1,15775,-41,-30,-88,-3,3,-1,99398,2397,7378,499,0xf,False,0x6f48
1784018797.789,276,276,55913,3,1,15703,-45,-1,-89,0,-2,4,99407,2397,7378,497,0xf,False,0x794e
1784018798.036,277,277,56113,3,1,15650,36,21,-81,-3,1,-4,99417,2398,7378,494,0xf,False,0x7f55
1784018798.284,278,278,56313,3,1,15551,-22,-57,-107,-2,-3,0,99427,2398,7378,503,0xf,False,0xe61c
1784018798.420,279,279,56513,3,1,15488,23,-45,-80,2,1,-1,99436,2399,7378,510,0xf,False,0x2d23
1784018798.599,280,280,56713,3,1,15386,15,19,-89,3,4,-4,99446,2399,7378,514,0xf,False,0x9dea
1784018798.846,281,281,56913,3,1,15323,-10,-31,-93,2,3,-5,99456,2400,7378,486,0xf,False,0x1ba2
1784018799.114,282,282,57113,3,1,15230,34,19,-98,2,-1,-5,99465,2400,7378,481,0xf,False,0xda8d
1784018799.237,283,283,57313,3,1,15138,-3,-29,-100,-3,2,-1,99475,2401,7378,507,0xf,False,0xe208
1784018799.497,284,284,57513,3,1,15095,-18,28,-102,-4,3,4,99485,2401,7377,496,0xf,False,0x888a
1784018799.674,285,285,57713,3,1,15010,6,21,-97,4,2,0,99495,2402,7377,514,0xf,False,0x31c2
1784018799.861,286,286,57913,3,1,14923,11,-53,-104,3,-5,-1,99505,2403,7377,500,0xf,False,0x4c6b
1784018799.987,287,287,58113,3,1,14814,-58,22,-102,-5,1,1,99515,2403,7377,501,0xf,False,0x6eb7
1784018800.235,288,288,58313,3,1,14741,54,-41,-107,0,4,4,99525,2404,7377,493,0xf,False,0xc0a1
1784018800.423,289,289,58513,3,1,14669,40,57,-97,1,-2,4,99535,2404,7377,508,0xf,False,0xadda
1784018800.672,290,290,58713,3,1,14587,19,-32,-94,2,-1,3,99545,2405,7377,500,0xf,False,0xe507
1784018800.797,291,291,58913,3,1,14487,-5,31,-101,0,-2,-5,99555,2405,7377,493,0xf,False,0x800e
1784018801.047,292,292,59113,3,1,14399,28,34,-104,2,0,-4,99565,2406,7377,489,0xf,False,0xc6d2
1784018801.296,293,293,59313,3,1,14320,43,49,-88,-4,-2,3,99576,2406,7377,517,0xf,False,0x9131
1784018801.359,294,294,59513,3,1,14260,-60,-10,-101,4,4,4,99586,2407,7377,492,0xf,False,0x8058
1784018801.611,295,295,59713,3,1,14148,42,-40,-80,3,-3,3,99596,2407,7377,496,0xf,False,0x5f84
1784018801.860,296,296,59913,3,1,14063,-31,-2,-104,0,2,-3,99607,2408,7377,519,0xf,False,0x6609
1784018802.046,297,297,60113,3,1,13987,-10,-49,-90,-2,-1,3,99617,2409,7376,517,0xf,False,0x9c1a
1784018802.169,298,298,60313,3,1,13896,-44,22,-82,2,-5,-3,99628,2409,7376,504,0xf,False,0x729a
1784018802.418,299,299,60513,3,1,13830,36,-41,-86,0,4,1,99638,2410,7376,511,0xf,False,0xa8f9
1784018802.697,300,300,60713,3,1,13748,-45,37,-109,-4,3,1,99649,2410,7376,512,0xf,False,0x7b0e
1784018802.886,301,301,60913,3,1,13664,47,0,-90,3,4,1,99660,2411,7376,493,0xf,False,0x8f30
1784018803.008,302,302,61113,3,1,13544,-18,40,-86,3,-2,-4,99670,2411,7376,508,0xf,False,0x3847
1784018803.259,303,303,61313,3,1,13466,20,-9,-95,2,2,-5,99681,2412,7376,502,0xf,False,0xad36
1784018803.446,304,304,61513,3,1,13360,26,-29,-81,-5,-2,0,99692,2413,7376,500,0xf,False,0xca2f
1784018803.679,305,305,61713,3,1,13280,42,-18,-108,-4,1,2,99703,2413,7376,498,0xf,False,0xe6de
1784018803.804,306,306,61913,3,1,13187,-10,28,-105,-4,-4,0,99714,2414,7376,484,0xf,False,0x196
1784018804.068,307,307,62113,3,1,13100,-43,-60,-103,-4,4,0,99725,2414,7376,487,0xf,False,0xbabc
1784018804.257,308,308,62313,3,1,13025,8,11,-85,3,-3,0,99736,2415,7376,494,0xf,False,0x57d1
1784018804.397,309,309,62513,3,1,12934,36,23,-102,2,-4,-2,99747,2415,7375,503,0xf,False,0xea21
1784018804.584,310,310,62713,3,1,12826,31,31,-81,-5,3,0,99759,2416,7375,511,0xf,False,0xf55e
1784018804.835,311,311,62913,3,1,12731,16,21,-86,3,4,2,99770,2417,7375,491,0xf,False,0x9c32
1784018805.086,312,312,63113,3,1,12648,-42,28,-105,4,2,-2,99781,2417,7375,511,0xf,False,0xacb
1784018805.298,313,313,63313,3,1,12566,28,-42,-96,4,2,-1,99793,2418,7375,498,0xf,False,0x681d
1784018805.415,314,314,63513,3,1,12444,-38,18,-99,1,-3,4,99804,2419,7375,489,0xf,False,0xdde8
1784018805.724,315,315,63713,3,1,12369,-30,28,-82,2,-1,3,99816,2419,7375,507,0xf,False,0x9ce6
1784018805.853,316,316,63913,3,1,12267,29,11,-82,-5,-5,1,99827,2420,7375,506,0xf,False,0xb7f0
1784018805.993,317,317,64113,3,1,12156,34,-59,-109,-5,-1,3,99839,2420,7375,510,0xf,False,0x7c40
1784018806.289,318,318,64313,3,1,12069,-41,20,-101,0,2,-3,99851,2421,7375,515,0xf,False,0xf4ec
1784018806.445,319,319,64513,3,1,11991,-54,-3,-109,-4,-3,-3,99863,2422,7375,497,0xf,False,0xd052
1784018806.704,320,320,64713,3,1,11864,-17,-22,-89,-5,-2,4,99875,2422,7375,501,0xf,False,0x6fcd
1784018806.820,321,321,64913,3,1,11798,52,-54,-89,1,4,4,99887,2423,7375,482,0xf,False,0xee6e
1784018807.005,322,322,65113,3,1,11685,-29,-18,-97,-1,1,-5,99899,2424,7374,496,0xf,False,0x76b9
1784018807.255,323,323,65313,3,1,11600,-54,-25,-109,1,4,3,99911,2424,7374,519,0xf,False,0xfcaa
1784018807.380,324,324,65513,3,1,11491,-10,-49,-92,-5,-1,-5,99924,2425,7374,504,0xf,False,0x5ea1
1784018807.676,325,325,65713,3,1,11383,10,5,-95,-3,-1,2,99936,2426,7374,517,0xf,False,0xc67a
1784018807.867,326,326,65913,3,1,11296,-15,37,-84,-3,-2,-4,99948,2426,7374,481,0xf,False,0xe571
1784018808.069,327,327,66113,3,1,11184,-5,-38,-101,-2,2,2,99961,2427,7374,511,0xf,False,0x2446
1784018808.206,328,328,66313,3,1,11071,56,-8,-81,1,-3,4,99974,2428,7374,513,0xf,False,0x651b
1784018808.397,329,329,66513,3,1,10957,26,31,-108,1,-3,2,99986,2428,7374,493,0xf,False,0x7b5c
1784018808.616,330,330,66713,3,1,10847,13,-22,-103,-3,0,-4,99999,2429,7374,510,0xf,False,0x99e4
1784018808.864,331,331,66913,3,1,10768,-3,-3,-97,0,2,2,100012,2430,7374,495,0xf,False,0xde74
1784018808.990,332,332,67113,3,1,10665,-43,49,-83,-1,0,1,100025,2430,7374,492,0xf,False,0x68c7
1784018809.299,333,333,67313,3,1,10554,-25,35,-100,-2,3,2,100038,2431,7374,480,0xf,False,0x2bfd
1784018809.454,334,334,67513,3,1,10419,-41,1,-106,-1,3,-1,100052,2432,7373,499,0xf,False,0x20b7
1784018809.718,335,335,67713,3,1,10311,-36,-44,-92,-5,-5,3,100065,2432,7373,488,0xf,False,0xd7a
1784018809.780,336,336,67913,3,1,10192,-9,-59,-83,4,3,0,100079,2433,7373,483,0xf,False,0xd571
1784018810.031,337,337,68113,3,1,10079,11,-22,-96,-5,-1,-2,100092,2434,7373,502,0xf,False,0x3df8
1784018810.285,338,338,68313,3,1,9972,-34,-40,-80,2,4,2,100106,2435,7373,507,0xf,False,0x11c0
1784018810.348,339,339,68513,3,1,9882,19,-2,-92,1,0,4,100120,2435,7373,502,0xf,False,0xa63c
1784018810.626,340,340,68713,3,1,9763,-52,-16,-82,3,1,3,100134,2436,7373,512,0xf,False,0xe1be
1784018810.815,341,341,68913,3,1,9630,16,-41,-94,2,1,4,100148,2437,7373,504,0xf,False,0x5e06
1784018811.094,342,342,69113,3,1,9505,19,16,-99,-5,1,-2,100163,2438,7373,484,0xf,False,0x9a7a
1784018811.219,343,343,69313,3,1,9396,3,-44,-90,-2,1,-2,100177,2438,7373,501,0xf,False,0x4ea9
1784018811.405,344,344,69513,3,1,9284,53,-11,-83,-4,4,2,100192,2439,7373,494,0xf,False,0xa9d6
1784018811.655,345,345,69713,3,1,9165,10,-43,-106,4,-2,-2,100206,2440,7373,482,0xf,False,0xae0e
1784018811.902,346,346,69913,3,1,9047,-40,-20,-89,3,-4,-5,100221,2441,7373,497,0xf,False,0xfabf
1784018811.989,347,347,70113,3,1,8920,-55,-40,-107,1,-3,-4,100236,2442,7372,487,0xf,False,0xf53f
1784018812.229,348,348,70313,3,1,8774,-13,29,-104,2,1,4,100252,2442,7372,513,0xf,False,0x40ee
1784018812.447,349,349,70513,3,1,8647,-30,-6,-108,2,4,-5,100267,2443,7372,490,0xf,False,0x4367
1784018812.710,350,350,70713,3,1,8536,41,-20,-99,2,-4,-5,100283,2444,7372,496,0xf,False,0xaaa4
1784018812.789,351,351,70913,3,1,8414,23,-51,-89,-5,-3,3,100299,2445,7372,495,0xf,False,0xe83b
1784018813.037,352,352,71113,3,1,8277,54,-41,-91,-5,1,2,100315,2446,7372,510,0xf,False,0x9d38
1784018813.302,353,353,71313,3,1,8162,-6,38,-105,3,2,1,100331,2447,7372,490,0xf,False,0x319f
1784018813.363,354,354,71513,3,1,8016,-50,36,-86,-4,-3,-1,100347,2447,7372,517,0xf,False,0xa61c
1784018813.611,355,355,71713,3,1,7872,-14,-39,-103,-2,-1,4,100364,2448,7372,485,0xf,False,0x612d
1784018813.831,356,356,71913,3,1,7752,-39,-40,-93,-1,-4,0,100381,2449,7372,480,0xf,False,0x4f29
1784018814.180,357,357,72113,3,1,7587,31,-44,-106,-3,-5,-3,100398,2450,7372,487,0xf,False,0xf87a
1784018814.235,358,358,72313,3,1,7464,-32,-13,-99,0,-3,2,100415,2451,7372,500,0xf,False,0x287
1784018814.422,359,359,72513,3,1,7321,-43,-50,-96,-3,2,-5,100433,2452,7371,485,0xf,False,0xf2ba
1784018814.627,360,360,72713,3,1,7157,42,-9,-84,2,2,0,100451,2453,7371,519,0xf,False,0x8734
1784018814.885,361,361,72913,3,1,7019,2,3,-106,1,-5,-1,100470,2454,7371,517,0xf,False,0x419b
1784018815.000,362,362,73113,3,1,6861,29,44,-91,-5,2,3,100488,2455,7371,508,0xf,False,0x28fb
1784018815.233,363,363,73313,3,1,6712,23,-58,-103,-5,-3,3,100507,2456,7371,513,0xf,False,0xf450
1784018815.483,364,364,73513,3,1,6523,21,-5,-85,-5,-4,-3,100527,2457,7371,489,0xf,False,0xf32d
1784018815.685,365,365,73713,3,1,6391,-34,-57,-87,-1,-1,3,100546,2458,7371,505,0xf,False,0x2474
1784018815.809,366,366,73913,3,1,6222,-30,25,-87,4,2,3,100567,2459,7371,496,0xf,False,0xb3a3
1784018815.998,367,367,74113,3,1,6057,24,-17,-81,-5,-5,4,100587,2460,7371,486,0xf,False,0x7076
1784018816.279,368,368,74313,3,1,5868,32,17,-98,1,-5,2,100608,2461,7371,498,0xf,False,0x83b0
1784018816.405,369,369,74513,3,1,5707,-5,-13,-97,-5,1,-4,100630,2462,7371,488,0xf,False,0xddc8
1784018816.682,370,370,74713,3,1,5525,-57,59,-108,-2,4,-1,100652,2464,7371,518,0xf,False,0x7ea4
1784018816.860,371,371,74913,3,1,5315,-40,-57,-93,-3,1,2,100675,2465,7371,519,0xf,False,0xc832
1784018817.092,372,372,75113,3,1,5140,-24,20,-96,-1,0,-5,100698,2466,7370,519,0xf,False,0x6490
1784018817.217,373,373,75313,3,1,4933,38,38,-93,-5,3,-1,100723,2467,7370,516,0xf,False,0xfaee
1784018817.404,374,374,75513,3,1,4717,-12,57,-106,-4,4,4,100748,2469,7370,494,0xf,False,0x4b98
1784018817.655,375,375,75713,3,1,4495,4,43,-102,0,0,-2,100774,2470,7370,493,0xf,False,0xcf32
1784018819.617,1,1,1028,0,0,5,57,-6,1000,-3,-4,-1,101325,2500,7400,503,0xf,False,0xdaea
1784018819.617,2,2,1228,0,0,15,59,32,1000,4,0,2,101325,2500,7400,513,0xf,False,0x53a6
1784018819.928,3,3,1428,0,0,-20,49,-18,1000,-4,1,-2,101325,2500,7400,497,0xf,False,0x7a1
1784018820.053,4,4,1628,0,0,4,-35,49,1000,-2,-1,2,101325,2500,7400,482,0xf,False,0xc347
1784018820.308,5,5,1828,0,0,10,-40,16,1000,-5,-4,-1,101325,2500,7400,489,0xf,False,0xd79a
1784018820.440,6,6,2028,0,0,-13,39,-33,1000,3,-1,4,101325,2500,7400,494,0xf,False,0x9a66
1784018820.636,7,7,2228,0,0,14,-40,-44,1000,-4,-1,2,101325,2500,7400,490,0xf,False,0x8d82
1784018820.899,8,8,2428,0,0,-2,2,-9,1000,3,-1,1,101325,2500,7400,480,0xf,False,0x2f45
1784018821.098,9,9,2628,0,0,-20,-12,44,1000,-1,1,4,101325,2500,7399,512,0xf,False,0x78a8
1784018821.302,10,10,2828,0,0,12,19,-10,1000,-4,4,3,101325,2500,7399,508,0xf,False,0xfe14
1784018821.422,11,11,3028,0,0,5,13,-10,1000,1,2,-5,101325,2500,7399,517,0xf,False,0x5493
1784018821.689,12,12,3228,0,0,-11,49,45,1000,4,0,-4,101325,2500,7399,486,0xf,False,0xe12
1784018821.944,13,13,3428,0,0,-14,10,-34,1000,-1,3,-5,101325,2500,7399,517,0xf,False,0xba6b
1784018822.005,14,14,3628,0,0,6,1,17,1000,0,-3,-1,101325,2500,7399,488,0xf,False,0x31ba
1784018822.297,15,15,3828,0,0,-15,35,-53,1000,-5,4,-4,101325,2500,7399,519,0xf,False,0x2568
1784018822.540,16,16,4028,0,0,-16,-25,2,1000,-2,-3,-4,101325,2500,7399,497,0xf,False,0xaa04
1784018822.597,17,17,4228,0,0,2,-26,-50,1000,-5,4,1,101325,2500,7399,519,0xf,False,0x988f
1784018822.845,18,18,4428,0,0,11,45,6,1000,-4,-1,0,101325,2500,7399,482,0xf,False,0x624a
1784018823.093,19,19,4628,0,0,3,-29,4,1000,4,-1,-4,101325,2500,7399,510,0xf,False,0x3d94
1784018823.360,20,20,4828,0,0,18,31,27,1000,-4,-3,-5,101325,2500,7399,499,0xf,False,0x5a63
1784018823.432,21,21,5028,1,0,8,-4,21,1000,-4,0,4,101325,2500,7398,494,0xf,False,0x2713
1784018823.633,22,22,5228,1,0,16,-41,11,1000,2,-4,-5,101325,2500,7398,497,0xf,False,0x2d45
1784018823.853,23,23,5428,1,0,-11,47,-58,1000,-5,-5,4,101325,2500,7398,515,0xf,False,0x957e
1784018824.124,24,24,5628,1,0,-18,-56,-10,1000,-4,-3,-5,101325,2500,7398,491,0xf,False,0x565c
1784018824.242,25,25,5828,1,0,8,7,54,1000,-3,-2,4,101325,2500,7398,491,0xf,False,0xe179
1784018824.446,26,26,6028,1,0,-9,-53,-13,1000,1,4,0,101325,2500,7398,512,0xf,False,0x3ebe
1784018824.727,27,27,6228,1,0,-8,-55,49,1000,-2,1,2,101325,2500,7398,484,0xf,False,0x6758
1784018824.931,28,28,6428,1,0,-10,-44,1,1000,-1,2,-1,101325,2500,7398,498,0xf,False,0x2cbe
1784018825.086,29,29,6628,1,0,-18,-10,-6,1000,-1,-5,-1,101325,2500,7398,491,0xf,False,0x4478
1784018825.268,30,30,6828,1,0,-16,10,-42,1000,1,-4,1,101325,2500,7398,512,0xf,False,0x6db9
1784018825.544,31,31,7028,1,0,-11,-11,38,1000,-3,0,-2,101325,2500,7398,483,0xf,False,0x9215
1784018825.595,32,32,7228,1,0,15,-7,2,1000,-1,2,-5,101325,2500,7398,515,0xf,False,0x38cd
1784018838.519,1,1,2591,0,0,-10,53,10,1000,2,-1,-3,101325,2500,7399,502,0xf,False,0x3742
1784018838.644,2,2,2791,0,0,2,-4,3,1000,-1,-1,2,101325,2500,7399,495,0xf,False,0xc75a
1784018838.907,3,3,2991,0,0,-11,-19,41,1000,2,-1,-2,101325,2500,7399,506,0xf,False,0x2803
1784018839.109,4,4,3191,0,0,15,42,14,1000,3,-4,-1,101325,2500,7399,517,0xf,False,0x9407
1784018839.231,5,5,3391,0,0,1,-48,-40,1000,0,0,2,101325,2500,7399,480,0xf,False,0xc7bd
1784018839.432,6,6,3591,0,0,-7,-15,13,1000,-5,-2,-1,101325,2500,7399,500,0xf,False,0x1ca9
1784018839.678,7,7,3791,0,0,-16,-6,-59,1000,-5,-4,0,101325,2500,7399,486,0xf,False,0x44c1
1784018839.911,8,8,3991,0,0,-8,-36,33,1000,3,-2,-5,101325,2500,7399,495,0xf,False,0xf5b8
1784018840.035,9,9,4191,0,0,14,14,-22,1000,-1,0,-4,101325,2500,7399,482,0xf,False,0xf785
1784018840.255,10,10,4391,0,0,-13,19,34,1000,0,0,-4,101325,2500,7399,484,0xf,False,0xf28b
1784018840.502,11,11,4591,0,0,-3,-56,25,1000,4,2,-2,101325,2500,7399,497,0xf,False,0xb068
1784018840.751,12,12,4791,0,0,-17,-32,-28,1000,-5,1,-5,101325,2500,7399,494,0xf,False,0x368c
1784018840.937,13,13,4991,0,0,8,8,-43,1000,3,-4,-5,101325,2500,7399,487,0xf,False,0xfdc8
1784018841.063,14,14,5191,1,0,-4,-18,-41,1000,3,1,0,101325,2500,7398,493,0xf,False,0x69e5
1784018841.328,15,15,5391,1,0,8,23,-11,1000,4,1,-1,101325,2500,7398,491,0xf,False,0xc384
1784018841.530,16,16,5591,1,0,9,-9,-32,1000,-2,-4,3,101325,2500,7398,512,0xf,False,0x330
1784018841.654,17,17,5791,1,0,5,-48,-8,1000,4,0,-2,101325,2500,7398,519,0xf,False,0x4fc4
1784018841.902,18,18,5991,1,0,-7,31,-21,1000,-3,-4,-5,101325,2500,7398,501,0xf,False,0xb281
1784018842.089,19,19,6191,1,0,-2,56,-57,1000,-3,4,-3,101325,2500,7398,512,0xf,False,0xb8cb
1784018842.214,20,20,6391,1,0,12,21,14,1000,-2,-3,-2,101325,2500,7398,481,0xf,False,0x287b
1784018842.490,21,21,6591,1,0,-18,-33,33,1000,0,2,1,101325,2500,7398,481,0xf,False,0xa5d6
1784018842.680,22,22,6791,1,0,15,-40,-30,1000,-5,-2,0,101325,2500,7398,496,0xf,False,0xe220
1784018842.927,23,23,6991,1,0,13,-4,31,1000,-1,4,-4,101325,2500,7398,509,0xf,False,0xa561
1784018843.061,24,24,7191,1,0,-13,-24,-39,1000,-2,-1,-2,101325,2500,7398,487,0xf,False,0xefd5
1784018843.256,25,25,7391,1,0,4,6,41,1000,1,-5,-5,101325,2500,7398,505,0xf,False,0x6890
1784018843.524,26,26,7591,1,0,3,-38,58,1000,3,-1,2,101325,2500,7397,510,0xf,False,0x9006
1784018843.724,27,27,7791,1,0,2,34,20,1000,4,-1,1,101325,2500,7397,504,0xf,False,0x20c4
1784018843.852,28,28,7991,1,0,3,16,0,1000,2,3,0,101325,2500,7397,495,0xf,False,0x269a
1784018844.131,29,29,8191,1,0,12,3,-49,1000,3,-4,-2,101325,2500,7397,515,0xf,False,0x1ecf
1784018844.317,30,30,8391,1,0,2,53,23,1000,2,-5,1,101325,2500,7397,483,0xf,False,0xa844
1784018844.534,31,31,8591,1,0,-5,-30,51,1000,-4,3,2,101325,2500,7397,490,0xf,False,0x9cdb
1784018844.659,32,32,8791,1,0,-10,27,-23,1000,-5,-5,1,101325,2500,7397,515,0xf,False,0x6b12
1784018844.861,33,33,8991,1,0,-10,32,-26,1000,-4,0,2,101325,2500,7397,513,0xf,False,0xfb86
1784018845.126,34,34,9191,1,0,-7,-12,28,1000,-4,3,-1,101325,2500,7397,484,0xf,False,0x738b
1784018845.250,35,35,9391,1,0,10,-8,-17,1000,1,2,3,101325,2500,7397,515,0xf,False,0xc786
1784018845.452,36,36,9591,1,0,-18,15,50,1000,-3,4,3,101325,2500,7397,504,0xf,False,0x25f6
1784018845.715,37,37,9791,1,0,-2,7,29,1000,-4,-5,-2,101325,2500,7397,514,0xf,False,0xdb1e
1784018845.902,38,38,9991,1,0,9,9,-2,1000,-4,2,3,101325,2500,7397,517,0xf,False,0xd30c
1784018846.045,39,39,10191,2,0,1214,-43,-21,1299,-2,-5,3,101178,2492,7396,487,0xf,False,0x2e7a
1784018846.289,40,40,10391,2,0,2452,36,37,1608,-3,-3,-5,101028,2484,7396,494,0xf,False,0x7fc0
1784018846.490,41,41,10591,2,0,3625,-35,-32,1907,0,-2,-3,100881,2476,7396,497,0xf,False,0xd28
1784018846.745,42,42,10791,2,0,4806,37,48,2191,3,-4,0,100738,2468,7396,514,0xf,False,0xea37
1784018846.867,43,43,10991,2,0,5948,0,38,2458,4,1,-5,100599,2461,7396,518,0xf,False,0x49e4
1784018847.072,44,44,11191,2,0,7049,-32,-50,2701,1,-5,-4,100464,2454,7396,507,0xf,False,0x45da
1784018847.358,45,45,11391,2,0,8117,-43,-37,2917,-3,1,-4,100332,2447,7396,483,0xf,False,0xb6e5
1784018847.536,46,46,11591,2,0,9178,30,5,3103,-2,0,-3,100204,2440,7396,519,0xf,False,0xa474
1784018847.711,47,47,11791,2,0,10217,-21,-57,3256,1,-4,3,100079,2433,7396,497,0xf,False,0xa159
1784018847.896,48,48,11991,2,0,11178,-58,43,3373,-1,4,2,99958,2427,7396,497,0xf,False,0x43f3
1784018848.117,49,49,12191,2,0,12159,20,-45,3453,-3,-4,-3,99841,2420,7396,492,0xf,False,0x7f3f
1784018848.242,50,50,12391,2,0,13091,17,-42,3494,3,-4,4,99728,2414,7396,519,0xf,False,0x22b5
1784018848.461,51,51,12591,2,0,13990,-55,-7,3495,-4,1,-3,99618,2409,7395,503,0xf,False,0x9ad8
1784018848.745,52,52,12791,2,0,14855,26,-14,3458,2,1,-5,99511,2403,7395,505,0xf,False,0x3e33
1784018848.945,53,53,12991,2,0,15696,19,-26,3381,-3,-5,-3,99409,2397,7395,494,0xf,False,0x3919
1784018849.007,54,54,13191,2,0,16507,51,-9,3268,-2,2,3,99310,2392,7395,496,0xf,False,0x3ad6
1784018849.268,55,55,13391,2,0,17305,-50,16,3118,0,-5,0,99215,2387,7395,511,0xf,False,0xb896
1784018849.474,56,56,13591,2,0,18049,17,19,2935,-1,3,1,99123,2382,7395,491,0xf,False,0x5319
1784018849.724,57,57,13791,2,0,18748,15,42,2721,3,-4,1,99035,2378,7395,492,0xf,False,0x34a
1784018849.842,58,58,13991,2,0,19443,58,42,2480,0,-1,1,98951,2373,7395,484,0xf,False,0x9b0f
1784018850.124,59,59,14191,2,0,20114,9,26,2216,1,-3,-1,98870,2369,7395,492,0xf,False,0x3317
1784018850.309,60,60,14391,2,0,20748,-47,-43,1933,1,2,-4,98793,2365,7395,510,0xf,False,0x8ed8
1784018850.576,61,61,14591,2,0,21371,10,-3,1635,1,4,-3,98719,2361,7395,483,0xf,False,0x65c3
1784018850.723,62,62,14791,2,0,21922,29,-43,1327,-2,-1,-1,98650,2357,7395,491,0xf,False,0x69b9
1784018850.902,63,63,14991,2,0,22471,34,-35,1014,-4,3,-1,98584,2353,7395,506,0xf,False,0x2fdf
1784018851.104,64,64,15191,2,0,22981,-26,46,-215,-2,-3,4,98521,2350,7394,517,0xf,False,0xdb0a
1784018851.227,65,65,15391,2,0,23454,4,-4,-231,-4,1,-3,98462,2347,7394,504,0xf,False,0xd9dd
1784018851.493,66,66,15591,2,0,23917,28,-57,-247,3,-2,4,98407,2344,7394,484,0xf,False,0xc2e2
1784018851.730,67,67,15791,2,0,24329,-41,58,-263,4,2,-2,98356,2341,7394,507,0xf,False,0xa35c
1784018851.919,68,68,15991,2,0,24719,5,-22,-279,-4,-5,2,98308,2339,7394,483,0xf,False,0xc5eb
1784018852.054,69,69,16191,2,0,25094,-46,-48,-295,0,-2,-3,98264,2336,7394,502,0xf,False,0x46c6
1784018852.290,70,70,16391,2,0,25411,12,-12,-311,-3,-5,3,98223,2334,7394,498,0xf,False,0x6cf6
1784018852.507,71,71,16591,2,0,25717,-2,42,-327,2,-2,-3,98186,2332,7394,510,0xf,False,0xea2e
1784018852.802,72,72,16791,2,0,25987,-47,-54,-343,2,3,-5,98153,2331,7394,498,0xf,False,0x4679
1784018852.863,73,73,16991,2,0,26245,25,-20,-359,-3,-2,-1,98124,2329,7394,501,0xf,False,0xe8be
1784018853.050,74,74,17191,2,0,26438,43,-12,-375,-5,-2,-3,98098,2328,7394,514,0xf,False,0x3177
1784018853.298,75,75,17391,2,0,26620,58,-57,-391,-5,-5,4,98075,2326,7394,484,0xf,False,0xb7bd
1784018853.578,76,76,17591,2,0,26781,24,53,-407,-3,-1,-2,98057,2325,7393,518,0xf,False,0xecdc
1784018853.640,77,77,17791,2,0,26913,-41,19,-423,2,-5,2,98042,2325,7393,512,0xf,False,0xcdbb
1784018853.919,78,78,17991,2,0,26987,7,-42,-439,-1,-3,3,98031,2324,7393,495,0xf,False,0x3c9c
1784018854.121,79,79,18191,2,0,27048,-11,17,-455,1,4,-3,98023,2324,7393,508,0xf,False,0x6476
1784018854.246,80,80,18391,2,0,27075,-51,44,-471,-2,-1,1,98019,2323,7393,496,0xf,False,0x637a
1784018854.460,81,81,18591,3,1,27079,5,53,-93,-1,-4,-5,98021,2323,7393,490,0xf,False,0x135d
1784018854.711,82,82,18791,3,1,27009,21,-49,-107,-5,1,1,98027,2324,7393,515,0xf,False,0x83f3
1784018854.930,83,83,18991,3,1,26984,-18,-58,-86,0,-5,2,98033,2324,7393,512,0xf,False,0xe801
1784018855.053,84,84,19191,3,1,26926,-38,33,-105,-2,-3,0,98039,2324,7393,503,0xf,False,0x9144
1784018855.364,85,85,19391,3,1,26882,-25,-28,-92,0,3,-2,98045,2325,7393,490,0xf,False,0x727d
1784018855.488,86,86,19591,3,1,26830,-7,-3,-104,-4,2,0,98051,2325,7393,484,0xf,False,0xcf08
1784018855.738,87,87,19791,3,1,26779,-60,-57,-100,-2,0,-5,98058,2325,7393,515,0xf,False,0x89f2
1784018855.862,88,88,19991,3,1,26735,17,-13,-105,-1,-3,1,98064,2326,7393,511,0xf,False,0xd923
1784018856.117,89,89,20191,3,1,26667,-40,-49,-85,-1,3,-4,98070,2326,7392,488,0xf,False,0xde5f
1784018856.298,90,90,20391,3,1,26605,8,17,-88,2,-3,2,98076,2326,7392,509,0xf,False,0x6d6e
1784018856.530,91,91,20591,3,1,26563,-55,32,-106,-2,3,-5,98082,2327,7392,507,0xf,False,0x400b
1784018856.654,92,92,20791,3,1,26542,33,-14,-103,4,2,-2,98089,2327,7392,516,0xf,False,0x175e
1784018856.919,93,93,20991,3,1,26470,-58,-53,-95,-5,-3,-2,98095,2327,7392,508,0xf,False,0xc78e
1784018857.113,94,94,21191,3,1,26404,-24,39,-102,-4,-3,3,98101,2328,7392,516,0xf,False,0x24a9
1784018857.245,95,95,21391,3,1,26354,-7,56,-98,1,-5,4,98107,2328,7392,516,0xf,False,0x2bdd
1784018857.513,96,96,21591,3,1,26327,55,37,-89,-5,-5,2,98114,2328,7392,509,0xf,False,0x561b
1784018857.697,97,97,21791,3,1,26280,-58,33,-86,-4,-1,1,98120,2329,7392,509,0xf,False,0xbde4
1784018857.947,98,98,21991,3,1,26211,-44,11,-83,-1,3,4,98126,2329,7392,511,0xf,False,0x7289
1784018858.072,99,99,22191,3,1,26154,19,20,-109,3,-5,-3,98132,2329,7392,516,0xf,False,0x11b4
1784018858.272,100,100,22391,3,1,26117,-55,37,-107,-1,4,1,98139,2330,7392,505,0xf,False,0x2bd
1784018858.552,101,101,22591,3,1,26071,-39,43,-86,1,-3,-5,98145,2330,7391,483,0xf,False,0x3c83
1784018858.739,102,102,22791,3,1,25992,50,-22,-100,3,3,4,98151,2330,7391,506,0xf,False,0x81f2
1784018858.879,103,103,22991,3,1,25949,7,22,-80,-2,0,3,98158,2331,7391,496,0xf,False,0x2cc9
1784018859.065,104,104,23191,3,1,25907,-16,-16,-108,3,0,-2,98164,2331,7391,491,0xf,False,0x497f
1784018859.314,105,105,23391,3,1,25862,-59,-51,-90,-1,2,2,98170,2331,7391,508,0xf,False,0x1f04
1784018859.518,106,106,23591,3,1,25793,-37,-23,-84,-4,-1,-5,98177,2332,7391,516,0xf,False,0xc1ca
1784018859.660,107,107,23791,3,1,25764,-34,-51,-101,3,1,-1,98183,2332,7391,516,0xf,False,0x7cd7
1784018859.859,108,108,23991,3,1,25711,-57,-12,-106,2,-1,-1,98189,2332,7391,514,0xf,False,0xf40e
1784018860.360,109,109,24191,3,1,25630,-16,57,-93,2,-3,1,98196,2333,7391,480,0xf,False,0x92d2
1784018860.360,110,110,24391,3,1,25592,24,48,-86,-1,1,0,98202,2333,7391,515,0xf,False,0x4be0
1784018860.499,111,111,24591,3,1,25519,-36,34,-86,-3,4,2,98209,2333,7391,512,0xf,False,0x85b9
1784018860.745,112,112,24791,3,1,25489,49,19,-100,-4,-1,-2,98215,2334,7391,502,0xf,False,0xa5ac
1784018860.933,113,113,24991,3,1,25426,58,-31,-87,-5,-3,2,98222,2334,7391,480,0xf,False,0x26fb
1784018861.059,114,114,25191,3,1,25393,-2,42,-104,-1,-2,3,98228,2335,7390,492,0xf,False,0xd4e3
1784018861.260,115,115,25391,3,1,25347,-26,49,-95,-5,-3,0,98234,2335,7390,512,0xf,False,0x7bc9
1784018861.556,116,116,25591,3,1,25288,-52,54,-101,-5,0,-3,98241,2335,7390,514,0xf,False,0x7b75
1784018861.743,117,117,25791,3,1,25233,50,-3,-97,-2,4,4,98247,2336,7390,496,0xf,False,0xd132
1784018861.872,118,118,25991,3,1,25173,33,-46,-109,2,-4,-5,98254,2336,7390,513,0xf,False,0x9ced
1784018862.070,119,119,26191,3,1,25125,-45,52,-91,1,-2,0,98260,2336,7390,483,0xf,False,0x6049
1784018862.351,120,120,26391,3,1,25055,-7,29,-89,1,-2,1,98267,2337,7390,504,0xf,False,0xd133
1784018862.539,121,121,26591,3,1,24989,-33,9,-83,0,1,2,98273,2337,7390,497,0xf,False,0xf36d
1784018862.707,122,122,26791,3,1,24944,-42,-7,-108,3,1,-3,98280,2337,7390,483,0xf,False,0xffef
1784018862.883,123,123,26991,3,1,24885,28,-44,-81,-3,-2,-5,98286,2338,7390,481,0xf,False,0x7612
1784018863.134,124,124,27191,3,1,24841,29,16,-91,3,-2,0,98293,2338,7390,497,0xf,False,0xe70b
1784018863.259,125,125,27391,3,1,24786,-53,-35,-91,3,4,-2,98300,2338,7390,489,0xf,False,0x42bd
1784018863.463,126,126,27591,3,1,24721,49,-55,-89,4,-5,3,98306,2339,7389,499,0xf,False,0xd8c1
1784018863.711,127,127,27791,3,1,24693,-53,-21,-82,3,2,3,98313,2339,7389,515,0xf,False,0xd4af
1784018863.930,128,128,27991,3,1,24643,-14,-60,-97,4,-1,-2,98319,2339,7389,513,0xf,False,0x173e
1784018864.055,129,129,28191,3,1,24562,-35,-19,-80,4,2,-5,98326,2340,7389,512,0xf,False,0x7133
1784018864.273,130,130,28391,3,1,24506,-3,7,-99,-3,4,-2,98333,2340,7389,494,0xf,False,0xff8d
1784018864.523,131,131,28591,3,1,24451,-7,54,-84,1,-3,-4,98339,2340,7389,481,0xf,False,0x7ef3
1784018864.712,132,132,28791,3,1,24415,12,41,-109,-5,-4,-3,98346,2341,7389,515,0xf,False,0x482b
1784018864.836,133,133,28991,3,1,24376,-11,-19,-81,-4,3,4,98353,2341,7389,487,0xf,False,0x3e16
1784018865.087,134,134,29191,3,1,24306,-26,49,-103,4,-4,3,98359,2342,7389,494,0xf,False,0x50fa
1784018865.357,135,135,29391,3,1,24268,-11,46,-108,-3,-5,-3,98366,2342,7389,495,0xf,False,0x2d22
1784018865.537,136,136,29591,3,1,24207,52,9,-98,3,-1,0,98373,2342,7389,505,0xf,False,0x3fc5
1784018865.662,137,137,29791,3,1,24142,-35,-28,-102,0,3,3,98379,2343,7389,485,0xf,False,0x63f
1784018865.864,138,138,29991,3,1,24084,1,34,-85,-2,4,4,98386,2343,7389,490,0xf,False,0xe125
1784018866.128,139,139,30191,3,1,24029,-6,38,-81,-2,1,3,98393,2343,7388,513,0xf,False,0x415f
1784018866.254,140,140,30391,3,1,23970,36,53,-83,-5,0,0,98400,2344,7388,490,0xf,False,0xf8d7
1784018866.599,141,141,30591,3,1,23906,-24,15,-101,3,-3,3,98406,2344,7388,515,0xf,False,0xfdab
1784018866.704,142,142,30791,3,1,23853,31,23,-98,-4,4,-4,98413,2344,7388,498,0xf,False,0x53c2
1784018866.955,143,143,30991,3,1,23812,-14,-51,-88,-1,-1,4,98420,2345,7388,514,0xf,False,0xa886
1784018867.033,144,144,31191,3,1,23745,27,-6,-107,-1,-1,-4,98427,2345,7388,517,0xf,False,0x8196
1784018867.314,145,145,31391,3,1,23692,-44,55,-105,-1,-1,-1,98434,2345,7388,504,0xf,False,0xd2df
1784018867.501,146,146,31591,3,1,23629,-22,32,-92,4,-2,1,98440,2346,7388,506,0xf,False,0xbcfa
1784018867.717,147,147,31791,3,1,23593,30,51,-101,-4,1,1,98447,2346,7388,495,0xf,False,0xcaf3
1784018867.843,148,148,31991,3,1,23534,3,48,-97,4,-5,-3,98454,2347,7388,494,0xf,False,0xd76b
1784018868.091,149,149,32191,3,1,23463,-37,-37,-91,-5,-2,3,98461,2347,7388,504,0xf,False,0x5a0
1784018868.278,150,150,32391,3,1,23421,-35,38,-81,3,4,-3,98468,2347,7388,492,0xf,False,0x6e53
1784018868.528,151,151,32591,3,1,23375,-14,20,-107,-5,4,4,98475,2348,7387,481,0xf,False,0xafac
1784018868.652,152,152,32791,3,1,23310,-36,59,-88,0,-4,-2,98482,2348,7387,503,0xf,False,0x2791
1784018868.871,153,153,32991,3,1,23230,7,-3,-97,2,-5,-1,98489,2348,7387,502,0xf,False,0xc017
1784018869.137,154,154,33191,3,1,23198,9,0,-81,1,-3,3,98495,2349,7387,502,0xf,False,0x1225
1784018869.278,155,155,33391,3,1,23145,-37,58,-104,1,-3,2,98502,2349,7387,482,0xf,False,0x54e0
1784018869.476,156,156,33591,3,1,23069,52,14,-94,3,1,-2,98509,2350,7387,507,0xf,False,0x6561
1784018869.670,157,157,33791,3,1,23031,-3,50,-104,-1,2,-4,98516,2350,7387,483,0xf,False,0x8c1d
1784018869.937,158,158,33991,3,1,22949,14,38,-86,-2,3,-5,98523,2350,7387,513,0xf,False,0xd54f
1784018870.060,159,159,34191,3,1,22916,-17,-12,-103,-3,4,4,98530,2351,7387,496,0xf,False,0x342
1784018870.247,160,160,34391,3,1,22852,-44,40,-81,0,2,1,98537,2351,7387,500,0xf,False,0x40f5
1784018870.498,161,161,34591,3,1,22796,41,-33,-103,0,-4,-5,98544,2351,7387,505,0xf,False,0xc09e
1784018870.777,162,162,34791,3,1,22711,-53,59,-86,-3,0,2,98551,2352,7387,482,0xf,False,0xdbde
1784018870.841,163,163,34991,3,1,22686,-53,2,-95,-4,3,1,98559,2352,7387,498,0xf,False,0xc771
1784018871.089,164,164,35191,3,1,22619,6,56,-104,2,0,-3,98566,2353,7386,508,0xf,False,0xf98d
1784018871.371,165,165,35391,3,1,22549,-22,20,-88,-1,-5,-2,98573,2353,7386,508,0xf,False,0xcae9
1784018871.558,166,166,35591,3,1,22481,1,-12,-94,1,-2,3,98580,2353,7386,514,0xf,False,0xcc92
1784018871.622,167,167,35791,3,1,22456,50,-56,-81,0,3,4,98587,2354,7386,499,0xf,False,0x7a6c
1784018871.869,168,168,35991,3,1,22367,56,15,-86,4,-1,1,98594,2354,7386,514,0xf,False,0x954e
1784018872.119,169,169,36191,3,1,22305,-38,-33,-83,4,-3,0,98601,2354,7386,483,0xf,False,0x16a3
1784018872.246,170,170,36391,3,1,22249,-31,-45,-98,4,1,1,98608,2355,7386,514,0xf,False,0xa421
1784018872.494,171,171,36591,3,1,22191,-15,11,-86,-5,3,0,98616,2355,7386,516,0xf,False,0xd57c
1784018872.680,172,172,36791,3,1,22128,17,17,-97,-1,2,-4,98623,2356,7386,513,0xf,False,0x6f1c
1784018872.931,173,173,36991,3,1,22087,-28,13,-109,0,1,-1,98630,2356,7386,516,0xf,False,0x975d
1784018873.058,174,174,37191,3,1,22008,10,-17,-102,3,-3,-3,98637,2356,7386,502,0xf,False,0x635
1784018873.246,175,175,37391,3,1,21956,27,-11,-90,0,-2,-3,98645,2357,7386,494,0xf,False,0xf6b1
1784018873.528,176,176,37591,3,1,21917,55,-52,-83,-5,1,1,98652,2357,7385,488,0xf,False,0x38a6
1784018873.718,177,177,37791,3,1,21846,46,-56,-93,-3,0,-1,98659,2357,7385,481,0xf,False,0x355f
1784018873.845,178,178,37991,3,1,21788,-38,-50,-82,2,-4,-3,98666,2358,7385,487,0xf,False,0x518c
1784018874.096,179,179,38191,3,1,21717,-13,-10,-93,-4,-1,-2,98674,2358,7385,516,0xf,False,0x2d5e
1784018874.381,180,180,38391,3,1,21668,-11,-5,-104,-5,0,-3,98681,2359,7385,493,0xf,False,0x9e66
1784018874.568,181,181,38591,3,1,21616,8,-33,-100,2,-2,-5,98688,2359,7385,501,0xf,False,0x549e
1784018874.630,182,182,38791,3,1,21539,-50,24,-99,1,3,3,98696,2359,7385,485,0xf,False,0x9917
1784018874.879,183,183,38991,3,1,21479,-19,36,-86,-2,3,1,98703,2360,7385,512,0xf,False,0x3e61
1784018875.132,184,184,39191,3,1,21422,-56,-50,-86,-3,1,-5,98711,2360,7385,484,0xf,False,0x2e9c
1784018875.276,185,185,39391,3,1,21347,-21,-36,-87,-3,0,-3,98718,2361,7385,519,0xf,False,0xaf4d
1784018875.461,186,186,39591,3,1,21296,31,-38,-90,-2,-1,-1,98725,2361,7385,480,0xf,False,0xe306
1784018875.712,187,187,39791,3,1,21261,-13,-8,-101,-1,-3,1,98733,2361,7385,513,0xf,False,0x8439
1784018875.896,188,188,39991,3,1,21181,10,-29,-85,-4,-1,1,98740,2362,7385,485,0xf,False,0x107f
1784018876.020,189,189,40191,3,1,21110,25,-52,-93,3,-1,-3,98748,2362,7384,480,0xf,False,0x4035
1784018876.273,190,190,40391,3,1,21064,-51,-10,-89,-1,0,-5,98755,2363,7384,518,0xf,False,0x6fdb
1784018876.568,191,191,40591,3,1,20996,5,-35,-90,3,4,3,98763,2363,7384,507,0xf,False,0x8e08
1784018876.797,192,192,40791,3,1,20945,45,-56,-81,-2,-3,-4,98770,2363,7384,490,0xf,False,0x175a
1784018876.852,193,193,40991,3,1,20892,-13,-50,-88,-4,-3,3,98778,2364,7384,487,0xf,False,0x73a0
1784018877.106,194,194,41191,3,1,20797,59,36,-81,2,-3,0,98786,2364,7384,519,0xf,False,0xf62
1784018877.291,195,195,41391,3,1,20744,-15,-20,-84,-4,4,-4,98793,2365,7384,513,0xf,False,0x49ad
1784018877.540,196,196,41591,3,1,20681,13,23,-88,1,0,-4,98801,2365,7384,485,0xf,False,0x9dec
1784018877.663,197,197,41791,3,1,20630,0,36,-91,4,-1,-4,98808,2365,7384,491,0xf,False,0xb235
1784018877.914,198,198,41991,3,1,20542,20,-44,-93,2,-5,-3,98816,2366,7384,512,0xf,False,0x55c6
1784018878.100,199,199,42191,3,1,20490,32,-8,-91,1,3,-5,98824,2366,7384,484,0xf,False,0x3d1f
1784018878.225,200,200,42391,3,1,20426,-13,40,-103,-3,-1,4,98831,2367,7384,487,0xf,False,0xc3f2
1784018878.459,201,201,42591,3,1,20377,-57,19,-80,2,-2,2,98839,2367,7383,517,0xf,False,0x2b56
1784018878.710,202,202,42791,3,1,20297,49,-47,-80,4,-5,0,98847,2367,7383,500,0xf,False,0x25a4
1784018878.961,203,203,42991,3,1,20227,51,-28,-81,-2,2,-4,98855,2368,7383,514,0xf,False,0x5229
1784018879.024,204,204,43191,3,1,20162,8,43,-95,2,2,-1,98862,2368,7383,486,0xf,False,0x9d99
1784018879.303,205,205,43391,3,1,20114,-48,36,-108,-5,-4,-4,98870,2369,7383,491,0xf,False,0x7b7b
1784018879.489,206,206,43591,3,1,20061,-10,-28,-101,-4,2,-5,98878,2369,7383,515,0xf,False,0xf1ce
1784018879.740,207,207,43791,3,1,19999,-48,-56,-84,-3,-3,-4,98886,2370,7383,484,0xf,False,0x1811
1784018879.864,208,208,43991,3,1,19918,-40,-1,-93,0,4,-3,98894,2370,7383,497,0xf,False,0x41d8
1784018880.149,209,209,44191,3,1,19860,23,-34,-80,2,4,0,98902,2370,7383,513,0xf,False,0xb66b
1784018880.331,210,210,44391,3,1,19812,33,32,-107,4,-3,-5,98909,2371,7383,501,0xf,False,0x39ee
1784018880.517,211,211,44591,3,1,19720,-10,7,-87,-4,-2,1,98917,2371,7383,496,0xf,False,0xac82
1784018880.642,212,212,44791,3,1,19679,-57,27,-102,-1,-1,3,98925,2372,7383,488,0xf,False,0x1c09
1784018880.893,213,213,44991,3,1,19595,13,-36,-86,-5,4,1,98933,2372,7383,514,0xf,False,0x1d27
1784018881.144,214,214,45191,3,1,19543,-20,-21,-80,2,3,0,98941,2373,7382,518,0xf,False,0xf53b
1784018881.206,215,215,45391,3,1,19479,18,1,-86,3,-3,4,98949,2373,7382,482,0xf,False,0xaec3
1784018881.469,216,216,45591,3,1,19416,44,-46,-85,3,-4,4,98957,2373,7382,502,0xf,False,0x434c
1784018881.721,217,217,45791,3,1,19343,22,-59,-98,4,-5,-5,98965,2374,7382,483,0xf,False,0x4bd
1784018881.905,218,218,45991,3,1,19278,20,29,-82,-1,-4,-5,98973,2374,7382,490,0xf,False,0x17f7
1784018882.032,219,219,46191,3,1,19187,37,41,-93,4,-4,0,98981,2375,7382,516,0xf,False,0x4bbc
1784018882.290,220,220,46391,3,1,19150,-20,12,-91,4,4,-1,98990,2375,7382,486,0xf,False,0xae5f
1784018882.470,221,221,46591,3,1,19070,-50,4,-91,-4,3,-5,98998,2376,7382,492,0xf,False,0x14b9
1784018882.718,222,222,46791,3,1,19006,25,25,-103,1,0,3,99006,2376,7382,519,0xf,False,0x29cd
1784018882.843,223,223,46991,3,1,18956,14,-60,-82,2,-2,-4,99014,2376,7382,484,0xf,False,0x67e1
1784018883.092,224,224,47191,3,1,18877,34,-17,-102,-2,0,-2,99022,2377,7382,496,0xf,False,0x7170
1784018883.295,225,225,47391,3,1,18818,27,-10,-80,-4,1,-3,99030,2377,7382,484,0xf,False,0xb5d6
1784018883.556,226,226,47591,3,1,18723,-37,-7,-87,1,-3,2,99039,2378,7381,490,0xf,False,0x2249
1784018883.624,227,227,47791,3,1,18657,22,43,-106,4,-4,-2,99047,2378,7381,504,0xf,False,0x118e
1784018883.872,228,228,47991,3,1,18592,4,31,-109,-5,-3,3,99055,2379,7381,490,0xf,False,0xa0de
1784018884.123,229,229,48191,3,1,18531,2,54,-89,1,4,-1,99064,2379,7381,496,0xf,False,0x4709
1784018884.247,230,230,48391,3,1,18461,10,-56,-104,1,-4,1,99072,2379,7381,513,0xf,False,0x6156
1784018884.451,231,231,48591,3,1,18406,26,7,-87,2,3,-4,99080,2380,7381,491,0xf,False,0x6ac1
1784018884.699,232,232,48791,3,1,18336,-55,-25,-81,-5,-5,-4,99089,2380,7381,494,0xf,False,0x429b
1784018884.948,233,233,48991,3,1,18259,48,-1,-81,4,-2,-3,99097,2381,7381,500,0xf,False,0x5722
1784018885.071,234,234,49191,3,1,18203,54,18,-97,4,-3,-4,99106,2381,7381,517,0xf,False,0x441c
1784018885.272,235,235,49391,3,1,18110,-9,26,-89,-4,3,0,99114,2382,7381,482,0xf,False,0x462b
1784018885.536,236,236,49591,3,1,18052,-53,-43,-90,2,-2,-3,99123,2382,7381,503,0xf,False,0x1451
1784018885.723,237,237,49791,3,1,17989,35,-21,-100,0,1,0,99131,2383,7381,502,0xf,False,0xdc71
1784018885.849,238,238,49991,3,1,17890,-22,-4,-80,-1,-2,-1,99140,2383,7381,519,0xf,False,0x4641
1784018886.115,239,239,50191,3,1,17831,35,51,-102,2,-2,4,99148,2384,7380,499,0xf,False,0xb34c
1784018886.302,240,240,50391,3,1,17778,-16,-26,-98,4,-1,-3,99157,2384,7380,511,0xf,False,0x202a
1784018886.551,241,241,50591,3,1,17688,40,-48,-108,-5,-5,2,99166,2384,7380,484,0xf,False,0x75ac
1784018886.677,242,242,50791,3,1,17612,-20,29,-99,-3,-5,0,99174,2385,7380,488,0xf,False,0xce98
1784018886.865,243,243,50991,3,1,17564,-5,-15,-80,2,4,-2,99183,2385,7380,513,0xf,False,0x1e03
1784018887.205,244,244,51191,3,1,17461,-52,-9,-107,3,-3,2,99192,2386,7380,503,0xf,False,0xfdb1
1784018887.268,245,245,51391,3,1,17409,42,32,-91,1,3,-3,99201,2386,7380,502,0xf,False,0xd31c
1784018887.454,246,246,51591,3,1,17353,2,-48,-109,1,1,2,99209,2387,7380,480,0xf,False,0x10ce
1784018887.719,247,247,51791,3,1,17260,17,11,-106,-1,-5,-4,99218,2387,7380,502,0xf,False,0x6e99
1784018887.906,248,248,51991,3,1,17173,29,29,-87,2,-1,-3,99227,2388,7380,483,0xf,False,0xce01
1784018888.029,249,249,52191,3,1,17119,-48,53,-86,2,-4,4,99236,2388,7380,504,0xf,False,0x28bf
1784018888.279,250,250,52391,3,1,17055,39,2,-89,1,1,-5,99245,2389,7380,513,0xf,False,0xb406
1784018888.528,251,251,52591,3,1,16957,29,-29,-104,3,3,1,99254,2389,7379,494,0xf,False,0xb4ad
1784018888.715,252,252,52791,3,1,16884,32,-15,-99,2,-5,-5,99263,2390,7379,504,0xf,False,0x9b92
1784018888.871,253,253,52991,3,1,16826,15,22,-107,-4,-2,0,99272,2390,7379,482,0xf,False,0x7a23
1784018889.058,254,254,53191,3,1,16745,43,27,-86,-1,-5,1,99281,2391,7379,514,0xf,False,0x47fa
1784018889.309,255,255,53391,3,1,16674,-11,9,-108,3,2,0,99290,2391,7379,512,0xf,False,0x5b11
1784018889.526,256,256,53591,3,1,16590,27,20,-91,2,1,2,99299,2392,7379,514,0xf,False,0xbea6
1784018889.650,257,257,53791,3,1,16521,53,42,-102,-4,-5,-2,99308,2392,7379,502,0xf,False,0x3bb7
1784018889.898,258,258,53991,3,1,16455,-19,53,-104,-2,-4,3,99317,2393,7379,503,0xf,False,0xc0bc
1784018890.148,259,259,54191,3,1,16380,-7,59,-90,4,0,-4,99327,2393,7379,484,0xf,False,0xc399
1784018890.366,260,260,54391,3,1,16319,-54,-13,-88,4,2,2,99336,2394,7379,497,0xf,False,0xfd88
1784018890.491,261,261,54591,3,1,16232,-32,-24,-81,-1,2,2,99345,2394,7379,493,0xf,False,0xcad5
1784018890.678,262,262,54791,3,1,16149,-5,-47,-91,2,3,-1,99354,2395,7379,514,0xf,False,0xad01
1784018890.926,263,263,54991,3,1,16087,-12,-12,-81,-5,0,4,99364,2395,7379,504,0xf,False,0xc912
1784018891.050,264,264,55191,3,1,15996,45,26,-89,2,-4,0,99373,2396,7378,498,0xf,False,0x9603
1784018891.298,265,265,55391,3,1,15899,44,-48,-100,-5,4,4,99383,2396,7378,510,0xf,False,0x9f38
1784018891.472,266,266,55591,3,1,15841,16,30,-85,-5,-1,-5,99392,2397,7378,501,0xf,False,0x4b9b
1784018891.722,267,267,55791,3,1,15763,5,25,-89,-1,3,2,99402,2397,7378,502,0xf,False,0x3f5e
1784018891.878,268,268,55991,3,1,15695,55,-39,-84,4,-4,2,99411,2398,7378,488,0xf,False,0x4f3
1784018892.066,269,269,56191,3,1,15594,-58,-54,-82,2,1,-2,99421,2398,7378,494,0xf,False,0x790a
1784018892.314,270,270,56391,3,1,15536,57,34,-97,0,0,2,99430,2399,7378,518,0xf,False,0xc1b
1784018892.486,271,271,56591,3,1,15464,52,56,-92,0,0,2,99440,2399,7378,501,0xf,False,0x15ee
1784018892.674,272,272,56791,3,1,15348,57,-27,-108,-2,-2,3,99450,2400,7378,485,0xf,False,0x6675
1784018892.877,273,273,56991,3,1,15282,36,-16,-103,-2,-4,0,99459,2400,7378,501,0xf,False,0x906c
1784018893.126,274,274,57191,3,1,15198,34,-18,-90,4,2,1,99469,2401,7378,496,0xf,False,0x5cf1
1784018893.252,275,275,57391,3,1,15121,-2,16,-98,1,-5,0,99479,2401,7378,504,0xf,False,0x93d4
1784018893.439,276,276,57591,3,1,15062,23,-26,-102,-3,-1,4,99489,2402,7377,504,0xf,False,0x9202
1784018893.689,277,277,57791,3,1,14965,-15,29,-81,-4,-3,2,99499,2402,7377,500,0xf,False,0x7027
1784018893.941,278,278,57991,3,1,14864,53,-51,-98,-3,2,3,99509,2403,7377,486,0xf,False,0x5a2e
1784018894.066,279,279,58191,3,1,14794,-45,33,-81,0,-4,-4,99519,2403,7377,499,0xf,False,0x80b8
1784018894.295,280,280,58391,3,1,14713,-59,4,-108,3,-3,3,99529,2404,7377,496,0xf,False,0x41c5
1784018894.536,281,281,58591,3,1,14633,15,39,-106,0,0,-5,99539,2404,7377,493,0xf,False,0x1068
1784018894.739,282,282,58791,3,1,14552,-60,8,-95,1,0,3,99549,2405,7377,494,0xf,False,0x5462
1784018894.865,283,283,58991,3,1,14459,-19,21,-82,-5,-4,1,99559,2405,7377,480,0xf,False,0x4a29
1784018895.051,284,284,59191,3,1,14368,-30,30,-103,-3,2,-1,99569,2406,7377,508,0xf,False,0x59e5
1784018895.301,285,285,59391,3,1,14312,33,-53,-92,-4,-2,3,99580,2407,7377,519,0xf,False,0xb1d6
1784018895.426,286,286,59591,3,1,14230,-10,-13,-107,-3,0,1,99590,2407,7377,500,0xf,False,0xffb2
1784018895.676,287,287,59791,3,1,14120,-41,41,-104,-5,-2,-4,99600,2408,7377,483,0xf,False,0x512f
1784018895.882,288,288,59991,3,1,14045,15,-5,-87,-5,-4,2,99611,2408,7377,514,0xf,False,0x9f4
1784018896.127,289,289,60191,3,1,13943,49,-46,-99,2,4,1,99621,2409,7376,489,0xf,False,0x9428
1784018896.250,290,290,60391,3,1,13863,-29,23,-83,2,0,0,99632,2409,7376,503,0xf,False,0x242a
1784018896.499,291,291,60591,3,1,13782,-31,-60,-103,-5,3,2,99643,2410,7376,494,0xf,False,0x5f9d
1784018896.687,292,292,60791,3,1,13693,-11,44,-92,-2,3,2,99653,2410,7376,490,0xf,False,0xbcd7
1784018896.940,293,293,60991,3,1,13599,24,27,-92,-2,3,4,99664,2411,7376,483,0xf,False,0xdd79
1784018897.096,294,294,61191,3,1,13515,-57,-39,-108,-1,4,-1,99675,2412,7376,513,0xf,False,0x25e7
1784018897.284,295,295,61391,3,1,13431,-56,22,-93,0,-1,-2,99686,2412,7376,496,0xf,False,0x4d21
1784018897.471,296,296,61591,3,1,13343,-22,38,-106,-1,4,-3,99696,2413,7376,488,0xf,False,0xea54
1784018897.720,297,297,61791,3,1,13272,39,-10,-100,-2,0,-4,99707,2413,7376,497,0xf,False,0x5f43
1784018897.844,298,298,61991,3,1,13161,-51,52,-105,3,-4,-3,99718,2414,7376,511,0xf,False,0xee81
1784018898.095,299,299,62191,3,1,13077,-55,-39,-80,2,-5,3,99729,2415,7376,512,0xf,False,0xdf3a
1784018898.346,300,300,62391,3,1,12986,-55,54,-106,-3,0,1,99741,2415,7376,494,0xf,False,0xd99e
1784018898.534,301,301,62591,3,1,12910,-11,-15,-99,4,1,-2,99752,2416,7375,481,0xf,False,0x1db6
1784018898.656,302,302,62791,3,1,12795,23,-45,-82,-5,-4,-3,99763,2416,7375,488,0xf,False,0xde24
1784018898.935,303,303,62991,3,1,12722,-55,-60,-81,-3,-4,-5,99774,2417,7375,511,0xf,False,0xa2bf
1784018899.123,304,304,63191,3,1,12618,-22,51,-85,-4,1,2,99786,2418,7375,517,0xf,False,0x8741
1784018899.247,305,305,63391,3,1,12511,41,37,-106,-1,-5,-4,99797,2418,7375,506,0xf,False,0xabd
1784018899.497,306,306,63591,3,1,12418,54,57,-108,-5,4,-2,99809,2419,7375,490,0xf,False,0x32ec
1784018899.685,307,307,63791,3,1,12345,38,-3,-85,-5,3,2,99820,2419,7375,512,0xf,False,0x4a9e
1784018899.933,308,308,63991,3,1,12216,46,15,-92,0,4,0,99832,2420,7375,516,0xf,False,0x586e
1784018900.058,309,309,64191,3,1,12128,-33,12,-100,0,-3,-5,99844,2421,7375,517,0xf,False,0x148a
1784018900.387,310,310,64391,3,1,12030,54,-3,-104,-2,-2,1,99856,2421,7375,488,0xf,False,0xb6bd
1784018900.511,311,311,64591,3,1,11925,4,-32,-80,-4,4,-2,99868,2422,7375,484,0xf,False,0x9176
1784018900.761,312,312,64791,3,1,11851,0,8,-92,-1,-1,3,99880,2423,7375,494,0xf,False,0x309b
1784018900.886,313,313,64991,3,1,11762,-39,-19,-105,2,-1,-3,99892,2423,7375,489,0xf,False,0x197e
1784018901.072,314,314,65191,3,1,11627,37,-25,-85,1,-4,1,99904,2424,7374,499,0xf,False,0xa4e2
1784018901.322,315,315,65391,3,1,11543,1,-5,-108,-3,2,-5,99916,2424,7374,502,0xf,False,0xb16c
1784018901.573,316,316,65591,3,1,11449,-25,43,-89,2,-4,3,99928,2425,7374,519,0xf,False,0x6d40
1784018901.635,317,317,65791,3,1,11339,36,2,-106,0,-3,3,99941,2426,7374,498,0xf,False,0x8cdd
1784018901.884,318,318,65991,3,1,11258,28,22,-105,1,-2,-3,99953,2426,7374,501,0xf,False,0x7db5
1784018902.101,319,319,66191,3,1,11139,-31,40,-102,1,4,-1,99966,2427,7374,493,0xf,False,0x82ba
1784018902.225,320,320,66391,3,1,11021,4,-10,-103,-5,-1,2,99979,2428,7374,519,0xf,False,0xf7de
1784018902.476,321,321,66591,3,1,10943,-14,40,-104,1,-5,0,99991,2428,7374,492,0xf,False,0x9f8f
1784018902.727,322,322,66791,3,1,10829,48,50,-98,2,-5,-2,100004,2429,7374,516,0xf,False,0xf8c6
1784018902.913,323,323,66991,3,1,10714,-32,-2,-90,0,2,-3,100017,2430,7374,481,0xf,False,0x22e2
1784018903.037,324,324,67191,3,1,10606,3,1,-92,3,-3,-4,100030,2431,7374,487,0xf,False,0xd6d5
1784018903.256,325,325,67391,3,1,10509,-15,58,-80,-3,1,-1,100044,2431,7374,511,0xf,False,0xa72a
1784018903.506,326,326,67591,3,1,10401,51,24,-108,-3,2,0,100057,2432,7373,504,0xf,False,0xc03e
1784018903.754,327,327,67791,3,1,10286,3,3,-101,-3,-3,-2,100070,2433,7373,505,0xf,False,0x16a1
1784018903.879,328,328,67991,3,1,10160,20,-15,-85,3,2,0,100084,2433,7373,499,0xf,False,0xf2cb
1784018904.066,329,329,68191,3,1,10055,-32,-49,-103,2,-5,-4,100098,2434,7373,498,0xf,False,0xf063
1784018904.318,330,330,68391,3,1,9954,39,4,-97,1,0,-1,100112,2435,7373,518,0xf,False,0x600b
1784018904.567,331,331,68591,3,1,9839,5,33,-101,-2,-4,2,100125,2436,7373,515,0xf,False,0x8ee0
1784018904.630,332,332,68791,3,1,9720,1,-7,-97,-4,0,-5,100140,2436,7373,491,0xf,False,0x1b5a
1784018904.892,333,333,68991,3,1,9578,23,-21,-80,-1,3,-5,100154,2437,7373,517,0xf,False,0x631f
1784018905.138,334,334,69191,3,1,9464,-12,28,-82,-1,1,1,100168,2438,7373,495,0xf,False,0x671
1784018905.201,335,335,69391,3,1,9373,-22,-14,-90,0,3,4,100183,2439,7373,503,0xf,False,0x5016
1784018905.450,336,336,69591,3,1,9241,-21,53,-107,1,3,-3,100197,2439,7373,509,0xf,False,0x4a78
1784018905.699,337,337,69791,3,1,9111,-18,13,-97,1,2,-5,100212,2440,7373,496,0xf,False,0xed5a
1784018905.948,338,338,69991,3,1,9004,35,-7,-108,-4,-5,-2,100227,2441,7373,506,0xf,False,0x1076
1784018906.072,339,339,70191,3,1,8858,-24,1,-88,0,-5,1,100242,2442,7372,489,0xf,False,0x1bbe
1784018906.259,340,340,70391,3,1,8731,-53,57,-96,-5,2,-5,100258,2443,7372,504,0xf,False,0xe6b4
1784018906.507,341,341,70591,3,1,8625,22,14,-89,1,-4,-3,100273,2443,7372,485,0xf,False,0x5ac6
1784018906.758,342,342,70791,3,1,8503,38,39,-100,-3,-1,0,100289,2444,7372,500,0xf,False,0xd08f
1784018906.821,343,343,70991,3,1,8367,-12,44,-85,4,-1,2,100305,2445,7372,519,0xf,False,0xdf
1784018907.072,344,344,71191,3,1,8231,-26,35,-93,-4,-3,-5,100321,2446,7372,506,0xf,False,0xf4b0
1784018907.320,345,345,71391,3,1,8096,-54,-11,-88,3,4,3,100337,2447,7372,487,0xf,False,0xcd50
1784018907.569,346,346,71591,3,1,7940,-37,-58,-80,3,-2,4,100354,2448,7372,511,0xf,False,0x3362
1784018907.692,347,347,71791,3,1,7800,29,-40,-91,0,4,-2,100371,2449,7372,507,0xf,False,0x269a
1784018907.880,348,348,71991,3,1,7684,-52,-42,-104,0,-2,-1,100388,2450,7372,484,0xf,False,0x818c
1784018908.165,349,349,72191,3,1,7538,11,13,-94,-4,-2,3,100405,2451,7372,517,0xf,False,0xba30
1784018908.224,350,350,72391,3,1,7410,-40,-50,-101,4,4,-3,100422,2451,7372,482,0xf,False,0xf15e
1784018908.488,351,351,72591,3,1,7234,-20,-7,-103,-2,1,-5,100440,2452,7371,510,0xf,False,0x1d78
1784018908.675,352,352,72791,3,1,7110,5,-35,-102,1,4,-5,100458,2453,7371,504,0xf,False,0x2c7e
1784018908.925,353,353,72991,3,1,6942,5,-39,-97,-5,2,-2,100477,2454,7371,493,0xf,False,0xf5af
1784018909.049,354,354,73191,3,1,6802,-51,-9,-90,2,1,4,100496,2455,7371,506,0xf,False,0xd0f6
1784018909.252,355,355,73391,3,1,6648,33,32,-92,-2,3,4,100515,2456,7371,485,0xf,False,0xb701
1784018909.512,356,356,73591,3,1,6460,2,-57,-83,-1,4,3,100534,2457,7371,501,0xf,False,0x7919
1784018909.760,357,357,73791,3,1,6327,-32,-17,-83,-5,4,-1,100554,2458,7371,498,0xf,False,0xd111
1784018909.879,358,358,73991,3,1,6149,-46,-48,-86,2,4,4,100575,2460,7371,491,0xf,False,0xe2a4
1784018910.085,359,359,74191,3,1,5959,-3,37,-101,1,3,0,100595,2461,7371,483,0xf,False,0x7ee3
1784018910.334,360,360,74391,3,1,5816,24,26,-106,4,-1,3,100617,2462,7371,504,0xf,False,0x40bc
1784018910.458,361,361,74591,3,1,5608,-27,-23,-83,0,-3,-4,100638,2463,7371,514,0xf,False,0xa32a
1784018910.648,362,362,74791,3,1,5450,-60,-24,-105,1,-2,1,100661,2464,7371,498,0xf,False,0x2bc6
1784018910.898,363,363,74991,3,1,5265,57,30,-109,0,-4,2,100684,2465,7371,488,0xf,False,0x3248
1784018911.118,364,364,75191,3,1,5061,10,33,-106,1,1,-3,100708,2467,7370,510,0xf,False,0x46d5
1784018911.242,365,365,75391,3,1,4836,51,54,-87,-2,0,1,100732,2468,7370,506,0xf,False,0x21ba
1784018911.447,366,366,75591,3,1,4647,-43,-41,-95,3,4,-1,100758,2469,7370,491,0xf,False,0xc5a3
1784018911.698,367,367,75791,3,1,4428,-38,-20,-94,3,-5,-2,100784,2471,7370,483,0xf,False,0x9791
1784018911.946,368,368,75991,3,1,4206,-23,-53,-105,-3,4,1,100812,2472,7370,483,0xf,False,0xda5f
1784018912.070,369,369,76191,3,1,3957,-48,43,-89,1,-4,-3,100840,2474,7370,489,0xf,False,0x804f
1784018912.260,370,370,76391,3,1,3729,-29,-27,-104,3,4,-5,100871,2475,7370,485,0xf,False,0x905e
1784018912.511,371,371,76591,3,1,3441,-49,-2,-96,2,4,-4,100903,2477,7370,515,0xf,False,0x5a83
1784018912.729,372,372,76791,3,1,3175,18,-4,-100,-4,3,3,100937,2479,7370,489,0xf,False,0x9400
1784018912.855,373,373,76991,3,1,2872,-59,-50,-102,3,-2,3,100973,2481,7370,491,0xf,False,0xba5d
1784018913.105,374,374,77191,3,1,2532,22,-46,-103,4,-2,2,101014,2483,7370,510,0xf,False,0x89cf
1784018913.290,375,375,77391,3,1,2177,53,44,-93,-3,-3,0,101058,2485,7370,492,0xf,False,0x3dac
1784018913.414,376,376,77591,3,1,1768,-10,12,-92,-3,-2,-3,101111,2488,7369,517,0xf,False,0x8f95
1784018913.666,377,377,77791,3,1,1193,-10,-22,-103,-4,-2,-1,101177,2492,7369,483,0xf,False,0x67f0
1784018913.885,378,378,77991,3,1,195,18,36,-95,1,0,-4,101298,2498,7369,507,0xf,False,0xe948
1784018914.135,379,379,78191,4,1,14,-44,12,906,3,0,-1,101325,2500,7369,494,0xf,False,0xa157
1784018914.258,380,380,78391,4,1,-15,5,-58,1026,4,-1,-3,101325,2500,7369,481,0xf,False,0xa45d
1784018914.459,381,381,78591,4,1,-2,12,35,914,-5,-5,1,101325,2500,7369,489,0xf,False,0x2743
1784018914.708,382,382,78791,4,1,6,28,43,951,-3,-1,-2,101325,2500,7369,513,0xf,False,0xe552
1784018914.954,383,383,78991,4,1,-7,-58,-60,950,1,-5,-5,101325,2500,7369,489,0xf,False,0xcc64
1784018915.015,384,384,79191,4,1,13,20,-7,945,2,4,2,101325,2500,7369,482,0xf,False,0xe78d
1784018915.267,385,385,79391,4,1,-2,6,52,1011,1,1,3,101325,2500,7369,480,0xf,False,0xe7c7
1784018915.517,386,386,79591,4,1,-9,17,-5,1002,4,3,0,101325,2500,7369,510,0xf,False,0x2887
1784018915.705,387,387,79791,4,1,0,-9,6,932,-1,-3,1,101325,2500,7369,505,0xf,False,0xedbd
1784018915.830,388,388,79991,4,1,5,-35,-19,939,2,0,-4,101325,2500,7369,503,0xf,False,0x73b1
1784018916.111,389,389,80191,4,1,8,16,-53,1019,-5,4,3,101325,2500,7368,501,0xf,False,0xc7f4
1784018916.297,390,390,80391,4,1,-18,-17,25,1093,1,3,-2,101325,2500,7368,507,0xf,False,0x85c1
1784018916.423,391,391,80591,4,1,8,57,17,988,3,-5,2,101325,2500,7368,485,0xf,False,0xcdf5
1784018916.642,392,392,80791,4,1,4,-22,53,964,2,-1,2,101325,2500,7368,501,0xf,False,0x9ea0
1784018916.899,393,393,80991,4,1,-7,25,39,1057,-2,0,1,101325,2500,7368,482,0xf,False,0x8133
1784018917.145,394,394,81191,4,1,-8,12,6,973,-3,-4,1,101325,2500,7368,487,0xf,False,0x757d
1784018917.204,395,395,81391,4,1,9,42,23,1074,-3,-2,-3,101325,2500,7368,498,0xf,False,0x6ff7
1784018917.464,396,396,81591,4,1,-5,20,24,958,2,-5,-5,101325,2500,7368,482,0xf,False,0x9938
1784018917.702,397,397,81791,4,1,19,46,-20,1042,4,3,2,101325,2500,7368,515,0xf,False,0x578f
1784018917.951,398,398,81991,4,1,-4,1,38,1036,2,3,-1,101325,2500,7368,482,0xf,False,0x72ec
1784018918.013,399,399,82191,4,1,11,9,36,1014,2,-1,2,101325,2500,7368,509,0xf,False,0x3e6e
1784018918.263,400,400,82391,4,1,-5,-53,8,914,0,2,1,101325,2500,7368,489,0xf,False,0x98b1
1784018918.511,401,401,82591,4,1,-10,-20,-24,1032,4,0,-4,101325,2500,7367,482,0xf,False,0x8214
1784018918.715,402,402,82791,4,1,-11,-12,41,993,-3,-5,0,101325,2500,7367,505,0xf,False,0x249a
1784018918.839,403,403,82991,4,1,4,57,19,1080,1,3,0,101325,2500,7367,491,0xf,False,0x38b0
1784018919.088,404,404,83191,4,1,6,17,35,954,1,-2,2,101325,2500,7367,493,0xf,False,0xf74c
1784018919.341,405,405,83391,4,1,4,-49,-32,1049,-2,-5,-3,101325,2500,7367,489,0xf,False,0x489c
1784018919.402,406,406,83591,4,1,7,7,-30,1008,4,4,-1,101325,2500,7367,492,0xf,False,0xea0e
1784018919.650,407,407,83791,4,1,-16,43,0,956,-4,1,4,101325,2500,7367,486,0xf,False,0x72b6
1784018919.931,408,408,83991,4,1,6,-41,-15,1095,-5,0,-2,101325,2500,7367,482,0xf,False,0xe8a9
1784018920.119,409,409,84191,4,1,-8,-7,-1,911,4,0,-4,101325,2500,7367,490,0xf,False,0x2b6d
1784018920.243,410,410,84391,4,1,-20,13,20,1024,-5,-4,0,101325,2500,7367,515,0xf,False,0xd8e1
1784018920.494,411,411,84591,4,1,6,5,36,947,-5,3,4,101325,2500,7367,506,0xf,False,0x1822
1784018920.681,412,412,84791,4,1,-18,57,-19,1068,-1,2,3,101325,2500,7367,480,0xf,False,0xfa54
1784018920.945,413,413,84991,4,1,-14,-36,44,1049,-5,3,-4,101325,2500,7367,504,0xf,False,0xe71
1784018921.068,414,414,85191,4,1,-19,-51,-20,903,1,-2,-2,101325,2500,7366,488,0xf,False,0x3eda
1784018921.255,415,415,85391,4,1,-6,-41,-17,999,2,4,4,101325,2500,7366,505,0xf,False,0xddcc
1784018921.506,416,416,85591,4,1,18,-28,5,1080,-3,2,4,101325,2500,7366,513,0xf,False,0x4629
1784018921.753,417,417,85791,4,1,10,40,57,926,-4,0,1,101325,2500,7366,503,0xf,False,0x46c8
1784018921.881,418,418,85991,4,1,-13,39,-33,1007,-4,4,4,101325,2500,7366,511,0xf,False,0x6762
1784018922.067,419,419,86191,4,1,11,31,33,976,3,-2,-3,101325,2500,7366,518,0xf,False,0xd88d
1784018922.332,420,420,86391,4,1,-8,-25,-37,919,0,-5,4,101325,2500,7366,487,0xf,False,0x35af
1784018922.456,421,421,86591,4,1,-17,-36,-38,923,-4,3,-4,101325,2500,7366,494,0xf,False,0x6ee5
1784018922.651,422,422,86791,4,1,14,-6,-54,951,4,4,4,101325,2500,7366,492,0xf,False,0xb2ef
1784018922.894,423,423,86991,4,1,-8,34,-45,978,-3,-4,3,101325,2500,7366,490,0xf,False,0xe89b
1784018923.141,424,424,87191,4,1,-1,-33,-38,911,1,-3,0,101325,2500,7366,508,0xf,False,0x947a
1784018923.267,425,425,87391,4,1,10,39,8,1088,-3,1,4,101325,2500,7366,502,0xf,False,0xc3fb
1784018923.454,426,426,87591,4,1,4,-31,-35,913,0,2,3,101325,2500,7365,493,0xf,False,0xe81d
1784018923.703,427,427,87791,4,1,19,-16,-4,955,-4,4,-5,101325,2500,7365,518,0xf,False,0x6872
1784018923.922,428,428,87991,4,1,-1,38,42,1010,2,-5,-3,101325,2500,7365,519,0xf,False,0xd83b
1784018924.046,429,429,88191,4,1,12,11,-48,1091,3,-3,4,101325,2500,7365,509,0xf,False,0xab98
1784018924.295,430,430,88391,4,1,-3,-60,-41,967,4,-2,1,101325,2500,7365,491,0xf,False,0xe3a5
1784018924.481,431,431,88591,4,1,12,18,-19,924,3,-3,4,101325,2500,7365,481,0xf,False,0xe665
1784018924.730,432,432,88791,4,1,-13,-3,16,1028,-5,-4,0,101325,2500,7365,505,0xf,False,0xbd27
1784018924.855,433,433,88991,4,1,12,27,-4,1011,0,3,1,101325,2500,7365,508,0xf,False,0x6a5d
1784018925.073,434,434,89191,4,1,-11,37,-21,1093,-2,-2,-1,101325,2500,7365,483,0xf,False,0xaa35
1784018925.334,435,435,89391,4,1,-20,-49,-18,911,1,-2,-3,101325,2500,7365,495,0xf,False,0x4249
1784018925.400,436,436,89591,4,1,-19,-35,-2,972,-3,2,1,101325,2500,7365,505,0xf,False,0xb737
1784018925.650,437,437,89791,4,1,-4,-11,0,989,1,1,-2,101325,2500,7365,517,0xf,False,0x1739
1784018925.897,438,438,89991,4,1,-19,16,5,1094,-5,3,4,101325,2500,7365,510,0xf,False,0x9bb2
1784018926.146,439,439,90191,4,1,-14,-58,30,1022,2,0,-4,101325,2500,7364,485,0xf,False,0x4065
1784018926.208,440,440,90391,4,1,0,50,-8,910,-4,4,-3,101325,2500,7364,510,0xf,False,0xce4f
1784018926.457,441,441,90591,4,1,-16,-21,5,925,0,2,-2,101325,2500,7364,507,0xf,False,0x94df
1784018926.675,442,442,90791,4,1,-2,-32,-6,904,0,-4,4,101325,2500,7364,509,0xf,False,0x78b4
1784018926.927,443,443,90991,4,1,4,55,-44,1015,-3,-1,-2,101325,2500,7364,502,0xf,False,0x1c2b
1784018927.048,444,444,91191,4,1,19,-19,-2,1078,-4,0,0,101325,2500,7364,495,0xf,False,0x3e46
1784018927.313,445,445,91391,4,1,-16,-53,51,930,-5,-3,1,101325,2500,7364,504,0xf,False,0x4e5d
1784018927.502,446,446,91591,4,1,5,-48,-31,949,-4,4,1,101325,2500,7364,518,0xf,False,0x7b76
1784018927.752,447,447,91791,4,1,10,11,-46,921,3,-4,-2,101325,2500,7364,512,0xf,False,0x1578
1784018927.876,448,448,91991,4,1,6,-38,4,955,3,2,-2,101325,2500,7364,496,0xf,False,0xc69
1784018928.082,449,449,92191,4,1,-12,-48,47,918,-5,-5,-2,101325,2500,7364,502,0xf,False,0x4058
1784018928.327,450,450,92391,4,1,-15,10,32,1006,2,-3,-2,101325,2500,7364,493,0xf,False,0x5ca0
1784018928.452,451,451,92591,4,1,-3,52,15,930,3,4,0,101325,2500,7363,487,0xf,False,0xa523
1784018928.763,452,452,92791,4,1,-14,12,33,1046,3,1,-4,101325,2500,7363,480,0xf,False,0xfe4c
1784018928.889,453,453,92991,4,1,-6,2,-42,958,2,-1,-5,101325,2500,7363,481,0xf,False,0xdd69
1784018929.107,454,454,93191,4,1,13,10,-57,953,-1,-3,-4,101325,2500,7363,512,0xf,False,0x718d
1784018929.233,455,455,93391,4,1,8,-1,-54,1004,-3,-2,-3,101325,2500,7363,501,0xf,False,0x586e
1784018929.483,456,456,93591,4,1,-6,57,0,1046,3,3,-1,101325,2500,7363,518,0xf,False,0xd0a6
1784018929.701,457,457,93791,4,1,2,-46,-53,1088,0,-1,-5,101325,2500,7363,505,0xf,False,0x7ca3
1784018929.951,458,458,93991,4,1,17,-23,3,923,-3,-2,4,101325,2500,7363,502,0xf,False,0x4b5a
1784018930.013,459,459,94191,4,1,-11,-15,14,1003,3,4,-4,101325,2500,7363,509,0xf,False,0x978f
1784018930.263,460,460,94391,4,1,-19,1,22,1086,-1,-3,-5,101325,2500,7363,501,0xf,False,0xa969
1784018930.531,461,461,94591,4,1,15,-14,-10,957,3,3,-3,101325,2500,7363,502,0xf,False,0xdd05
1784018930.658,462,462,94791,4,1,-20,-4,-39,955,2,0,4,101325,2500,7363,496,0xf,False,0xd6d2
1784018930.846,463,463,94991,4,1,-16,-31,-41,996,0,-2,0,101325,2500,7363,502,0xf,False,0x9925
1784018931.095,464,464,95191,4,1,-15,49,-60,964,0,0,-1,101325,2500,7362,496,0xf,False,0xa025
1784018931.347,465,465,95391,4,1,6,-37,-39,1025,4,-1,-4,101325,2500,7362,498,0xf,False,0xf772
1784018931.409,466,466,95591,4,1,-10,-39,-51,944,-4,1,-5,101325,2500,7362,501,0xf,False,0x8ad8
1784018931.657,467,467,95791,4,1,5,-44,-47,910,1,4,-2,101325,2500,7362,489,0xf,False,0x2f91
1784018931.908,468,468,95991,4,1,12,-53,54,1008,-5,3,0,101325,2500,7362,510,0xf,False,0x8764
1784018932.092,469,469,96191,4,1,6,-28,-11,996,1,3,1,101325,2500,7362,517,0xf,False,0x3a9d
1784018932.217,470,470,96391,4,1,15,16,-9,1040,3,4,-3,101325,2500,7362,516,0xf,False,0x48a7
1784018932.496,471,471,96591,4,1,9,42,-16,1038,0,3,4,101325,2500,7362,499,0xf,False,0x52c2
1784018932.683,472,472,96791,4,1,10,-21,-19,909,0,0,3,101325,2500,7362,502,0xf,False,0xce9
1784018932.935,473,473,96991,4,1,-9,10,51,960,-4,2,-2,101325,2500,7362,490,0xf,False,0x8728
1784018933.059,474,474,97191,4,1,-7,-1,9,996,3,-2,-5,101325,2500,7362,514,0xf,False,0xb0e5
1784018933.248,475,475,97391,4,1,-14,-25,-20,919,-5,3,0,101325,2500,7362,518,0xf,False,0xf9f7
1784018933.496,476,476,97591,4,1,-16,-55,16,936,4,-4,3,101325,2500,7361,504,0xf,False,0x5865
1784018933.622,477,477,97791,4,1,5,-5,42,1003,3,3,2,101325,2500,7361,496,0xf,False,0xe3b2
1784018933.880,478,478,97991,4,1,-6,32,15,1083,-5,-4,-1,101325,2500,7361,515,0xf,False,0x6f2
1784018934.120,479,479,98191,4,1,-4,-59,-46,973,1,-3,0,101325,2500,7361,500,0xf,False,0x50d7
1784018934.305,480,480,98391,4,1,-17,-33,18,998,-5,4,3,101325,2500,7361,481,0xf,False,0x67a3
1784018934.430,481,481,98591,4,1,8,-32,-51,969,-3,-3,-2,101325,2500,7361,489,0xf,False,0xdc01
1784018934.678,482,482,98791,4,1,4,-28,-28,908,-4,4,0,101325,2500,7361,514,0xf,False,0x4038
1784018934.864,483,483,98991,4,1,17,-35,-56,940,-3,4,-3,101325,2500,7361,505,0xf,False,0x2721
1784018935.115,484,484,99191,4,1,10,-37,26,965,-1,4,4,101325,2500,7361,508,0xf,False,0x57c4
1784018935.236,485,485,99391,4,1,-12,9,44,976,3,4,-1,101325,2500,7361,512,0xf,False,0x8f54
1784018935.481,486,486,99591,4,1,-19,-51,-43,999,-3,-4,0,101325,2500,7361,508,0xf,False,0x347d
1784018935.730,487,487,99791,4,1,6,10,-7,966,2,-2,4,101325,2500,7361,515,0xf,False,0xba97
1784018935.918,488,488,99991,4,1,-13,18,27,919,2,3,-4,101325,2500,7361,480,0xf,False,0x4f69
1784018936.043,489,489,100191,4,1,16,11,10,986,4,-2,4,101325,2500,7360,507,0xf,False,0x28b2
1784018936.291,490,490,100391,4,1,9,-12,39,919,1,3,-2,101325,2500,7360,481,0xf,False,0x72e
1784018936.479,491,491,100591,4,1,14,-3,-15,916,4,1,0,101325,2500,7360,481,0xf,False,0x23cb
1784018936.698,492,492,100791,4,1,16,46,29,1064,-4,2,-3,101325,2500,7360,492,0xf,False,0xa69d
1784018936.883,493,493,100991,4,1,-9,34,40,1018,-5,4,1,101325,2500,7360,504,0xf,False,0xe4c0
1784018937.070,494,494,101191,4,1,-18,-20,27,1033,2,-5,-3,101325,2500,7360,486,0xf,False,0x9ac8
1784018937.318,495,495,101391,4,1,-12,36,3,959,-2,-1,-5,101325,2500,7360,509,0xf,False,0x3bb1
1784018937.444,496,496,101591,4,1,-13,37,30,1014,1,0,-2,101325,2500,7360,519,0xf,False,0x5fc5
1784018937.632,497,497,101791,4,1,8,51,-28,1058,1,2,-2,101325,2500,7360,496,0xf,False,0x70e6
1784018937.894,498,498,101991,4,1,9,-20,6,972,2,-3,-2,101325,2500,7360,515,0xf,False,0xf84a
1784018938.143,499,499,102191,4,1,-4,31,51,956,-1,-5,3,101325,2500,7360,508,0xf,False,0x1e88
1784018938.267,500,500,102391,4,1,10,-31,-54,916,-1,4,2,101325,2500,7360,505,0xf,False,0xbe6a
1784018938.456,501,501,102591,4,1,4,34,32,969,1,-2,-2,101325,2500,7359,486,0xf,False,0x7b3e
1784018938.706,502,502,102791,4,1,-9,9,0,1087,3,0,0,101325,2500,7359,486,0xf,False,0xd43f
1784018938.924,503,503,102991,4,1,13,35,-38,1084,3,-3,-2,101325,2500,7359,508,0xf,False,0x3231
1784018939.048,504,504,103191,4,1,-9,-35,-53,1094,-4,1,-2,101325,2500,7359,506,0xf,False,0xb7c6
1784018939.296,505,505,103391,4,1,18,50,42,1087,-1,-4,4,101325,2500,7359,510,0xf,False,0x63bd
1784018939.483,506,506,103591,4,1,-15,-32,-1,988,-3,-1,-1,101325,2500,7359,513,0xf,False,0x62f
1784018939.609,507,507,103791,4,1,-12,-23,5,904,-1,-2,0,101325,2500,7359,507,0xf,False,0x5a9c
1784018939.827,508,508,103991,4,1,-7,-60,-35,1096,2,-1,-5,101325,2500,7359,480,0xf,False,0x7dcf
1784018940.075,509,509,104191,4,1,-8,-9,-31,968,4,-3,-4,101325,2500,7359,489,0xf,False,0xeb9
1784018940.324,510,510,104391,4,1,12,36,22,961,-1,4,3,101325,2500,7359,496,0xf,False,0x4e49
1784018940.449,511,511,104591,4,1,8,11,30,1046,1,3,-1,101325,2500,7359,486,0xf,False,0x6ac0
1784018940.701,512,512,104791,4,1,-4,16,32,978,-1,-1,-4,101325,2500,7359,482,0xf,False,0x97e2
1784018940.884,513,513,104991,4,1,-13,-49,-13,924,-4,-3,-1,101325,2500,7359,482,0xf,False,0xc825
1784018941.089,514,514,105191,4,1,13,-1,-55,973,0,4,-1,101325,2500,7358,506,0xf,False,0x8fc7
1784018941.274,515,515,105391,4,1,-7,28,-11,945,3,-5,0,101325,2500,7358,497,0xf,False,0x662c
1784018941.461,516,516,105591,4,1,8,53,8,914,0,-1,-5,101325,2500,7358,513,0xf,False,0x2827
1784018941.727,517,517,105791,4,1,1,24,-2,999,-1,-5,-3,101325,2500,7358,498,0xf,False,0x8801
1784018941.911,518,518,105991,4,1,1,21,15,933,-5,2,-5,101325,2500,7358,500,0xf,False,0x1e02
1784018942.037,519,519,106191,4,1,-2,23,-41,1027,0,4,-3,101325,2500,7358,490,0xf,False,0x9d1b
1784018942.311,520,520,106391,4,1,0,-22,58,1012,-3,1,1,101325,2500,7358,508,0xf,False,0x940a
1784018942.490,521,521,106591,4,1,17,-54,-35,966,4,-4,2,101325,2500,7358,491,0xf,False,0xf2c9
1784018942.754,522,522,106791,4,1,7,-34,-32,1014,-1,-3,-3,101325,2500,7358,498,0xf,False,0x6916
1784018942.879,523,523,106991,4,1,12,-27,-31,969,-2,-1,-2,101325,2500,7358,506,0xf,False,0x3572
1784018943.066,524,524,107191,4,1,-17,9,2,1083,4,3,0,101325,2500,7358,493,0xf,False,0xde04
1784018943.313,525,525,107391,4,1,6,55,50,1024,-5,-2,3,101325,2500,7358,497,0xf,False,0x6ff9
1784018943.439,526,526,107591,4,1,-13,11,28,938,3,3,-2,101325,2500,7357,505,0xf,False,0x304c
1784018943.688,527,527,107791,4,1,-3,56,-31,958,-2,-2,0,101325,2500,7357,502,0xf,False,0xf4d1
1784018943.879,528,528,107991,4,1,1,6,40,1015,-3,-1,-2,101325,2500,7357,484,0xf,False,0x6ada
1784018944.125,529,529,108191,4,1,-7,-14,47,918,4,2,-2,101325,2500,7357,510,0xf,False,0xa03b
1784018944.280,530,530,108391,4,1,-16,13,31,993,1,-2,-2,101325,2500,7357,515,0xf,False,0xb310
1784018944.467,531,531,108591,4,1,17,-29,-49,953,0,-4,-4,101325,2500,7357,513,0xf,False,0x9e9b
1784018944.716,532,532,108791,4,1,15,-37,-38,992,-3,3,-5,101325,2500,7357,485,0xf,False,0xb97c
1784018944.967,533,533,108991,4,1,-9,-20,10,1027,-4,3,0,101325,2500,7357,484,0xf,False,0xc68a
1784018945.029,534,534,109191,4,1,9,26,42,1017,-5,-4,-3,101325,2500,7357,503,0xf,False,0x583b
1784018945.293,535,535,109391,4,1,18,13,55,1073,1,0,-5,101325,2500,7357,497,0xf,False,0xf605
1784018945.480,536,536,109591,4,1,14,32,-56,1096,-3,4,-3,101325,2500,7357,486,0xf,False,0x2aa0
1784018945.731,537,537,109791,4,1,-14,-32,22,981,-1,-4,-2,101325,2500,7357,483,0xf,False,0x9fcc
1784018945.854,538,538,109991,4,1,3,-44,57,993,-5,4,3,101325,2500,7357,510,0xf,False,0xdb3
1784018946.102,539,539,110191,4,1,-14,50,46,1036,-1,-3,-4,101325,2500,7356,500,0xf,False,0x7e3c
1784018946.393,540,540,110391,4,1,3,-43,35,1042,1,-1,-2,101325,2500,7356,511,0xf,False,0xf395
1784018946.457,541,541,110591,4,1,-13,-5,-29,984,-2,-5,-5,101325,2500,7356,493,0xf,False,0xdc24
1784018946.646,542,542,110791,4,1,-14,-15,-56,1013,1,0,-5,101325,2500,7356,496,0xf,False,0x9e1e
1784018946.893,543,543,110991,4,1,18,18,30,1062,-1,-3,0,101325,2500,7356,489,0xf,False,0xae0a
1784018947.143,544,544,111191,4,1,-8,-32,-59,1012,-1,3,-2,101325,2500,7356,490,0xf,False,0xd697
1784018947.298,545,545,111391,4,1,-3,-40,42,1090,-5,2,-1,101325,2500,7356,500,0xf,False,0x7091
1784018947.485,546,546,111591,4,1,-19,-52,38,1017,2,4,1,101325,2500,7356,507,0xf,False,0x94a2
1784018947.733,547,547,111791,4,1,-11,27,48,1077,-2,2,1,101325,2500,7356,487,0xf,False,0xcf0a
1784018947.919,548,548,111991,4,1,-15,-5,40,926,3,-4,-4,101325,2500,7356,503,0xf,False,0xc48b
1784018948.045,549,549,112191,4,1,-12,-21,51,1051,-3,3,3,101325,2500,7356,506,0xf,False,0x3fc6
1784018948.309,550,550,112391,4,1,4,32,13,901,4,1,3,101325,2500,7356,484,0xf,False,0x7ddc
1784018948.505,551,551,112591,4,1,-10,-53,-41,971,0,1,2,101325,2500,7355,488,0xf,False,0x9d69
1784018948.745,552,552,112791,4,1,18,39,-22,1090,-2,3,0,101325,2500,7355,490,0xf,False,0xd052
1784018948.870,553,553,112991,4,1,-15,-31,-24,958,-5,-4,3,101325,2500,7355,490,0xf,False,0x3561
1784018949.057,554,554,113191,4,1,9,-2,-10,993,2,3,4,101325,2500,7355,493,0xf,False,0x2399
1784018949.427,555,555,113391,4,1,-3,-30,41,1016,-5,1,2,101325,2500,7355,482,0xf,False,0x3cfe
1784018949.427,556,556,113591,4,1,9,19,-60,1033,3,0,1,101325,2500,7355,482,0xf,False,0x8ac
1784018949.672,557,557,113791,4,1,1,-34,-7,971,3,-4,1,101325,2500,7355,519,0xf,False,0xef59
1784018949.858,558,558,113991,4,1,-12,43,-32,1097,-2,-2,-3,101325,2500,7355,499,0xf,False,0xb304
1784018950.110,559,559,114191,4,1,-18,-41,26,1088,-2,-2,0,101325,2500,7355,480,0xf,False,0x7dd6
1784018950.367,560,560,114391,4,1,-1,-34,-31,1083,2,-2,0,101325,2500,7355,516,0xf,False,0xfd52
1784018950.495,561,561,114591,4,1,-8,-36,-4,1090,-4,1,0,101325,2500,7355,500,0xf,False,0xafa4
1784018950.690,562,562,114791,4,1,-12,-23,35,977,3,2,0,101325,2500,7355,491,0xf,False,0x69bb
1784018950.931,563,563,114991,4,1,-3,-15,-24,971,0,2,1,101325,2500,7355,509,0xf,False,0x3111
1784018951.070,564,564,115191,4,1,-4,24,-2,964,2,3,2,101325,2500,7354,489,0xf,False,0x9a16
1784018951.255,565,565,115391,4,1,-5,52,-14,1022,-4,1,3,101325,2500,7354,508,0xf,False,0x4d16
1784018951.503,566,566,115591,4,1,-19,56,-36,918,1,-5,4,101325,2500,7354,490,0xf,False,0xab67
1784018951.627,567,567,115791,4,1,6,-52,-22,943,-3,-4,-4,101325,2500,7354,491,0xf,False,0x56eb
1784018951.902,568,568,115991,4,1,17,-55,-22,916,-2,-4,-1,101325,2500,7354,499,0xf,False,0x3217
1784018952.080,569,569,116191,4,1,-17,-19,51,982,-5,-1,0,101325,2500,7354,515,0xf,False,0x4d48
1784018952.328,570,570,116391,4,1,-20,-51,11,937,-3,1,1,101325,2500,7354,511,0xf,False,0x5986
1784018952.454,571,571,116591,4,1,-19,2,38,1049,0,-5,-5,101325,2500,7354,504,0xf,False,0xe2e7
1784018952.642,572,572,116791,4,1,2,-47,-13,1023,-2,-1,-2,101325,2500,7354,486,0xf,False,0x68a2
1784018952.892,573,573,116991,4,1,-6,-18,-44,1046,-4,-4,3,101325,2500,7354,497,0xf,False,0x90a9
1784018953.141,574,574,117191,4,1,15,15,19,910,4,1,1,101325,2500,7354,492,0xf,False,0x1e7b
1784018953.264,575,575,117391,4,1,7,14,-46,1013,2,2,1,101325,2500,7354,514,0xf,False,0x2a24
1784018953.488,576,576,117591,4,1,-17,-56,36,917,-2,1,-3,101325,2500,7353,519,0xf,False,0x80ab
1784018953.673,577,577,117791,4,1,6,-24,14,1070,2,-5,2,101325,2500,7353,486,0xf,False,0xba7d
1784018953.923,578,578,117991,4,1,1,-30,32,1042,-5,-3,4,101325,2500,7353,505,0xf,False,0xdeff
1784018954.048,579,579,118191,4,1,-15,-21,6,1016,-4,4,-5,101325,2500,7353,482,0xf,False,0xdff9
1784018954.363,580,580,118391,4,1,9,-54,48,909,-2,-1,1,101325,2500,7353,500,0xf,False,0xa7fe
1784018954.489,581,581,118591,4,1,1,-14,52,989,2,-3,-1,101325,2500,7353,497,0xf,False,0x9aff
1784018954.615,582,582,118791,4,1,-11,-26,23,938,-2,-4,-1,101325,2500,7353,494,0xf,False,0x53bb
1784018954.864,583,583,118991,4,1,0,28,-45,998,-4,1,-2,101325,2500,7353,484,0xf,False,0x2562
1784018955.113,584,584,119191,4,1,-15,11,-39,1032,0,-2,4,101325,2500,7353,489,0xf,False,0x1b1
1784018955.419,585,585,119391,4,1,-2,-47,48,946,2,3,-3,101325,2500,7353,482,0xf,False,0xfeaa
1784018955.419,586,586,119591,4,1,-15,28,-5,1058,1,-5,1,101325,2500,7353,488,0xf,False,0x6ecd
1784018955.669,587,587,119791,4,1,-3,33,11,1064,2,-3,-2,101325,2500,7353,491,0xf,False,0x6506
1784018955.920,588,588,119991,4,1,19,3,-50,923,0,2,4,101325,2500,7353,513,0xf,False,0x3c9
1784018956.110,589,589,120191,4,1,-20,23,57,1005,-2,4,3,101325,2500,7352,514,0xf,False,0x96b
1784018956.262,590,590,120391,4,1,12,23,-27,1021,3,0,0,101325,2500,7352,503,0xf,False,0xe17c
1784018956.577,591,591,120591,4,1,-9,-39,-55,997,4,-1,4,101325,2500,7352,491,0xf,False,0xfeea
1784018956.703,592,592,120791,4,1,10,-6,1,972,-5,2,-1,101325,2500,7352,504,0xf,False,0xbf22
1784018956.924,593,593,120991,4,1,5,-59,41,907,4,-4,3,101325,2500,7352,505,0xf,False,0x117a
1784018957.045,594,594,121191,4,1,15,-31,-30,912,-3,-5,1,101325,2500,7352,499,0xf,False,0xf82f
1784018957.295,595,595,121391,4,1,0,-22,19,949,-5,-2,1,101325,2500,7352,492,0xf,False,0xa775
1784018957.482,596,596,121591,4,1,18,-10,25,971,4,-4,-3,101325,2500,7352,493,0xf,False,0x3545
1784018957.608,597,597,121791,4,1,13,-3,20,972,2,0,1,101325,2500,7352,485,0xf,False,0xe773
1784018957.842,598,598,121991,4,1,12,0,-58,1010,-4,4,-5,101325,2500,7352,483,0xf,False,0x4cc1
1784018958.095,599,599,122191,4,1,-16,53,30,979,4,-3,-1,101325,2500,7352,481,0xf,False,0x7927
1784018958.347,600,600,122391,4,1,-5,-29,21,920,0,0,-5,101325,2500,7352,489,0xf,False,0xcc6d
1784018958.410,601,601,122591,4,1,-18,-23,-53,960,-4,-5,2,101325,2500,7351,513,0xf,False,0x8de6
1784018958.679,602,602,122791,4,1,16,-19,35,1086,4,-3,2,101325,2500,7351,510,0xf,False,0x4801
1784018958.921,603,603,122991,4,1,-10,-2,-40,1006,3,-5,1,101325,2500,7351,512,0xf,False,0xb04e
1784018959.106,604,604,123191,4,1,-8,7,-8,940,-5,4,-1,101325,2500,7351,511,0xf,False,0xd599
1784018959.232,605,605,123391,4,1,15,-3,11,922,-5,-1,4,101325,2500,7351,482,0xf,False,0xe704
1784018959.498,606,606,123591,4,1,-15,59,-20,936,0,-3,-1,101325,2500,7351,514,0xf,False,0xb5d6
1784018959.687,607,607,123791,4,1,4,-42,33,989,2,-4,-2,101325,2500,7351,516,0xf,False,0x723a
1784018959.934,608,608,123991,4,1,14,-10,-7,1042,0,-1,-5,101325,2500,7351,494,0xf,False,0x578e
1784018960.059,609,609,124191,4,1,-8,44,-4,948,4,-4,3,101325,2500,7351,500,0xf,False,0xb605
1784018960.323,610,610,124391,4,1,-8,-60,-36,1087,-3,1,3,101325,2500,7351,512,0xf,False,0x2d03
1784018960.510,611,611,124591,4,1,-1,19,15,967,4,-4,0,101325,2500,7351,482,0xf,False,0x2ff9
1784018960.636,612,612,124791,4,1,5,-52,12,1048,4,-4,2,101325,2500,7351,500,0xf,False,0x35e5
1784018960.822,613,613,124991,4,1,-16,-55,-31,933,0,1,-1,101325,2500,7351,482,0xf,False,0xb27b
1784018961.073,614,614,125191,4,1,2,7,-19,1029,0,3,1,101325,2500,7350,502,0xf,False,0xe288
1784018961.294,615,615,125391,4,1,-1,-60,4,1084,3,-5,1,101325,2500,7350,515,0xf,False,0x67e
1784018961.417,616,616,125591,4,1,-1,-38,-3,908,-4,-3,0,101325,2500,7350,509,0xf,False,0x9652
1784018961.665,617,617,125791,4,1,17,-33,45,1090,-2,1,-2,101325,2500,7350,515,0xf,False,0x5d17
1784018961.914,618,618,125991,4,1,-17,18,59,958,-5,4,1,101325,2500,7350,515,0xf,False,0x5fe8
1784018962.118,619,619,126191,4,1,-12,-51,15,1039,-3,4,0,101325,2500,7350,515,0xf,False,0x8f82
1784018962.244,620,620,126391,4,1,-16,47,10,1096,-1,0,4,101325,2500,7350,487,0xf,False,0x6904
1784018962.494,621,621,126591,4,1,-8,9,55,951,-4,3,-3,101325,2500,7350,493,0xf,False,0xfbb3
1784018962.688,622,622,126791,4,1,19,-43,-34,1078,-1,1,-4,101325,2500,7350,492,0xf,False,0x4beb
1784018962.931,623,623,126991,4,1,-4,41,-52,957,4,-1,3,101325,2500,7350,505,0xf,False,0xc8fb
1784018963.057,624,624,127191,4,1,-3,6,36,1012,4,-2,1,101325,2500,7350,495,0xf,False,0x84a5
1784018963.333,625,625,127391,4,1,9,-5,-54,949,4,-3,-4,101325,2500,7350,502,0xf,False,0xb1d3
1784018963.524,626,626,127591,4,1,-2,18,-56,991,-4,1,-1,101325,2500,7349,505,0xf,False,0xc761
1784018963.648,627,627,127791,4,1,-17,0,-36,963,-3,-4,4,101325,2500,7349,506,0xf,False,0x88f7
1784018963.851,628,628,127991,4,1,7,-9,-12,1031,-5,1,-4,101325,2500,7349,512,0xf,False,0x2f5d
1784018964.099,629,629,128191,4,1,12,9,-36,966,-2,0,-2,101325,2500,7349,494,0xf,False,0xc190
1784018964.350,630,630,128391,4,1,2,-18,9,980,-5,-1,-2,101325,2500,7349,504,0xf,False,0x7db4
1784018964.414,631,631,128591,4,1,-20,-22,24,974,0,3,-2,101325,2500,7349,506,0xf,False,0x3932
1784018964.663,632,632,128791,4,1,8,-29,24,1087,1,4,0,101325,2500,7349,499,0xf,False,0xcab1
1784018964.912,633,633,128991,4,1,-3,11,-25,958,-3,-4,-5,101325,2500,7349,513,0xf,False,0x6538
1784018965.099,634,634,129191,4,1,-1,25,5,905,4,2,0,101325,2500,7349,511,0xf,False,0xabd3
1784018965.254,635,635,129391,4,1,-4,42,-21,1023,3,-3,-1,101325,2500,7349,511,0xf,False,0xb908
1784018965.504,636,636,129591,4,1,12,-21,18,1011,3,2,-3,101325,2500,7349,485,0xf,False,0xbb14
1784018965.690,637,637,129791,4,1,8,-16,-5,1036,-1,4,-4,101325,2500,7349,510,0xf,False,0xb4b0
1784018965.971,638,638,129991,4,1,0,-58,7,967,-2,3,1,101325,2500,7349,516,0xf,False,0x3847
1784018966.032,639,639,130191,4,1,-15,12,-45,1030,-5,-3,2,101325,2500,7348,496,0xf,False,0xd2
1784018966.283,640,640,130391,4,1,10,0,1,1072,3,0,2,101325,2500,7348,512,0xf,False,0xa3ca
1784018966.549,641,641,130591,4,1,-10,33,46,1059,-5,1,0,101325,2500,7348,519,0xf,False,0xeda0
1784018966.625,642,642,130791,4,1,12,-56,-1,994,1,-5,-2,101325,2500,7348,518,0xf,False,0x4d00
1784018966.877,643,643,130991,4,1,-9,25,43,920,0,3,0,101325,2500,7348,518,0xf,False,0x6a8e
1784018967.126,644,644,131191,4,1,5,8,-8,992,4,2,-5,101325,2500,7348,493,0xf,False,0xde16
1784018967.321,645,645,131391,4,1,10,-13,-58,1012,1,-5,0,101325,2500,7348,480,0xf,False,0x4661
1784018967.456,646,646,131591,4,1,12,-9,39,1014,-5,2,-5,101325,2500,7348,516,0xf,False,0xefc7
1784018967.696,647,647,131791,4,1,-9,-44,0,1085,-3,-3,0,101325,2500,7348,485,0xf,False,0xc704
1784018967.880,648,648,131991,4,1,2,26,-23,959,-5,-2,-5,101325,2500,7348,491,0xf,False,0x3f86
1784018968.130,649,649,132191,4,1,-8,18,2,1093,2,-5,-4,101325,2500,7348,496,0xf,False,0xd25
1784018968.255,650,650,132391,4,1,15,-47,-36,976,4,0,-3,101325,2500,7348,516,0xf,False,0x81c0
1784018968.457,651,651,132591,4,1,-7,59,-42,1077,4,-4,4,101325,2500,7347,515,0xf,False,0x8e55
1784018968.721,652,652,132791,4,1,16,-54,53,980,-2,2,-1,101325,2500,7347,487,0xf,False,0x186e
1784018968.907,653,653,132991,4,1,-4,29,37,905,-2,0,-5,101325,2500,7347,513,0xf,False,0x1095
1784018969.036,654,654,133191,4,1,7,20,-51,1088,0,-4,1,101325,2500,7347,506,0xf,False,0xeb9c
1784018969.284,655,655,133391,4,1,18,57,40,932,3,3,1,101325,2500,7347,514,0xf,False,0x44b
1784018969.534,656,656,133591,4,1,0,27,48,1047,4,-5,-4,101325,2500,7347,493,0xf,False,0x405f
1784018969.597,657,657,133791,4,1,18,22,-27,908,-4,3,-4,101325,2500,7347,503,0xf,False,0x854f
1784018969.845,658,658,133991,4,1,-4,-19,25,1024,-4,3,2,101325,2500,7347,506,0xf,False,0x8c99
1784018970.110,659,659,134191,4,1,-1,-55,41,1096,0,-1,-5,101325,2500,7347,510,0xf,False,0x5bee
1784018970.298,660,660,134391,4,1,19,-22,1,1088,-5,0,4,101325,2500,7347,507,0xf,False,0x784a
1784018970.423,661,661,134591,4,1,13,-24,-53,1085,0,1,0,101325,2500,7347,516,0xf,False,0xd96d
1784018970.672,662,662,134791,4,1,-1,-10,25,938,3,-2,-5,101325,2500,7347,499,0xf,False,0xcca0
1784018970.859,663,663,134991,4,1,10,-32,14,966,2,-3,0,101325,2500,7347,495,0xf,False,0xf50a
1784018971.108,664,664,135191,4,1,-19,5,26,918,-5,-1,-3,101325,2500,7346,480,0xf,False,0x1be7
1784018971.234,665,665,135391,4,1,-14,35,-20,1058,4,-2,1,101325,2500,7346,514,0xf,False,0x1d8
1784018971.484,666,666,135591,4,1,11,-12,8,937,2,-3,-2,101325,2500,7346,517,0xf,False,0xc04e
1784018971.732,667,667,135791,4,1,6,-37,-1,1089,2,0,-1,101325,2500,7346,506,0xf,False,0xb26d
1784018971.919,668,668,135991,4,1,-5,-5,-45,914,0,4,4,101325,2500,7346,504,0xf,False,0x3826
1784018972.044,669,669,136191,4,1,-17,32,51,1072,-1,-1,0,101325,2500,7346,512,0xf,False,0x330d
1784018972.293,670,670,136391,4,1,-17,6,-21,945,-3,0,2,101325,2500,7346,518,0xf,False,0x9cc8
1784018972.482,671,671,136591,4,1,-20,1,33,948,3,3,0,101325,2500,7346,488,0xf,False,0x44e9
1784018972.607,672,672,136791,4,1,9,-4,29,984,2,-5,4,101325,2500,7346,516,0xf,False,0x1e10
1784018972.887,673,673,136991,4,1,15,18,9,1039,-1,4,-3,101325,2500,7346,511,0xf,False,0x7eea
1784018973.074,674,674,137191,4,1,-7,-21,-45,1026,-1,3,1,101325,2500,7346,487,0xf,False,0xbbc4
1784018973.349,675,675,137391,4,1,-10,-31,17,1086,-2,3,1,101325,2500,7346,488,0xf,False,0x6c31
1784018973.421,676,676,137591,4,1,-17,-23,-54,964,-3,-3,2,101325,2500,7345,519,0xf,False,0xc1eb
1784018973.673,677,677,137791,4,1,-6,-16,-29,937,-2,-5,-4,101325,2500,7345,491,0xf,False,0x543
1784018973.911,678,678,137991,4,1,6,56,-41,1028,-1,0,-2,101325,2500,7345,484,0xf,False,0xcad1
1784018974.098,679,679,138191,4,1,14,17,15,903,-4,-5,1,101325,2500,7345,515,0xf,False,0x65fc
1784018974.346,680,680,138391,4,1,4,39,-16,1084,3,3,-3,101325,2500,7345,491,0xf,False,0xfdfd
1784018974.470,681,681,138591,4,1,5,-25,19,1013,-4,3,-5,101325,2500,7345,519,0xf,False,0xf39a
1784018974.720,682,682,138791,4,1,8,-16,-36,1098,-3,1,-3,101325,2500,7345,507,0xf,False,0x870d
1784018974.967,683,683,138991,4,1,4,25,51,999,1,-3,-5,101325,2500,7345,507,0xf,False,0xd1e2
1784018975.029,684,684,139191,4,1,12,-57,3,1089,-2,3,-3,101325,2500,7345,480,0xf,False,0xaad6
1784018975.246,685,685,139391,4,1,13,58,0,1030,0,0,2,101325,2500,7345,508,0xf,False,0xc95a
1784018975.506,686,686,139591,4,1,-6,-40,57,1052,3,2,-2,101325,2500,7345,508,0xf,False,0x606e
1784018975.621,687,687,139791,4,1,0,-54,8,979,1,1,-4,101325,2500,7345,487,0xf,False,0x3193
1784018975.873,688,688,139991,4,1,-15,-29,-52,908,-2,3,4,101325,2500,7345,489,0xf,False,0x8e91
1784018976.123,689,689,140191,4,1,-13,-24,59,982,3,2,-2,101325,2500,7344,480,0xf,False,0x4e12
1784018976.308,690,690,140391,4,1,17,17,-29,988,3,-3,-3,101325,2500,7344,507,0xf,False,0xe57f
1784018976.464,691,691,140591,4,1,-12,54,-13,949,-5,4,-3,101325,2500,7344,488,0xf,False,0x38dd
1784018976.776,692,692,140791,4,1,-2,-1,58,925,1,-2,-2,101325,2500,7344,515,0xf,False,0xfef9
1784018976.902,693,693,140991,4,1,8,47,48,960,4,3,-5,101325,2500,7344,480,0xf,False,0x9fba
1784018977.152,694,694,141191,4,1,0,14,-3,1016,-4,2,-5,101325,2500,7344,483,0xf,False,0x929e
1784018977.215,695,695,141391,4,1,-16,3,-59,918,-4,-4,3,101325,2500,7344,482,0xf,False,0xd88f
1784018977.494,696,696,141591,4,1,13,-35,-11,906,-4,-2,-1,101325,2500,7344,497,0xf,False,0x87c8
1784018977.681,697,697,141791,4,1,19,23,35,904,0,-2,3,101325,2500,7344,485,0xf,False,0x2f52
1784018977.930,698,698,141991,4,1,4,-2,-36,910,-5,-1,-3,101325,2500,7344,515,0xf,False,0x1132
1784018978.054,699,699,142191,4,1,17,44,-9,1071,4,-4,-2,101325,2500,7344,505,0xf,False,0xcf18
1784018978.305,700,700,142391,4,1,12,58,-44,991,-1,2,-3,101325,2500,7344,500,0xf,False,0x8881
1784018978.523,701,701,142591,4,1,18,21,-14,1051,2,3,-1,101325,2500,7343,494,0xf,False,0x7a98
1784018978.648,702,702,142791,4,1,-20,-39,46,905,2,-5,-1,101325,2500,7343,495,0xf,False,0xa91e
1784018978.835,703,703,142991,4,1,6,-31,-11,901,3,0,1,101325,2500,7343,508,0xf,False,0xbb78
1784018979.114,704,704,143191,4,1,10,-7,-48,1072,2,-3,-5,101325,2500,7343,495,0xf,False,0x17f7
1784018979.302,705,705,143391,4,1,8,51,57,934,4,-4,-4,101325,2500,7343,495,0xf,False,0x4ac3
1784018979.426,706,706,143591,4,1,19,-8,-21,994,-4,-4,1,101325,2500,7343,500,0xf,False,0x6f6b
1784018979.705,707,707,143791,4,1,-18,49,-1,1039,3,-2,2,101325,2500,7343,507,0xf,False,0xc28e
1784018979.894,708,708,143991,4,1,9,13,-49,982,2,4,-1,101325,2500,7343,484,0xf,False,0x375d
1784018980.098,709,709,144191,4,1,9,16,17,943,-2,-4,-4,101325,2500,7343,508,0xf,False,0x135c
1784018980.284,710,710,144391,4,1,-5,35,24,1082,0,3,4,101325,2500,7343,515,0xf,False,0x1b25
1784018980.471,711,711,144591,4,1,10,30,47,949,1,1,0,101325,2500,7343,492,0xf,False,0x96b5
1784018980.723,712,712,144791,4,1,-7,-53,-6,934,-3,-5,-3,101325,2500,7343,481,0xf,False,0x58da
1784018980.968,713,713,144991,4,1,-9,33,26,1099,-1,-5,4,101325,2500,7343,509,0xf,False,0x4612
1784018981.031,714,714,145191,4,1,-16,46,-16,1049,3,-5,2,101325,2500,7342,510,0xf,False,0x6b6e
1784018981.281,715,715,145391,4,1,12,-48,29,1058,-5,-5,-3,101325,2500,7342,501,0xf,False,0x9938
1784018981.564,716,716,145591,4,1,-13,10,24,924,-3,-5,-5,101325,2500,7342,518,0xf,False,0xc7d5
1784018981.623,717,717,145791,4,1,15,1,-2,926,-4,-3,-2,101325,2500,7342,491,0xf,False,0x6189
1784018981.875,718,718,145991,4,1,0,-7,-17,987,-3,-4,3,101325,2500,7342,511,0xf,False,0x194a
1784018982.121,719,719,146191,4,1,19,-8,-19,958,0,-5,-1,101325,2500,7342,490,0xf,False,0x4d62
1784018982.308,720,720,146391,4,1,-11,-3,-35,916,-4,4,-2,101325,2500,7342,507,0xf,False,0xcac5
1784018982.432,721,721,146591,4,1,-3,-52,2,1084,-3,3,-3,101325,2500,7342,500,0xf,False,0x5b13
1784018982.684,722,722,146791,4,1,-2,-14,-26,955,3,-5,-2,101325,2500,7342,498,0xf,False,0x1e41
1784018982.886,723,723,146991,4,1,1,42,43,937,-4,4,0,101325,2500,7342,519,0xf,False,0xd7f
1784018983.134,724,724,147191,4,1,1,-43,-57,1056,4,1,-1,101325,2500,7342,489,0xf,False,0x8549
1784018983.260,725,725,147391,4,1,6,-52,-47,946,-5,2,4,101325,2500,7342,489,0xf,False,0x1abb
1784018983.447,726,726,147591,4,1,-8,29,-30,1065,-3,-1,1,101325,2500,7341,488,0xf,False,0x25d0
1784018983.697,727,727,147791,4,1,1,-30,-5,949,4,-4,-2,101325,2500,7341,498,0xf,False,0x7cf3
1784018983.974,728,728,147991,4,1,-11,53,14,977,-2,4,-5,101325,2500,7341,516,0xf,False,0xc9e6
1784018984.039,729,729,148191,4,1,2,22,-8,954,4,1,2,101325,2500,7341,516,0xf,False,0x4f24
1784018984.289,730,730,148391,4,1,-9,-36,-51,1076,0,-3,3,101325,2500,7341,483,0xf,False,0x8caa
1784018984.563,731,731,148591,4,1,-2,30,-22,931,1,-4,-2,101325,2500,7341,484,0xf,False,0x63
1784018984.628,732,732,148791,4,1,-16,34,18,964,-3,-4,0,101325,2500,7341,488,0xf,False,0xff03
1784018984.880,733,733,148991,4,1,1,-15,5,970,1,-5,0,101325,2500,7341,500,0xf,False,0x70b3
1784018985.065,734,734,149191,4,1,16,-51,-53,1023,1,3,-4,101325,2500,7341,517,0xf,False,0x3df7
1784018985.315,735,735,149391,4,1,-7,-49,-35,1083,-5,-1,-2,101325,2500,7341,485,0xf,False,0x5550
1784018985.439,736,736,149591,4,1,-14,40,-56,943,1,0,-2,101325,2500,7341,502,0xf,False,0x4ffc
1784018985.688,737,737,149791,4,1,9,22,1,1012,3,1,-1,101325,2500,7341,503,0xf,False,0x904a
1784018985.875,738,738,149991,4,1,-13,27,-30,1070,0,2,4,101325,2500,7341,514,0xf,False,0x2ac
1784018986.124,739,739,150191,4,1,3,11,-56,981,3,-2,3,101325,2500,7340,518,0xf,False,0x2fa8
1784018986.248,740,740,150391,4,1,10,20,-44,1099,3,0,2,101325,2500,7340,494,0xf,False,0xf0cd
1784018986.480,741,741,150591,4,1,0,-47,-23,918,3,2,2,101325,2500,7340,515,0xf,False,0x8731
1784018986.698,742,742,150791,4,1,4,29,-4,1099,-5,2,-2,101325,2500,7340,504,0xf,False,0x31e3
1784018986.915,743,743,150991,4,1,7,-7,24,973,-3,2,3,101325,2500,7340,489,0xf,False,0x9c2e
1784018987.038,744,744,151191,4,1,-19,-40,45,934,3,-1,-5,101325,2500,7340,486,0xf,False,0x5ad7
1784018987.289,745,745,151391,4,1,-7,13,18,1084,-2,-3,-4,101325,2500,7340,506,0xf,False,0xf7f1
1784018987.540,746,746,151591,4,1,-4,-22,-46,914,4,-4,1,101325,2500,7340,517,0xf,False,0xb0aa
1784018987.603,747,747,151791,4,1,17,33,-19,1094,2,-2,2,101325,2500,7340,480,0xf,False,0x447e
1784018987.854,748,748,151991,4,1,-13,-39,0,1033,-3,4,2,101325,2500,7340,510,0xf,False,0xce01
1784018988.101,749,749,152191,4,1,3,56,4,1068,-4,-4,4,101325,2500,7340,486,0xf,False,0x2894
1784018988.350,750,750,152391,4,1,-18,-41,14,1084,-5,4,-1,101325,2500,7340,505,0xf,False,0xb47f
1784018988.412,751,751,152591,4,1,-13,22,-36,970,3,-2,3,101325,2500,7339,518,0xf,False,0x1753
1784018988.676,752,752,152791,4,1,4,-57,-17,1071,-1,4,2,101325,2500,7339,488,0xf,False,0x5318
1784018988.924,753,753,152991,4,1,5,-2,1,1031,4,1,2,101325,2500,7339,504,0xf,False,0x9ee5
1784018989.110,754,754,153191,4,1,-13,-19,-55,1051,-1,-5,1,101325,2500,7339,500,0xf,False,0xcaab
1784018989.243,755,755,153391,4,1,-6,-55,26,940,-3,1,-4,101325,2500,7339,508,0xf,False,0x296c
1784018989.502,756,756,153591,4,1,8,-40,21,1036,0,-1,2,101325,2500,7339,483,0xf,False,0x94b4
1784018989.703,757,757,153791,4,1,-11,55,18,941,0,-5,-3,101325,2500,7339,500,0xf,False,0xf02
1784018989.949,758,758,153991,4,1,-14,8,-15,963,2,4,3,101325,2500,7339,511,0xf,False,0xb820
1784018990.073,759,759,154191,4,1,13,-43,42,972,-1,-2,4,101325,2500,7339,494,0xf,False,0x6773
1784018990.261,760,760,154391,4,1,8,43,-53,958,4,4,3,101325,2500,7339,501,0xf,False,0xc7ed
1784018990.541,761,761,154591,4,1,6,-38,43,1000,1,3,3,101325,2500,7339,494,0xf,False,0x95e4
1784018990.603,762,762,154791,4,1,15,-13,7,941,-1,0,1,101325,2500,7339,482,0xf,False,0x6521
1784018990.851,763,763,154991,4,1,-15,12,6,1038,-2,3,-1,101325,2500,7339,518,0xf,False,0xbd79
1784018991.099,764,764,155191,4,1,-1,-57,4,978,-3,0,3,101325,2500,7338,493,0xf,False,0xfccf
1784018991.409,765,765,155391,4,1,-15,-58,-32,991,-3,-1,-1,101325,2500,7338,485,0xf,False,0xf583
1784018991.472,766,766,155591,4,1,8,40,22,933,3,1,2,101325,2500,7338,504,0xf,False,0xe3b8
1784018991.659,767,767,155791,4,1,1,-44,29,1058,-3,-2,-2,101325,2500,7338,491,0xf,False,0x8d92
1784018991.908,768,768,155991,4,1,-9,-10,59,995,3,-2,-3,101325,2500,7338,513,0xf,False,0x494b
1784018992.156,769,769,156191,4,1,5,-58,-34,1028,-1,-2,-3,101325,2500,7338,481,0xf,False,0x706a
1784018992.219,770,770,156391,4,1,-8,19,41,1013,-3,-2,-5,101325,2500,7338,496,0xf,False,0xd034
1784018992.497,771,771,156591,4,1,-8,45,29,1059,4,1,-5,101325,2500,7338,487,0xf,False,0xa2
1784018992.682,772,772,156791,4,1,18,30,33,1044,-2,-2,4,101325,2500,7338,495,0xf,False,0x8366
1784018992.930,773,773,156991,4,1,-5,27,-58,919,-1,3,3,101325,2500,7338,496,0xf,False,0x302a
1784018993.055,774,774,157191,4,1,-10,-44,-1,1058,-1,-3,-1,101325,2500,7338,497,0xf,False,0x58f3
1784018993.307,775,775,157391,4,1,-9,42,-43,1063,1,2,0,101325,2500,7338,483,0xf,False,0x99be
1784018993.495,776,776,157591,4,1,14,-5,32,917,-2,-2,4,101325,2500,7337,485,0xf,False,0xd27d
1784018993.619,777,777,157791,4,1,17,-42,-41,1022,0,-5,0,101325,2500,7337,502,0xf,False,0x8197
1784018993.902,778,778,157991,4,1,10,10,12,910,-1,0,-5,101325,2500,7337,496,0xf,False,0x4e95
1784018994.085,779,779,158191,4,1,17,-31,54,965,-5,4,3,101325,2500,7337,517,0xf,False,0x8e71
1784018994.331,780,780,158391,4,1,11,-10,-17,959,-5,2,-4,101325,2500,7337,518,0xf,False,0xd58a
1784018994.458,781,781,158591,4,1,-8,30,-33,918,0,3,-5,101325,2500,7337,483,0xf,False,0xe59a
1784018994.642,782,782,158791,4,1,16,-28,50,1017,4,3,3,101325,2500,7337,509,0xf,False,0xa04f
1784018994.892,783,783,158991,4,1,11,-16,40,1049,-2,2,1,101325,2500,7337,498,0xf,False,0x85ee
1784018995.141,784,784,159191,4,1,18,11,-29,918,-3,-3,4,101325,2500,7337,512,0xf,False,0xec5f
1784018995.265,785,785,159391,4,1,-19,31,36,1038,-4,-4,1,101325,2500,7337,498,0xf,False,0xd07d
1784018995.452,786,786,159591,4,1,-10,-1,-35,911,-5,-2,-4,101325,2500,7337,508,0xf,False,0x286b
1784018995.700,787,787,159791,4,1,-20,-15,-36,901,-2,3,-3,101325,2500,7337,501,0xf,False,0xd674
1784018995.983,788,788,159991,4,1,7,-60,46,1052,-4,3,-1,101325,2500,7337,487,0xf,False,0x149d
1784018996.041,789,789,160191,4,1,-2,-31,-43,1071,-3,-3,-4,101325,2500,7336,504,0xf,False,0x3be
1784018996.290,790,790,160391,4,1,-19,41,-11,987,-1,4,1,101325,2500,7336,489,0xf,False,0xc556
1784018996.539,791,791,160591,4,1,-17,-25,10,977,-3,-5,-3,101325,2500,7336,497,0xf,False,0xe53a
1784018996.602,792,792,160791,4,1,7,20,6,912,3,0,-3,101325,2500,7336,507,0xf,False,0x4ad2
1784018996.850,793,793,160991,4,1,-4,22,-16,991,4,-2,1,101325,2500,7336,486,0xf,False,0x722a
1784018997.100,794,794,161191,4,1,1,3,-9,996,-4,2,0,101325,2500,7336,504,0xf,False,0x3321
1784018997.331,795,795,161391,4,1,-9,-47,-56,965,-5,1,1,101325,2500,7336,511,0xf,False,0xb409
1784018997.456,796,796,161591,4,1,15,-57,-39,1076,-2,-4,-3,101325,2500,7336,485,0xf,False,0x61b3
1784018997.644,797,797,161791,4,1,-5,44,-53,1020,-5,-1,-5,101325,2500,7336,501,0xf,False,0x2883
1784018997.922,798,798,161991,4,1,6,24,-43,1075,4,-1,4,101325,2500,7336,510,0xf,False,0xb383
1784018998.110,799,799,162191,4,1,18,51,31,944,-1,2,3,101325,2500,7336,512,0xf,False,0x2470
1784018998.234,800,800,162391,4,1,-16,-8,-5,1060,0,0,1,101325,2500,7336,503,0xf,False,0xb9ca
1784018998.483,801,801,162591,4,1,-18,0,47,948,-5,4,4,101325,2500,7335,484,0xf,False,0x65ef
1784018998.765,802,802,162791,4,1,-5,-53,-22,949,2,2,-3,101325,2500,7335,502,0xf,False,0xc70a
1784018998.951,803,803,162991,4,1,2,-49,-43,953,4,-4,-5,101325,2500,7335,491,0xf,False,0x16e6
1784018999.074,804,804,163191,4,1,-5,55,45,1053,3,-1,3,101325,2500,7335,517,0xf,False,0x4143
1784018999.261,805,805,163391,4,1,13,-8,58,1095,-5,-5,4,101325,2500,7335,509,0xf,False,0xcbe2
1784018999.512,806,806,163591,4,1,-11,-48,30,964,2,1,-3,101325,2500,7335,497,0xf,False,0xd73
1784018999.635,807,807,163791,4,1,-16,-1,30,1038,-2,-2,3,101325,2500,7335,507,0xf,False,0x57b6
1784018999.914,808,808,163991,4,1,-12,-46,-44,1079,-5,-2,4,101325,2500,7335,508,0xf,False,0x53c5
1784019000.103,809,809,164191,4,1,11,-5,21,963,0,-3,-1,101325,2500,7335,508,0xf,False,0xcda8
1784019000.352,810,810,164391,4,1,-6,-7,-49,1061,-4,2,2,101325,2500,7335,510,0xf,False,0xf015
1784019000.415,811,811,164591,4,1,-6,2,-28,1017,0,-3,-4,101325,2500,7335,519,0xf,False,0x479c
1784019000.632,812,812,164791,4,1,7,51,39,1009,-2,4,-3,101325,2500,7335,481,0xf,False,0x5e73
1784019000.881,813,813,164991,4,1,-15,32,-17,1000,1,-4,-3,101325,2500,7335,506,0xf,False,0x947
1784019001.132,814,814,165191,4,1,16,-37,17,947,-1,4,-5,101325,2500,7334,483,0xf,False,0xad6a
1784019001.320,815,815,165391,4,1,-17,49,-35,981,1,-5,-5,101325,2500,7334,491,0xf,False,0xdcfe
1784019001.568,816,816,165591,4,1,-20,56,38,1076,-1,-2,3,101325,2500,7334,498,0xf,False,0x3ffe
1784019001.692,817,817,165791,4,1,8,-39,29,1024,-3,-1,2,101325,2500,7334,515,0xf,False,0x8ac7
1784019001.940,818,818,165991,4,1,5,12,49,942,4,-3,0,101325,2500,7334,495,0xf,False,0xdd7
1784019002.064,819,819,166191,4,1,17,-19,-26,1090,1,-4,-3,101325,2500,7334,511,0xf,False,0xecaa
1784019002.251,820,820,166391,4,1,16,-41,35,1030,0,2,-2,101325,2500,7334,482,0xf,False,0x3c30
1784019002.503,821,821,166591,4,1,-2,-23,40,1017,4,-3,-5,101325,2500,7334,482,0xf,False,0xdd81
1784019002.651,822,822,166791,4,1,2,24,8,923,-3,-2,3,101325,2500,7334,491,0xf,False,0x2d18
1784019002.892,823,823,166991,4,1,-4,-51,-41,990,-4,2,-3,101325,2500,7334,487,0xf,False,0x9dc8
1784019003.080,824,824,167191,4,1,-13,26,-47,930,4,4,0,101325,2500,7334,499,0xf,False,0x5baf
1784019003.327,825,825,167391,4,1,-11,16,16,903,-1,-2,1,101325,2500,7334,489,0xf,False,0x9b05
1784019003.451,826,826,167591,4,1,18,-5,-32,1052,1,-5,3,101325,2500,7333,498,0xf,False,0xe37d
1784019003.702,827,827,167791,4,1,7,-30,18,959,-2,-3,1,101325,2500,7333,518,0xf,False,0x6bca
1784019003.919,828,828,167991,4,1,-9,50,-25,1028,-5,4,-2,101325,2500,7333,513,0xf,False,0xb98c
1784019004.104,829,829,168191,4,1,4,-46,45,971,2,-1,-2,101325,2500,7333,515,0xf,False,0x3b0c
1784019004.231,830,830,168391,4,1,9,-3,-52,1072,1,0,-4,101325,2500,7333,503,0xf,False,0x89b1
1784019004.479,831,831,168591,4,1,1,-47,-54,1064,4,-2,-2,101325,2500,7333,481,0xf,False,0x6055
1784019004.770,832,832,168791,4,1,14,-12,29,946,4,1,2,101325,2500,7333,502,0xf,False,0xc0ea
1784019004.944,833,833,168991,4,1,0,11,-40,1056,4,-2,-4,101325,2500,7333,508,0xf,False,0xdb35
1784019005.069,834,834,169191,4,1,8,-15,-41,1088,3,4,-5,101325,2500,7333,513,0xf,False,0x7280
1784019005.320,835,835,169391,4,1,-20,1,-47,1037,0,-3,1,101325,2500,7333,497,0xf,False,0xf333
