rx_time,seq,pkt_no,ms,flight_mode,eject_state,altitude_cm,acc_x,acc_y,acc_z,gyro_x,gyro_y,gyro_z,pressure,bmp_temp,voltage_mv,current_ma,system_status,ack_received,crc16
1784019378.722,1,1,0,0,0,6,-12,-46,959,2,-5,-5,101325,2500,7400,486,0xf,False,0x0
1784019378.922,2,2,201,0,0,18,-56,31,967,2,2,-3,101325,2500,7400,485,0xf,False,0x0
1784019379.123,3,3,401,0,0,-16,-48,-54,993,-4,-4,0,101325,2500,7400,493,0xf,False,0x0
1784019379.324,4,4,602,0,0,-18,29,-25,1038,4,4,-2,101325,2500,7400,510,0xf,False,0x0
1784019379.524,5,5,802,0,0,-1,56,54,1046,-1,-2,4,101325,2500,7400,517,0xf,False,0x0
1784019379.725,6,6,1003,0,0,3,-47,36,953,-3,5,1,101325,2500,7400,501,0xf,False,0x0
1784019379.925,7,7,1203,0,0,-6,-39,-54,1006,0,-4,2,101325,2500,7400,488,0xf,False,0x0
1784019380.125,8,8,1403,0,0,19,11,18,1031,-2,5,-4,101325,2500,7400,508,0xf,False,0x0
1784019380.326,9,9,1604,0,0,7,-50,16,951,4,3,1,101325,2500,7400,503,0xf,False,0x0
1784019380.733,11,11,2011,0,0,-2,16,29,1025,-2,5,-3,101325,2500,7400,514,0xf,False,0x0
1784019380.933,12,12,2211,0,0,0,13,-13,1013,-3,0,3,101325,2500,7400,491,0xf,False,0x0
1784019381.133,13,13,2411,0,0,0,22,18,959,-2,4,4,101325,2500,7400,492,0xf,False,0x0
1784019381.351,14,14,2629,0,0,-7,-6,47,1013,0,-2,2,101325,2500,7399,505,0xf,False,0x0
1784019381.551,15,15,2829,0,0,-6,-13,29,1013,3,-5,1,101325,2500,7399,511,0xf,False,0x0
1784019381.751,16,16,3029,0,0,-7,-15,19,997,4,-2,-1,101325,2500,7399,503,0xf,False,0x0
1784019381.952,17,17,3230,0,0,14,29,17,952,2,4,0,101325,2500,7399,480,0xf,False,0x0
1784019382.152,18,18,3430,0,0,3,-57,10,1003,-4,3,5,101325,2500,7399,517,0xf,False,0x0
1784019382.555,20,20,3833,0,0,-2,41,36,1016,5,-1,-5,101325,2500,7399,485,0xf,False,0x0
1784019382.756,21,21,4034,0,0,3,-40,-15,1026,-5,-4,1,101325,2500,7399,508,0xf,False,0x0
1784019382.956,22,22,4234,0,0,-5,-34,-5,1045,-5,-3,-3,101325,2500,7399,513,0xf,False,0x0
1784019383.157,23,23,4435,0,0,11,-60,13,986,4,4,-3,101325,2500,7399,501,0xf,False,0x0
1784019383.558,25,25,4836,0,0,-7,34,-34,961,0,5,-1,101325,2500,7399,504,0xf,False,0x0
1784019383.758,26,26,5036,1,0,12,-25,17,981,3,-1,-1,101325,2500,7398,500,0xf,False,0x0
1784019383.958,27,27,5236,1,0,-8,51,-44,959,-5,5,-1,101325,2500,7398,499,0xf,False,0x0
1784019384.159,28,28,5437,1,0,19,29,38,1044,4,-1,-3,101325,2500,7398,506,0xf,False,0x0
1784019384.572,30,30,5850,1,0,-20,-23,44,1022,2,-5,-5,101325,2500,7398,507,0xf,False,0x0
1784019384.772,31,31,6050,1,0,4,34,40,960,-4,1,-3,101325,2500,7398,496,0xf,False,0x0
1784019384.972,32,32,6250,1,0,4,-49,-20,1043,-3,5,-3,101325,2500,7398,496,0xf,False,0x0
1784019385.203,33,33,6481,1,0,-10,11,25,971,3,4,2,101325,2500,7398,508,0xf,False,0x0
1784019385.403,34,34,6681,1,0,14,-1,0,999,4,-4,-4,101325,2500,7398,494,0xf,False,0x0
1784019385.805,36,36,7083,1,0,5,6,-45,1017,-1,-5,1,101325,2500,7398,480,0xf,False,0x0
1784019386.005,37,37,7283,1,0,10,-14,-54,1027,3,-2,4,101325,2500,7398,507,0xf,False,0x0
1784019386.206,38,38,7484,1,0,18,-34,-2,1016,5,4,0,101325,2500,7398,502,0xf,False,0x0
1784019386.406,39,39,7684,1,0,16,-40,5,993,2,-4,4,101325,2500,7397,498,0xf,False,0x0
1784019386.607,40,40,7885,1,0,-10,-53,-4,1020,3,2,3,101325,2500,7397,498,0xf,False,0x0
1784019386.808,41,41,8086,1,0,-2,-13,35,986,-5,1,3,101325,2500,7397,496,0xf,False,0x0
1784019387.010,42,42,8288,1,0,-16,-34,58,1046,-2,3,-4,101325,2500,7397,501,0xf,False,0x0
1784019387.211,43,43,8489,1,0,-19,-29,28,1034,-5,4,1,101325,2500,7397,483,0xf,False,0x0
1784019387.412,44,44,8690,1,0,11,-5,-8,1008,-3,-3,-2,101325,2500,7397,487,0xf,False,0x0
1784019387.612,45,45,8890,1,0,4,55,-37,1005,2,3,5,101325,2500,7397,485,0xf,False,0x0
1784019387.813,46,46,9091,1,0,-16,44,-24,956,-5,-3,4,101325,2500,7397,518,0xf,False,0x0
1784019388.013,47,47,9291,1,0,5,19,45,1049,-4,4,-2,101325,2500,7397,506,0xf,False,0x0
1784019388.213,48,48,9491,1,0,-9,59,-37,1050,3,-5,-2,101325,2500,7397,516,0xf,False,0x0
1784019388.414,49,49,9692,1,0,9,32,46,970,5,-5,0,101325,2500,7397,491,0xf,False,0x0
1784019388.615,50,50,9893,1,0,13,-19,57,971,2,-2,2,101325,2500,7397,517,0xf,False,0x0
1784019388.818,51,51,10096,2,0,593,18,-21,1171,1,-5,2,101250,2496,7396,482,0xf,False,0x0
1784019389.018,52,52,10296,2,0,1851,0,-33,1431,-4,3,0,101098,2487,7396,495,0xf,False,0x0
1784019389.219,53,53,10497,2,0,3064,21,42,1817,-4,-1,3,100949,2480,7396,518,0xf,False,0x0
1784019389.419,54,54,10697,2,0,4252,13,20,2110,-5,2,-3,100805,2472,7396,500,0xf,False,0x0
1784019389.620,55,55,10898,2,0,5419,-29,-13,2298,-3,0,2,100663,2464,7396,490,0xf,False,0x0
1784019389.820,56,56,11098,2,0,6560,24,-17,2544,4,1,-2,100526,2457,7396,505,0xf,False,0x0
1784019390.020,57,57,11298,2,0,7628,-16,45,2816,1,-2,-2,100392,2450,7396,503,0xf,False,0x0
1784019390.221,58,58,11499,2,0,8712,53,57,3013,4,0,-1,100262,2443,7396,518,0xf,False,0x0
1784019390.422,59,59,11700,2,0,9761,-17,7,3174,0,5,5,100135,2436,7396,491,0xf,False,0x0
1784019390.623,60,60,11901,2,0,10769,37,40,3349,-1,-4,-4,100012,2430,7396,486,0xf,False,0x0
1784019390.827,61,61,12105,2,0,11767,-11,-11,3448,4,4,1,99891,2423,7396,507,0xf,False,0x0
1784019391.028,62,62,12306,2,0,12716,30,-25,3507,4,-2,-3,99775,2417,7396,495,0xf,False,0x0
1784019391.228,63,63,12506,2,0,13597,-26,-35,3526,5,3,3,99664,2411,7395,483,0xf,False,0x0
1784019391.429,64,64,12707,2,0,14497,-57,-13,3487,-1,-3,1,99556,2405,7395,498,0xf,False,0x0
1784019391.630,65,65,12907,2,0,15341,-13,-45,3458,-5,-2,5,99451,2400,7395,480,0xf,False,0x0
1784019391.830,66,66,13108,2,0,16193,53,-41,3315,-5,3,-5,99350,2394,7395,504,0xf,False,0x0
1784019392.031,67,67,13309,2,0,16964,-46,-27,3190,2,-1,4,99253,2389,7395,485,0xf,False,0x0
1784019392.232,68,68,13510,2,0,17763,-4,-23,2992,1,2,-4,99160,2384,7395,516,0xf,False,0x0
1784019392.432,69,69,13710,2,0,18465,16,56,2799,4,5,-5,99070,2379,7395,500,0xf,False,0x0
1784019392.676,70,70,13954,2,0,19341,-34,-29,2576,0,-3,5,98966,2374,7395,484,0xf,False,0x0
1784019392.915,71,71,14194,2,0,20148,1,12,2247,-5,-4,-3,98869,2369,7395,490,0xf,False,0x0
1784019393.116,72,72,14394,2,0,20741,-52,40,1931,-5,-3,-1,98792,2365,7395,481,0xf,False,0x0
1784019393.319,73,73,14597,2,0,21361,-3,-36,1641,-2,1,1,98717,2361,7395,492,0xf,False,0x0
1784019393.546,74,74,14824,2,0,22015,-15,-10,1308,-1,0,0,98639,2356,7395,501,0xf,False,0x0
1784019393.746,75,75,15024,2,0,22564,27,51,-194,3,-2,-3,98573,2353,7394,498,0xf,False,0x0
1784019393.947,76,76,15225,2,0,23071,-5,-4,-196,-3,2,2,98511,2350,7394,485,0xf,False,0x0
1784019394.147,77,77,15425,2,0,23548,-58,-32,-222,2,0,4,98453,2346,7394,488,0xf,False,0x0
1784019394.347,78,78,15625,2,0,23985,11,-55,-220,0,2,3,98398,2344,7394,487,0xf,False,0x0
1784019394.553,79,79,15831,2,0,24398,-36,42,-308,-5,0,-4,98346,2341,7394,505,0xf,False,0x0
1784019394.753,80,80,16031,2,0,24806,-16,-29,-256,4,3,-5,98299,2338,7394,511,0xf,False,0x0
1784019394.953,81,81,16231,2,0,25170,31,22,-313,0,5,-5,98255,2336,7394,486,0xf,False,0x0
1784019395.154,82,82,16432,2,0,25474,35,18,-273,0,-5,2,98215,2334,7394,488,0xf,False,0x0
1784019395.354,83,83,16632,2,0,25780,-46,17,-299,-3,5,-2,98179,2332,7394,483,0xf,False,0x0
1784019395.555,84,84,16833,2,0,26042,-16,-21,-306,3,2,3,98147,2330,7394,482,0xf,False,0x0
1784019395.756,85,85,17034,2,0,26275,31,-52,-336,-1,-1,-3,98118,2329,7394,497,0xf,False,0x0
1784019395.956,86,86,17234,2,0,26488,-14,40,-357,3,1,-1,98093,2327,7394,503,0xf,False,0x0
1784019396.156,87,87,17434,2,0,26681,24,-35,-444,-5,2,5,98071,2326,7394,508,0xf,False,0x0
1784019396.357,88,88,17635,2,0,26832,15,-30,-403,0,-4,-1,98053,2325,7393,520,0xf,False,0x0
1784019396.557,89,89,17835,2,0,26921,22,41,-404,-2,0,-1,98039,2324,7393,497,0xf,False,0x0
1784019396.758,90,90,18036,2,0,27033,36,-23,-428,-3,-3,-4,98029,2324,7393,503,0xf,False,0x0
1784019396.958,91,91,18236,2,0,27087,57,-23,-470,-4,3,3,98022,2324,7393,486,0xf,False,0x0
1784019397.160,92,92,18438,2,0,27109,30,-12,-453,4,1,2,98019,2323,7393,487,0xf,False,0x0
1784019397.360,93,93,18638,3,1,27086,25,48,-132,2,-5,-5,98022,2324,7393,509,0xf,False,0x0
1784019397.561,94,94,18839,3,1,27006,-12,5,-75,-1,5,1,98028,2324,7393,487,0xf,False,0x0
1784019397.762,95,95,19040,3,1,26980,22,60,-59,1,5,1,98035,2324,7393,480,0xf,False,0x0
1784019397.962,96,96,19240,3,1,26911,-24,-31,-131,-2,1,-3,98041,2325,7393,497,0xf,False,0x0
1784019398.163,97,97,19441,3,1,26873,-40,31,-70,2,0,3,98047,2325,7393,484,0xf,False,0x0
1784019398.363,98,98,19641,3,1,26822,-1,24,-89,-2,3,1,98053,2325,7393,508,0xf,False,0x0
1784019398.564,99,99,19841,3,1,26771,31,59,-80,3,3,3,98059,2326,7393,506,0xf,False,0x0
1784019398.766,100,100,20044,3,1,26717,-16,-30,-98,-5,-3,-2,98065,2326,7392,496,0xf,False,0x0
1784019398.968,101,101,20245,3,1,26644,55,-49,-145,3,1,5,98072,2326,7392,500,0xf,False,0x0
1784019399.170,102,102,20448,3,1,26629,54,44,-48,-1,-3,3,98078,2327,7392,505,0xf,False,0x0
1784019399.373,103,103,20651,3,1,26574,-3,-2,-55,-1,-1,-2,98084,2327,7392,482,0xf,False,0x0
1784019399.574,104,104,20852,3,1,26510,3,16,-73,2,-1,-5,98091,2327,7392,485,0xf,False,0x0
1784019399.776,105,105,21054,3,1,26440,28,30,-113,0,3,3,98097,2328,7392,500,0xf,False,0x0
1784019399.992,106,106,21270,3,1,26386,2,30,-35,-4,4,1,98104,2328,7392,495,0xf,False,0x0
1784019400.207,107,107,21485,3,1,26349,-8,8,-129,5,-2,-3,98110,2328,7392,484,0xf,False,0x0
1784019400.408,108,108,21686,3,1,26302,-31,-44,-152,3,1,-5,98117,2329,7392,500,0xf,False,0x0
1784019400.609,109,109,21887,3,1,26251,57,-26,-77,2,3,-5,98123,2329,7392,519,0xf,False,0x0
1784019400.810,110,110,22088,3,1,26182,32,5,-131,-2,1,4,98129,2329,7392,502,0xf,False,0x0
1784019401.010,111,111,22288,3,1,26131,-12,-46,-147,-4,-4,3,98136,2330,7392,520,0xf,False,0x0
1784019401.256,112,112,22534,3,1,26068,-15,40,-75,-2,2,-5,98143,2330,7391,496,0xf,False,0x0
1784019401.456,113,113,22734,3,1,26044,35,57,-108,1,-5,0,98150,2330,7391,491,0xf,False,0x0
1784019401.658,114,114,22936,3,1,25954,-21,26,-52,-1,5,1,98156,2331,7391,494,0xf,False,0x0
1784019401.860,115,115,23138,3,1,25923,43,6,-90,-1,5,-1,98162,2331,7391,502,0xf,False,0x0
1784019402.064,116,116,23342,3,1,25852,20,24,-106,5,-1,2,98169,2331,7391,500,0xf,False,0x0
1784019402.269,117,117,23547,3,1,25826,14,8,-71,0,-2,-1,98175,2332,7391,512,0xf,False,0x0
1784019402.670,119,119,23948,3,1,25693,-39,13,-77,-1,-1,1,98188,2332,7391,490,0xf,False,0x0
1784019402.871,120,120,24149,3,1,25664,-49,52,-78,5,-5,1,98195,2333,7391,509,0xf,False,0x0
1784019403.071,121,121,24349,3,1,25610,4,56,-97,-1,0,3,98201,2333,7391,480,0xf,False,0x0
1784019403.272,122,122,24550,3,1,25568,49,45,-78,-2,5,-1,98207,2333,7391,510,0xf,False,0x0
1784019403.472,123,123,24750,3,1,25499,-10,-38,-80,1,1,3,98214,2334,7391,482,0xf,False,0x0
1784019403.672,124,124,24950,3,1,25431,-34,47,-107,2,4,-1,98220,2334,7391,488,0xf,False,0x0
1784019403.873,125,125,25151,3,1,25385,31,16,-65,1,-5,0,98227,2334,7390,493,0xf,False,0x0
1784019404.073,126,126,25351,3,1,25318,7,35,-96,5,-2,1,98233,2335,7390,515,0xf,False,0x0
1784019404.273,127,127,25551,3,1,25269,17,-8,-85,-3,-1,2,98240,2335,7390,518,0xf,False,0x0
1784019404.476,128,128,25754,3,1,25218,18,43,-41,-2,1,2,98246,2335,7390,484,0xf,False,0x0
1784019404.677,129,129,25955,3,1,25166,13,35,-68,2,3,-1,98253,2336,7390,491,0xf,False,0x0
1784019404.877,130,130,26155,3,1,25132,41,46,-117,4,-4,2,98259,2336,7390,509,0xf,False,0x0
1784019405.078,131,131,26356,3,1,25078,2,-58,-42,-4,1,-2,98266,2337,7390,490,0xf,False,0x0
1784019405.478,133,133,26756,3,1,24980,-7,-21,-153,-1,-4,1,98279,2337,7390,491,0xf,False,0x0
1784019405.680,134,134,26958,3,1,24898,7,-38,-123,-3,-5,-4,98285,2338,7390,492,0xf,False,0x0
1784019405.884,135,135,27162,3,1,24860,-26,17,-67,3,-5,0,98292,2338,7390,498,0xf,False,0x0
1784019406.085,136,136,27363,3,1,24810,-9,5,-63,0,-3,-3,98299,2338,7390,511,0xf,False,0x0
1784019406.285,137,137,27563,3,1,24752,30,15,-90,-4,-3,-1,98305,2339,7389,492,0xf,False,0x0
1784019406.486,138,138,27764,3,1,24692,-8,58,-91,1,-1,-1,98312,2339,7389,487,0xf,False,0x0
1784019406.687,139,139,27965,3,1,24659,37,23,-59,-1,-2,3,98319,2339,7389,502,0xf,False,0x0
1784019406.889,140,140,28166,3,1,24569,-56,51,-43,2,0,5,98325,2340,7389,509,0xf,False,0x0
1784019407.089,141,141,28367,3,1,24539,-42,54,-128,2,4,-4,98332,2340,7389,482,0xf,False,0x0
1784019407.290,142,142,28568,3,1,24473,17,-19,-81,-1,-4,3,98339,2340,7389,501,0xf,False,0x0
1784019407.490,143,143,28768,3,1,24431,-39,16,-107,-3,0,4,98345,2341,7389,492,0xf,False,0x0
1784019407.690,144,144,28968,3,1,24371,-20,-18,-118,3,-1,3,98352,2341,7389,494,0xf,False,0x0
1784019407.891,145,145,29169,3,1,24329,-48,17,-111,-4,-1,-2,98359,2341,7389,488,0xf,False,0x0
1784019408.092,146,146,29370,3,1,24243,-38,-17,-93,1,2,3,98365,2342,7389,497,0xf,False,0x0
1784019408.292,147,147,29570,3,1,24209,47,-18,-122,3,0,5,98372,2342,7389,482,0xf,False,0x0
1784019408.492,148,148,29770,3,1,24134,33,22,-142,-5,0,4,98379,2343,7389,511,0xf,False,0x0
1784019408.693,149,149,29971,3,1,24085,2,-39,-96,1,3,5,98385,2343,7389,512,0xf,False,0x0
1784019408.893,150,150,30171,3,1,24019,57,-36,-129,3,0,-4,98392,2343,7388,492,0xf,False,0x0
1784019409.093,151,151,30371,3,1,23972,52,10,-53,-5,4,2,98399,2344,7388,480,0xf,False,0x0
1784019409.297,152,152,30575,3,1,23913,49,-49,-117,4,0,4,98406,2344,7388,484,0xf,False,0x0
1784019409.497,153,153,30775,3,1,23851,-53,-15,-71,5,-1,-5,98413,2344,7388,516,0xf,False,0x0
1784019409.697,154,154,30976,3,1,23797,-16,-20,-129,4,3,1,98419,2345,7388,485,0xf,False,0x0
1784019409.899,155,155,31176,3,1,23766,-41,-50,-85,0,-2,-3,98426,2345,7388,482,0xf,False,0x0
1784019410.099,156,156,31377,3,1,23702,-32,-38,-128,5,-5,5,98433,2345,7388,480,0xf,False,0x0
1784019410.300,157,157,31578,3,1,23639,-15,21,-93,-3,3,4,98440,2346,7388,518,0xf,False,0x0
1784019410.500,158,158,31778,3,1,23583,14,24,-131,-3,-4,4,98447,2346,7388,517,0xf,False,0x0
1784019410.700,159,159,31978,3,1,23520,4,53,-135,0,4,2,98454,2347,7388,502,0xf,False,0x0
1784019410.901,160,160,32179,3,1,23490,-11,33,-99,2,-4,3,98461,2347,7388,480,0xf,False,0x0
1784019411.101,161,161,32379,3,1,23429,-29,-20,-104,-5,-1,-3,98467,2347,7388,502,0xf,False,0x0
1784019411.302,162,162,32580,3,1,23357,7,-25,-81,-5,5,-5,98474,2348,7387,495,0xf,False,0x0
1784019411.502,163,163,32780,3,1,23288,28,57,-95,1,2,1,98481,2348,7387,508,0xf,False,0x0
1784019411.702,164,164,32980,3,1,23235,-53,-7,-112,2,-3,4,98488,2348,7387,486,0xf,False,0x0
1784019411.904,165,165,33182,3,1,23207,-1,-57,-123,-2,1,4,98495,2349,7387,486,0xf,False,0x0
1784019412.106,166,166,33384,3,1,23133,-56,-37,-78,0,3,5,98502,2349,7387,481,0xf,False,0x0
1784019412.307,167,167,33585,3,1,23096,5,59,-128,0,4,-1,98509,2350,7387,510,0xf,False,0x0
1784019412.507,168,168,33785,3,1,23005,-14,15,-114,-2,-3,-3,98516,2350,7387,485,0xf,False,0x0
1784019412.708,169,169,33986,3,1,22949,58,-54,-85,1,3,-3,98523,2350,7387,503,0xf,False,0x0
1784019412.909,170,170,34187,3,1,22883,13,54,-111,-1,1,-5,98530,2351,7387,517,0xf,False,0x0
1784019413.309,172,172,34587,3,1,22800,-25,-14,-55,-3,4,-2,98544,2351,7387,514,0xf,False,0x0
1784019413.510,173,173,34788,3,1,22736,11,-2,-121,5,2,1,98551,2352,7387,519,0xf,False,0x0
1784019413.710,174,174,34988,3,1,22684,12,-39,-116,-1,4,4,98558,2352,7387,493,0xf,False,0x0
1784019413.911,175,175,35189,3,1,22594,-6,-28,-78,-4,-1,-2,98566,2353,7386,480,0xf,False,0x0
1784019414.111,176,176,35389,3,1,22544,-56,41,-113,0,3,4,98573,2353,7386,494,0xf,False,0x0
1784019414.312,177,177,35590,3,1,22515,13,-25,-91,-1,1,-2,98580,2353,7386,519,0xf,False,0x0
1784019414.514,178,178,35792,3,1,22436,50,14,-124,5,-3,3,98587,2354,7386,519,0xf,False,0x0
1784019414.714,179,179,35992,3,1,22372,-38,-35,-104,3,-5,-2,98594,2354,7386,491,0xf,False,0x0
1784019414.915,180,180,36193,3,1,22336,-43,-24,-63,0,-5,2,98601,2354,7386,492,0xf,False,0x0
1784019415.316,182,182,36594,3,1,22220,29,-38,-51,-3,2,0,98616,2355,7386,492,0xf,False,0x0
1784019415.527,183,183,36805,3,1,22137,-60,-21,-91,1,-1,0,98623,2356,7386,502,0xf,False,0x0
1784019415.727,184,184,37005,3,1,22069,50,46,-46,2,-3,-5,98631,2356,7386,512,0xf,False,0x0
1784019415.928,185,185,37206,3,1,22006,-13,-36,-115,-3,-5,1,98638,2356,7386,513,0xf,False,0x0
1784019416.128,186,186,37406,3,1,21951,57,18,-67,0,3,4,98645,2357,7386,481,0xf,False,0x0
1784019416.328,187,187,37606,3,1,21917,14,-52,-52,-4,2,5,98652,2357,7385,511,0xf,False,0x0
1784019416.528,188,188,37807,3,1,21852,53,49,-79,-4,-5,1,98660,2358,7385,515,0xf,False,0x0
1784019416.729,189,189,38007,3,1,21792,30,-53,-119,4,3,0,98667,2358,7385,480,0xf,False,0x0
1784019416.930,190,190,38208,3,1,21716,2,-16,-126,5,-3,-4,98674,2358,7385,510,0xf,False,0x0
1784019417.130,191,191,38408,3,1,21664,-20,-48,-142,-5,-3,-4,98682,2359,7385,501,0xf,False,0x0
1784019417.331,192,192,38609,3,1,21594,12,30,-119,5,4,3,98689,2359,7385,497,0xf,False,0x0
1784019417.531,193,193,38809,3,1,21526,28,-32,-52,3,5,-3,98696,2359,7385,493,0xf,False,0x0
1784019417.732,194,194,39010,3,1,21478,-54,44,-125,1,4,4,98704,2360,7385,492,0xf,False,0x0
1784019417.932,195,195,39210,3,1,21419,-27,52,-99,3,4,2,98711,2360,7385,520,0xf,False,0x0
1784019418.132,196,196,39410,3,1,21372,46,6,-63,-3,0,0,98719,2361,7385,507,0xf,False,0x0
1784019418.333,197,197,39611,3,1,21300,-5,40,-60,3,0,-5,98726,2361,7385,490,0xf,False,0x0
1784019418.533,198,198,39811,3,1,21235,42,17,-93,0,-1,-5,98734,2361,7385,509,0xf,False,0x0
1784019418.734,199,199,40012,3,1,21161,12,9,-72,-1,-2,-5,98741,2362,7384,495,0xf,False,0x0
1784019418.934,200,200,40212,3,1,21114,-18,30,-51,0,-4,-2,98749,2362,7384,507,0xf,False,0x0
1784019419.135,201,201,40413,3,1,21043,-59,-43,-48,-4,4,1,98756,2363,7384,482,0xf,False,0x0
1784019419.335,202,202,40613,3,1,21005,4,-24,-74,4,3,3,98764,2363,7384,482,0xf,False,0x0
1784019419.535,203,203,40813,3,1,20912,-2,-42,-92,1,3,1,98771,2363,7384,484,0xf,False,0x0
1784019419.735,204,204,41013,3,1,20847,-22,-16,-48,3,-2,1,98779,2364,7384,492,0xf,False,0x0
1784019419.936,205,205,41214,3,1,20819,43,-58,-96,4,-5,-2,98786,2364,7384,507,0xf,False,0x0
1784019420.136,206,206,41414,3,1,20759,57,-37,-131,4,5,0,98794,2365,7384,494,0xf,False,0x0
1784019420.336,207,207,41614,3,1,20668,-51,45,-92,4,-1,-4,98802,2365,7384,485,0xf,False,0x0
1784019420.537,208,208,41815,3,1,20618,-39,17,-132,-2,-1,4,98809,2365,7384,489,0xf,False,0x0
1784019420.938,210,210,42216,3,1,20478,-19,-25,-69,4,-4,5,98825,2366,7384,497,0xf,False,0x0
1784019421.138,211,211,42416,3,1,20442,-10,-37,-86,3,0,3,98832,2367,7384,513,0xf,False,0x0
1784019421.338,212,212,42616,3,1,20373,38,-16,-57,0,-3,-2,98840,2367,7383,497,0xf,False,0x0
1784019421.539,213,213,42817,3,1,20285,26,-29,-111,-3,0,5,98848,2368,7383,507,0xf,False,0x0
1784019421.740,214,214,43018,3,1,20247,20,40,-51,1,-3,-5,98856,2368,7383,481,0xf,False,0x0
1784019421.940,215,215,43218,3,1,20164,-24,53,-105,5,-2,0,98863,2368,7383,490,0xf,False,0x0
1784019422.141,216,216,43419,3,1,20109,53,-2,-118,-5,4,-1,98871,2369,7383,495,0xf,False,0x0
1784019422.341,217,217,43619,3,1,20050,-24,-24,-149,5,-4,1,98879,2369,7383,494,0xf,False,0x0
1784019422.542,218,218,43820,3,1,19990,-21,36,-137,0,-3,4,98887,2370,7383,492,0xf,False,0x0
1784019422.743,219,219,44021,3,1,19928,-50,29,-46,5,2,0,98895,2370,7383,512,0xf,False,0x0
1784019422.944,220,220,44222,3,1,19832,-59,-40,-96,2,-3,-4,98903,2370,7383,481,0xf,False,0x0
1784019423.145,221,221,44423,3,1,19774,-55,4,-86,-5,4,1,98911,2371,7383,503,0xf,False,0x0
1784019423.345,222,222,44623,3,1,19737,58,-44,-77,-1,-4,4,98919,2371,7383,516,0xf,False,0x0
1784019423.546,223,223,44824,3,1,19653,16,-40,-114,5,2,-5,98927,2372,7383,512,0xf,False,0x0
1784019423.747,224,224,45025,3,1,19583,-10,57,-58,-5,4,-2,98935,2372,7382,493,0xf,False,0x0
1784019423.947,225,225,45225,3,1,19510,25,-11,-109,0,-1,-3,98943,2373,7382,497,0xf,False,0x0
1784019424.148,226,226,45426,3,1,19472,52,26,-54,-4,-3,4,98951,2373,7382,518,0xf,False,0x0
1784019424.348,227,227,45626,3,1,19404,-51,19,-54,1,1,2,98959,2373,7382,504,0xf,False,0x0
1784019424.549,228,228,45827,3,1,19314,0,-49,-93,3,2,-3,98967,2374,7382,502,0xf,False,0x0
1784019424.749,229,229,46027,3,1,19269,10,-16,-147,0,1,-1,98975,2374,7382,513,0xf,False,0x0
1784019424.949,230,230,46227,3,1,19193,-21,-39,-101,1,1,1,98983,2375,7382,504,0xf,False,0x0
1784019425.150,231,231,46428,3,1,19114,2,-59,-98,1,1,2,98991,2375,7382,495,0xf,False,0x0
1784019425.350,232,232,46628,3,1,19069,14,-9,-123,5,2,-4,98999,2376,7382,512,0xf,False,0x0
1784019425.551,233,233,46829,3,1,18993,15,-27,-117,-5,5,4,99007,2376,7382,482,0xf,False,0x0
1784019425.752,234,234,47030,3,1,18932,39,10,-110,-5,-1,1,99016,2376,7382,494,0xf,False,0x0
1784019425.952,235,235,47230,3,1,18852,-21,-30,-64,1,3,-3,99024,2377,7382,512,0xf,False,0x0
1784019426.153,236,236,47431,3,1,18774,48,21,-108,0,0,1,99032,2377,7382,496,0xf,False,0x0
1784019426.353,237,237,47631,3,1,18738,-25,-2,-67,-2,1,0,99040,2378,7381,501,0xf,False,0x0
1784019426.554,238,238,47832,3,1,18659,-26,44,-91,4,5,1,99049,2378,7381,480,0xf,False,0x0
1784019426.754,239,239,48032,3,1,18573,-50,-34,-67,-1,4,-3,99057,2379,7381,503,0xf,False,0x0
1784019426.954,240,240,48232,3,1,18524,-5,-16,-131,2,0,3,99065,2379,7381,480,0xf,False,0x0
1784019427.155,241,241,48433,3,1,18455,-2,43,-150,-3,2,0,99074,2380,7381,518,0xf,False,0x0
1784019427.355,242,242,48633,3,1,18386,-44,-40,-94,-3,5,5,99082,2380,7381,519,0xf,False,0x0
1784019427.556,243,243,48834,3,1,18316,51,28,-73,-4,3,-5,99091,2380,7381,499,0xf,False,0x0
1784019427.757,244,244,49035,3,1,18224,-20,58,-139,-4,-5,3,99099,2381,7381,497,0xf,False,0x0
1784019427.957,245,245,49235,3,1,18155,-56,-33,-76,5,3,0,99108,2381,7381,500,0xf,False,0x0
1784019428.360,247,247,49638,3,1,18018,-26,-9,-135,3,5,-1,99125,2382,7381,482,0xf,False,0x0
1784019428.561,248,248,49839,3,1,17975,-7,-45,-139,1,-1,-1,99133,2383,7381,504,0xf,False,0x0
1784019428.761,249,249,50039,3,1,17884,-49,30,-152,0,-4,4,99142,2383,7380,510,0xf,False,0x0
1784019428.961,250,250,50239,3,1,17813,54,-45,-44,3,-1,-4,99150,2384,7380,481,0xf,False,0x0
1784019429.161,251,251,50439,3,1,17749,54,31,-125,3,3,1,99159,2384,7380,514,0xf,False,0x0
1784019429.362,252,252,50640,3,1,17681,9,-3,-109,-2,0,1,99168,2385,7380,503,0xf,False,0x0
1784019429.562,253,253,50841,3,1,17595,-28,-24,-131,-1,-1,0,99176,2385,7380,519,0xf,False,0x0
1784019429.764,254,254,51042,3,1,17522,-8,-19,-42,4,0,4,99185,2386,7380,505,0xf,False,0x0
1784019429.966,255,255,51244,3,1,17456,13,27,-97,-1,0,-2,99194,2386,7380,496,0xf,False,0x0
1784019430.166,256,256,51444,3,1,17405,-6,48,-60,-3,0,-4,99203,2386,7380,481,0xf,False,0x0
1784019430.367,257,257,51645,3,1,17336,-20,14,-126,1,-3,5,99212,2387,7380,502,0xf,False,0x0
1784019430.569,258,258,51847,3,1,17232,-59,2,-65,1,0,2,99221,2387,7380,489,0xf,False,0x0
1784019430.770,259,259,52048,3,1,17157,-12,42,-121,5,4,-1,99230,2388,7380,504,0xf,False,0x0
1784019430.985,260,260,52263,3,1,17099,51,-7,-92,5,-2,-3,99239,2388,7380,488,0xf,False,0x0
1784019431.187,261,261,52465,3,1,17003,-51,33,-154,0,-3,-5,99248,2389,7380,501,0xf,False,0x0
1784019431.387,262,262,52665,3,1,16943,-51,49,-58,0,0,0,99257,2389,7379,505,0xf,False,0x0
1784019431.591,263,263,52869,3,1,16890,8,-51,-70,-2,-5,-1,99266,2390,7379,481,0xf,False,0x0
1784019431.808,264,264,53086,3,1,16808,18,40,-78,2,-4,4,99276,2390,7379,500,0xf,False,0x0
1784019432.242,266,266,53520,3,1,16642,-14,25,-55,-2,5,-4,99296,2391,7379,497,0xf,False,0x0
1784019432.465,267,267,53743,3,1,16527,40,41,-48,-5,-5,-1,99306,2392,7379,487,0xf,False,0x0
1784019432.667,268,268,53945,3,1,16462,-7,-30,-132,5,-2,2,99315,2392,7379,513,0xf,False,0x0
1784019432.867,269,269,54145,3,1,16401,42,-53,-65,-5,-1,-4,99324,2393,7379,486,0xf,False,0x0
1784019433.068,270,270,54346,3,1,16310,17,59,-42,5,-2,-5,99334,2393,7379,496,0xf,False,0x0
1784019433.269,271,271,54548,3,1,16241,35,-14,-108,-2,-1,0,99343,2394,7379,488,0xf,False,0x0
1784019433.471,272,272,54749,3,1,16158,-36,-24,-129,5,-4,-2,99352,2394,7379,517,0xf,False,0x0
1784019433.672,273,273,54950,3,1,16097,-15,47,-100,-4,-4,-5,99362,2395,7379,520,0xf,False,0x0
1784019433.872,274,274,55150,3,1,15999,-30,5,-63,0,1,4,99371,2395,7378,485,0xf,False,0x0
1784019434.072,275,275,55350,3,1,15923,29,-27,-108,5,-4,-1,99381,2396,7378,501,0xf,False,0x0
1784019434.306,276,276,55584,3,1,15834,-16,-8,-122,-2,-3,-2,99392,2397,7378,487,0xf,False,0x0
1784019434.507,277,277,55785,3,1,15769,46,18,-140,-4,3,5,99401,2397,7378,520,0xf,False,0x0
1784019434.707,278,278,55985,3,1,15666,-39,-36,-59,4,1,2,99411,2398,7378,500,0xf,False,0x0
1784019434.908,279,279,56187,3,1,15614,-14,-48,-105,-2,-5,4,99420,2398,7378,494,0xf,False,0x0
1784019435.109,280,280,56387,3,1,15509,1,-26,-81,5,-3,-2,99430,2399,7378,502,0xf,False,0x0
1784019435.309,281,281,56587,3,1,15439,-14,-24,-77,-4,3,1,99440,2399,7378,502,0xf,False,0x0
1784019435.513,282,282,56791,3,1,15371,-4,5,-109,4,-3,-1,99450,2400,7378,506,0xf,False,0x0
1784019435.713,283,283,56991,3,1,15280,39,54,-89,5,5,5,99459,2400,7378,491,0xf,False,0x0
1784019435.913,284,284,57191,3,1,15227,-41,1,-141,-5,4,4,99469,2401,7378,508,0xf,False,0x0
1784019436.114,285,285,57392,3,1,15114,-38,15,-131,2,2,-4,99479,2401,7378,501,0xf,False,0x0
1784019436.314,286,286,57593,3,1,15041,30,17,-89,-5,0,1,99489,2402,7377,506,0xf,False,0x0
1784019436.515,287,287,57793,3,1,14970,16,-17,-117,4,-5,4,99499,2402,7377,489,0xf,False,0x0
1784019436.716,288,288,57994,3,1,14886,32,41,-44,0,5,1,99509,2403,7377,503,0xf,False,0x0
1784019436.916,289,289,58194,3,1,14789,59,-48,-156,3,0,-3,99519,2403,7377,518,0xf,False,0x0
1784019437.117,290,290,58395,3,1,14707,15,34,-79,4,-2,3,99529,2404,7377,508,0xf,False,0x0
1784019437.318,291,291,58596,3,1,14648,18,0,-110,4,1,-4,99539,2404,7377,485,0xf,False,0x0
1784019437.518,292,292,58796,3,1,14537,52,-7,-83,1,3,-3,99549,2405,7377,508,0xf,False,0x0
1784019437.718,293,293,58996,3,1,14485,-54,22,-66,-4,-1,3,99560,2405,7377,514,0xf,False,0x0
1784019437.919,294,294,59197,3,1,14370,0,47,-132,4,4,2,99570,2406,7377,518,0xf,False,0x0
1784019438.119,295,295,59397,3,1,14289,-58,-7,-135,5,-2,0,99580,2407,7377,498,0xf,False,0x0
1784019438.319,296,296,59597,3,1,14220,-2,-47,-126,-5,-3,-4,99590,2407,7377,490,0xf,False,0x0
1784019438.520,297,297,59798,3,1,14109,45,-35,-102,-1,3,1,99601,2408,7377,492,0xf,False,0x0
1784019438.720,298,298,59998,3,1,14026,-37,-30,-113,5,0,4,99611,2408,7377,480,0xf,False,0x0
1784019438.921,299,299,60199,3,1,13959,35,43,-105,3,-4,0,99622,2409,7376,513,0xf,False,0x0
1784019439.121,300,300,60399,3,1,13851,37,5,-50,-5,-1,0,99632,2409,7376,496,0xf,False,0x0
1784019439.324,301,301,60601,3,1,13764,-2,9,-156,5,-2,4,99643,2410,7376,481,0xf,False,0x0
1784019439.524,302,302,60802,3,1,13692,50,-29,-97,-2,3,-2,99654,2410,7376,489,0xf,False,0x0
1784019439.724,303,303,61002,3,1,13613,-52,-36,-146,1,-2,-2,99665,2411,7376,496,0xf,False,0x0
1784019439.925,304,304,61203,3,1,13536,48,-38,-61,0,-2,-1,99675,2412,7376,481,0xf,False,0x0
1784019440.125,305,305,61403,3,1,13418,13,-20,-77,3,-4,4,99686,2412,7376,516,0xf,False,0x0
1784019440.326,306,306,61604,3,1,13319,-55,55,-127,-2,4,0,99697,2413,7376,487,0xf,False,0x0
1784019440.526,307,307,61804,3,1,13266,-42,-49,-60,1,-5,4,99708,2413,7376,484,0xf,False,0x0
1784019440.726,308,308,62004,3,1,13152,25,29,-46,-3,1,3,99719,2414,7376,514,0xf,False,0x0
1784019440.927,309,309,62205,3,1,13054,-21,-7,-123,-1,-5,-2,99730,2415,7376,518,0xf,False,0x0
1784019441.127,310,310,62405,3,1,12971,-38,-6,-125,2,2,3,99741,2415,7376,493,0xf,False,0x0
1784019441.329,311,311,62607,3,1,12878,7,-39,-119,4,1,2,99753,2416,7375,480,0xf,False,0x0
1784019441.529,312,312,62808,3,1,12805,33,-59,-54,-4,5,0,99764,2416,7375,506,0xf,False,0x0
1784019441.730,313,313,63008,3,1,12714,5,-6,-114,0,1,0,99775,2417,7375,517,0xf,False,0x0
1784019441.930,314,314,63208,3,1,12593,54,-31,-58,-5,4,-4,99787,2418,7375,505,0xf,False,0x0
1784019442.130,315,315,63408,3,1,12521,38,60,-63,-3,-1,0,99798,2418,7375,481,0xf,False,0x0
1784019442.331,316,316,63609,3,1,12425,50,35,-103,-4,2,2,99810,2419,7375,503,0xf,False,0x0
1784019442.531,317,317,63809,3,1,12323,2,25,-110,-2,5,0,99821,2419,7375,482,0xf,False,0x0
1784019442.731,318,318,64009,3,1,12232,-45,37,-110,0,4,-3,99833,2420,7375,519,0xf,False,0x0
1784019442.932,319,319,64210,3,1,12118,48,-6,-141,-4,1,0,99845,2421,7375,483,0xf,False,0x0
1784019443.132,320,320,64410,3,1,12019,14,43,-137,1,0,5,99857,2421,7375,494,0xf,False,0x0
1784019443.333,321,321,64611,3,1,11924,-23,-12,-72,-1,1,-1,99869,2422,7375,512,0xf,False,0x0
1784019443.533,322,322,64811,3,1,11835,44,-21,-120,0,-3,-4,99881,2423,7375,520,0xf,False,0x0
1784019443.734,323,323,65012,3,1,11742,41,-36,-83,2,5,-4,99893,2423,7374,484,0xf,False,0x0
1784019443.934,324,324,65212,3,1,11643,34,38,-65,-3,3,1,99905,2424,7374,519,0xf,False,0x0
1784019444.135,325,325,65413,3,1,11527,15,-16,-63,5,1,0,99917,2425,7374,517,0xf,False,0x0
1784019444.335,326,326,65613,3,1,11443,46,37,-139,3,-2,3,99930,2425,7374,502,0xf,False,0x0
1784019444.538,327,327,65816,3,1,11317,-58,0,-77,-5,-4,5,99942,2426,7374,496,0xf,False,0x0
1784019444.738,328,328,66016,3,1,11242,-11,47,-139,-3,-3,-4,99955,2427,7374,520,0xf,False,0x0
1784019444.939,329,329,66217,3,1,11117,55,-28,-97,-1,4,-5,99968,2427,7374,484,0xf,False,0x0
1784019445.140,330,330,66418,3,1,11019,-51,52,-129,-3,0,5,99980,2428,7374,500,0xf,False,0x0
1784019445.340,331,331,66618,3,1,10922,56,24,-81,-1,-3,4,99993,2429,7374,497,0xf,False,0x0
1784019445.541,332,332,66819,3,1,10797,14,-25,-133,-2,-2,3,100006,2429,7374,512,0xf,False,0x0
1784019445.741,333,333,67019,3,1,10716,43,-20,-116,-1,5,-2,100019,2430,7374,507,0xf,False,0x0
1784019445.942,334,334,67220,3,1,10582,56,38,-64,-4,3,-2,100032,2431,7374,486,0xf,False,0x0
1784019446.143,335,335,67421,3,1,10476,52,-40,-68,4,5,-3,100046,2431,7374,497,0xf,False,0x0
1784019446.343,336,336,67621,3,1,10367,-48,-21,-39,-5,-1,2,100059,2432,7373,518,0xf,False,0x0
1784019446.744,338,338,68022,3,1,10161,59,-13,-118,-4,-3,-1,100086,2434,7373,492,0xf,False,0x0
1784019446.944,339,339,68222,3,1,10057,-49,20,-100,4,5,3,100100,2434,7373,498,0xf,False,0x0
1784019447.145,340,340,68423,3,1,9931,36,-20,-76,1,-5,3,100114,2435,7373,489,0xf,False,0x0
1784019447.345,341,341,68623,3,1,9810,-3,12,-103,2,-1,-3,100128,2436,7373,517,0xf,False,0x0
1784019447.546,342,342,68824,3,1,9679,55,-45,-90,-1,1,4,100142,2436,7373,507,0xf,False,0x0
1784019447.746,343,343,69024,3,1,9570,-58,42,-71,-4,4,-3,100156,2437,7373,483,0xf,False,0x0
1784019447.946,344,344,69224,3,1,9469,-33,43,-75,2,-2,-4,100171,2438,7373,481,0xf,False,0x0
1784019448.147,345,345,69425,3,1,9328,-31,30,-112,-1,1,-2,100185,2439,7373,491,0xf,False,0x0
1784019448.347,346,346,69625,3,1,9218,20,-47,-89,-2,4,-1,100200,2440,7373,514,0xf,False,0x0
1784019448.547,347,347,69825,3,1,9115,-4,-52,-84,5,2,-3,100215,2440,7373,489,0xf,False,0x0
1784019448.748,348,348,70026,3,1,8988,30,-29,-76,-5,-1,4,100230,2441,7372,506,0xf,False,0x0
1784019448.948,349,349,70226,3,1,8831,-14,22,-152,4,-5,-2,100245,2442,7372,511,0xf,False,0x0
1784019449.149,350,350,70427,3,1,8702,-25,-6,-108,-1,-4,-2,100260,2443,7372,513,0xf,False,0x0
1784019449.349,351,351,70627,3,1,8614,-55,21,-65,4,3,3,100276,2444,7372,501,0xf,False,0x0
1784019449.550,352,352,70828,3,1,8456,27,-41,-153,-4,5,-2,100292,2444,7372,483,0xf,False,0x0
1784019449.750,353,353,71028,3,1,8351,34,7,-71,0,-3,0,100308,2445,7372,508,0xf,False,0x0
1784019450.152,355,355,71430,3,1,8081,-17,60,-46,1,5,0,100340,2447,7372,496,0xf,False,0x0
1784019450.353,356,356,71631,3,1,7939,-30,-13,-111,5,-1,-3,100357,2448,7372,520,0xf,False,0x0
1784019450.758,358,358,72036,3,1,7654,-48,51,-153,-5,-5,4,100391,2450,7372,508,0xf,False,0x0
1784019450.959,359,359,72237,3,1,7495,27,-34,-51,0,5,-5,100409,2451,7372,483,0xf,False,0x0
1784019451.159,360,360,72437,3,1,7342,6,-48,-120,-4,3,4,100426,2452,7372,520,0xf,False,0x0
1784019451.359,361,361,72637,3,1,7209,55,-43,-127,3,1,-5,100444,2453,7371,491,0xf,False,0x0
1784019451.560,362,362,72838,3,1,7077,-50,-20,-147,3,5,3,100463,2454,7371,501,0xf,False,0x0
1784019451.760,363,363,73038,3,1,6898,-59,31,-72,-4,2,4,100481,2455,7371,481,0xf,False,0x0
1784019451.961,364,364,73239,3,1,6773,-13,30,-63,-5,3,-5,100500,2456,7371,508,0xf,False,0x0
1784019452.364,366,366,73643,3,1,6436,46,-22,-115,-1,5,2,100539,2458,7371,494,0xf,False,0x0
1784019452.565,367,367,73843,3,1,6276,-33,-4,-74,5,4,-2,100559,2459,7371,488,0xf,False,0x0
1784019452.766,368,368,74044,3,1,6093,45,-58,-67,0,4,3,100580,2460,7371,513,0xf,False,0x0
1784019452.966,369,369,74244,3,1,5929,47,59,-125,-1,-3,-5,100601,2461,7371,512,0xf,False,0x0
1784019453.167,370,370,74445,3,1,5743,50,11,-157,3,3,2,100623,2462,7371,500,0xf,False,0x0
1784019453.368,371,371,74646,3,1,5573,-54,10,-58,0,2,-5,100645,2463,7371,498,0xf,False,0x0
1784019453.569,372,372,74847,3,1,5381,33,-53,-32,-2,2,5,100667,2464,7371,486,0xf,False,0x0
1784019453.769,373,373,75047,3,1,5184,48,2,-129,-2,5,0,100691,2466,7370,518,0xf,False,0x0
1784019453.970,374,374,75248,3,1,4978,-59,-13,-83,-2,-3,-4,100715,2467,7370,506,0xf,False,0x0
1784019454.389,376,376,75667,3,1,4563,-3,-1,-110,5,4,-1,100768,2470,7370,494,0xf,False,0x0
1784019454.613,377,377,75891,3,1,4297,-48,-15,-146,2,-3,5,100798,2471,7370,515,0xf,False,0x0
1784019454.813,378,378,76091,3,1,4085,55,46,936,0,-5,1,100826,2473,7370,510,0xf,False,0x0
1784019455.018,379,379,76296,3,1,3853,44,-12,923,-4,-2,4,100856,2475,7370,494,0xf,False,0x0
1784019455.219,380,380,76497,3,1,3588,-44,-25,920,1,-1,-4,100887,2476,7370,510,0xf,False,0x0
1784019455.457,381,381,76735,3,1,3253,60,9,982,4,1,-5,100927,2478,7370,512,0xf,False,0x0
1784019455.657,382,382,76935,3,1,2970,-2,16,1038,1,3,-1,100963,2480,7370,500,0xf,False,0x0
1784019456.077,384,384,77355,3,1,2242,-14,-40,1090,5,0,-2,101050,2485,7370,504,0xf,False,0x0
1784019456.279,385,385,77557,3,1,1808,4,29,967,-3,-3,4,101101,2488,7369,485,0xf,False,0x0
1784019456.490,386,386,77768,3,1,1295,52,-35,995,3,-4,-2,101168,2491,7369,503,0xf,False,0x0
1784019456.695,387,387,77973,3,1,389,-53,-32,968,-2,-2,-4,101277,2497,7369,489,0xf,False,0x0
1784019456.940,388,388,78218,4,1,17,-32,-28,942,-1,0,-1,101325,2500,7369,489,0xf,False,0x0
1784019457.140,389,389,78418,4,1,-14,-30,41,1149,-3,-4,-2,101325,2500,7369,490,0xf,False,0x0
1784019457.543,391,391,78821,4,1,-10,42,-11,1047,4,-4,1,101325,2500,7369,520,0xf,False,0x0
1784019457.744,392,392,79022,4,1,7,46,44,912,-3,1,-5,101325,2500,7369,509,0xf,False,0x0
1784019457.945,393,393,79223,4,1,-8,-12,-58,1133,2,-5,2,101325,2500,7369,502,0xf,False,0x0
1784019458.145,394,394,79423,4,1,-19,42,-22,987,3,-4,3,101325,2500,7369,510,0xf,False,0x0
1784019458.345,395,395,79623,4,1,-9,-21,-48,986,-2,-2,3,101325,2500,7369,482,0xf,False,0x0
1784019458.546,396,396,79824,4,1,4,-21,-19,1082,-5,-1,4,101325,2500,7369,486,0xf,False,0x0
1784019458.746,397,397,80024,4,1,-20,-18,-28,1084,-5,5,4,101325,2500,7368,516,0xf,False,0x0
1784019458.946,398,398,80224,4,1,-6,-60,30,1094,5,-1,3,101325,2500,7368,491,0xf,False,0x0
1784019459.147,399,399,80425,4,1,20,47,47,920,5,-5,4,101325,2500,7368,484,0xf,False,0x0
1784019459.347,400,400,80625,4,1,2,36,-33,1054,4,-4,-1,101325,2500,7368,500,0xf,False,0x0
1784019459.548,401,401,80826,4,1,16,-48,40,953,-5,-4,-5,101325,2500,7368,517,0xf,False,0x0
1784019459.749,402,402,81027,4,1,-12,-47,-3,1053,3,-3,-4,101325,2500,7368,483,0xf,False,0x0
1784019459.950,403,403,81228,4,1,7,-41,-13,930,-4,-5,-3,101325,2500,7368,494,0xf,False,0x0
1784019460.150,404,404,81428,4,1,-10,-59,-33,943,-4,5,-5,101325,2500,7368,489,0xf,False,0x0
1784019460.350,405,405,81628,4,1,13,-31,-13,1075,0,3,5,101325,2500,7368,492,0xf,False,0x0
1784019460.551,406,406,81829,4,1,-3,21,-52,1121,0,-4,2,101325,2500,7368,482,0xf,False,0x0
1784019460.751,407,407,82029,4,1,0,28,-47,1038,-3,4,5,101325,2500,7368,511,0xf,False,0x0
1784019460.952,408,408,82230,4,1,-9,-36,9,1139,-4,-2,0,101325,2500,7368,494,0xf,False,0x0
1784019461.152,409,409,82430,4,1,-20,47,-28,1034,2,4,3,101325,2500,7368,509,0xf,False,0x0
1784019461.353,410,410,82631,4,1,-6,-40,0,927,-3,-4,2,101325,2500,7367,491,0xf,False,0x0
1784019461.553,411,411,82831,4,1,11,35,-26,1020,3,-3,0,101325,2500,7367,518,0xf,False,0x0
1784019461.753,412,412,83031,4,1,0,52,40,950,3,2,4,101325,2500,7367,481,0xf,False,0x0
1784019461.954,413,413,83232,4,1,-10,33,6,999,-5,3,3,101325,2500,7367,505,0xf,False,0x0
1784019462.154,414,414,83432,4,1,-18,-26,-35,907,2,1,0,101325,2500,7367,504,0xf,False,0x0
1784019462.354,415,415,83632,4,1,7,22,45,852,2,2,-2,101325,2500,7367,517,0xf,False,0x0
1784019462.555,416,416,83833,4,1,9,58,2,1116,4,-5,1,101325,2500,7367,499,0xf,False,0x0
1784019462.755,417,417,84033,4,1,8,59,43,1025,1,3,-4,101325,2500,7367,507,0xf,False,0x0
1784019462.956,418,418,84234,4,1,2,-45,4,1067,5,0,-4,101325,2500,7367,503,0xf,False,0x0
1784019463.156,419,419,84434,4,1,13,59,-36,985,-4,-4,5,101325,2500,7367,498,0xf,False,0x0
1784019463.356,420,420,84634,4,1,8,-58,-23,921,5,-1,4,101325,2500,7367,488,0xf,False,0x0
1784019463.557,421,421,84835,4,1,-3,23,25,881,3,1,4,101325,2500,7367,499,0xf,False,0x0
1784019463.757,422,422,85035,4,1,-12,-2,-39,899,2,5,-2,101325,2500,7366,507,0xf,False,0x0
1784019463.957,423,423,85235,4,1,-6,39,26,1060,-5,-5,-3,101325,2500,7366,500,0xf,False,0x0
1784019464.158,424,424,85436,4,1,-6,-20,21,873,3,-4,-1,101325,2500,7366,496,0xf,False,0x0
1784019464.358,425,425,85636,4,1,-9,-60,-32,892,1,3,1,101325,2500,7366,499,0xf,False,0x0
1784019464.559,426,426,85837,4,1,-8,-33,-28,907,3,-1,5,101325,2500,7366,516,0xf,False,0x0
1784019464.759,427,427,86037,4,1,-12,-58,-5,921,-4,0,0,101325,2500,7366,484,0xf,False,0x0
1784019464.960,428,428,86238,4,1,-2,-57,-54,967,2,1,-1,101325,2500,7366,506,0xf,False,0x0
1784019465.160,429,429,86438,4,1,13,17,-48,994,-3,5,5,101325,2500,7366,518,0xf,False,0x0
1784019465.363,430,430,86641,4,1,-7,-26,-44,1097,5,4,0,101325,2500,7366,517,0xf,False,0x0
1784019465.564,431,431,86842,4,1,-9,-52,30,927,1,-3,2,101325,2500,7366,513,0xf,False,0x0
1784019465.764,432,432,87042,4,1,-15,-30,51,1011,3,3,0,101325,2500,7366,493,0xf,False,0x0
1784019465.967,433,433,87245,4,1,19,-6,-27,958,1,5,-3,101325,2500,7366,511,0xf,False,0x0
1784019466.169,434,434,87447,4,1,-16,-33,-7,995,5,1,-1,101325,2500,7366,493,0xf,False,0x0
1784019466.371,435,435,87649,4,1,-17,34,7,1108,5,4,-1,101325,2500,7365,486,0xf,False,0x0
1784019466.571,436,436,87849,4,1,18,-29,20,997,5,1,5,101325,2500,7365,488,0xf,False,0x0
1784019466.771,437,437,88049,4,1,19,13,26,925,0,1,-1,101325,2500,7365,499,0xf,False,0x0
1784019466.972,438,438,88250,4,1,-9,-18,2,892,4,1,4,101325,2500,7365,491,0xf,False,0x0
1784019467.174,439,439,88452,4,1,-19,50,20,971,-4,1,1,101325,2500,7365,503,0xf,False,0x0
1784019467.374,440,440,88652,4,1,-6,-22,-55,1060,3,-5,-2,101325,2500,7365,502,0xf,False,0x0
1784019467.576,441,441,88854,4,1,1,20,35,868,2,-5,-4,101325,2500,7365,512,0xf,False,0x0
1784019467.776,442,442,89054,4,1,5,-3,-14,1008,1,4,2,101325,2500,7365,509,0xf,False,0x0
1784019467.977,443,443,89255,4,1,9,11,-20,1009,1,-2,-3,101325,2500,7365,513,0xf,False,0x0
1784019468.177,444,444,89455,4,1,-18,48,-19,954,1,-4,1,101325,2500,7365,483,0xf,False,0x0
1784019468.380,445,445,89658,4,1,-17,50,26,972,4,1,-5,101325,2500,7365,481,0xf,False,0x0
1784019468.585,446,446,89863,4,1,1,-52,-6,1003,-1,-5,0,101325,2500,7365,494,0xf,False,0x0
1784019468.802,447,447,90080,4,1,-19,19,43,954,2,0,2,101325,2500,7364,514,0xf,False,0x0
1784019469.206,449,449,90484,4,1,20,56,-56,1050,-1,5,3,101325,2500,7364,491,0xf,False,0x0
1784019469.410,450,450,90688,4,1,-8,-20,46,1083,-4,-1,-3,101325,2500,7364,499,0xf,False,0x0
1784019469.613,451,451,90891,4,1,18,1,-47,1058,-3,-3,-3,101325,2500,7364,511,0xf,False,0x0
1784019469.814,452,452,91092,4,1,-11,42,12,1070,5,-3,-3,101325,2500,7364,488,0xf,False,0x0
1784019470.015,453,453,91293,4,1,0,40,22,1082,-4,5,0,101325,2500,7364,512,0xf,False,0x0
1784019470.217,454,454,91495,4,1,-1,57,-53,984,-1,2,1,101325,2500,7364,481,0xf,False,0x0
1784019470.418,455,455,91696,4,1,19,32,6,1033,-3,3,2,101325,2500,7364,487,0xf,False,0x0
1784019470.650,456,456,91928,4,1,-7,9,-9,987,-4,2,1,101325,2500,7364,514,0xf,False,0x0
1784019470.850,457,457,92128,4,1,6,45,38,1010,-4,5,-5,101325,2500,7364,511,0xf,False,0x0
1784019471.051,458,458,92329,4,1,-3,-47,3,1115,-5,-5,-4,101325,2500,7364,487,0xf,False,0x0
1784019471.264,459,459,92542,4,1,-14,60,42,1064,-1,5,-3,101325,2500,7363,510,0xf,False,0x0
1784019471.465,460,460,92743,4,1,-20,-53,-40,1106,1,5,-2,101325,2500,7363,481,0xf,False,0x0
1784019471.666,461,461,92944,4,1,4,-14,21,927,1,4,0,101325,2500,7363,520,0xf,False,0x0
1784019471.868,462,462,93146,4,1,-20,-36,-41,1013,2,0,0,101325,2500,7363,492,0xf,False,0x0
1784019472.081,463,463,93359,4,1,-5,49,-39,951,4,-3,-4,101325,2500,7363,512,0xf,False,0x0
1784019472.295,464,464,93573,4,1,18,21,14,954,-3,4,0,101325,2500,7363,498,0xf,False,0x0
1784019472.495,465,465,93773,4,1,18,-31,-46,887,5,-4,-1,101325,2500,7363,489,0xf,False,0x0
1784019472.696,466,466,93974,4,1,13,-17,-45,921,4,-5,2,101325,2500,7363,499,0xf,False,0x0
1784019472.896,467,467,94174,4,1,13,60,-19,1078,-2,0,1,101325,2500,7363,502,0xf,False,0x0
1784019473.096,468,468,94375,4,1,-7,39,-25,1033,2,1,3,101325,2500,7363,501,0xf,False,0x0
1784019473.297,469,469,94575,4,1,-15,41,9,1057,5,0,-3,101325,2500,7363,512,0xf,False,0x0
1784019473.497,470,470,94775,4,1,-8,41,5,1066,5,-2,2,101325,2500,7363,491,0xf,False,0x0
1784019473.698,471,471,94976,4,1,5,6,-25,883,-2,3,2,101325,2500,7363,489,0xf,False,0x0
1784019473.898,472,472,95176,4,1,8,-30,-47,1110,-5,3,-4,101325,2500,7362,520,0xf,False,0x0
1784019474.099,473,473,95377,4,1,3,-46,21,1158,5,4,4,101325,2500,7362,497,0xf,False,0x0
1784019474.299,474,474,95577,4,1,-17,38,-22,957,5,5,-4,101325,2500,7362,501,0xf,False,0x0
1784019474.500,475,475,95778,4,1,-14,32,-43,1004,5,-2,2,101325,2500,7362,511,0xf,False,0x0
1784019474.700,476,476,95978,4,1,1,-47,48,980,1,-1,-4,101325,2500,7362,489,0xf,False,0x0
1784019474.901,477,477,96179,4,1,15,13,28,962,-3,-5,-4,101325,2500,7362,517,0xf,False,0x0
1784019475.101,478,478,96379,4,1,8,4,-27,1058,3,1,4,101325,2500,7362,480,0xf,False,0x0
1784019475.302,479,479,96580,4,1,-17,-26,-31,990,-2,1,-2,101325,2500,7362,507,0xf,False,0x0
1784019475.503,480,480,96781,4,1,-16,-16,22,994,-3,2,-4,101325,2500,7362,509,0xf,False,0x0
1784019475.704,481,481,96982,4,1,-20,60,-19,888,-4,-5,0,101325,2500,7362,490,0xf,False,0x0
1784019475.906,482,482,97183,4,1,5,35,-2,1055,4,0,-1,101325,2500,7362,500,0xf,False,0x0
1784019476.107,483,483,97385,4,1,-9,-27,49,1072,5,-4,4,101325,2500,7362,516,0xf,False,0x0
1784019476.307,484,484,97585,4,1,12,-43,22,941,1,3,-1,101325,2500,7361,486,0xf,False,0x0
1784019476.507,485,485,97786,4,1,0,53,-9,996,0,3,-5,101325,2500,7361,518,0xf,False,0x0
1784019476.708,486,486,97986,4,1,2,2,-35,936,-3,-3,3,101325,2500,7361,483,0xf,False,0x0
1784019476.909,487,487,98187,4,1,4,-15,-53,1049,5,5,0,101325,2500,7361,490,0xf,False,0x0
1784019477.109,488,488,98387,4,1,0,49,60,1016,1,-2,-5,101325,2500,7361,515,0xf,False,0x0
1784019477.310,489,489,98588,4,1,-2,44,40,1128,-3,0,0,101325,2500,7361,513,0xf,False,0x0
1784019477.511,490,490,98789,4,1,-3,30,-19,1087,-4,1,-4,101325,2500,7361,516,0xf,False,0x0
1784019477.711,491,491,98989,4,1,-3,13,-58,1120,4,-5,-4,101325,2500,7361,514,0xf,False,0x0
1784019477.912,492,492,99190,4,1,-11,-39,1,947,3,5,1,101325,2500,7361,486,0xf,False,0x0
1784019478.112,493,493,99390,4,1,19,-57,44,935,-4,-5,3,101325,2500,7361,484,0xf,False,0x0
1784019478.314,494,494,99592,4,1,-2,14,-53,1079,0,5,1,101325,2500,7361,496,0xf,False,0x0
1784019478.715,496,496,99993,4,1,-14,35,55,1094,1,0,-3,101325,2500,7361,491,0xf,False,0x0
1784019478.916,497,497,100194,4,1,12,-21,-22,923,3,4,2,101325,2500,7360,497,0xf,False,0x0
1784019479.117,498,498,100395,4,1,-11,-43,27,1047,2,-2,5,101325,2500,7360,489,0xf,False,0x0
1784019479.318,499,499,100596,4,1,11,18,-55,1002,-1,-2,1,101325,2500,7360,494,0xf,False,0x0
1784019479.518,500,500,100796,4,1,1,-36,59,1066,-2,0,-1,101325,2500,7360,506,0xf,False,0x0
1784019479.718,501,501,100996,4,1,7,42,24,906,0,3,-4,101325,2500,7360,497,0xf,False,0x0
1784019479.918,502,502,101196,4,1,-12,-11,33,977,0,4,-5,101325,2500,7360,512,0xf,False,0x0
1784019480.123,503,503,101401,4,1,16,-1,-18,991,1,3,5,101325,2500,7360,507,0xf,False,0x0
1784019480.536,505,505,101814,4,1,18,-4,-30,1015,-4,1,-3,101325,2500,7360,516,0xf,False,0x0
1784019480.738,506,506,102016,4,1,18,44,12,954,-4,3,4,101325,2500,7360,483,0xf,False,0x0
1784019480.941,507,507,102219,4,1,4,2,29,1057,-1,3,3,101325,2500,7360,490,0xf,False,0x0
1784019481.141,508,508,102419,4,1,13,2,55,965,0,-1,-2,101325,2500,7360,486,0xf,False,0x0
1784019481.341,509,509,102619,4,1,-18,52,-52,972,4,4,-2,101325,2500,7359,491,0xf,False,0x0
1784019481.542,510,510,102820,4,1,16,57,54,869,-2,5,-2,101325,2500,7359,498,0xf,False,0x0
1784019481.742,511,511,103020,4,1,-16,21,53,925,0,-3,5,101325,2500,7359,506,0xf,False,0x0
1784019481.942,512,512,103220,4,1,1,29,-16,1051,-3,4,1,101325,2500,7359,484,0xf,False,0x0
1784019482.143,513,513,103421,4,1,-5,-34,46,1004,1,3,-1,101325,2500,7359,484,0xf,False,0x0
1784019482.344,514,514,103622,4,1,5,-54,-39,954,0,-2,-3,101325,2500,7359,509,0xf,False,0x0
1784019482.546,515,515,103824,4,1,15,-18,16,1083,4,-3,-2,101325,2500,7359,503,0xf,False,0x0
1784019482.746,516,516,104024,4,1,-5,30,-4,1067,1,-1,4,101325,2500,7359,481,0xf,False,0x0
1784019482.947,517,517,104225,4,1,18,-48,-57,950,-4,5,4,101325,2500,7359,480,0xf,False,0x0
1784019483.147,518,518,104426,4,1,1,31,-14,1033,0,-5,-2,101325,2500,7359,517,0xf,False,0x0
1784019483.348,519,519,104626,4,1,-10,-35,-8,866,4,0,4,101325,2500,7359,509,0xf,False,0x0
1784019483.549,520,520,104827,4,1,15,-2,58,1056,5,-5,-5,101325,2500,7359,504,0xf,False,0x0
1784019483.749,521,521,105027,4,1,-7,30,-43,970,1,3,0,101325,2500,7358,480,0xf,False,0x0
1784019483.949,522,522,105227,4,1,15,-4,53,1054,2,-5,5,101325,2500,7358,481,0xf,False,0x0
1784019484.150,523,523,105428,4,1,-5,18,-29,1078,1,-3,1,101325,2500,7358,486,0xf,False,0x0
1784019484.351,524,524,105629,4,1,-6,1,31,1039,-5,-3,1,101325,2500,7358,511,0xf,False,0x0
1784019484.551,525,525,105829,4,1,13,-47,20,965,-1,-2,4,101325,2500,7358,502,0xf,False,0x0
1784019484.952,527,527,106230,4,1,-15,9,23,949,-3,-3,-5,101325,2500,7358,498,0xf,False,0x0
1784019485.152,528,528,106430,4,1,1,-9,23,930,4,4,0,101325,2500,7358,488,0xf,False,0x0
1784019485.353,529,529,106631,4,1,0,-38,44,963,-5,-4,-3,101325,2500,7358,519,0xf,False,0x0
1784019485.553,530,530,106831,4,1,-3,18,-47,894,1,1,0,101325,2500,7358,512,0xf,False,0x0
1784019485.954,532,532,107232,4,1,-15,-34,27,1069,-1,-5,-1,101325,2500,7358,481,0xf,False,0x0
1784019486.154,533,533,107432,4,1,13,35,50,1057,2,-4,-2,101325,2500,7358,497,0xf,False,0x0
1784019486.354,534,534,107632,4,1,-12,21,17,1050,1,0,-4,101325,2500,7357,497,0xf,False,0x0
1784019486.555,535,535,107833,4,1,10,41,8,917,-3,0,4,101325,2500,7357,489,0xf,False,0x0
1784019486.755,536,536,108033,4,1,17,46,-30,1026,0,3,2,101325,2500,7357,505,0xf,False,0x0
1784019486.956,537,537,108234,4,1,19,-12,-59,1009,-2,5,-4,101325,2500,7357,498,0xf,False,0x0
1784019487.356,539,539,108634,4,1,-18,23,-36,917,5,4,1,101325,2500,7357,503,0xf,False,0x0
1784019487.557,540,540,108835,4,1,-17,-50,-52,984,2,-5,3,101325,2500,7357,487,0xf,False,0x0
1784019487.757,541,541,109035,4,1,13,-42,-19,1034,4,0,0,101325,2500,7357,502,0xf,False,0x0
1784019487.958,542,542,109236,4,1,2,23,-33,855,-4,-2,-4,101325,2500,7357,509,0xf,False,0x0
1784019488.158,543,543,109436,4,1,11,60,11,895,-5,-3,-5,101325,2500,7357,480,0xf,False,0x0
1784019488.358,544,544,109636,4,1,-13,-54,44,981,-3,4,-5,101325,2500,7357,510,0xf,False,0x0
1784019488.559,545,545,109837,4,1,-1,36,-18,922,0,-2,-1,101325,2500,7357,495,0xf,False,0x0
1784019488.759,546,546,110037,4,1,5,-47,-51,942,-3,-2,1,101325,2500,7356,511,0xf,False,0x0
1784019488.959,547,547,110238,4,1,16,-10,11,1103,-4,-5,3,101325,2500,7356,503,0xf,False,0x0
1784019489.161,548,548,110439,4,1,12,21,-9,950,5,1,-1,101325,2500,7356,517,0xf,False,0x0
1784019489.361,549,549,110639,4,1,2,-1,27,1033,-4,-3,-1,101325,2500,7356,501,0xf,False,0x0
1784019489.561,550,550,110839,4,1,11,50,25,1048,4,-2,-5,101325,2500,7356,509,0xf,False,0x0
1784019489.762,551,551,111040,4,1,0,44,-53,1027,-5,2,2,101325,2500,7356,518,0xf,False,0x0
1784019489.962,552,552,111240,4,1,16,37,-15,1027,-3,4,-5,101325,2500,7356,505,0xf,False,0x0
1784019490.164,553,553,111442,4,1,19,-60,-23,1141,4,3,4,101325,2500,7356,482,0xf,False,0x0
1784019490.365,554,554,111643,4,1,-1,-37,13,864,-4,3,-4,101325,2500,7356,499,0xf,False,0x0
1784019490.565,555,555,111843,4,1,20,-37,-26,1098,1,4,2,101325,2500,7356,489,0xf,False,0x0
1784019490.766,556,556,112044,4,1,-18,30,-45,974,1,5,-1,101325,2500,7356,497,0xf,False,0x0
1784019490.967,557,557,112245,4,1,16,-15,-22,1000,-1,-4,-5,101325,2500,7356,496,0xf,False,0x0
1784019491.167,558,558,112445,4,1,-3,5,-47,1087,-4,0,4,101325,2500,7356,507,0xf,False,0x0
1784019491.368,559,559,112646,4,1,3,-19,-40,913,4,1,-2,101325,2500,7355,516,0xf,False,0x0
1784019491.568,560,560,112846,4,1,14,58,-35,884,-2,-1,2,101325,2500,7355,514,0xf,False,0x0
1784019491.770,561,561,113048,4,1,-1,22,-49,953,4,-4,1,101325,2500,7355,480,0xf,False,0x0
1784019491.971,562,562,113249,4,1,-6,38,48,985,-4,0,-5,101325,2500,7355,480,0xf,False,0x0
1784019492.171,563,563,113449,4,1,2,45,4,1112,3,3,0,101325,2500,7355,484,0xf,False,0x0
1784019492.372,564,564,113650,4,1,9,-57,-51,975,-4,-1,-4,101325,2500,7355,504,0xf,False,0x0
1784019492.572,565,565,113850,4,1,3,-10,32,1073,0,4,3,101325,2500,7355,517,0xf,False,0x0
1784019492.773,566,566,114051,4,1,5,-53,9,965,0,-2,4,101325,2500,7355,504,0xf,False,0x0
1784019492.973,567,567,114252,4,1,-4,-27,-46,986,-3,2,4,101325,2500,7355,507,0xf,False,0x0
1784019493.174,568,568,114452,4,1,-19,-18,-7,1006,2,5,-4,101325,2500,7355,507,0xf,False,0x0
1784019493.374,569,569,114652,4,1,-15,-10,-32,948,-1,-5,-4,101325,2500,7355,480,0xf,False,0x0
1784019493.576,570,570,114855,4,1,-2,-21,52,952,5,-4,-2,101325,2500,7355,504,0xf,False,0x0
1784019493.778,571,571,115056,4,1,4,39,13,1001,5,-2,4,101325,2500,7354,486,0xf,False,0x0
1784019493.982,572,572,115260,4,1,-1,58,46,965,3,2,3,101325,2500,7354,509,0xf,False,0x0
1784019494.184,573,573,115462,4,1,-3,-13,22,877,-3,-1,-2,101325,2500,7354,519,0xf,False,0x0
1784019494.385,574,574,115663,4,1,19,-50,-23,957,0,0,5,101325,2500,7354,480,0xf,False,0x0
1784019494.585,575,575,115863,4,1,-3,47,-5,1011,-3,1,3,101325,2500,7354,480,0xf,False,0x0
1784019494.797,576,576,116075,4,1,13,-10,49,936,2,-1,-4,101325,2500,7354,494,0xf,False,0x0
1784019495.001,577,577,116279,4,1,20,-39,-5,1087,-2,1,4,101325,2500,7354,520,0xf,False,0x0
1784019495.203,578,578,116481,4,1,20,32,-11,1054,-5,0,-2,101325,2500,7354,515,0xf,False,0x0
1784019495.404,579,579,116682,4,1,2,21,-39,1022,3,-4,-4,101325,2500,7354,510,0xf,False,0x0
1784019495.608,580,580,116886,4,1,16,15,4,1095,-2,4,2,101325,2500,7354,507,0xf,False,0x0
1784019495.810,581,581,117088,4,1,2,40,12,1032,5,0,-2,101325,2500,7354,512,0xf,False,0x0
1784019496.039,582,582,117317,4,1,-15,-34,56,888,0,-1,-5,101325,2500,7354,506,0xf,False,0x0
1784019496.255,583,583,117533,4,1,15,-55,-55,920,5,-2,-1,101325,2500,7353,489,0xf,False,0x0
1784019496.463,584,584,117741,4,1,11,-60,-43,1103,3,-4,-3,101325,2500,7353,508,0xf,False,0x0
1784019496.674,585,585,117952,4,1,-11,35,-16,1000,-2,5,5,101325,2500,7353,492,0xf,False,0x0
1784019496.898,586,586,118176,4,1,6,-15,0,1050,5,-1,0,101325,2500,7353,485,0xf,False,0x0
1784019497.098,587,587,118376,4,1,16,1,-26,921,-4,1,3,101325,2500,7353,501,0xf,False,0x0
1784019497.516,589,589,118794,4,1,11,-3,-29,923,-5,3,1,101325,2500,7353,487,0xf,False,0x0
1784019497.717,590,590,118995,4,1,-19,-36,2,1008,-4,0,4,101325,2500,7353,505,0xf,False,0x0
1784019497.917,591,591,119195,4,1,-14,31,36,1034,2,2,-2,101325,2500,7353,485,0xf,False,0x0
1784019498.117,592,592,119395,4,1,11,-32,39,913,-1,3,-2,101325,2500,7353,482,0xf,False,0x0
1784019498.318,593,593,119595,4,1,7,-45,-8,934,-2,-4,-5,101325,2500,7353,509,0xf,False,0x0
1784019498.719,595,595,119997,4,1,0,-14,40,897,-4,5,3,101325,2500,7353,502,0xf,False,0x0
1784019498.920,596,596,120198,4,1,4,-12,27,996,1,-1,4,101325,2500,7352,514,0xf,False,0x0
1784019499.141,597,597,120419,4,1,20,-12,14,1064,-2,-5,-5,101325,2500,7352,511,0xf,False,0x0
1784019499.341,598,598,120619,4,1,15,-27,-20,876,0,1,4,101325,2500,7352,498,0xf,False,0x0
1784019499.542,599,599,120820,4,1,15,23,40,1117,4,0,0,101325,2500,7352,486,0xf,False,0x0
1784019499.742,600,600,121020,4,1,13,-53,1,903,1,3,-2,101325,2500,7352,498,0xf,False,0x0
1784019499.943,601,601,121221,4,1,13,-51,6,1103,2,3,0,101325,2500,7352,491,0xf,False,0x0
1784019500.143,602,602,121421,4,1,-14,60,-16,899,1,4,2,101325,2500,7352,511,0xf,False,0x0
1784019500.344,603,603,121622,4,1,-9,24,41,1064,2,-5,-5,101325,2500,7352,484,0xf,False,0x0
1784019500.545,604,604,121823,4,1,-20,-33,-25,964,-5,-2,5,101325,2500,7352,495,0xf,False,0x0
1784019500.745,605,605,122023,4,1,-14,12,-48,1014,3,1,-3,101325,2500,7352,496,0xf,False,0x0
1784019500.946,606,606,122224,4,1,-16,-19,-15,1125,1,5,3,101325,2500,7352,506,0xf,False,0x0
1784019501.146,607,607,122424,4,1,14,-33,-59,1077,0,-4,-5,101325,2500,7352,519,0xf,False,0x0
1784019501.347,608,608,122625,4,1,15,-24,-21,1025,-5,-1,0,101325,2500,7351,508,0xf,False,0x0
1784019501.547,609,609,122825,4,1,-17,-46,32,1012,0,-3,-5,101325,2500,7351,511,0xf,False,0x0
1784019501.748,610,610,123026,4,1,-18,-25,35,853,-3,1,-4,101325,2500,7351,509,0xf,False,0x0
1784019501.948,611,611,123226,4,1,-12,-42,55,1051,-3,1,-1,101325,2500,7351,494,0xf,False,0x0
1784019502.149,612,612,123427,4,1,16,56,-42,989,0,5,1,101325,2500,7351,483,0xf,False,0x0
1784019502.349,613,613,123627,4,1,10,-56,20,864,-4,-5,-4,101325,2500,7351,496,0xf,False,0x0
1784019502.550,614,614,123828,4,1,-4,10,-48,1111,-2,-5,-2,101325,2500,7351,482,0xf,False,0x0
1784019502.750,615,615,124028,4,1,11,14,-47,1047,0,1,1,101325,2500,7351,502,0xf,False,0x0
1784019502.951,616,616,124229,4,1,-8,-45,-50,1151,3,-5,2,101325,2500,7351,520,0xf,False,0x0
1784019503.151,617,617,124429,4,1,-3,-15,60,1064,4,-4,1,101325,2500,7351,499,0xf,False,0x0
1784019503.352,618,618,124630,4,1,6,-3,54,938,-3,5,1,101325,2500,7351,516,0xf,False,0x0
1784019503.553,619,619,124831,4,1,7,-4,52,960,-5,-3,0,101325,2500,7351,510,0xf,False,0x0
1784019503.954,621,621,125232,4,1,7,35,-47,1054,5,5,3,101325,2500,7350,485,0xf,False,0x0
1784019504.154,622,622,125432,4,1,1,49,28,1073,1,-1,-2,101325,2500,7350,505,0xf,False,0x0
1784019504.354,623,623,125632,4,1,-8,-26,1,1007,3,5,-3,101325,2500,7350,483,0xf,False,0x0
1784019504.554,624,624,125833,4,1,-9,52,-45,1077,-2,-4,-3,101325,2500,7350,507,0xf,False,0x0
1784019504.755,625,625,126033,4,1,6,37,12,1096,3,-5,-4,101325,2500,7350,508,0xf,False,0x0
1784019504.955,626,626,126233,4,1,-13,37,-25,1037,3,0,2,101325,2500,7350,519,0xf,False,0x0
1784019505.156,627,627,126434,4,1,13,35,-28,897,-5,4,5,101325,2500,7350,480,0xf,False,0x0
1784019505.356,628,628,126634,4,1,-20,-34,41,1042,4,0,4,101325,2500,7350,502,0xf,False,0x0
1784019505.557,629,629,126835,4,1,6,-48,26,976,3,-1,-2,101325,2500,7350,519,0xf,False,0x0
1784019505.757,630,630,127035,4,1,-13,33,58,1071,2,1,3,101325,2500,7350,498,0xf,False,0x0
1784019505.959,631,631,127237,4,1,6,45,37,951,5,-2,0,101325,2500,7350,487,0xf,False,0x0
1784019506.159,632,632,127437,4,1,11,16,-54,1038,1,-3,5,101325,2500,7350,484,0xf,False,0x0
1784019506.360,633,633,127638,4,1,7,-60,-34,903,4,0,-3,101325,2500,7349,516,0xf,False,0x0
1784019506.560,634,634,127838,4,1,-9,44,-15,921,5,-5,-2,101325,2500,7349,504,0xf,False,0x0
1784019506.761,635,635,128039,4,1,19,60,-59,1095,1,4,5,101325,2500,7349,518,0xf,False,0x0
1784019506.961,636,636,128240,4,1,-18,30,-29,998,-1,2,3,101325,2500,7349,510,0xf,False,0x0
1784019507.162,637,637,128440,4,1,8,55,59,1070,1,-2,-1,101325,2500,7349,485,0xf,False,0x0
1784019507.362,638,638,128640,4,1,-14,-13,29,1030,5,1,2,101325,2500,7349,517,0xf,False,0x0
1784019507.562,639,639,128841,4,1,-3,-57,7,1044,1,-5,-2,101325,2500,7349,486,0xf,False,0x0
1784019507.763,640,640,129041,4,1,-7,-7,47,1016,-4,2,-3,101325,2500,7349,490,0xf,False,0x0
1784019507.963,641,641,129241,4,1,17,0,-45,998,3,-5,0,101325,2500,7349,512,0xf,False,0x0
1784019508.164,642,642,129442,4,1,-5,-51,-13,909,2,-1,-2,101325,2500,7349,514,0xf,False,0x0
1784019508.367,643,643,129645,4,1,14,9,22,1042,5,-1,1,101325,2500,7349,518,0xf,False,0x0
1784019508.567,644,644,129845,4,1,2,-50,-7,956,2,-4,-5,101325,2500,7349,500,0xf,False,0x0
1784019508.767,645,645,130045,4,1,12,-59,12,1105,0,0,0,101325,2500,7348,508,0xf,False,0x0
1784019508.968,646,646,130246,4,1,-18,-31,-17,911,-2,-2,-5,101325,2500,7348,500,0xf,False,0x0
1784019509.168,647,647,130446,4,1,-11,30,1,1047,-2,-3,-5,101325,2500,7348,507,0xf,False,0x0
1784019509.370,648,648,130648,4,1,-3,15,-25,997,1,-1,2,101325,2500,7348,486,0xf,False,0x0
1784019509.570,649,649,130849,4,1,-4,-40,60,874,-2,4,5,101325,2500,7348,505,0xf,False,0x0
1784019509.771,650,650,131049,4,1,-6,41,24,1154,-2,2,-4,101325,2500,7348,516,0xf,False,0x0
1784019509.972,651,651,131250,4,1,-2,29,-15,1053,-5,1,-1,101325,2500,7348,510,0xf,False,0x0
1784019510.198,652,652,131476,4,1,3,-3,10,920,5,-3,-5,101325,2500,7348,501,0xf,False,0x0
1784019510.417,653,653,131695,4,1,-4,-58,2,881,2,3,2,101325,2500,7348,496,0xf,False,0x0
1784019510.625,654,654,131903,4,1,15,23,-6,1002,-2,3,-1,101325,2500,7348,512,0xf,False,0x0
1784019510.826,655,655,132104,4,1,-15,9,13,975,4,2,0,101325,2500,7348,495,0xf,False,0x0
1784019511.028,656,656,132306,4,1,4,-50,-49,1107,0,5,4,101325,2500,7348,509,0xf,False,0x0
1784019511.265,657,657,132543,4,1,12,-18,14,934,5,-2,-3,101325,2500,7347,509,0xf,False,0x0
1784019511.465,658,658,132744,4,1,-20,52,10,1040,1,1,-3,101325,2500,7347,516,0xf,False,0x0
1784019511.666,659,659,132944,4,1,3,53,11,991,4,2,4,101325,2500,7347,480,0xf,False,0x0
1784019511.867,660,660,133145,4,1,-18,-36,-42,937,-5,-5,1,101325,2500,7347,495,0xf,False,0x0
1784019512.067,661,661,133345,4,1,12,-48,-48,994,-4,-2,1,101325,2500,7347,512,0xf,False,0x0
1784019512.268,662,662,133546,4,1,-1,35,-24,1110,1,1,-2,101325,2500,7347,518,0xf,False,0x0
1784019512.468,663,663,133746,4,1,19,-20,10,1056,2,-4,1,101325,2500,7347,481,0xf,False,0x0
1784019512.671,664,664,133949,4,1,-6,57,-21,980,-5,1,-5,101325,2500,7347,512,0xf,False,0x0
1784019512.871,665,665,134149,4,1,15,-40,-21,873,-5,-3,5,101325,2500,7347,511,0xf,False,0x0
1784019513.076,666,666,134354,4,1,12,32,21,1096,3,4,2,101325,2500,7347,481,0xf,False,0x0
1784019513.285,667,667,134563,4,1,-6,-15,0,955,3,0,0,101325,2500,7347,483,0xf,False,0x0
1784019513.485,668,668,134763,4,1,-20,28,32,964,-5,5,2,101325,2500,7347,517,0xf,False,0x0
1784019513.686,669,669,134964,4,1,2,-11,47,897,-3,1,5,101325,2500,7347,488,0xf,False,0x0
1784019513.886,670,670,135164,4,1,0,15,5,1034,5,3,3,101325,2500,7346,500,0xf,False,0x0
1784019514.086,671,671,135365,4,1,-17,7,-11,885,2,2,1,101325,2500,7346,488,0xf,False,0x0
1784019514.287,672,672,135565,4,1,3,-18,25,949,4,-2,-2,101325,2500,7346,500,0xf,False,0x0
1784019514.488,673,673,135766,4,1,7,30,-18,1025,-3,1,2,101325,2500,7346,503,0xf,False,0x0
1784019514.688,674,674,135966,4,1,15,4,-22,908,-5,-4,-4,101325,2500,7346,506,0xf,False,0x0
1784019514.889,675,675,136167,4,1,0,-54,14,967,-2,3,3,101325,2500,7346,486,0xf,False,0x0
1784019515.089,676,676,136367,4,1,-3,-23,-40,1091,4,-1,-4,101325,2500,7346,515,0xf,False,0x0
1784019515.290,677,677,136568,4,1,8,-24,-32,1043,3,4,-3,101325,2500,7346,490,0xf,False,0x0
1784019515.490,678,678,136768,4,1,1,0,-32,917,-3,-4,-3,101325,2500,7346,519,0xf,False,0x0
1784019515.691,679,679,136969,4,1,9,-54,-1,882,-4,0,4,101325,2500,7346,510,0xf,False,0x0
1784019515.891,680,680,137169,4,1,-16,26,22,1021,4,4,4,101325,2500,7346,506,0xf,False,0x0
1784019516.092,681,681,137370,4,1,3,51,-40,1063,-2,2,-4,101325,2500,7346,505,0xf,False,0x0
1784019516.292,682,682,137570,4,1,9,-45,-53,1109,3,-1,5,101325,2500,7345,493,0xf,False,0x0
1784019516.492,683,683,137770,4,1,18,-21,43,999,5,5,4,101325,2500,7345,490,0xf,False,0x0
1784019516.693,684,684,137971,4,1,-18,51,33,898,3,-3,5,101325,2500,7345,495,0xf,False,0x0
1784019516.894,685,685,138172,4,1,19,1,-8,930,1,-2,2,101325,2500,7345,482,0xf,False,0x0
1784019517.097,686,686,138375,4,1,13,27,40,944,5,0,5,101325,2500,7345,501,0xf,False,0x0
1784019517.297,687,687,138575,4,1,-15,-18,47,895,4,-3,-1,101325,2500,7345,485,0xf,False,0x0
1784019517.498,688,688,138776,4,1,-12,-3,-6,963,-1,3,5,101325,2500,7345,481,0xf,False,0x0
1784019517.698,689,689,138976,4,1,-16,0,-10,966,4,4,3,101325,2500,7345,498,0xf,False,0x0
1784019518.100,691,691,139378,4,1,-20,13,30,1026,-1,2,5,101325,2500,7345,506,0xf,False,0x0
1784019518.301,692,692,139579,4,1,13,60,-56,934,5,-4,1,101325,2500,7345,499,0xf,False,0x0
1784019518.501,693,693,139779,4,1,7,-42,-5,1056,-4,-2,-1,101325,2500,7345,493,0xf,False,0x0
1784019518.702,694,694,139980,4,1,8,11,-16,1033,0,2,-5,101325,2500,7345,480,0xf,False,0x0
1784019519.103,696,696,140381,4,1,-7,-7,48,899,1,4,-4,101325,2500,7344,509,0xf,False,0x0
1784019519.303,697,697,140581,4,1,10,-31,3,1100,-1,-1,-5,101325,2500,7344,489,0xf,False,0x0
1784019519.504,698,698,140782,4,1,-4,54,58,1119,0,-5,-2,101325,2500,7344,504,0xf,False,0x0
1784019519.704,699,699,140982,4,1,9,43,-18,843,2,-3,-2,101325,2500,7344,506,0xf,False,0x0
1784019519.905,700,700,141183,4,1,-18,-37,-56,970,-4,1,-2,101325,2500,7344,510,0xf,False,0x0
1784019520.121,701,701,141399,4,1,0,-3,-44,1028,-4,-3,0,101325,2500,7344,515,0xf,False,0x0
1784019520.321,702,702,141599,4,1,8,58,-10,1127,3,0,-5,101325,2500,7344,511,0xf,False,0x0
1784019520.522,703,703,141800,4,1,20,20,-51,965,1,5,0,101325,2500,7344,515,0xf,False,0x0
1784019520.722,704,704,142000,4,1,-19,5,-16,916,0,-3,-4,101325,2500,7344,512,0xf,False,0x0
1784019520.922,705,705,142200,4,1,-4,12,-31,1022,-4,4,1,101325,2500,7344,497,0xf,False,0x0
1784019521.123,706,706,142401,4,1,-9,33,-13,1090,-3,1,5,101325,2500,7344,505,0xf,False,0x0
1784019521.324,707,707,142602,4,1,-8,-50,59,916,0,2,3,101325,2500,7343,502,0xf,False,0x0
1784019521.525,708,708,142803,4,1,-15,56,18,1047,0,2,2,101325,2500,7343,515,0xf,False,0x0
1784019521.725,709,709,143003,4,1,-13,-40,-56,946,-3,-3,-5,101325,2500,7343,494,0xf,False,0x0
1784019521.926,710,710,143204,4,1,-13,-53,6,978,5,-2,-5,101325,2500,7343,484,0xf,False,0x0
1784019522.329,712,712,143607,4,1,-13,60,34,935,4,-5,5,101325,2500,7343,484,0xf,False,0x0
1784019522.753,714,714,144031,4,1,-20,-2,42,1113,1,2,-4,101325,2500,7343,505,0xf,False,0x0
1784019522.953,715,715,144231,4,1,20,0,21,1045,-3,-5,4,101325,2500,7343,512,0xf,False,0x0
1784019523.154,716,716,144432,4,1,3,50,45,1029,5,-5,1,101325,2500,7343,481,0xf,False,0x0
1784019523.354,717,717,144632,4,1,11,-14,-8,1007,-1,2,-4,101325,2500,7343,504,0xf,False,0x0
1784019523.555,718,718,144833,4,1,18,41,9,1027,5,-4,-2,101325,2500,7343,492,0xf,False,0x0
1784019523.755,719,719,145033,4,1,18,1,16,931,4,2,-2,101325,2500,7342,490,0xf,False,0x0
1784019523.955,720,720,145234,4,1,6,35,30,977,4,-5,2,101325,2500,7342,509,0xf,False,0x0
1784019524.159,721,721,145437,4,1,7,34,-39,973,4,-2,-5,101325,2500,7342,493,0xf,False,0x0
1784019524.360,722,722,145638,4,1,17,42,36,1022,-1,4,0,101325,2500,7342,496,0xf,False,0x0
1784019524.560,723,723,145838,4,1,-17,-9,-43,1086,-5,-5,3,101325,2500,7342,502,0xf,False,0x0
1784019524.761,724,724,146039,4,1,8,-47,14,994,0,1,-3,101325,2500,7342,517,0xf,False,0x0
1784019524.961,725,725,146239,4,1,-8,-21,17,909,-4,-3,1,101325,2500,7342,513,0xf,False,0x0
1784019525.162,726,726,146440,4,1,-3,-25,33,977,2,2,2,101325,2500,7342,503,0xf,False,0x0
1784019525.362,727,727,146640,4,1,-5,-25,2,984,3,-5,4,101325,2500,7342,507,0xf,False,0x0
1784019525.562,728,728,146841,4,1,4,60,-23,955,0,5,2,101325,2500,7342,482,0xf,False,0x0
1784019525.763,729,729,147041,4,1,-10,39,-48,1066,1,1,-2,101325,2500,7342,520,0xf,False,0x0
1784019525.964,730,730,147242,4,1,-11,60,21,957,-2,0,-4,101325,2500,7342,511,0xf,False,0x0
1784019526.166,731,731,147444,4,1,8,-29,-51,1025,-5,5,2,101325,2500,7342,482,0xf,False,0x0
1784019526.366,732,732,147644,4,1,0,-17,-20,1086,1,-1,2,101325,2500,7341,509,0xf,False,0x0
1784019526.567,733,733,147845,4,1,7,-39,59,910,0,5,0,101325,2500,7341,483,0xf,False,0x0
1784019526.767,734,734,148045,4,1,-3,-17,47,942,3,-4,-3,101325,2500,7341,490,0xf,False,0x0
1784019526.968,735,735,148246,4,1,7,-41,-15,865,-5,-1,-5,101325,2500,7341,486,0xf,False,0x0
1784019527.168,736,736,148446,4,1,-20,55,-27,1003,2,-5,-1,101325,2500,7341,485,0xf,False,0x0
1784019527.369,737,737,148647,4,1,14,-57,7,1039,1,3,1,101325,2500,7341,484,0xf,False,0x0
1784019527.570,738,738,148848,4,1,0,51,-21,935,1,-1,1,101325,2500,7341,512,0xf,False,0x0
1784019527.771,739,739,149049,4,1,3,46,14,1022,3,-5,5,101325,2500,7341,492,0xf,False,0x0
1784019527.971,740,740,149249,4,1,15,-53,-32,912,-5,4,0,101325,2500,7341,492,0xf,False,0x0
1784019528.373,742,742,149651,4,1,-8,36,55,1109,-5,3,3,101325,2500,7341,507,0xf,False,0x0
1784019528.575,743,743,149853,4,1,-3,17,-29,1016,-1,2,1,101325,2500,7341,511,0xf,False,0x0
1784019528.776,744,744,150054,4,1,15,-26,-25,979,-1,1,3,101325,2500,7340,520,0xf,False,0x0
1784019528.978,745,745,150256,4,1,9,-8,16,976,-5,5,-2,101325,2500,7340,486,0xf,False,0x0
1784019529.183,746,746,150461,4,1,7,55,28,1075,5,0,-4,101325,2500,7340,519,0xf,False,0x0
1784019529.385,747,747,150663,4,1,6,7,1,838,-5,-3,-5,101325,2500,7340,481,0xf,False,0x0
1784019529.588,748,748,150866,4,1,15,9,-1,1075,0,3,-5,101325,2500,7340,516,0xf,False,0x0
1784019529.794,749,749,151072,4,1,-14,44,-53,887,-1,-5,2,101325,2500,7340,512,0xf,False,0x0
1784019529.996,750,750,151274,4,1,8,25,60,1024,2,1,5,101325,2500,7340,491,0xf,False,0x0
1784019530.199,751,751,151477,4,1,-11,-45,-56,914,0,4,-2,101325,2500,7340,488,0xf,False,0x0
1784019530.401,752,752,151679,4,1,18,-55,32,1090,0,1,-3,101325,2500,7340,510,0xf,False,0x0
1784019530.602,753,753,151880,4,1,-2,-28,28,954,-2,-5,-3,101325,2500,7340,485,0xf,False,0x0
1784019530.841,754,754,152119,4,1,9,-38,26,952,3,2,-2,101325,2500,7340,512,0xf,False,0x0
1784019531.050,755,755,152328,4,1,13,29,45,1155,2,-3,4,101325,2500,7340,480,0xf,False,0x0
1784019531.250,756,756,152528,4,1,15,36,17,1035,5,5,0,101325,2500,7339,481,0xf,False,0x0
1784019531.459,757,757,152737,4,1,17,14,-55,927,0,-3,-5,101325,2500,7339,510,0xf,False,0x0
1784019531.659,758,758,152937,4,1,3,-3,8,1017,4,-2,0,101325,2500,7339,507,0xf,False,0x0
1784019531.859,759,759,153137,4,1,19,-6,-44,907,-5,3,-3,101325,2500,7339,503,0xf,False,0x0
1784019532.066,760,760,153344,4,1,5,27,-17,1114,4,-5,2,101325,2500,7339,503,0xf,False,0x0
1784019532.266,761,761,153544,4,1,-17,40,-33,1139,-4,0,-2,101325,2500,7339,485,0xf,False,0x0
1784019532.480,762,762,153758,4,1,-4,58,-17,924,-1,-3,5,101325,2500,7339,496,0xf,False,0x0
1784019532.681,763,763,153959,4,1,-5,-50,4,943,-1,-1,-1,101325,2500,7339,482,0xf,False,0x0
1784019532.881,764,764,154159,4,1,9,-3,11,951,-4,5,-1,101325,2500,7339,485,0xf,False,0x0
1784019533.083,765,765,154361,4,1,7,42,-25,1023,3,2,1,101325,2500,7339,485,0xf,False,0x0
1784019533.483,767,767,154761,4,1,-6,-43,-39,973,-5,5,0,101325,2500,7339,493,0xf,False,0x0
1784019533.684,768,768,154962,4,1,-1,-12,27,1101,-5,4,-2,101325,2500,7339,508,0xf,False,0x0
1784019533.947,769,769,155225,4,1,-15,48,-21,921,0,5,-4,101325,2500,7338,518,0xf,False,0x0
1784019534.148,770,770,155426,4,1,8,-27,13,1096,1,3,0,101325,2500,7338,506,0xf,False,0x0
1784019534.348,771,771,155626,4,1,1,-34,-14,1032,-5,5,-2,101325,2500,7338,520,0xf,False,0x0
1784019534.549,772,772,155827,4,1,18,54,26,992,4,4,0,101325,2500,7338,492,0xf,False,0x0
1784019534.749,773,773,156027,4,1,-17,-49,17,968,3,2,-5,101325,2500,7338,500,0xf,False,0x0
1784019534.949,774,774,156227,4,1,18,29,17,878,4,-5,5,101325,2500,7338,490,0xf,False,0x0
1784019535.150,775,775,156428,4,1,-1,56,1,900,3,-2,-4,101325,2500,7338,482,0xf,False,0x0
1784019535.351,776,776,156629,4,1,14,22,-10,1135,-1,0,-3,101325,2500,7338,484,0xf,False,0x0
1784019535.551,777,777,156829,4,1,8,4,59,1026,0,3,1,101325,2500,7338,518,0xf,False,0x0
1784019535.752,778,778,157030,4,1,-7,18,12,888,-1,-3,-1,101325,2500,7338,514,0xf,False,0x0
1784019535.952,779,779,157230,4,1,7,-8,33,938,5,5,-1,101325,2500,7338,485,0xf,False,0x0
1784019536.152,780,780,157430,4,1,8,56,4,1064,-3,-4,-4,101325,2500,7338,506,0xf,False,0x0
1784019536.352,781,781,157631,4,1,3,52,34,1032,4,-3,3,101325,2500,7337,483,0xf,False,0x0
1784019536.553,782,782,157831,4,1,13,-60,56,1105,1,-5,5,101325,2500,7337,486,0xf,False,0x0
1784019536.754,783,783,158032,4,1,2,-57,28,1019,-4,-5,3,101325,2500,7337,496,0xf,False,0x0
1784019536.954,784,784,158232,4,1,4,-26,-19,1007,5,-3,2,101325,2500,7337,484,0xf,False,0x0
1784019537.155,785,785,158433,4,1,17,46,-37,895,5,3,5,101325,2500,7337,480,0xf,False,0x0
1784019537.356,786,786,158634,4,1,-10,6,-17,1017,1,0,1,101325,2500,7337,481,0xf,False,0x0
1784019537.556,787,787,158835,4,1,20,-29,-18,1089,-3,2,5,101325,2500,7337,506,0xf,False,0x0
1784019537.757,788,788,159035,4,1,-8,48,-53,957,0,2,4,101325,2500,7337,487,0xf,False,0x0
1784019537.957,789,789,159235,4,1,8,-54,-27,929,-4,1,-3,101325,2500,7337,491,0xf,False,0x0
1784019538.158,790,790,159436,4,1,-12,20,42,1085,-2,-4,1,101325,2500,7337,508,0xf,False,0x0
1784019538.560,792,792,159838,4,1,10,49,-7,1015,-2,0,-4,101325,2500,7337,508,0xf,False,0x0
1784019538.762,793,793,160040,4,1,-16,43,39,1028,-4,2,-1,101325,2500,7336,486,0xf,False,0x0
1784019538.962,794,794,160240,4,1,5,-36,30,1081,-5,1,2,101325,2500,7336,481,0xf,False,0x0
1784019539.162,795,795,160440,4,1,-5,37,-33,1132,5,-3,-2,101325,2500,7336,488,0xf,False,0x0
1784019539.362,796,796,160640,4,1,-20,-14,-54,976,-4,-3,1,101325,2500,7336,486,0xf,False,0x0
1784019539.563,797,797,160841,4,1,-5,29,-58,893,-5,-4,-3,101325,2500,7336,489,0xf,False,0x0
1784019539.763,798,798,161041,4,1,12,-8,-49,1124,-2,0,-2,101325,2500,7336,484,0xf,False,0x0
1784019539.963,799,799,161241,4,1,-18,34,15,1112,-4,-2,1,101325,2500,7336,518,0xf,False,0x0
1784019540.164,800,800,161442,4,1,16,-34,25,1063,0,1,4,101325,2500,7336,503,0xf,False,0x0
1784019540.364,801,801,161642,4,1,19,-24,-54,1080,2,3,-4,101325,2500,7336,509,0xf,False,0x0
1784019540.565,802,802,161843,4,1,-20,19,-9,1088,-3,0,4,101325,2500,7336,491,0xf,False,0x0
1784019540.765,803,803,162043,4,1,-17,35,45,1047,-1,2,-5,101325,2500,7336,498,0xf,False,0x0
1784019541.367,806,806,162645,4,1,16,-60,-16,921,5,5,2,101325,2500,7335,501,0xf,False,0x0
1784019541.567,807,807,162846,4,1,-9,22,45,1105,5,3,0,101325,2500,7335,493,0xf,False,0x0
1784019541.768,808,808,163046,4,1,-18,40,41,1144,4,3,4,101325,2500,7335,517,0xf,False,0x0
1784019541.968,809,809,163246,4,1,10,-47,-32,1097,5,-5,0,101325,2500,7335,481,0xf,False,0x0
1784019542.169,810,810,163447,4,1,12,-11,47,1066,4,5,3,101325,2500,7335,503,0xf,False,0x0
1784019542.371,811,811,163649,4,1,-13,22,-21,1066,5,0,1,101325,2500,7335,491,0xf,False,0x0
1784019542.571,812,812,163849,4,1,19,-20,-19,944,0,-4,1,101325,2500,7335,507,0xf,False,0x0
1784019542.784,813,813,164062,4,1,19,-59,45,952,-4,4,-4,101325,2500,7335,492,0xf,False,0x0
1784019542.984,814,814,164262,4,1,-12,44,37,1094,2,2,-4,101325,2500,7335,517,0xf,False,0x0
1784019543.185,815,815,164463,4,1,16,-54,59,1045,-3,4,4,101325,2500,7335,514,0xf,False,0x0
1784019543.385,816,816,164663,4,1,-12,-33,20,993,-4,-1,-4,101325,2500,7335,500,0xf,False,0x0
1784019543.836,818,818,165114,4,1,-7,8,-59,952,4,0,1,101325,2500,7334,506,0xf,False,0x0
1784019544.071,819,819,165349,4,1,-5,-41,-39,1042,3,2,3,101325,2500,7334,508,0xf,False,0x0
1784019544.271,820,820,165549,4,1,20,21,-29,1055,-3,-5,2,101325,2500,7334,499,0xf,False,0x0
1784019544.471,821,821,165749,4,1,0,-20,-47,936,3,-1,3,101325,2500,7334,501,0xf,False,0x0
1784019544.672,822,822,165950,4,1,-18,3,41,954,1,0,-5,101325,2500,7334,513,0xf,False,0x0
1784019544.886,823,823,166164,4,1,-15,3,-49,1041,-5,-1,-4,101325,2500,7334,488,0xf,False,0x0
1784019545.157,824,824,166435,4,1,0,-50,-19,954,-1,-4,-3,101325,2500,7334,501,0xf,False,0x0
1784019545.358,825,825,166636,4,1,-7,56,-18,1011,3,4,1,101325,2500,7334,503,0xf,False,0x0
1784019545.558,826,826,166836,4,1,-15,20,-49,995,4,1,3,101325,2500,7334,516,0xf,False,0x0
1784019545.759,827,827,167037,4,1,-6,-13,40,1064,-2,-2,-4,101325,2500,7334,487,0xf,False,0x0
1784019545.959,828,828,167237,4,1,1,-5,45,902,-1,0,0,101325,2500,7334,482,0xf,False,0x0
1784019546.168,829,829,167446,4,1,1,-8,-14,957,5,4,5,101325,2500,7334,516,0xf,False,0x0
1784019546.380,830,830,167658,4,1,0,28,-57,893,5,-1,5,101325,2500,7333,482,0xf,False,0x0
1784019546.581,831,831,167859,4,1,11,42,50,892,-3,-1,-2,101325,2500,7333,509,0xf,False,0x0
1784019546.781,832,832,168059,4,1,16,59,-37,1128,1,4,-1,101325,2500,7333,517,0xf,False,0x0
1784019546.982,833,833,168260,4,1,-11,-52,53,1014,3,-3,-4,101325,2500,7333,507,0xf,False,0x0
1784019547.200,834,834,168478,4,1,6,-56,9,1061,-4,4,-5,101325,2500,7333,484,0xf,False,0x0
1784019547.406,835,835,168684,4,1,13,31,42,863,1,-3,3,101325,2500,7333,496,0xf,False,0x0
1784019547.807,837,837,169085,4,1,-18,-45,-5,986,2,3,-3,101325,2500,7333,516,0xf,False,0x0
1784019548.008,838,838,169286,4,1,12,21,45,1074,0,3,-5,101325,2500,7333,486,0xf,False,0x0
1784019548.209,839,839,169487,4,1,12,-22,-42,1058,-3,-5,4,101325,2500,7333,495,0xf,False,0x0
1784019548.453,840,840,169731,4,1,-19,1,-6,1092,2,1,-1,101325,2500,7333,492,0xf,False,0x0
1784019548.683,841,841,169961,4,1,-7,58,-48,1017,-1,-5,5,101325,2500,7333,515,0xf,False,0x0
1784019548.898,842,842,170176,4,1,3,44,-21,1039,0,-2,-5,101325,2500,7332,519,0xf,False,0x0
1784019549.126,843,843,170404,4,1,-11,-54,42,913,-4,2,-4,101325,2500,7332,520,0xf,False,0x0
1784019549.338,844,844,170616,4,1,-1,14,-34,986,0,-2,-4,101325,2500,7332,484,0xf,False,0x0
1784019549.549,845,845,170827,4,1,-6,-53,50,1016,2,-2,-1,101325,2500,7332,510,0xf,False,0x0
1784019549.749,846,846,171027,4,1,20,-28,-11,928,-4,0,-1,101325,2500,7332,497,0xf,False,0x0
1784019549.950,847,847,171228,4,1,-18,19,33,1117,4,-1,5,101325,2500,7332,514,0xf,False,0x0
1784019550.157,848,848,171435,4,1,-19,-56,29,1048,-3,1,1,101325,2500,7332,510,0xf,False,0x0
1784019550.358,849,849,171636,4,1,-2,-41,28,1097,-1,-1,0,101325,2500,7332,491,0xf,False,0x0
1784019550.585,850,850,171863,4,1,10,-38,21,994,2,4,1,101325,2500,7332,492,0xf,False,0x0
1784019550.786,851,851,172064,4,1,7,-21,1,871,-2,3,-4,101325,2500,7332,507,0xf,False,0x0
1784019551.392,1,1,0,0,0,11,-27,-60,1045,5,-3,5,101325,2500,7400,506,0xf,False,0x0
1784019551.593,2,2,200,0,0,-9,45,-54,1011,-2,-1,-3,101325,2500,7400,484,0xf,False,0x0
1784019551.797,3,3,404,0,0,-14,-3,-38,1011,5,-4,-1,101325,2500,7400,483,0xf,False,0x0
1784019552.209,5,5,817,0,0,-14,27,10,967,-1,-5,1,101325,2500,7400,506,0xf,False,0x0
1784019552.413,6,6,1020,0,0,18,45,-35,1029,0,-3,-3,101325,2500,7400,501,0xf,False,0x0
1784019552.614,7,7,1221,0,0,13,-29,-11,995,-1,1,-4,101325,2500,7400,518,0xf,False,0x0
1784019552.815,8,8,1423,0,0,2,-11,27,979,-3,-1,4,101325,2500,7400,481,0xf,False,0x0
1784019553.045,9,9,1653,0,0,7,-24,-30,970,-5,-4,-1,101325,2500,7400,492,0xf,False,0x0
1784019553.267,10,10,1874,0,0,19,26,22,1016,1,-1,-2,101325,2500,7400,507,0xf,False,0x0
1784019553.467,11,11,2075,0,0,-1,-58,-30,980,4,-4,-5,101325,2500,7400,518,0xf,False,0x0
1784019553.667,12,12,2275,0,0,10,29,-50,972,1,-1,-2,101325,2500,7400,499,0xf,False,0x0
1784019554.344,1621,1621,324792,4,1,-11,18,18,1091,3,-1,-3,101325,2500,7271,519,0xf,False,0x175d
1784019554.622,1622,1622,324992,4,1,-4,-42,-59,1063,2,-5,-4,101325,2500,7271,506,0xf,False,0x6534
1784019554.691,1623,1623,325192,4,1,-12,-24,-34,1081,0,2,-5,101325,2500,7270,519,0xf,False,0x2ce5
1784019554.933,1624,1624,325392,4,1,-15,-20,19,954,-5,-2,-4,101325,2500,7270,491,0xf,False,0x3626
1784019555.121,1625,1625,325592,4,1,-7,-5,22,986,-1,-5,-4,101325,2500,7270,501,0xf,False,0xa650
1784019555.384,1626,1626,325792,4,1,0,-6,-13,1020,-2,-1,-3,101325,2500,7270,482,0xf,False,0xc0e7
1784019555.508,1627,1627,325992,4,1,3,5,-7,945,-4,-4,-4,101325,2500,7270,494,0xf,False,0x12c0
1784019555.726,1628,1628,326192,4,1,3,-51,-54,965,4,4,1,101325,2500,7270,513,0xf,False,0xc88f
1784019555.976,1629,1629,326392,4,1,9,-22,-31,995,3,2,-4,101325,2500,7270,493,0xf,False,0x7656
1784019556.301,1630,1630,326592,4,1,-15,-17,55,903,3,0,-1,101325,2500,7270,504,0xf,False,0x38fe
1784019556.301,1631,1631,326792,4,1,17,-38,54,914,-1,-3,-5,101325,2500,7270,500,0xf,False,0xd836
1784019556.534,1632,1632,326992,4,1,16,18,-22,914,-2,4,-2,101325,2500,7270,491,0xf,False,0x554d
1784019556.800,1633,1633,327192,4,1,16,-15,48,1079,-3,-1,-3,101325,2500,7270,505,0xf,False,0xe88d
1784019556.859,1634,1634,327392,4,1,-4,28,3,950,4,3,-1,101325,2500,7270,502,0xf,False,0xcbbf
1784019557.136,1635,1635,327592,4,1,7,-42,50,947,4,-5,-3,101325,2500,7269,513,0xf,False,0xe526
1784019557.322,1636,1636,327792,4,1,7,-31,22,996,3,-5,-4,101325,2500,7269,515,0xf,False,0xbca8
1784019557.605,1637,1637,327992,4,1,-5,41,-38,1080,3,-2,3,101325,2500,7269,507,0xf,False,0xff04
1784019557.668,1638,1638,328192,4,1,12,42,13,945,-1,2,-2,101325,2500,7269,502,0xf,False,0x1838
1784019557.968,1639,1639,328392,4,1,-7,55,-48,976,-5,-2,-1,101325,2500,7269,493,0xf,False,0x4e7
1784019558.153,1640,1640,328592,4,1,-3,-39,12,1061,-3,0,-4,101325,2500,7269,508,0xf,False,0x7695
1784019558.379,1641,1641,328792,4,1,15,-56,-41,1033,-2,3,-3,101325,2500,7269,483,0xf,False,0x42b0
1784019558.512,1642,1642,328992,4,1,-6,34,-22,999,-2,1,0,101325,2500,7269,511,0xf,False,0x6267
1784019558.704,1643,1643,329192,4,1,-8,-18,-45,1068,1,3,-1,101325,2500,7269,495,0xf,False,0xa988
1784019558.953,1644,1644,329392,4,1,-15,-33,-56,922,-3,-5,4,101325,2500,7269,491,0xf,False,0xf2e7
1784019559.071,1645,1645,329592,4,1,4,-2,-34,948,2,0,2,101325,2500,7269,484,0xf,False,0x6b88
1784019559.334,1646,1646,329792,4,1,-16,-18,-46,1065,-4,-3,1,101325,2500,7269,486,0xf,False,0x3177
1784019559.545,1647,1647,329992,4,1,11,55,34,1016,4,3,1,101325,2500,7269,495,0xf,False,0xc847
1784019559.818,1648,1648,330192,4,1,12,19,40,920,1,-2,-2,101325,2500,7268,491,0xf,False,0x70b2
1784019559.880,1649,1649,330392,4,1,12,-17,-54,946,2,3,0,101325,2500,7268,510,0xf,False,0x9fba
1784019560.146,1650,1650,330592,4,1,-17,28,56,926,1,3,0,101325,2500,7268,480,0xf,False,0x3173
1784019560.362,1651,1651,330792,4,1,-3,-45,35,1049,-1,-2,-1,101325,2500,7268,519,0xf,False,0x84db
1784019560.575,1652,1652,330992,4,1,6,-5,25,917,3,-4,-2,101325,2500,7268,501,0xf,False,0x2adf
1784019560.703,1653,1653,331192,4,1,11,-58,-5,1064,0,-1,3,101325,2500,7268,483,0xf,False,0xb968
1784019560.932,1654,1654,331392,4,1,0,31,-30,910,-2,0,-1,101325,2500,7268,502,0xf,False,0xefc0
1784019561.170,1655,1655,331592,4,1,10,36,13,1090,-4,4,2,101325,2500,7268,493,0xf,False,0x98be
1784019561.363,1656,1656,331792,4,1,-8,18,-49,1062,4,2,0,101325,2500,7268,510,0xf,False,0xea7b
1784019561.506,1657,1657,331992,4,1,18,53,57,982,3,-4,0,101325,2500,7268,503,0xf,False,0x133b
1784019561.744,1658,1658,332192,4,1,-8,-52,-42,945,2,-4,-4,101325,2500,7268,500,0xf,False,0xcbc5
1784019561.934,1659,1659,332392,4,1,15,37,53,964,-3,-4,-3,101325,2500,7268,506,0xf,False,0xcb23
1784019562.058,1660,1660,332592,4,1,2,41,-1,1081,2,-3,2,101325,2500,7267,513,0xf,False,0x2916
1784019562.307,1661,1661,332792,4,1,5,14,12,1043,-3,0,3,101325,2500,7267,511,0xf,False,0xd697
1784019562.583,1662,1662,332992,4,1,19,32,-28,931,3,-1,2,101325,2500,7267,497,0xf,False,0xabdf
1784019562.788,1663,1663,333192,4,1,-2,-53,27,1092,-4,4,-3,101325,2500,7267,518,0xf,False,0x1e59
1784019562.851,1664,1664,333392,4,1,7,-36,-55,1000,1,2,1,101325,2500,7267,483,0xf,False,0x7971
1784019563.107,1665,1665,333592,4,1,5,11,-23,945,-1,2,2,101325,2500,7267,518,0xf,False,0xdfa7
1784019563.349,1666,1666,333792,4,1,14,1,-37,969,3,-1,-2,101325,2500,7267,497,0xf,False,0xd3e8
1784019563.597,1667,1667,333992,4,1,1,44,58,920,-4,2,-5,101325,2500,7267,498,0xf,False,0xf6df
1784019563.720,1668,1668,334192,4,1,-9,-22,-9,912,-4,-3,-2,101325,2500,7267,500,0xf,False,0x8f8c
1784019563.907,1669,1669,334392,4,1,14,25,-17,925,-3,3,1,101325,2500,7267,512,0xf,False,0x29b6
1784019564.177,1670,1670,334592,4,1,-9,-36,-10,1067,-4,0,-4,101325,2500,7267,504,0xf,False,0xea64
1784019564.358,1671,1671,334792,4,1,11,-53,-1,1069,-4,-3,3,101325,2500,7267,498,0xf,False,0x96e2
1784019564.482,1672,1672,334992,4,1,0,39,39,993,0,2,-1,101325,2500,7267,487,0xf,False,0x80f2
1784019564.732,1673,1673,335192,4,1,10,-40,40,954,3,0,-5,101325,2500,7266,481,0xf,False,0xac7b
1784019564.979,1674,1674,335392,4,1,16,16,22,1084,-4,4,3,101325,2500,7266,480,0xf,False,0xd49
1784019565.120,1675,1675,335592,4,1,14,-28,-26,992,-3,4,1,101325,2500,7266,514,0xf,False,0x9ade
1784019565.324,1676,1676,335792,4,1,5,-46,-54,1007,-3,2,4,101325,2500,7266,487,0xf,False,0x6f76
1784019565.509,1677,1677,335992,4,1,15,0,-8,1027,3,-5,-2,101325,2500,7266,494,0xf,False,0xe0c4
1784019565.759,1678,1678,336192,4,1,-16,-42,36,1075,-1,-3,4,101325,2500,7266,501,0xf,False,0x43a7
1784019565.883,1679,1679,336392,4,1,-13,23,27,1098,-3,4,2,101325,2500,7266,485,0xf,False,0x639c
1784019566.146,1680,1680,336592,4,1,-6,53,42,913,0,3,2,101325,2500,7266,510,0xf,False,0x9c22
1784019566.338,1681,1681,336792,4,1,3,42,16,1026,-1,-5,1,101325,2500,7266,493,0xf,False,0xc3ab
1784019566.586,1682,1682,336992,4,1,-18,23,38,1014,-2,0,-4,101325,2500,7266,490,0xf,False,0xac87
1784019566.710,1683,1683,337192,4,1,5,-24,-15,1000,-3,-5,1,101325,2500,7266,513,0xf,False,0x7982
1784019566.898,1684,1684,337392,4,1,-11,23,32,1076,2,2,-3,101325,2500,7266,496,0xf,False,0x55ca
1784019567.157,1685,1685,337592,4,1,-6,-33,11,1080,-5,-3,-2,101325,2500,7265,506,0xf,False,0xde98
1784019567.396,1686,1686,337792,4,1,4,-19,-26,928,3,0,-2,101325,2500,7265,499,0xf,False,0x1ef2
1784019567.521,1687,1687,337992,4,1,13,53,20,1077,-3,-5,-5,101325,2500,7265,480,0xf,False,0x2c6a
1784019567.710,1688,1688,338192,4,1,3,57,-21,1083,-4,-1,-1,101325,2500,7265,483,0xf,False,0xb414
1784019567.959,1689,1689,338392,4,1,9,45,-41,1087,-4,4,-5,101325,2500,7265,508,0xf,False,0x9136
1784019568.084,1690,1690,338592,4,1,14,50,-13,1069,-3,-2,2,101325,2500,7265,502,0xf,False,0x2863
1784019568.287,1691,1691,338792,4,1,-19,-25,-9,925,-1,-4,2,101325,2500,7265,483,0xf,False,0x3d83
1784019568.534,1692,1692,338992,4,1,10,6,1,1030,-1,0,3,101325,2500,7265,513,0xf,False,0x896c
1784019568.781,1693,1693,339192,4,1,18,54,-49,1094,-1,3,3,101325,2500,7265,502,0xf,False,0x63a8
1784019568.905,1694,1694,339392,4,1,-4,-59,18,928,2,0,3,101325,2500,7265,497,0xf,False,0x210d
1784019569.092,1695,1695,339592,4,1,2,24,26,1044,1,-3,0,101325,2500,7265,508,0xf,False,0xf461
1784019569.355,1696,1696,339792,4,1,-12,43,22,1029,-5,1,-2,101325,2500,7265,480,0xf,False,0xed02
1784019569.541,1697,1697,339992,4,1,7,-6,-48,1003,-1,0,1,101325,2500,7265,498,0xf,False,0x786d
1784019569.667,1698,1698,340192,4,1,1,-45,-55,1050,4,-2,-1,101325,2500,7264,508,0xf,False,0x470d
1784019569.915,1699,1699,340392,4,1,14,3,-51,905,-3,-4,-3,101325,2500,7264,509,0xf,False,0x3e8
1784019570.177,1700,1700,340592,4,1,11,19,-19,1010,-2,-1,3,101325,2500,7264,495,0xf,False,0xd9
1784019570.363,1701,1701,340792,4,1,9,57,-21,980,-4,-5,2,101325,2500,7264,497,0xf,False,0x5813
1784019570.487,1702,1702,340992,4,1,7,-14,46,1062,-5,-3,-1,101325,2500,7264,513,0xf,False,0x97a1
1784019570.736,1703,1703,341192,4,1,18,9,40,918,1,1,-2,101325,2500,7264,482,0xf,False,0xc7c0
1784019570.985,1704,1704,341392,4,1,-2,28,40,984,1,-1,-5,101325,2500,7264,503,0xf,False,0xe1ef
1784019571.048,1705,1705,341592,4,1,-12,16,-4,1055,2,3,-1,101325,2500,7264,498,0xf,False,0xb4b6
1784019571.312,1706,1706,341792,4,1,-9,-57,55,964,-5,4,3,101325,2500,7264,518,0xf,False,0x399c
1784019571.516,1707,1707,341992,4,1,13,-12,54,1094,3,-3,1,101325,2500,7264,503,0xf,False,0x3c44
1784019571.766,1708,1708,342192,4,1,12,-10,21,1075,-2,-3,3,101325,2500,7264,481,0xf,False,0x19da
1784019571.891,1709,1709,342392,4,1,7,-5,42,922,-1,0,-1,101325,2500,7264,504,0xf,False,0xac59
1784019572.137,1710,1710,342592,4,1,-7,33,42,935,3,3,2,101325,2500,7263,509,0xf,False,0x24a7
1784019572.324,1711,1711,342792,4,1,-9,21,42,1052,1,-1,-3,101325,2500,7263,517,0xf,False,0x8483
1784019572.571,1712,1712,342992,4,1,5,-39,-29,944,4,-4,-1,101325,2500,7263,481,0xf,False,0x5f5
1784019572.696,1713,1713,343192,4,1,3,-6,-22,969,-3,-4,-4,101325,2500,7263,516,0xf,False,0x12c
1784019572.944,1714,1714,343392,4,1,-15,6,37,909,-5,1,-4,101325,2500,7263,500,0xf,False,0x3621
1784019573.134,1715,1715,343592,4,1,13,-42,-46,1034,0,-4,-4,101325,2500,7263,514,0xf,False,0x5a07
1784019573.416,1716,1716,343792,4,1,7,20,46,916,2,-5,4,101325,2500,7263,507,0xf,False,0xabd7
1784019573.479,1717,1717,343992,4,1,14,-19,38,1056,-5,2,-5,101325,2500,7263,505,0xf,False,0xecdd
1784019573.730,1718,1718,344192,4,1,6,-44,-33,1074,-5,-2,1,101325,2500,7263,488,0xf,False,0xbc67
1784019573.982,1719,1719,344392,4,1,1,-22,-7,921,1,-5,0,101325,2500,7263,516,0xf,False,0x8a2e
1784019574.106,1720,1720,344592,4,1,-19,-6,-18,904,0,-4,3,101325,2500,7263,512,0xf,False,0xf29
1784019574.277,1721,1721,344792,4,1,-9,-25,-24,918,0,3,-1,101325,2500,7263,515,0xf,False,0x8d29
1784019574.528,1722,1722,344992,4,1,11,-18,34,985,-5,-4,-5,101325,2500,7263,511,0xf,False,0x3ada
1784019574.779,1723,1723,345192,4,1,-2,-40,34,949,-3,-3,3,101325,2500,7262,483,0xf,False,0x36a1
1784019574.905,1724,1724,345392,4,1,-2,48,-35,1090,-2,4,-3,101325,2500,7262,509,0xf,False,0x73d5
1784019575.094,1725,1725,345592,4,1,-5,-43,41,986,3,-2,-4,101325,2500,7262,505,0xf,False,0x2ae
1784019575.374,1726,1726,345792,4,1,19,50,-39,1011,-1,-3,-3,101325,2500,7262,499,0xf,False,0x52e1
1784019575.561,1727,1727,345992,4,1,-6,-32,-18,1075,-4,3,1,101325,2500,7262,504,0xf,False,0x6222
1784019575.686,1728,1728,346192,4,1,7,-40,-42,1045,-5,-5,0,101325,2500,7262,488,0xf,False,0x5961
1784019575.936,1729,1729,346392,4,1,-7,29,-24,1062,-4,1,2,101325,2500,7262,503,0xf,False,0x4627
1784019576.122,1730,1730,346592,4,1,-18,-54,-12,954,-3,2,4,101325,2500,7262,503,0xf,False,0x27d3
1784019576.387,1731,1731,346792,4,1,3,39,3,959,-4,1,0,101325,2500,7262,518,0xf,False,0x4e6d
1784019576.511,1732,1732,346992,4,1,6,-51,-12,1096,-1,3,-4,101325,2500,7262,482,0xf,False,0xc763
1784019576.700,1733,1733,347192,4,1,-12,-60,51,971,-5,-4,-5,101325,2500,7262,482,0xf,False,0x2c0d
1784019576.949,1734,1734,347392,4,1,-15,-49,34,959,2,4,-5,101325,2500,7262,499,0xf,False,0xf88c
1784019577.076,1735,1735,347592,4,1,1,21,0,976,-1,-1,3,101325,2500,7261,484,0xf,False,0x7a1b
1784019577.323,1736,1736,347792,4,1,-2,-2,52,910,4,-5,-1,101325,2500,7261,491,0xf,False,0xcebf
1784019577.509,1737,1737,347992,4,1,18,41,-32,1063,-4,-2,-2,101325,2500,7261,507,0xf,False,0xadd2
1784019577.758,1738,1738,348192,4,1,-9,-19,-44,952,1,-2,0,101325,2500,7261,494,0xf,False,0xa049
1784019577.884,1739,1739,348392,4,1,16,-50,27,925,-5,3,4,101325,2500,7261,513,0xf,False,0xc747
1784019578.153,1740,1740,348592,4,1,18,-36,8,924,-2,-5,-3,101325,2500,7261,487,0xf,False,0x38b
1784019578.352,1741,1741,348792,4,1,9,2,-44,939,0,-1,2,101325,2500,7261,502,0xf,False,0xb011
1784019578.602,1742,1742,348992,4,1,-2,-45,-42,1031,-4,0,2,101325,2500,7261,507,0xf,False,0x324b
1784019578.665,1743,1743,349192,4,1,12,5,-47,971,3,-5,3,101325,2500,7261,503,0xf,False,0x62cb
1784019578.914,1744,1744,349392,4,1,-19,-24,54,1048,1,2,-5,101325,2500,7261,487,0xf,False,0x21f8
1784019579.199,1745,1745,349592,4,1,12,53,-58,993,3,-3,-1,101325,2500,7261,501,0xf,False,0xcbd4
1784019579.383,1746,1746,349792,4,1,3,-24,-27,1080,-2,0,1,101325,2500,7261,484,0xf,False,0x3870
1784019579.507,1747,1747,349992,4,1,-3,33,-12,1089,-1,-1,-4,101325,2500,7261,518,0xf,False,0x3ce9
1784019579.753,1748,1748,350192,4,1,-10,16,49,976,-1,-3,-1,101325,2500,7260,516,0xf,False,0xcca3
1784019579.940,1749,1749,350392,4,1,12,-41,-12,1099,4,2,1,101325,2500,7260,509,0xf,False,0xdcd4
1784019580.066,1750,1750,350592,4,1,-17,50,-39,986,3,0,-1,101325,2500,7260,507,0xf,False,0x1fbc
1784019580.316,1751,1751,350792,4,1,2,56,31,927,4,4,3,101325,2500,7260,483,0xf,False,0xf4a2
1784019580.565,1752,1752,350992,4,1,2,-24,-15,924,4,-1,-2,101325,2500,7260,504,0xf,False,0x4593
1784019580.754,1753,1753,351192,4,1,-1,19,22,918,-3,1,4,101325,2500,7260,514,0xf,False,0xb04b
1784019580.877,1754,1754,351392,4,1,-6,36,-17,1015,4,2,-3,101325,2500,7260,512,0xf,False,0x7906
1784019581.127,1755,1755,351592,4,1,-11,-53,-34,1026,3,-4,-5,101325,2500,7260,483,0xf,False,0x3cb0
1784019581.327,1756,1756,351792,4,1,18,13,11,1002,2,4,-1,101325,2500,7260,513,0xf,False,0xe489
1784019581.576,1757,1757,351992,4,1,-3,42,-45,959,1,-1,-1,101325,2500,7260,482,0xf,False,0x2e31
1784019581.702,1758,1758,352192,4,1,-15,23,-17,1042,2,-3,2,101325,2500,7260,497,0xf,False,0x875e
1784019581.953,1759,1759,352392,4,1,14,-35,26,901,0,0,-2,101325,2500,7260,483,0xf,False,0x8cd8
1784019582.141,1760,1760,352592,4,1,2,-1,-31,992,3,-4,-1,101325,2500,7259,488,0xf,False,0xed1d
1784019582.356,1761,1761,352792,4,1,-6,-14,43,1044,0,0,-2,101325,2500,7259,504,0xf,False,0x1efc
1784019582.481,1762,1762,352992,4,1,-18,-10,-44,965,-4,2,2,101325,2500,7259,489,0xf,False,0xe9d
1784019582.730,1763,1763,353192,4,1,14,40,-39,981,-5,-5,2,101325,2500,7259,503,0xf,False,0x5d72
1784019582.979,1764,1764,353392,4,1,-6,-14,29,977,-2,0,0,101325,2500,7259,508,0xf,False,0x41b3
1784019583.103,1765,1765,353592,4,1,11,-52,56,964,4,4,4,101325,2500,7259,498,0xf,False,0x4074
1784019583.305,1766,1766,353792,4,1,-6,25,-35,1032,2,1,-3,101325,2500,7259,503,0xf,False,0x8187
1784019583.556,1767,1767,353992,4,1,-16,5,8,936,-1,-4,1,101325,2500,7259,518,0xf,False,0xa4e2
1784019583.744,1768,1768,354192,4,1,19,-13,10,925,-1,-1,2,101325,2500,7259,481,0xf,False,0x3e39
1784019583.868,1769,1769,354392,4,1,5,14,-44,946,-4,0,-5,101325,2500,7259,487,0xf,False,0xd300
1784019584.130,1770,1770,354592,4,1,-19,-6,-55,1034,4,4,1,101325,2500,7259,498,0xf,False,0x1582
1784019584.317,1771,1771,354792,4,1,-6,-39,0,913,-2,-3,-3,101325,2500,7259,501,0xf,False,0xcb98
1784019584.566,1772,1772,354992,4,1,-5,18,4,1003,-1,-4,2,101325,2500,7259,484,0xf,False,0xbe2
1784019584.692,1773,1773,355192,4,1,-8,7,2,1080,2,3,1,101325,2500,7258,502,0xf,False,0xa72a
1784019584.944,1774,1774,355392,4,1,12,-14,36,994,0,1,4,101325,2500,7258,518,0xf,False,0x9bc2
1784019585.130,1775,1775,355592,4,1,-2,-2,3,1052,2,1,0,101325,2500,7258,497,0xf,False,0x7af0
1784019585.381,1776,1776,355792,4,1,-15,9,42,934,-4,-1,-2,101325,2500,7258,508,0xf,False,0x9afb
1784019585.504,1777,1777,355992,4,1,1,-36,16,984,-1,4,-5,101325,2500,7258,484,0xf,False,0x2851
1784019585.755,1778,1778,356192,4,1,13,47,-60,1098,-3,1,0,101325,2500,7258,503,0xf,False,0xe675
1784019585.942,1779,1779,356392,4,1,-5,58,-51,983,2,3,-5,101325,2500,7258,497,0xf,False,0x5d73
1784019586.067,1780,1780,356592,4,1,-9,-35,59,972,-4,4,3,101325,2500,7258,504,0xf,False,0xfa98
1784019586.284,1781,1781,356792,4,1,13,47,-18,1027,0,1,2,101325,2500,7258,511,0xf,False,0xefbe
1784019586.533,1782,1782,356992,4,1,4,-4,-12,1081,4,-4,-1,101325,2500,7258,515,0xf,False,0xf728
1784019586.783,1783,1783,357192,4,1,-19,-15,-50,959,-5,-1,-1,101325,2500,7258,502,0xf,False,0x10b7
1784019586.908,1784,1784,357392,4,1,3,-58,28,919,4,1,-3,101325,2500,7258,496,0xf,False,0x6578
1784019587.097,1785,1785,357592,4,1,1,47,-33,1050,3,-1,1,101325,2500,7257,515,0xf,False,0xb3b
1784019587.329,1786,1786,357792,4,1,0,-8,-1,992,-1,-2,4,101325,2500,7257,494,0xf,False,0x8867
1784019587.579,1787,1787,357992,4,1,-6,17,-38,1091,-2,1,-3,101325,2500,7257,507,0xf,False,0x2fe2
1784019587.702,1788,1788,358192,4,1,16,-60,57,1004,-4,-4,-3,101325,2500,7257,519,0xf,False,0x49c5
1784019587.949,1789,1789,358392,4,1,3,-35,-17,975,4,-2,-1,101325,2500,7257,500,0xf,False,0xfc92
1784019588.138,1790,1790,358592,4,1,-10,-18,42,967,3,-5,4,101325,2500,7257,500,0xf,False,0x86b1
1784019588.388,1791,1791,358792,4,1,18,-47,-8,923,0,1,3,101325,2500,7257,490,0xf,False,0x5a2
1784019588.512,1792,1792,358992,4,1,-1,-47,-3,1080,-1,1,-2,101325,2500,7257,503,0xf,False,0xeee0
1784019588.701,1793,1793,359192,4,1,-17,-32,-21,1030,-4,-2,3,101325,2500,7257,486,0xf,False,0x3c4c
1784019588.950,1794,1794,359392,4,1,-4,-2,-41,1038,-2,-1,0,101325,2500,7257,495,0xf,False,0x2ea3
1784019589.074,1795,1795,359592,4,1,-16,17,-43,979,-1,-3,-2,101325,2500,7257,517,0xf,False,0x87f3
1784019589.324,1796,1796,359792,4,1,19,23,-53,1037,3,-1,2,101325,2500,7257,510,0xf,False,0x94e1
1784019589.512,1797,1797,359992,4,1,3,-38,-49,1079,2,-2,-3,101325,2500,7257,500,0xf,False,0x9802
1784019589.762,1798,1798,360192,4,1,19,-50,8,1003,-2,-4,-2,101325,2500,7256,497,0xf,False,0x8675
1784019589.886,1799,1799,360392,4,1,-11,17,19,1093,2,2,3,101325,2500,7256,494,0xf,False,0xcf28
1784019590.185,1800,1800,360592,4,1,-10,-28,-21,1018,4,2,3,101325,2500,7256,483,0xf,False,0x51e2
1784019590.370,1801,1801,360792,4,1,16,24,23,1053,2,-2,-5,101325,2500,7256,493,0xf,False,0xa778
1784019590.556,1802,1802,360992,4,1,-11,-15,-31,1017,1,-3,-5,101325,2500,7256,490,0xf,False,0xe96c
1784019590.682,1803,1803,361192,4,1,1,13,33,1069,-1,-4,-1,101325,2500,7256,509,0xf,False,0xf9ad
1784019590.932,1804,1804,361392,4,1,-1,54,-3,1039,4,1,-1,101325,2500,7256,516,0xf,False,0x4aa2
1784019591.180,1805,1805,361592,4,1,7,-22,-45,1086,2,-4,2,101325,2500,7256,488,0xf,False,0x573b
1784019591.493,1806,1806,361792,4,1,6,29,59,982,3,-2,-1,101325,2500,7256,500,0xf,False,0xfd50
1784019591.493,1807,1807,361992,4,1,10,-7,-25,998,-4,-3,2,101325,2500,7256,507,0xf,False,0x2d79
1784019591.743,1808,1808,362192,4,1,14,52,-30,977,4,1,-2,101325,2500,7256,500,0xf,False,0x6be8
1784019591.931,1809,1809,362392,4,1,-3,-53,50,946,-4,4,-5,101325,2500,7256,487,0xf,False,0x163a
1784019592.055,1810,1810,362592,4,1,-3,8,-49,1085,-3,-2,0,101325,2500,7255,491,0xf,False,0xc39d
1784019592.331,1811,1811,362792,4,1,7,33,2,1099,-2,4,1,101325,2500,7255,485,0xf,False,0xb9dd
1784019592.517,1812,1812,362992,4,1,-8,6,-19,1011,3,-2,-2,101325,2500,7255,505,0xf,False,0x8a6a
1784019592.767,1813,1813,363192,4,1,-7,-14,40,917,-3,2,0,101325,2500,7255,511,0xf,False,0x7cd4
1784019592.891,1814,1814,363392,4,1,-8,-24,37,933,-5,-3,-4,101325,2500,7255,500,0xf,False,0xd751
1784019593.142,1815,1815,363592,4,1,-19,-13,-33,1067,-5,-1,0,101325,2500,7255,506,0xf,False,0x4966
1784019593.328,1816,1816,363792,4,1,-17,48,24,968,3,-3,0,101325,2500,7255,497,0xf,False,0xe43a
1784019593.577,1817,1817,363992,4,1,19,-15,-38,1041,-1,2,0,101325,2500,7255,491,0xf,False,0x43ad
1784019593.701,1818,1818,364192,4,1,16,46,-52,1045,-2,-4,3,101325,2500,7255,509,0xf,False,0x8c64
1784019593.950,1819,1819,364392,4,1,-15,-41,2,1094,0,4,-5,101325,2500,7255,516,0xf,False,0xdec
1784019594.185,1820,1820,364592,4,1,-12,-13,-28,1074,-2,-5,-5,101325,2500,7255,499,0xf,False,0x98ac
1784019594.372,1821,1821,364792,4,1,-17,54,53,1001,1,-5,-5,101325,2500,7255,505,0xf,False,0x2d89
1784019594.495,1822,1822,364992,4,1,-6,3,-46,939,-5,3,-1,101325,2500,7255,487,0xf,False,0x1403
1784019594.745,1823,1823,365192,4,1,10,21,-16,1037,-2,1,1,101325,2500,7254,480,0xf,False,0x6306
1784019594.932,1824,1824,365392,4,1,16,14,-11,969,-2,2,3,101325,2500,7254,488,0xf,False,0x6aa3
1784019595.057,1825,1825,365592,4,1,6,27,54,966,0,-1,-3,101325,2500,7254,494,0xf,False,0xca72
1784019595.307,1826,1826,365792,4,1,-18,-24,52,941,4,-1,0,101325,2500,7254,494,0xf,False,0xf0fd
1784019595.556,1827,1827,365992,4,1,0,-39,-25,932,-1,4,-4,101325,2500,7254,507,0xf,False,0x18fd
1784019595.743,1828,1828,366192,4,1,18,-55,43,1073,3,4,3,101325,2500,7254,499,0xf,False,0xdc40
1784019595.869,1829,1829,366392,4,1,-10,58,-54,1002,-5,3,-5,101325,2500,7254,518,0xf,False,0x838b
1784019596.115,1830,1830,366592,4,1,10,-55,50,945,2,-3,-2,101325,2500,7254,505,0xf,False,0xe445
1784019596.319,1831,1831,366792,4,1,-19,-3,-23,931,-2,-4,1,101325,2500,7254,497,0xf,False,0xad1d
1784019596.569,1832,1832,366992,4,1,5,2,47,957,3,0,1,101325,2500,7254,489,0xf,False,0x979b
1784019596.693,1833,1833,367192,4,1,5,-43,-50,971,2,-5,-3,101325,2500,7254,484,0xf,False,0xfa2a
1784019596.942,1834,1834,367392,4,1,-5,48,-24,947,2,-4,-1,101325,2500,7254,490,0xf,False,0x637d
1784019597.235,1835,1835,367592,4,1,17,16,-13,917,-3,2,-4,101325,2500,7253,503,0xf,False,0x4995
1784019597.357,1836,1836,367792,4,1,-16,22,31,1065,0,1,2,101325,2500,7253,484,0xf,False,0x5a57
1784019597.481,1837,1837,367992,4,1,5,-27,-36,1047,4,2,2,101325,2500,7253,507,0xf,False,0xa17a
1784019597.730,1838,1838,368192,4,1,-3,-36,-57,1047,4,-1,4,101325,2500,7253,498,0xf,False,0x8134
1784019597.976,1839,1839,368392,4,1,5,-54,-5,1061,-5,-3,2,101325,2500,7253,511,0xf,False,0x4829
1784019598.114,1840,1840,368592,4,1,-11,32,-56,902,-2,0,2,101325,2500,7253,481,0xf,False,0xb3e3
1784019598.301,1841,1841,368792,4,1,-19,-20,-21,1003,-4,-4,0,101325,2500,7253,507,0xf,False,0x7fe8
1784019598.547,1842,1842,368992,4,1,-18,48,-12,992,-3,0,-1,101325,2500,7253,495,0xf,False,0xb384
1784019598.798,1843,1843,369192,4,1,9,-15,41,1040,1,3,1,101325,2500,7253,507,0xf,False,0x9f36
1784019598.861,1844,1844,369392,4,1,-13,53,-53,1053,0,-3,-4,101325,2500,7253,488,0xf,False,0x8218
1784019599.109,1845,1845,369592,4,1,12,-34,21,1078,0,1,-1,101325,2500,7253,481,0xf,False,0x375
1784019599.314,1846,1846,369792,4,1,-8,-5,-15,1047,2,2,1,101325,2500,7253,509,0xf,False,0x1d9a
1784019599.688,1847,1847,369992,4,1,14,50,20,1065,-5,-2,-1,101325,2500,7253,493,0xf,False,0xfe15
1784019599.688,1848,1848,370192,4,1,-10,39,58,902,-4,4,0,101325,2500,7252,487,0xf,False,0x917c
1784019599.935,1849,1849,370392,4,1,-16,-42,24,952,-4,-1,1,101325,2500,7252,507,0xf,False,0xf18
1784019600.205,1850,1850,370592,4,1,-19,-52,-40,1006,2,-5,2,101325,2500,7252,482,0xf,False,0x6eb8
1784019600.387,1851,1851,370792,4,1,-4,-60,30,943,1,-1,0,101325,2500,7252,493,0xf,False,0xd470
1784019600.511,1852,1852,370992,4,1,-10,-56,-32,1003,-4,-3,3,101325,2500,7252,515,0xf,False,0x8e7d
1784019600.761,1853,1853,371192,4,1,-14,-60,-43,1092,-1,2,0,101325,2500,7252,481,0xf,False,0x4d3e
1784019600.946,1854,1854,371392,4,1,-18,-58,-21,1062,0,-1,0,101325,2500,7252,515,0xf,False,0xd0d4
1784019601.071,1855,1855,371592,4,1,-12,-53,-40,1043,-2,-5,2,101325,2500,7252,515,0xf,False,0x81ef
1784019601.322,1856,1856,371792,4,1,8,-38,54,1078,-5,-5,-4,101325,2500,7252,492,0xf,False,0x2012
1784019601.570,1857,1857,371992,4,1,8,49,-7,941,-2,2,4,101325,2500,7252,497,0xf,False,0xfb44
1784019601.756,1858,1858,372192,4,1,-20,-16,-6,1052,3,3,4,101325,2500,7252,495,0xf,False,0xd923
1784019601.882,1859,1859,372392,4,1,0,35,7,1070,0,2,-5,101325,2500,7252,489,0xf,False,0x3be4
1784019602.132,1860,1860,372592,4,1,6,-46,-52,959,3,4,-2,101325,2500,7251,518,0xf,False,0xd608
1784019602.320,1861,1861,372792,4,1,12,-45,33,1012,1,-3,-2,101325,2500,7251,486,0xf,False,0xf86b
1784019602.567,1862,1862,372992,4,1,-17,28,13,1013,2,4,1,101325,2500,7251,506,0xf,False,0x454c
1784019602.693,1863,1863,373192,4,1,8,30,-33,997,-2,2,1,101325,2500,7251,516,0xf,False,0xcd40
1784019602.942,1864,1864,373392,4,1,-13,9,1,965,4,1,-4,101325,2500,7251,508,0xf,False,0x7d23
1784019603.130,1865,1865,373592,4,1,9,-59,19,1072,-4,2,2,101325,2500,7251,510,0xf,False,0x34ee
1784019603.379,1866,1866,373792,4,1,8,-51,9,1000,2,-5,-1,101325,2500,7251,492,0xf,False,0x4b35
1784019603.502,1867,1867,373992,4,1,-3,7,36,900,3,4,-4,101325,2500,7251,500,0xf,False,0xeba6
1784019603.754,1868,1868,374192,4,1,-6,-34,4,939,-2,4,4,101325,2500,7251,511,0xf,False,0x10ca
1784019603.943,1869,1869,374392,4,1,-3,-5,-40,1088,-5,-3,0,101325,2500,7251,509,0xf,False,0x86f4
1784019604.066,1870,1870,374592,4,1,-20,-44,36,947,4,-1,2,101325,2500,7251,496,0xf,False,0x296
1784019604.346,1871,1871,374792,4,1,-16,57,-60,1073,2,1,-3,101325,2500,7251,499,0xf,False,0xf7b7
1784019604.531,1872,1872,374992,4,1,19,-58,28,1098,4,-2,-2,101325,2500,7251,505,0xf,False,0xd83f
1784019604.784,1873,1873,375192,4,1,5,-8,18,1027,-1,-5,3,101325,2500,7250,504,0xf,False,0x3ae0
1784019604.846,1874,1874,375392,4,1,-4,-45,23,973,2,-4,-3,101325,2500,7250,490,0xf,False,0x3a3b
1784019605.110,1875,1875,375592,4,1,18,29,-54,938,2,-3,3,101325,2500,7250,511,0xf,False,0xaabc
1784019605.313,1876,1876,375792,4,1,-14,24,-19,1034,1,0,-2,101325,2500,7250,500,0xf,False,0x1c6e
1784019605.564,1877,1877,375992,4,1,-19,49,-32,933,4,1,0,101325,2500,7250,504,0xf,False,0x858d
1784019605.687,1878,1878,376192,4,1,12,-56,14,1094,-1,-4,2,101325,2500,7250,488,0xf,False,0xd1b6
1784019605.935,1879,1879,376392,4,1,19,-54,-51,964,-2,-1,1,101325,2500,7250,488,0xf,False,0x8e71
1784019606.185,1880,1880,376592,4,1,0,-2,-54,1053,-1,1,-2,101325,2500,7250,516,0xf,False,0xae5d
1784019606.373,1881,1881,376792,4,1,16,-46,-47,961,3,-4,-5,101325,2500,7250,496,0xf,False,0x597a
1784019606.498,1882,1882,376992,4,1,6,6,-20,1025,4,-5,-3,101325,2500,7250,512,0xf,False,0xc884
1784019606.748,1883,1883,377192,4,1,-13,-13,58,975,3,3,3,101325,2500,7250,494,0xf,False,0x48f7
1784019606.933,1884,1884,377392,4,1,16,3,-12,957,2,4,-4,101325,2500,7250,503,0xf,False,0xb0dd
1784019607.059,1885,1885,377592,4,1,-1,-19,-16,1083,1,-2,-4,101325,2500,7249,488,0xf,False,0xe3be
1784019607.311,1886,1886,377792,4,1,13,-23,52,954,0,2,4,101325,2500,7249,488,0xf,False,0xf6c1
1784019607.560,1887,1887,377992,4,1,-4,49,-44,974,1,1,-1,101325,2500,7249,503,0xf,False,0xed20
1784019607.748,1888,1888,378192,4,1,-19,-24,22,917,4,-1,-1,101325,2500,7249,518,0xf,False,0x31c9
1784019607.873,1889,1889,378392,4,1,-13,50,-8,916,-3,-2,-5,101325,2500,7249,515,0xf,False,0x9df5
1784019608.123,1890,1890,378592,4,1,2,28,39,928,1,-5,-3,101325,2500,7249,502,0xf,False,0xe819
1784019608.373,1891,1891,378792,4,1,14,-24,-2,967,-4,2,-4,101325,2500,7249,486,0xf,False,0x1dc0
1784019608.558,1892,1892,378992,4,1,9,10,-41,1080,2,-1,2,101325,2500,7249,493,0xf,False,0x8582
1784019608.682,1893,1893,379192,4,1,-20,51,-46,1082,0,2,4,101325,2500,7249,518,0xf,False,0x1c64
1784019608.932,1894,1894,379392,4,1,-5,-36,25,973,3,-3,3,101325,2500,7249,500,0xf,False,0xdaaf
1784019609.183,1895,1895,379592,4,1,10,22,42,1047,1,2,0,101325,2500,7249,483,0xf,False,0xe373
1784019609.372,1896,1896,379792,4,1,-1,28,-1,974,-5,-1,-4,101325,2500,7249,496,0xf,False,0x3c34
1784019609.497,1897,1897,379992,4,1,-8,-50,19,942,-3,-4,0,101325,2500,7249,517,0xf,False,0xc7f5
1784019609.745,1898,1898,380192,4,1,-7,-21,2,1094,-5,3,-1,101325,2500,7248,486,0xf,False,0x95bf
1784019609.995,1899,1899,380392,4,1,-20,25,35,1030,0,2,2,101325,2500,7248,509,0xf,False,0xa1df
1784019610.057,1900,1900,380592,4,1,-3,8,55,1075,4,-5,2,101325,2500,7248,496,0xf,False,0x2da4
1784019610.304,1901,1901,380792,4,1,-19,-45,45,1081,4,0,-4,101325,2500,7248,489,0xf,False,0x7af7
1784019610.553,1902,1902,380992,4,1,-2,-48,4,1072,-3,-3,-4,101325,2500,7248,498,0xf,False,0x510a
1784019610.739,1903,1903,381192,4,1,15,9,-31,934,2,1,-4,101325,2500,7248,496,0xf,False,0xff37
1784019610.864,1904,1904,381392,4,1,1,22,-60,953,0,1,-1,101325,2500,7248,519,0xf,False,0xb96f
1784019611.110,1905,1905,381592,4,1,15,-41,-30,1067,2,0,-2,101325,2500,7248,498,0xf,False,0x172f
1784019611.376,1906,1906,381792,4,1,18,17,-5,950,0,-1,-1,101325,2500,7248,502,0xf,False,0xff79
1784019611.563,1907,1907,381992,4,1,-15,-39,7,1014,-5,-1,2,101325,2500,7248,492,0xf,False,0xb0c2
1784019611.688,1908,1908,382192,4,1,3,-4,-2,962,2,-5,-2,101325,2500,7248,517,0xf,False,0xf3e5
1784019611.938,1909,1909,382392,4,1,12,-57,-8,906,-4,1,3,101325,2500,7248,485,0xf,False,0x3d9b
1784019612.187,1910,1910,382592,4,1,-7,36,-25,972,-1,-4,-4,101325,2500,7247,482,0xf,False,0x9e4d
1784019612.373,1911,1911,382792,4,1,15,-46,11,1096,-5,-5,-2,101325,2500,7247,491,0xf,False,0x53bd
1784019612.497,1912,1912,382992,4,1,-1,48,-15,908,-1,4,0,101325,2500,7247,485,0xf,False,0x461
1784019612.746,1913,1913,383192,4,1,5,-60,-19,1031,-1,3,2,101325,2500,7247,485,0xf,False,0x554e
1784019612.934,1914,1914,383392,4,1,1,12,55,973,3,-1,3,101325,2500,7247,488,0xf,False,0xc174
1784019613.058,1915,1915,383592,4,1,-20,-59,-39,1068,0,-1,-4,101325,2500,7247,489,0xf,False,0x314c
1784019613.310,1916,1916,383792,4,1,9,-23,-17,1073,2,-4,-4,101325,2500,7247,481,0xf,False,0x4405
1784019613.557,1917,1917,383992,4,1,-12,-35,15,1089,4,-3,-2,101325,2500,7247,519,0xf,False,0x7e69
1784019613.744,1918,1918,384192,4,1,16,-22,-39,927,2,0,3,101325,2500,7247,512,0xf,False,0x2aad
1784019613.869,1919,1919,384392,4,1,11,43,-4,928,-3,3,-2,101325,2500,7247,504,0xf,False,0x8fe2
1784019614.117,1920,1920,384592,4,1,-18,3,-29,1068,-5,3,0,101325,2500,7247,495,0xf,False,0x8d95
1784019614.368,1921,1921,384792,4,1,17,-29,-18,979,0,3,-3,101325,2500,7247,490,0xf,False,0x9bd6
1784019614.552,1922,1922,384992,4,1,1,-8,-41,900,3,-1,4,101325,2500,7247,491,0xf,False,0x2e5
1784019614.677,1923,1923,385192,4,1,8,-32,-25,967,-1,1,-5,101325,2500,7246,485,0xf,False,0x173c
1784019614.928,1924,1924,385392,4,1,12,-35,25,983,4,2,1,101325,2500,7246,484,0xf,False,0x3a1a
1784019615.193,1925,1925,385592,4,1,-14,23,-48,1035,-4,-2,4,101325,2500,7246,494,0xf,False,0x16db
1784019615.382,1926,1926,385792,4,1,18,-7,37,941,-4,-5,-2,101325,2500,7246,485,0xf,False,0x9154
1784019615.509,1927,1927,385992,4,1,12,43,-57,930,-4,4,-3,101325,2500,7246,493,0xf,False,0xbf9d
1784019615.758,1928,1928,386192,4,1,-18,15,-52,919,-3,0,-4,101325,2500,7246,508,0xf,False,0x2a86
1784019615.943,1929,1929,386392,4,1,-8,45,58,1062,-4,-5,2,101325,2500,7246,490,0xf,False,0xc5eb
1784019616.066,1930,1930,386592,4,1,-18,-46,10,965,1,1,-1,101325,2500,7246,505,0xf,False,0xa942
1784019616.347,1931,1931,386792,4,1,-1,-48,-56,1078,4,1,0,101325,2500,7246,517,0xf,False,0xa381
1784019616.535,1932,1932,386992,4,1,5,13,7,999,-5,2,-1,101325,2500,7246,498,0xf,False,0xcc4d
1784019616.785,1933,1933,387192,4,1,16,-42,23,927,2,-3,-4,101325,2500,7246,502,0xf,False,0x33e1
1784019616.910,1934,1934,387392,4,1,-4,12,-9,956,-1,-4,0,101325,2500,7246,509,0xf,False,0x8867
1784019617.097,1935,1935,387592,4,1,0,-58,-48,1083,2,-3,3,101325,2500,7245,501,0xf,False,0xcf45
1784019617.315,1936,1936,387792,4,1,-16,-5,4,1021,-2,0,2,101325,2500,7245,483,0xf,False,0x693f
1784019617.566,1937,1937,387992,4,1,-5,4,-27,1029,4,-4,-2,101325,2500,7245,502,0xf,False,0x3eca
1784019617.690,1938,1938,388192,4,1,17,-17,47,1055,-5,-5,4,101325,2500,7245,492,0xf,False,0x817c
1784019617.937,1939,1939,388392,4,1,3,16,-3,976,-5,-4,-2,101325,2500,7245,518,0xf,False,0xf76
1784019618.197,1940,1940,388592,4,1,4,15,-56,1085,3,-2,-3,101325,2500,7245,499,0xf,False,0x9d5e
1784019618.375,1941,1941,388792,4,1,15,47,38,901,-2,1,1,101325,2500,7245,504,0xf,False,0x8b19
1784019618.499,1942,1942,388992,4,1,-7,-31,-42,1093,0,-4,1,101325,2500,7245,487,0xf,False,0xf68d
1784019618.749,1943,1943,389192,4,1,-17,53,-16,1078,1,3,-3,101325,2500,7245,484,0xf,False,0xd8c0
1784019618.936,1944,1944,389392,4,1,18,40,-18,1078,2,3,3,101325,2500,7245,508,0xf,False,0x9c12
1784019619.058,1945,1945,389592,4,1,-17,-56,-12,1074,3,0,0,101325,2500,7245,506,0xf,False,0x6d3b
1784019619.306,1946,1946,389792,4,1,-16,-45,17,928,1,3,-1,101325,2500,7245,511,0xf,False,0xa871
1784019619.555,1947,1947,389992,4,1,15,33,10,949,0,-2,0,101325,2500,7245,519,0xf,False,0xaade
1784019619.803,1948,1948,390192,4,1,13,-28,-60,1054,-4,3,3,101325,2500,7244,488,0xf,False,0x109a
1784019619.865,1949,1949,390392,4,1,-16,-1,-32,905,-4,-2,-2,101325,2500,7244,503,0xf,False,0xda98
1784019620.115,1950,1950,390592,4,1,-12,-1,-41,969,-4,3,-3,101325,2500,7244,506,0xf,False,0x6beb
1784019620.318,1951,1951,390792,4,1,-14,-24,-24,1030,-5,-4,-1,101325,2500,7244,482,0xf,False,0x9832
1784019620.564,1952,1952,390992,4,1,8,27,-41,1044,-1,-1,0,101325,2500,7244,506,0xf,False,0x7f54
1784019620.689,1953,1953,391192,4,1,-17,-13,22,1008,1,0,0,101325,2500,7244,481,0xf,False,0xb8d6
1784019620.938,1954,1954,391392,4,1,12,-1,-7,961,3,-3,1,101325,2500,7244,515,0xf,False,0xc3c9
1784019621.123,1955,1955,391592,4,1,-5,27,54,1013,-2,-1,-2,101325,2500,7244,516,0xf,False,0xaf3a
1784019621.374,1956,1956,391792,4,1,-10,-9,35,942,4,-4,0,101325,2500,7244,484,0xf,False,0xf0cf
1784019621.499,1957,1957,391992,4,1,0,-58,-25,907,4,1,-3,101325,2500,7244,481,0xf,False,0x56d2
1784019621.750,1958,1958,392192,4,1,19,-3,37,969,1,1,-4,101325,2500,7244,487,0xf,False,0x2ce9
1784019621.937,1959,1959,392392,4,1,18,11,57,944,1,-3,-3,101325,2500,7244,497,0xf,False,0xbc01
1784019622.062,1960,1960,392592,4,1,18,39,33,961,0,1,-5,101325,2500,7243,516,0xf,False,0x21d9
1784019622.341,1961,1961,392792,4,1,-11,-31,44,955,-5,-1,2,101325,2500,7243,488,0xf,False,0x53d3
1784019622.527,1962,1962,392992,4,1,-12,-31,-17,942,-1,1,3,101325,2500,7243,498,0xf,False,0xc208
1784019622.778,1963,1963,393192,4,1,-18,13,29,948,-4,4,0,101325,2500,7243,490,0xf,False,0x4f5a
1784019622.902,1964,1964,393392,4,1,12,26,-52,1073,-3,4,-2,101325,2500,7243,492,0xf,False,0x7392
1784019623.153,1965,1965,393592,4,1,15,14,48,950,-1,2,-4,101325,2500,7243,519,0xf,False,0x5919
1784019623.338,1966,1966,393792,4,1,8,-4,-28,986,-1,-1,1,101325,2500,7243,509,0xf,False,0x1073
1784019623.590,1967,1967,393992,4,1,1,28,-59,1044,4,3,-1,101325,2500,7243,497,0xf,False,0xac00
1784019623.715,1968,1968,394192,4,1,9,-49,-23,950,1,-4,0,101325,2500,7243,519,0xf,False,0x2d23
1784019623.901,1969,1969,394392,4,1,10,19,-26,1077,1,4,4,101325,2500,7243,497,0xf,False,0x8e79
1784019624.191,1970,1970,394592,4,1,6,-41,38,1083,-1,2,4,101325,2500,7243,495,0xf,False,0xf0b2
1784019624.367,1971,1971,394792,4,1,-14,-56,36,1046,-2,-2,-4,101325,2500,7243,515,0xf,False,0x2e81
1784019624.491,1972,1972,394992,4,1,-20,-16,43,1024,-2,2,-4,101325,2500,7243,489,0xf,False,0xa148
1784019624.742,1973,1973,395192,4,1,15,-55,-15,905,4,3,-2,101325,2500,7242,517,0xf,False,0xf273
1784019624.990,1974,1974,395392,4,1,-10,-14,-27,976,-5,4,-4,101325,2500,7242,507,0xf,False,0xa054
1784019625.053,1975,1975,395592,4,1,6,-26,9,1041,-1,-1,-5,101325,2500,7242,480,0xf,False,0x2339
1784019625.315,1976,1976,395792,4,1,14,50,9,1001,-3,-3,-3,101325,2500,7242,507,0xf,False,0x2ee5
1784019625.564,1977,1977,395992,4,1,15,48,29,988,2,-2,0,101325,2500,7242,508,0xf,False,0x5b86
1784019625.810,1978,1978,396192,4,1,12,19,-29,994,-2,-1,1,101325,2500,7242,482,0xf,False,0xb0ef
1784019625.872,1979,1979,396392,4,1,-1,14,-24,978,0,4,2,101325,2500,7242,517,0xf,False,0x78e3
1784019626.126,1980,1980,396592,4,1,16,-14,-41,913,4,2,-2,101325,2500,7242,490,0xf,False,0x4655
1784019626.311,1981,1981,396792,4,1,-18,-20,-20,1026,3,3,3,101325,2500,7242,490,0xf,False,0x66f9
1784019626.559,1982,1982,396992,4,1,19,-41,-43,1098,-1,-2,-1,101325,2500,7242,496,0xf,False,0x94bd
1784019626.683,1983,1983,397192,4,1,-7,-41,33,1036,3,1,-3,101325,2500,7242,502,0xf,False,0xc78f
1784019626.934,1984,1984,397392,4,1,-1,30,10,927,-3,4,-3,101325,2500,7242,516,0xf,False,0xc4d3
1784019627.198,1985,1985,397592,4,1,0,9,-11,927,3,3,3,101325,2500,7241,506,0xf,False,0xd84f
1784019627.387,1986,1986,397792,4,1,-20,4,39,1052,-2,-2,0,101325,2500,7241,496,0xf,False,0xf7f2
1784019627.512,1987,1987,397992,4,1,-11,-56,26,1017,-4,-2,0,101325,2500,7241,488,0xf,False,0xe7e
1784019627.759,1988,1988,398192,4,1,-7,10,-30,978,-4,-3,-5,101325,2500,7241,493,0xf,False,0x2065
1784019627.947,1989,1989,398392,4,1,-11,-28,10,1076,1,3,1,101325,2500,7241,482,0xf,False,0xa7f8
1784019628.072,1990,1990,398592,4,1,4,-32,19,1021,-3,2,1,101325,2500,7241,496,0xf,False,0x42ab
1784019628.336,1991,1991,398792,4,1,-13,16,29,960,-5,3,2,101325,2500,7241,484,0xf,False,0x7cc4
1784019628.520,1992,1992,398992,4,1,-10,57,38,928,1,2,4,101325,2500,7241,497,0xf,False,0x49bd
1784019628.767,1993,1993,399192,4,1,-5,8,16,923,-2,-1,-2,101325,2500,7241,486,0xf,False,0xdfee
1784019628.893,1994,1994,399392,4,1,-19,41,-5,1068,-1,3,-1,101325,2500,7241,490,0xf,False,0xc424
1784019629.081,1995,1995,399592,4,1,16,-25,5,958,-1,1,-1,101325,2500,7241,499,0xf,False,0x985c
1784019629.330,1996,1996,399792,4,1,19,22,46,1015,4,2,-2,101325,2500,7241,489,0xf,False,0xda7f
1784019629.580,1997,1997,399992,4,1,-13,18,-2,942,2,-4,-2,101325,2500,7241,490,0xf,False,0x5d8e
1784019629.702,1998,1998,400192,4,1,1,-12,-19,987,-1,3,-1,101325,2500,7240,499,0xf,False,0xb587
1784019629.952,1999,1999,400392,4,1,-11,-48,-24,1042,0,-3,4,101325,2500,7240,503,0xf,False,0x4b6b
1784019630.140,2000,2000,400592,4,1,11,-54,25,1021,-1,-3,-1,101325,2500,7240,496,0xf,False,0x2248
1784019630.390,2001,2001,400792,4,1,3,-56,57,985,0,-5,0,101325,2500,7240,507,0xf,False,0xa14b
1784019630.516,2002,2002,400992,4,1,-13,57,-10,961,-1,-3,4,101325,2500,7240,480,0xf,False,0x91b0
1784019630.702,2003,2003,401192,4,1,-1,57,-29,1001,1,-5,-5,101325,2500,7240,491,0xf,False,0xb3dc
1784019630.950,2004,2004,401392,4,1,1,-30,-16,1031,4,-2,2,101325,2500,7240,486,0xf,False,0x86f1
1784019631.074,2005,2005,401592,4,1,-1,50,-42,1036,0,0,3,101325,2500,7240,498,0xf,False,0x4614
1784019631.308,2006,2006,401792,4,1,4,7,4,1078,1,4,0,101325,2500,7240,509,0xf,False,0xc4d0
1784019631.557,2007,2007,401992,4,1,2,28,-14,1062,-3,-3,4,101325,2500,7240,505,0xf,False,0xe576
1784019631.743,2008,2008,402192,4,1,0,-11,45,1034,3,0,-2,101325,2500,7240,499,0xf,False,0x63ee
1784019631.869,2009,2009,402392,4,1,-14,44,5,914,-2,-3,-4,101325,2500,7240,489,0xf,False,0x2dc4
1784019632.119,2010,2010,402592,4,1,2,-40,-48,1087,-3,3,-1,101325,2500,7239,488,0xf,False,0xa3aa
1784019632.322,2011,2011,402792,4,1,0,41,-34,1024,0,-5,-3,101325,2500,7239,509,0xf,False,0xbd70
1784019632.572,2012,2012,402992,4,1,14,4,-7,961,-1,-2,-3,101325,2500,7239,506,0xf,False,0x9191
1784019632.698,2013,2013,403192,4,1,-15,-43,-11,1087,2,0,1,101325,2500,7239,519,0xf,False,0xc1a1
1784019632.948,2014,2014,403392,4,1,14,-31,44,955,-2,1,3,101325,2500,7239,501,0xf,False,0x75bf
1784019633.168,2015,2015,403592,4,1,-13,2,40,984,3,-4,0,101325,2500,7239,499,0xf,False,0xd1d3
1784019633.412,2016,2016,403792,4,1,-1,-12,-31,1029,1,-3,-3,101325,2500,7239,485,0xf,False,0x9ff4
1784019633.474,2017,2017,403992,4,1,15,56,52,1043,-3,-2,4,101325,2500,7239,519,0xf,False,0xeb0e
1784019633.721,2018,2018,404192,4,1,-1,-20,49,927,-5,-2,-3,101325,2500,7239,518,0xf,False,0xbf3a
1784019633.973,2019,2019,404392,4,1,5,-21,-37,918,-4,-5,1,101325,2500,7239,503,0xf,False,0x1f1a
1784019634.097,2020,2020,404592,4,1,19,-53,53,1003,-1,3,3,101325,2500,7239,511,0xf,False,0x9aac
1784019634.317,2021,2021,404792,4,1,14,-5,-36,1018,-2,2,-2,101325,2500,7239,516,0xf,False,0x2623
1784019634.565,2022,2022,404992,4,1,5,40,-9,922,2,0,3,101325,2500,7239,518,0xf,False,0xc1f7
1784019634.753,2023,2023,405192,4,1,11,5,8,973,1,-4,3,101325,2500,7238,519,0xf,False,0x19a6
1784019634.877,2024,2024,405392,4,1,14,10,1,977,1,-3,-2,101325,2500,7238,503,0xf,False,0x3140
1784019635.124,2025,2025,405592,4,1,6,-41,-29,902,2,3,-2,101325,2500,7238,485,0xf,False,0xdee6
1784019635.356,2026,2026,405792,4,1,4,-50,-39,923,-1,2,1,101325,2500,7238,485,0xf,False,0xf5b1
1784019635.602,2027,2027,405992,4,1,-15,57,23,912,4,-1,-1,101325,2500,7238,491,0xf,False,0xbc01
1784019635.729,2028,2028,406192,4,1,-14,50,35,1070,-3,-1,1,101325,2500,7238,482,0xf,False,0x4889
1784019636.040,2029,2029,406392,4,1,0,1,3,905,0,-5,-2,101325,2500,7238,515,0xf,False,0xfde1
1784019636.188,2030,2030,406592,4,1,-12,-18,4,907,-1,4,-3,101325,2500,7238,487,0xf,False,0x288f
1784019636.363,2031,2031,406792,4,1,-15,-14,-13,953,-2,-2,-5,101325,2500,7238,490,0xf,False,0x8cf6
1784019636.488,2032,2032,406992,4,1,-9,-1,-34,940,4,-4,1,101325,2500,7238,504,0xf,False,0x18c5
1784019636.739,2033,2033,407192,4,1,-2,47,38,981,0,3,-2,101325,2500,7238,487,0xf,False,0xfa16
1784019636.987,2034,2034,407392,4,1,8,-52,53,1009,3,4,-3,101325,2500,7238,483,0xf,False,0xaa3b
1784019637.112,2035,2035,407592,4,1,-9,0,38,964,-4,-5,4,101325,2500,7237,487,0xf,False,0x5cd3
1784019637.297,2036,2036,407792,4,1,-8,47,-13,982,-3,-4,0,101325,2500,7237,498,0xf,False,0x20f0
1784019637.544,2037,2037,407992,4,1,2,25,40,964,-5,0,-3,101325,2500,7237,494,0xf,False,0xbcda
1784019637.794,2038,2038,408192,4,1,-19,26,17,969,1,2,-2,101325,2500,7237,506,0xf,False,0x40cd
1784019637.857,2039,2039,408392,4,1,-13,-48,-9,1096,-3,-5,-2,101325,2500,7237,480,0xf,False,0xdf41
1784019638.105,2040,2040,408592,4,1,14,-22,29,903,-5,3,0,101325,2500,7237,499,0xf,False,0xe91d
1784019638.370,2041,2041,408792,4,1,-16,57,-27,990,1,-4,-3,101325,2500,7237,487,0xf,False,0xe926
1784019638.558,2042,2042,408992,4,1,-4,52,-15,1044,-1,1,-2,101325,2500,7237,513,0xf,False,0xeccb
1784019638.683,2043,2043,409192,4,1,9,25,-29,1016,4,4,-4,101325,2500,7237,519,0xf,False,0x2a22
1784019638.933,2044,2044,409392,4,1,15,-48,-28,1085,-5,2,4,101325,2500,7237,495,0xf,False,0x42dd
1784019639.259,2045,2045,409592,4,1,-16,-58,17,947,-5,0,3,101325,2500,7237,495,0xf,False,0x52c5
1784019639.259,2046,2046,409792,4,1,-17,47,-26,1079,1,-2,3,101325,2500,7237,491,0xf,False,0x1dab
1784019639.508,2047,2047,409992,4,1,17,33,-36,1075,-4,0,3,101325,2500,7237,480,0xf,False,0x2178
1784019639.756,2048,2048,410192,4,1,-1,-59,-45,1078,-5,1,1,101325,2500,7236,499,0xf,False,0x518d
1784019639.944,2049,2049,410392,4,1,-16,55,45,965,1,4,-2,101325,2500,7236,491,0xf,False,0xc698
1784019640.069,2050,2050,410592,4,1,3,19,-45,919,-2,-5,1,101325,2500,7236,512,0xf,False,0xe6f7
1784019640.331,2051,2051,410792,4,1,-1,51,5,938,-2,3,0,101325,2500,7236,498,0xf,False,0xf7b1
1784019640.518,2052,2052,410992,4,1,-4,24,5,1047,-5,4,-5,101325,2500,7236,491,0xf,False,0x4a08
1784019640.771,2053,2053,411192,4,1,11,8,45,1041,3,3,-2,101325,2500,7236,495,0xf,False,0x814a
1784019640.894,2054,2054,411392,4,1,4,-27,-52,1051,4,0,-4,101325,2500,7236,480,0xf,False,0xed1
1784019641.142,2055,2055,411592,4,1,-6,-8,-34,1021,-4,-4,2,101325,2500,7236,512,0xf,False,0xf588
1784019641.327,2056,2056,411792,4,1,11,12,-42,905,-2,3,2,101325,2500,7236,489,0xf,False,0x82aa
1784019641.577,2057,2057,411992,4,1,6,57,-47,971,1,-4,2,101325,2500,7236,510,0xf,False,0xde7b
1784019641.701,2058,2058,412192,4,1,2,-30,-38,912,-2,1,-3,101325,2500,7236,491,0xf,False,0xab77
1784019641.951,2059,2059,412392,4,1,12,-50,-46,917,4,-4,4,101325,2500,7236,505,0xf,False,0x530
1784019642.138,2060,2060,412592,4,1,1,-44,42,1065,3,-5,3,101325,2500,7235,487,0xf,False,0xfc1c
1784019642.263,2061,2061,412792,4,1,-17,0,8,1026,3,4,1,101325,2500,7235,489,0xf,False,0x4cb1
1784019642.510,2062,2062,412992,4,1,0,-4,-4,939,0,-2,1,101325,2500,7235,491,0xf,False,0xf2b1
1784019642.760,2063,2063,413192,4,1,18,-43,19,1061,3,0,-3,101325,2500,7235,486,0xf,False,0x41b4
1784019642.946,2064,2064,413392,4,1,-10,23,41,1048,-5,-1,2,101325,2500,7235,516,0xf,False,0xeef4
1784019643.072,2065,2065,413592,4,1,-7,-2,-36,935,-1,-1,-5,101325,2500,7235,500,0xf,False,0x1315
1784019643.336,2066,2066,413792,4,1,-20,54,36,1006,-1,-5,2,101325,2500,7235,498,0xf,False,0x547b
1784019643.521,2067,2067,413992,4,1,1,6,-10,912,1,-1,-2,101325,2500,7235,501,0xf,False,0x764e
1784019643.771,2068,2068,414192,4,1,6,0,7,1031,-4,-4,-3,101325,2500,7235,508,0xf,False,0xe256
1784019643.895,2069,2069,414392,4,1,1,15,2,1055,-5,2,0,101325,2500,7235,493,0xf,False,0x2b74
1784019644.171,2070,2070,414592,4,1,-3,-40,10,983,-3,2,3,101325,2500,7235,509,0xf,False,0x1fd9
1784019644.362,2071,2071,414792,4,1,-12,31,39,1039,2,-4,-5,101325,2500,7235,519,0xf,False,0x77de
1784019644.611,2072,2072,414992,4,1,-9,-34,24,1052,-5,-1,2,101325,2500,7235,490,0xf,False,0x92da
1784019644.672,2073,2073,415192,4,1,-19,-33,26,919,2,-1,-3,101325,2500,7234,517,0xf,False,0x45c
1784019644.922,2074,2074,415392,4,1,-1,-19,-13,931,4,-1,3,101325,2500,7234,504,0xf,False,0x6c6c
1784019645.186,2075,2075,415592,4,1,11,14,43,1019,-5,2,3,101325,2500,7234,489,0xf,False,0x53ff
1784019645.249,2076,2076,415792,4,1,-7,-23,32,1048,-3,4,-5,101325,2500,7234,510,0xf,False,0xafb7
1784019645.497,2077,2077,415992,4,1,4,-43,12,915,-4,4,-5,101325,2500,7234,504,0xf,False,0xae50
1784019645.747,2078,2078,416192,4,1,-20,24,44,1021,-3,3,-1,101325,2500,7234,505,0xf,False,0x3e54
1784019645.935,2079,2079,416392,4,1,-2,16,-19,1070,4,-5,1,101325,2500,7234,506,0xf,False,0x78c6
1784019646.058,2080,2080,416592,4,1,-2,22,53,902,4,-5,-4,101325,2500,7234,498,0xf,False,0x34af
1784019646.308,2081,2081,416792,4,1,-18,-23,38,1050,-3,-5,0,101325,2500,7234,483,0xf,False,0x606e
1784019646.555,2082,2082,416992,4,1,17,-54,57,908,0,2,-3,101325,2500,7234,493,0xf,False,0xdfcb
1784019646.807,2083,2083,417192,4,1,9,-29,-50,997,2,1,-4,101325,2500,7234,485,0xf,False,0xf9bd
1784019646.869,2084,2084,417392,4,1,11,59,-7,977,3,2,0,101325,2500,7234,504,0xf,False,0xb1ac
1784019647.118,2085,2085,417592,4,1,6,-14,5,1096,-5,-5,-4,101325,2500,7233,484,0xf,False,0x2e6d
1784019647.382,2086,2086,417792,4,1,2,-25,38,1071,-5,-2,0,101325,2500,7233,497,0xf,False,0xd25e
1784019647.568,2087,2087,417992,4,1,10,-25,-25,1047,0,-3,-5,101325,2500,7233,505,0xf,False,0x5cb4
1784019647.693,2088,2088,418192,4,1,-12,-41,33,1089,-2,1,3,101325,2500,7233,503,0xf,False,0x5fa3
1784019647.943,2089,2089,418392,4,1,5,-12,25,988,-3,-2,-4,101325,2500,7233,495,0xf,False,0x6660
1784019648.144,2090,2090,418592,4,1,-14,-25,-43,1071,-2,2,2,101325,2500,7233,510,0xf,False,0x4254
1784019648.266,2091,2091,418792,4,1,-7,-3,35,1012,-2,1,3,101325,2500,7233,507,0xf,False,0x8dd1
1784019648.518,2092,2092,418992,4,1,-9,-33,-26,936,-5,-5,-3,101325,2500,7233,501,0xf,False,0xba05
1784019648.705,2093,2093,419192,4,1,18,-23,-34,915,0,4,-3,101325,2500,7233,490,0xf,False,0xb94a
1784019648.954,2094,2094,419392,4,1,15,6,-44,1095,1,-2,-4,101325,2500,7233,492,0xf,False,0xd584
1784019649.078,2095,2095,419592,4,1,12,-35,-57,1027,-2,0,1,101325,2500,7233,516,0xf,False,0x4de3
1784019649.327,2096,2096,419792,4,1,-16,-16,-29,1010,3,-2,-3,101325,2500,7233,494,0xf,False,0x1de8
1784019649.575,2097,2097,419992,4,1,-7,-36,39,1071,3,4,-1,101325,2500,7233,499,0xf,False,0xedbb
1784019649.762,2098,2098,420192,4,1,-20,59,-46,989,-4,-1,-3,101325,2500,7232,498,0xf,False,0x63f2
1784019649.887,2099,2099,420392,4,1,-17,23,27,1024,-4,0,2,101325,2500,7232,507,0xf,False,0x8c22
1784019650.135,2100,2100,420592,4,1,-15,9,30,936,-1,-3,3,101325,2500,7232,514,0xf,False,0x3e05
1784019650.321,2101,2101,420792,4,1,14,-4,7,1028,-4,3,-4,101325,2500,7232,494,0xf,False,0xa18
1784019650.571,2102,2102,420992,4,1,9,-26,44,974,-3,-4,-1,101325,2500,7232,495,0xf,False,0x92cc
1784019650.695,2103,2103,421192,4,1,8,-53,42,1099,1,-3,-2,101325,2500,7232,516,0xf,False,0x6d25
1784019650.942,2104,2104,421392,4,1,-14,15,-15,952,-4,-1,3,101325,2500,7232,497,0xf,False,0xe5e6
1784019651.238,2105,2105,421592,4,1,17,-57,31,1095,3,-2,3,101325,2500,7232,500,0xf,False,0xe2a4
1784019651.362,2106,2106,421792,4,1,-16,51,29,987,4,-2,-3,101325,2500,7232,508,0xf,False,0xf1ab
1784019651.487,2107,2107,421992,4,1,-15,48,-41,1014,-3,3,2,101325,2500,7232,493,0xf,False,0x635
1784019651.737,2108,2108,422192,4,1,6,19,-24,918,-3,2,-5,101325,2500,7232,497,0xf,False,0x370b
1784019651.988,2109,2109,422392,4,1,16,33,-31,906,-4,-3,2,101325,2500,7232,488,0xf,False,0xcb9b
1784019652.051,2110,2110,422592,4,1,12,-44,20,1045,-2,3,-1,101325,2500,7231,493,0xf,False,0x32f6
1784019652.331,2111,2111,422792,4,1,9,-40,5,1038,-3,2,-1,101325,2500,7231,505,0xf,False,0xdde9
1784019652.517,2112,2112,422992,4,1,-14,57,-14,1086,-4,-3,2,101325,2500,7231,513,0xf,False,0xa3e6
1784019652.765,2113,2113,423192,4,1,-11,19,-19,1024,0,0,4,101325,2500,7231,483,0xf,False,0x5f86
1784019652.889,2114,2114,423392,4,1,11,-12,-26,1019,0,2,-4,101325,2500,7231,519,0xf,False,0xc8b9
1784019653.139,2115,2115,423592,4,1,15,58,10,1025,3,-4,1,101325,2500,7231,501,0xf,False,0x590d
1784019653.325,2116,2116,423792,4,1,8,26,-51,968,-1,0,3,101325,2500,7231,517,0xf,False,0x9793
1784019653.572,2117,2117,423992,4,1,-16,23,39,983,0,3,-2,101325,2500,7231,485,0xf,False,0x3ad5
1784019653.696,2118,2118,424192,4,1,18,37,41,1088,-5,-2,-4,101325,2500,7231,510,0xf,False,0x11b2
1784019653.944,2119,2119,424392,4,1,6,-33,9,917,-2,-3,-4,101325,2500,7231,511,0xf,False,0x8168
1784019654.178,2120,2120,424592,4,1,-18,-1,-46,907,-1,0,-1,101325,2500,7231,480,0xf,False,0xc5b1
1784019654.241,2121,2121,424792,4,1,-20,-39,34,986,2,-4,-4,101325,2500,7231,489,0xf,False,0x9317
1784019654.489,2122,2122,424992,4,1,-2,37,19,1048,-2,-1,-2,101325,2500,7231,496,0xf,False,0x48f3
1784019654.864,2123,2123,425192,4,1,4,29,-60,902,-5,3,4,101325,2500,7230,499,0xf,False,0xfd72
1784019654.990,2124,2124,425392,4,1,3,19,-36,1019,0,0,-4,101325,2500,7230,491,0xf,False,0x7f78
1784019655.115,2125,2125,425592,4,1,-2,24,42,953,2,-1,-5,101325,2500,7230,488,0xf,False,0x5b51
1784019655.301,2126,2126,425792,4,1,0,-54,13,924,-1,3,2,101325,2500,7230,517,0xf,False,0xf717
1784019655.551,2127,2127,425992,4,1,17,14,8,971,1,4,-1,101325,2500,7230,503,0xf,False,0x7c81
1784019655.800,2128,2128,426192,4,1,-15,50,-26,917,1,-1,-1,101325,2500,7230,483,0xf,False,0x6d80
1784019655.862,2129,2129,426392,4,1,14,-50,-33,1015,-2,-2,-1,101325,2500,7230,492,0xf,False,0x41b
1784019656.111,2130,2130,426592,4,1,-2,49,-20,1027,2,-2,-4,101325,2500,7230,481,0xf,False,0xf8cc
1784019656.361,2131,2131,426792,4,1,18,-59,10,955,4,-3,-3,101325,2500,7230,496,0xf,False,0xc50e
1784019656.547,2132,2132,426992,4,1,19,-51,25,949,2,-4,-4,101325,2500,7230,504,0xf,False,0xcd94
1784019656.733,2133,2133,427192,4,1,19,36,-38,927,4,-1,4,101325,2500,7230,498,0xf,False,0x1938
1784019656.919,2134,2134,427392,4,1,12,-23,22,1095,-5,1,-1,101325,2500,7230,500,0xf,False,0xdcbb
1784019657.184,2135,2135,427592,4,1,-20,-40,54,1021,1,4,-4,101325,2500,7229,500,0xf,False,0xcbd4
1784019657.311,2136,2136,427792,4,1,7,-33,28,1004,-2,-4,-2,101325,2500,7229,515,0xf,False,0x58c1
1784019657.495,2137,2137,427992,4,1,-17,-10,46,993,2,4,2,101325,2500,7229,487,0xf,False,0xe7f2
1784019657.744,2138,2138,428192,4,1,17,-23,-42,1092,2,-3,-5,101325,2500,7229,501,0xf,False,0x5067
1784019657.994,2139,2139,428392,4,1,4,53,-2,972,0,1,-4,101325,2500,7229,515,0xf,False,0x66e4
1784019658.056,2140,2140,428592,4,1,-3,35,-33,967,-4,1,4,101325,2500,7229,494,0xf,False,0x736d
1784019658.305,2141,2141,428792,4,1,-5,43,-17,912,3,-1,-3,101325,2500,7229,511,0xf,False,0xbfb3
1784019658.555,2142,2142,428992,4,1,-12,-48,11,966,-2,-5,1,101325,2500,7229,509,0xf,False,0x1345
1784019658.805,2143,2143,429192,4,1,2,-44,-41,924,-3,-4,2,101325,2500,7229,518,0xf,False,0x2d6d
1784019658.868,2144,2144,429392,4,1,1,42,23,959,-1,-4,2,101325,2500,7229,502,0xf,False,0x7a50
1784019659.117,2145,2145,429592,4,1,0,34,-36,1075,1,-1,-3,101325,2500,7229,480,0xf,False,0x7cd3
1784019659.350,2146,2146,429792,4,1,-7,-19,37,936,-3,4,-2,101325,2500,7229,518,0xf,False,0xbdc2
1784019659.597,2147,2147,429992,4,1,-18,-5,-28,994,-2,2,4,101325,2500,7229,498,0xf,False,0xb373
1784019659.721,2148,2148,430192,4,1,-5,-51,-22,1022,-5,-5,-4,101325,2500,7228,497,0xf,False,0x30bd
1784019659.908,2149,2149,430392,4,1,10,39,27,982,4,-5,-4,101325,2500,7228,485,0xf,False,0x32ba
1784019660.159,2150,2150,430592,4,1,-10,29,40,1067,-3,-4,-5,101325,2500,7228,516,0xf,False,0x7e9d
1784019660.282,2151,2151,430792,4,1,15,26,-32,1033,0,-1,1,101325,2500,7228,514,0xf,False,0xb892
1784019660.469,2152,2152,430992,4,1,-8,43,-57,1083,0,-2,0,101325,2500,7228,502,0xf,False,0x7c2e
1784019660.717,2153,2153,431192,4,1,-19,27,-33,952,0,-3,-4,101325,2500,7228,485,0xf,False,0x2528
1784019660.966,2154,2154,431392,4,1,19,52,23,1002,4,-5,-1,101325,2500,7228,481,0xf,False,0xe203
1784019661.089,2155,2155,431592,4,1,-6,58,48,1077,3,1,3,101325,2500,7228,496,0xf,False,0x6912
1784019661.306,2156,2156,431792,4,1,-2,-33,49,954,2,-4,2,101325,2500,7228,488,0xf,False,0x4c6c
1784019661.557,2157,2157,431992,4,1,-10,-36,-7,998,-5,2,1,101325,2500,7228,499,0xf,False,0x5d7f
1784019661.808,2158,2158,432192,4,1,1,14,19,1096,2,2,-2,101325,2500,7228,503,0xf,False,0xd1bd
1784019661.871,2159,2159,432392,4,1,-16,46,-40,976,-4,3,2,101325,2500,7228,507,0xf,False,0x4739
1784019662.118,2160,2160,432592,4,1,5,-41,-1,918,-5,-3,-2,101325,2500,7227,492,0xf,False,0x542c
1784019662.383,2161,2161,432792,4,1,-7,23,-50,1066,3,-5,-5,101325,2500,7227,496,0xf,False,0xe2ab
1784019662.569,2162,2162,432992,4,1,-13,21,52,904,-2,-2,3,101325,2500,7227,504,0xf,False,0x206
1784019662.694,2163,2163,433192,4,1,0,15,10,1037,1,-4,-1,101325,2500,7227,507,0xf,False,0xdf7d
1784019662.943,2164,2164,433392,4,1,-3,-14,49,964,-4,3,1,101325,2500,7227,512,0xf,False,0x2869
1784019663.128,2165,2165,433592,4,1,-4,8,16,960,1,-4,-4,101325,2500,7227,491,0xf,False,0xad48
1784019663.252,2166,2166,433792,4,1,0,-2,-6,1016,-1,0,1,101325,2500,7227,486,0xf,False,0xa4a5
1784019663.499,2167,2167,433992,4,1,-19,15,-33,1054,-3,1,4,101325,2500,7227,502,0xf,False,0xa1bc
1784019663.747,2168,2168,434192,4,1,1,53,45,965,4,4,0,101325,2500,7227,497,0xf,False,0x7239
1784019663.994,2169,2169,434392,4,1,-18,-3,1,923,2,1,2,101325,2500,7227,503,0xf,False,0x6660
1784019664.057,2170,2170,434592,4,1,-11,10,37,954,2,3,4,101325,2500,7227,489,0xf,False,0x4aee
1784019664.305,2171,2171,434792,4,1,-15,40,-1,1058,2,1,4,101325,2500,7227,487,0xf,False,0x435d
1784019664.552,2172,2172,434992,4,1,-5,4,-1,933,-1,-5,2,101325,2500,7227,512,0xf,False,0xe0a6
1784019664.799,2173,2173,435192,4,1,6,-59,41,1094,-4,-5,-3,101325,2500,7226,512,0xf,False,0x1d41
1784019664.861,2174,2174,435392,4,1,-15,31,-12,945,1,1,-4,101325,2500,7226,499,0xf,False,0x2923
1784019665.117,2175,2175,435592,4,1,-16,45,-32,938,-3,0,0,101325,2500,7226,502,0xf,False,0x1144
1784019665.359,2176,2176,435792,4,1,-11,48,-43,1067,1,3,-2,101325,2500,7226,506,0xf,False,0x1eb7
1784019665.606,2177,2177,435992,4,1,9,-46,-44,1089,-2,-3,4,101325,2500,7226,484,0xf,False,0x7ec7
1784019665.730,2178,2178,436192,4,1,-19,-12,22,988,2,1,2,101325,2500,7226,490,0xf,False,0x1018
1784019665.919,2179,2179,436392,4,1,1,-28,59,975,-3,3,3,101325,2500,7226,488,0xf,False,0x127c
1784019666.199,2180,2180,436592,4,1,-6,7,-13,1026,0,4,-2,101325,2500,7226,490,0xf,False,0x43fc
1784019666.262,2181,2181,436792,4,1,3,27,-25,1083,-1,2,-2,101325,2500,7226,514,0xf,False,0xa1fb
1784019666.511,2182,2182,436992,4,1,18,-24,-14,947,-1,-5,3,101325,2500,7226,496,0xf,False,0x798a
1784019666.759,2183,2183,437192,4,1,15,55,-7,917,2,3,-5,101325,2500,7226,518,0xf,False,0xbee5
1784019666.946,2184,2184,437392,4,1,12,32,4,906,-3,-4,4,101325,2500,7226,481,0xf,False,0xa1ff
1784019667.071,2185,2185,437592,4,1,5,9,9,1034,3,1,-4,101325,2500,7225,516,0xf,False,0xedc8
1784019667.307,2186,2186,437792,4,1,-3,59,-20,937,-4,-3,-2,101325,2500,7225,487,0xf,False,0x5ed2
1784019667.558,2187,2187,437992,4,1,-4,20,8,925,-5,2,1,101325,2500,7225,504,0xf,False,0x8819
1784019667.806,2188,2188,438192,4,1,-7,-46,-18,917,-1,-3,4,101325,2500,7225,480,0xf,False,0x85ef
1784019667.868,2189,2189,438392,4,1,5,-50,54,966,-5,-3,-5,101325,2500,7225,485,0xf,False,0x22e8
1784019668.133,2190,2190,438592,4,1,15,-29,-25,977,3,0,-3,101325,2500,7225,485,0xf,False,0x57bc
1784019668.382,2191,2191,438792,4,1,-12,-58,-12,1006,-1,4,-4,101325,2500,7225,489,0xf,False,0x6f6d
1784019668.554,2192,2192,438992,4,1,2,28,-56,971,2,1,-1,101325,2500,7225,485,0xf,False,0x3810
1784019668.804,2193,2193,439192,4,1,0,-33,-52,1049,-1,-1,3,101325,2500,7225,490,0xf,False,0x75fd
1784019668.929,2194,2194,439392,4,1,8,43,-23,971,3,2,0,101325,2500,7225,489,0xf,False,0x6ce6
1784019669.184,2195,2195,439592,4,1,-5,29,-1,1022,-5,-2,-4,101325,2500,7225,511,0xf,False,0xb7b3
1784019669.240,2196,2196,439792,4,1,-20,53,-28,905,-5,-4,0,101325,2500,7225,482,0xf,False,0x8bed
1784019669.489,2197,2197,439992,4,1,-7,21,-24,964,-1,3,-3,101325,2500,7225,516,0xf,False,0xe9bd
1784019669.737,2198,2198,440192,4,1,-2,58,49,964,-2,-2,1,101325,2500,7224,480,0xf,False,0x7280
1784019669.986,2199,2199,440392,4,1,-15,46,48,949,1,3,-4,101325,2500,7224,486,0xf,False,0xaf8
1784019670.127,2200,2200,440592,4,1,10,-8,-34,1098,3,0,2,101325,2500,7224,482,0xf,False,0xb935
1784019670.313,2201,2201,440792,4,1,-4,43,50,1036,-4,-2,2,101325,2500,7224,494,0xf,False,0x37ef
1784019670.565,2202,2202,440992,4,1,-2,-16,28,941,4,-5,-5,101325,2500,7224,506,0xf,False,0x45c2
1784019670.752,2203,2203,441192,4,1,0,2,-45,998,-4,4,-3,101325,2500,7224,503,0xf,False,0xd9b5
1784019670.875,2204,2204,441392,4,1,-15,40,8,911,4,-1,-2,101325,2500,7224,490,0xf,False,0xa892
1784019671.126,2205,2205,441592,4,1,-13,-36,-34,959,2,0,-5,101325,2500,7224,483,0xf,False,0x4cb9
1784019671.329,2206,2206,441792,4,1,-15,35,42,991,0,4,0,101325,2500,7224,481,0xf,False,0x7664
1784019671.453,2207,2207,441992,4,1,-8,-3,-35,1055,1,-1,-4,101325,2500,7224,496,0xf,False,0x3ca9
1784019671.703,2208,2208,442192,4,1,-17,38,25,1076,4,-1,1,101325,2500,7224,515,0xf,False,0xed02
1784019671.951,2209,2209,442392,4,1,12,48,19,1039,1,1,-2,101325,2500,7224,482,0xf,False,0xe8f3
1784019672.164,2210,2210,442592,4,1,11,11,52,1075,4,-1,-2,101325,2500,7223,514,0xf,False,0x2b29
1784019672.279,2211,2211,442792,4,1,-17,20,-55,1070,-2,2,-4,101325,2500,7223,497,0xf,False,0x375d
1784019672.528,2212,2212,442992,4,1,11,9,30,1019,-4,-2,-5,101325,2500,7223,485,0xf,False,0x17d8
1784019672.716,2213,2213,443192,4,1,11,10,-29,994,-5,3,3,101325,2500,7223,480,0xf,False,0xf2ae
1784019672.960,2214,2214,443392,4,1,5,-54,39,935,-5,-1,1,101325,2500,7223,506,0xf,False,0x447a
1784019673.085,2215,2215,443592,4,1,-18,34,-52,1057,1,2,-4,101325,2500,7223,512,0xf,False,0x3c74
1784019673.300,2216,2216,443792,4,1,-4,53,10,980,1,-4,-1,101325,2500,7223,501,0xf,False,0x608d
1784019673.549,2217,2217,443992,4,1,1,51,49,1012,-5,3,2,101325,2500,7223,512,0xf,False,0xcdd2
1784019673.797,2218,2218,444192,4,1,-9,24,-26,964,3,-3,-5,101325,2500,7223,495,0xf,False,0xf165
1784019673.923,2219,2219,444392,4,1,-3,12,-44,902,3,-4,1,101325,2500,7223,508,0xf,False,0xc0e3
1784019674.126,2220,2220,444592,4,1,17,44,-34,926,-1,-2,0,101325,2500,7223,480,0xf,False,0xdaff
1784019674.376,2221,2221,444792,4,1,-13,55,44,903,0,-3,3,101325,2500,7223,518,0xf,False,0xe63b
1784019674.502,2222,2222,444992,4,1,3,-5,39,997,-4,3,-2,101325,2500,7223,511,0xf,False,0x3646
1784019674.686,2223,2223,445192,4,1,-20,-45,53,1035,1,-2,-2,101325,2500,7222,505,0xf,False,0x5f6e
1784019675.059,2224,2224,445392,4,1,12,-14,58,1036,4,1,1,101325,2500,7222,494,0xf,False,0xb2fd
1784019675.185,2225,2225,445592,4,1,13,-37,-28,956,-3,2,3,101325,2500,7222,491,0xf,False,0xce88
1784019675.247,2226,2226,445792,4,1,10,6,5,998,-3,3,-1,101325,2500,7222,485,0xf,False,0x2b18
1784019675.494,2227,2227,445992,4,1,2,35,-28,1044,0,3,-2,101325,2500,7222,481,0xf,False,0x2960
1784019675.742,2228,2228,446192,4,1,-7,-13,-12,1073,4,4,-1,101325,2500,7222,505,0xf,False,0xeb88
1784019675.992,2229,2229,446392,4,1,10,-54,36,912,-4,0,4,101325,2500,7222,503,0xf,False,0x538d
1784019676.117,2230,2230,446592,4,1,11,42,0,1040,-2,-5,1,101325,2500,7222,508,0xf,False,0x817
1784019676.319,2231,2231,446792,4,1,13,49,59,1000,-2,-1,3,101325,2500,7222,504,0xf,False,0xda53
1784019676.567,2232,2232,446992,4,1,-4,-1,-15,1098,-1,-4,3,101325,2500,7222,515,0xf,False,0x6d31
1784019676.755,2233,2233,447192,4,1,16,-48,-27,949,-1,3,-3,101325,2500,7222,496,0xf,False,0x56c8
1784019676.880,2234,2234,447392,4,1,-15,54,57,925,0,3,-5,101325,2500,7222,513,0xf,False,0x9cc7
1784019677.138,2235,2235,447592,4,1,15,3,-19,1075,4,-2,2,101325,2500,7221,509,0xf,False,0x47ca
1784019677.382,2236,2236,447792,4,1,-1,-29,28,1025,-5,0,2,101325,2500,7221,504,0xf,False,0x2841
1784019677.569,2237,2237,447992,4,1,14,-10,-47,958,-3,0,4,101325,2500,7221,508,0xf,False,0x554f
1784019677.694,2238,2238,448192,4,1,0,15,20,1054,3,-4,1,101325,2500,7221,517,0xf,False,0x3ec5
1784019677.942,2239,2239,448392,4,1,-18,28,56,1018,-1,0,-4,101325,2500,7221,488,0xf,False,0xbb99
1784019678.190,2240,2240,448592,4,1,-19,-7,16,1031,-1,-3,3,101325,2500,7221,507,0xf,False,0x6228
1784019678.252,2241,2241,448792,4,1,-12,11,12,1047,-2,3,0,101325,2500,7221,482,0xf,False,0x722a
1784019678.503,2242,2242,448992,4,1,-19,8,-37,944,-3,-2,-1,101325,2500,7221,484,0xf,False,0x17aa
1784019678.750,2243,2243,449192,4,1,-13,-60,49,949,-3,-2,4,101325,2500,7221,490,0xf,False,0x785d
1784019678.998,2244,2244,449392,4,1,-18,12,-35,909,4,1,3,101325,2500,7221,485,0xf,False,0x850e
1784019679.060,2245,2245,449592,4,1,0,19,38,1075,3,1,-1,101325,2500,7221,492,0xf,False,0x479b
1784019679.310,2246,2246,449792,4,1,-3,-28,58,1000,-5,1,-2,101325,2500,7221,513,0xf,False,0xf730
1784019679.560,2247,2247,449992,4,1,13,12,20,1059,-4,-4,-3,101325,2500,7221,499,0xf,False,0x3e59
1784019679.808,2248,2248,450192,4,1,-13,42,-47,941,0,0,-5,101325,2500,7220,488,0xf,False,0x2cc1
1784019679.871,2249,2249,450392,4,1,-1,-34,46,943,3,-2,4,101325,2500,7220,497,0xf,False,0x4c5e
1784019680.122,2250,2250,450592,4,1,3,22,13,930,-1,2,4,101325,2500,7220,480,0xf,False,0x9f7a
1784019680.372,2251,2251,450792,4,1,16,-37,35,996,-2,3,1,101325,2500,7220,511,0xf,False,0x6bc1
1784019680.559,2252,2252,450992,4,1,-6,-50,-12,1001,-5,4,3,101325,2500,7220,495,0xf,False,0x30c5
1784019680.685,2253,2253,451192,4,1,9,28,55,1038,-5,-3,-2,101325,2500,7220,485,0xf,False,0x50a4
1784019680.935,2254,2254,451392,4,1,12,59,-34,1066,-4,-3,0,101325,2500,7220,484,0xf,False,0xc7aa
1784019681.184,2255,2255,451592,4,1,-16,-11,-35,1007,1,1,2,101325,2500,7220,480,0xf,False,0x510c
1784019681.246,2256,2256,451792,4,1,4,37,-39,929,-4,1,-5,101325,2500,7220,512,0xf,False,0xa7a8
1784019681.497,2257,2257,451992,4,1,1,-15,-8,1019,1,4,4,101325,2500,7220,512,0xf,False,0x5ffc
1784019681.745,2258,2258,452192,4,1,-9,2,-40,1001,-2,-2,-2,101325,2500,7220,495,0xf,False,0xd2d0
1784019681.994,2259,2259,452392,4,1,-13,-31,-36,927,2,-4,-4,101325,2500,7220,494,0xf,False,0x952a
1784019682.119,2260,2260,452592,4,1,-15,41,54,1097,1,-4,4,101325,2500,7219,498,0xf,False,0x7d38
1784019682.319,2261,2261,452792,4,1,-3,-11,-4,1088,3,-5,-4,101325,2500,7219,491,0xf,False,0xedb4
1784019682.571,2262,2262,452992,4,1,-10,19,-15,908,-4,0,2,101325,2500,7219,515,0xf,False,0xe586
1784019682.757,2263,2263,453192,4,1,16,19,-6,992,1,1,3,101325,2500,7219,481,0xf,False,0x7597
1784019682.881,2264,2264,453392,4,1,7,-19,9,924,2,-3,1,101325,2500,7219,515,0xf,False,0xeb73
1784019683.223,2265,2265,453592,4,1,3,-26,-16,973,1,-5,-4,101325,2500,7219,516,0xf,False,0xfd1b
1784019683.350,2266,2266,453792,4,1,-2,-41,-10,932,-1,2,-2,101325,2500,7219,518,0xf,False,0xe981
1784019683.601,2267,2267,453992,4,1,3,-10,57,923,-2,3,-1,101325,2500,7219,505,0xf,False,0x2201
1784019683.725,2268,2268,454192,4,1,-18,-3,-52,1067,-1,2,-5,101325,2500,7219,504,0xf,False,0x9ef0
1784019683.913,2269,2269,454392,4,1,-2,-4,6,993,-4,-4,-2,101325,2500,7219,494,0xf,False,0x5e55
1784019684.179,2270,2270,454592,4,1,-18,58,14,1072,4,3,1,101325,2500,7219,494,0xf,False,0x31f6
1784019684.239,2271,2271,454792,4,1,-2,55,-16,1024,-5,-5,-2,101325,2500,7219,517,0xf,False,0x1c3b
1784019684.489,2272,2272,454992,4,1,18,-7,-33,1087,-1,0,-4,101325,2500,7219,481,0xf,False,0x2bab
1784019684.739,2273,2273,455192,4,1,-5,43,-44,1062,0,3,1,101325,2500,7218,511,0xf,False,0x85f7
1784019684.989,2274,2274,455392,4,1,-15,31,7,914,-3,0,0,101325,2500,7218,516,0xf,False,0x417
