rx_time,seq,pkt_no,ms,flight_mode,eject_state,altitude_cm,acc_x,acc_y,acc_z,gyro_x,gyro_y,gyro_z,pressure,bmp_temp,voltage_mv,current_ma,system_status,ack_received,crc16
1784019704.926,1,1,0,0,0,-6,12,-59,1015,-2,-2,-3,101325,2500,7400,518,0xf,False,0x0
1784019705.126,2,2,200,0,0,20,47,49,989,5,-5,4,101325,2500,7400,505,0xf,False,0x0
1784019705.327,3,3,400,0,0,10,28,48,1012,-5,3,-1,101325,2500,7400,505,0xf,False,0x0
1784019705.527,4,4,601,0,0,-10,60,-43,1036,-2,-3,-2,101325,2500,7400,499,0xf,False,0x0
1784019705.728,5,5,802,0,0,20,-8,1,1019,2,3,-2,101325,2500,7400,501,0xf,False,0x0
1784019705.964,6,6,1038,0,0,2,44,-50,999,0,-2,1,101325,2500,7400,502,0xf,False,0x0
1784019706.165,7,7,1238,0,0,19,-47,37,1034,-3,-4,-1,101325,2500,7400,500,0xf,False,0x0
1784019706.365,8,8,1439,0,0,-20,-21,25,955,-5,0,-2,101325,2500,7400,488,0xf,False,0x0
1784019706.565,9,9,1639,0,0,1,52,13,1014,4,4,5,101325,2500,7400,500,0xf,False,0x0
1784019706.766,10,10,1839,0,0,-3,21,40,987,4,-5,1,101325,2500,7400,516,0xf,False,0x0
1784019706.966,11,11,2040,0,0,11,-5,-46,991,-2,-1,5,101325,2500,7400,486,0xf,False,0x0
1784019707.167,12,12,2240,0,0,-16,11,10,1005,5,-3,-5,101325,2500,7400,485,0xf,False,0x0
1784019707.367,13,13,2441,0,0,-6,-22,12,1039,0,3,5,101325,2500,7400,488,0xf,False,0x0
1784019707.568,14,14,2642,0,0,7,50,50,1004,4,3,3,101325,2500,7399,520,0xf,False,0x0
1784019707.768,15,15,2842,0,0,-7,-12,-24,977,-2,2,-4,101325,2500,7399,480,0xf,False,0x0
1784019708.170,17,17,3243,0,0,19,-17,-25,993,-3,3,5,101325,2500,7399,503,0xf,False,0x0
1784019708.370,18,18,3444,0,0,-14,54,5,959,-1,3,-2,101325,2500,7399,510,0xf,False,0x0
1784019708.570,19,19,3644,0,0,4,-57,1,1050,2,2,-5,101325,2500,7399,489,0xf,False,0x0
1784019708.771,20,20,3844,0,0,-19,-19,18,984,-5,2,-3,101325,2500,7399,513,0xf,False,0x0
1784019708.971,21,21,4045,0,0,11,-51,-50,982,-3,0,-4,101325,2500,7399,501,0xf,False,0x0
1784019709.172,22,22,4246,0,0,2,50,51,1049,5,-4,3,101325,2500,7399,488,0xf,False,0x0
1784019709.372,23,23,4446,0,0,-12,-48,15,960,-3,-3,-3,101325,2500,7399,520,0xf,False,0x0
1784019709.573,24,24,4647,0,0,-15,34,47,976,1,-4,5,101325,2500,7399,511,0xf,False,0x0
1784019709.790,25,25,4864,0,0,-19,16,-11,1001,3,-4,1,101325,2500,7399,514,0xf,False,0x0
1784019709.991,26,26,5065,1,0,0,17,12,988,1,-2,4,101325,2500,7398,490,0xf,False,0x0
1784019710.210,27,27,5284,1,0,13,-42,36,954,-3,-2,5,101325,2500,7398,486,0xf,False,0x0
1784019710.411,28,28,5485,1,0,0,54,0,1006,5,-1,-2,101325,2500,7398,490,0xf,False,0x0
1784019710.814,30,30,5888,1,0,-8,35,12,978,-3,5,5,101325,2500,7398,517,0xf,False,0x0
1784019711.015,31,31,6089,1,0,-4,-53,-7,1049,2,1,-4,101325,2500,7398,491,0xf,False,0x0
1784019711.215,32,32,6289,1,0,-8,-28,32,1000,-1,4,-4,101325,2500,7398,515,0xf,False,0x0
1784019711.416,33,33,6490,1,0,-2,-22,-5,950,3,-1,-4,101325,2500,7398,482,0xf,False,0x0
1784019711.616,34,34,6690,1,0,-11,-40,-46,1000,5,1,-3,101325,2500,7398,500,0xf,False,0x0
1784019711.835,35,35,6909,1,0,-5,6,-25,984,-2,-4,-1,101325,2500,7398,497,0xf,False,0x0
1784019712.035,36,36,7109,1,0,2,-42,-33,959,-4,-1,1,101325,2500,7398,499,0xf,False,0x0
1784019712.236,37,37,7310,1,0,2,-28,-26,1018,-3,-5,5,101325,2500,7398,486,0xf,False,0x0
1784019712.436,38,38,7510,1,0,14,-45,-59,988,-4,-3,1,101325,2500,7397,502,0xf,False,0x0
1784019712.637,39,39,7711,1,0,-7,30,14,966,5,5,4,101325,2500,7397,493,0xf,False,0x0
1784019712.839,40,40,7913,1,0,-16,36,-7,989,-2,-3,5,101325,2500,7397,501,0xf,False,0x0
1784019713.040,41,41,8113,1,0,-13,5,12,1003,0,2,-2,101325,2500,7397,510,0xf,False,0x0
1784019713.240,42,42,8314,1,0,-14,-8,40,959,3,4,2,101325,2500,7397,520,0xf,False,0x0
1784019713.641,44,44,8715,1,0,5,-5,-36,951,1,-3,-4,101325,2500,7397,508,0xf,False,0x0
1784019713.875,45,45,8949,1,0,-8,8,-40,1026,2,3,-5,101325,2500,7397,482,0xf,False,0x0
1784019714.076,46,46,9150,1,0,0,-1,-9,982,-4,3,-1,101325,2500,7397,482,0xf,False,0x0
1784019714.279,47,47,9353,1,0,-1,-42,-1,956,-5,3,-3,101325,2500,7397,485,0xf,False,0x0
1784019714.479,48,48,9553,1,0,0,-11,31,1010,4,2,-1,101325,2500,7397,501,0xf,False,0x0
1784019714.680,49,49,9754,1,0,-11,-49,-35,988,-2,0,1,101325,2500,7397,489,0xf,False,0x0
1784019714.880,50,50,9954,1,0,-7,20,-23,1034,-1,-3,-2,101325,2500,7397,480,0xf,False,0x0
1784019715.081,51,51,10154,2,0,972,32,-30,1203,5,-5,2,101205,2493,7396,516,0xf,False,0x0
1784019715.282,52,52,10355,2,0,2234,-9,47,1580,-5,-4,-3,101054,2485,7396,501,0xf,False,0x0
1784019715.483,53,53,10556,2,0,3438,-38,40,1824,-2,1,-5,100906,2477,7396,519,0xf,False,0x0
1784019715.683,54,54,10757,2,0,4593,46,-53,2127,-1,-1,-3,100762,2470,7396,515,0xf,False,0x0
1784019715.900,55,55,10974,2,0,5843,46,33,2394,-5,-1,0,100611,2461,7396,502,0xf,False,0x0
1784019716.100,56,56,11174,2,0,6944,-8,1,2729,-2,4,-3,100475,2454,7396,512,0xf,False,0x0
1784019716.302,57,57,11375,2,0,8062,-9,46,2934,-3,-1,0,100342,2447,7396,519,0xf,False,0x0
1784019716.502,58,58,11576,2,0,9129,43,4,3099,4,-5,-1,100213,2440,7396,506,0xf,False,0x0
1784019716.703,59,59,11776,2,0,10148,-48,-8,3268,0,-5,-1,100088,2434,7396,513,0xf,False,0x0
1784019716.930,60,60,12004,2,0,11244,-56,56,3412,-1,4,-2,99950,2426,7396,497,0xf,False,0x0
1784019717.131,61,61,12204,2,0,12243,-43,-11,3477,4,-5,-5,99833,2420,7396,507,0xf,False,0x0
1784019717.567,63,63,12641,2,0,14201,39,-39,3491,-4,-2,2,99591,2407,7395,506,0xf,False,0x0
1784019717.768,64,64,12841,2,0,15091,20,58,3471,0,-2,-3,99485,2401,7395,490,0xf,False,0x0
1784019717.968,65,65,13042,2,0,15894,26,-4,3317,-2,-1,-3,99383,2396,7395,499,0xf,False,0x0
1784019718.423,67,67,13497,2,0,17689,-16,-8,2982,2,2,-2,99165,2384,7395,487,0xf,False,0x0
1784019718.624,68,68,13697,2,0,18448,-3,-23,2781,-3,2,-1,99075,2380,7395,515,0xf,False,0x0
1784019718.825,69,69,13899,2,0,19127,-55,-23,2582,-3,-2,-4,98989,2375,7395,515,0xf,False,0x0
1784019719.027,70,70,14101,2,0,19825,51,-22,2338,2,-3,2,98906,2371,7395,485,0xf,False,0x0
1784019719.440,72,72,14514,2,0,21134,8,-41,1758,-4,-2,-3,98747,2362,7395,485,0xf,False,0x0
1784019719.641,73,73,14715,2,0,21691,12,-34,1463,3,-4,3,98676,2358,7395,492,0xf,False,0x0
1784019719.853,74,74,14927,2,0,22300,-60,-11,1120,4,1,-5,98604,2355,7395,503,0xf,False,0x0
1784019720.054,75,75,15128,2,0,22838,10,24,-162,1,0,-2,98540,2351,7394,496,0xf,False,0x0
1784019720.254,76,76,15328,2,0,23302,-54,1,-191,-3,2,3,98480,2348,7394,508,0xf,False,0x0
1784019720.455,77,77,15529,2,0,23772,54,-38,-265,-1,-2,-2,98424,2345,7394,503,0xf,False,0x0
1784019720.656,78,78,15729,2,0,24194,1,43,-275,1,3,5,98371,2342,7394,516,0xf,False,0x0
1784019720.859,79,79,15932,2,0,24604,-59,37,-293,-5,4,0,98321,2340,7394,505,0xf,False,0x0
1784019721.059,80,80,16133,2,0,25003,43,57,-257,-2,3,-3,98276,2337,7394,486,0xf,False,0x0
1784019721.260,81,81,16334,2,0,25336,-58,-30,-350,-2,-1,-1,98234,2335,7394,509,0xf,False,0x0
1784019721.467,82,82,16541,2,0,25642,42,-12,-297,5,2,-2,98195,2333,7394,504,0xf,False,0x0
1784019721.668,83,83,16741,2,0,25944,28,-44,-307,4,-5,4,98161,2331,7394,503,0xf,False,0x0
1784019721.935,84,84,17009,2,0,26264,-14,28,-409,-3,2,1,98121,2329,7394,486,0xf,False,0x0
1784019722.135,85,85,17209,2,0,26465,-1,-56,-331,-1,-2,0,98095,2327,7394,492,0xf,False,0x0
1784019722.340,86,86,17414,2,0,26633,-28,-22,-405,5,-1,0,98073,2326,7394,504,0xf,False,0x0
1784019722.540,87,87,17614,2,0,26819,38,46,-376,3,5,0,98055,2325,7393,498,0xf,False,0x0
1784019722.743,88,88,17815,2,0,26905,16,-56,-467,2,-2,0,98040,2325,7393,490,0xf,False,0x0
1784019722.949,89,89,18023,2,0,27017,-3,54,-480,0,-2,1,98029,2324,7393,480,0xf,False,0x0
1784019723.150,90,90,18224,2,0,27081,12,19,-419,4,5,-5,98022,2324,7393,484,0xf,False,0x0
1784019723.359,91,91,18433,2,0,27097,36,-53,-491,-4,-1,-5,98019,2323,7393,491,0xf,False,0x0
1784019723.559,92,92,18633,3,1,27061,35,27,-103,1,3,-5,98022,2324,7393,498,0xf,False,0x0
1784019723.760,93,93,18833,3,1,27011,7,-3,-130,-3,-5,-4,98028,2324,7393,487,0xf,False,0x0
1784019723.960,94,94,19034,3,1,26953,-43,6,-95,-5,-2,4,98034,2324,7393,517,0xf,False,0x0
1784019724.160,95,95,19234,3,1,26932,-27,-24,-119,-3,2,-2,98041,2325,7393,489,0xf,False,0x0
1784019724.362,96,96,19435,3,1,26866,-45,1,-91,-1,2,-5,98047,2325,7393,484,0xf,False,0x0
1784019724.562,97,97,19636,3,1,26820,0,-32,-40,3,3,4,98053,2325,7393,507,0xf,False,0x0
1784019724.763,98,98,19836,3,1,26760,-41,25,-55,5,-5,-1,98059,2326,7393,486,0xf,False,0x0
1784019724.963,99,99,20037,3,1,26708,-58,-26,-126,-3,1,-1,98065,2326,7392,506,0xf,False,0x0
1784019725.164,100,100,20237,3,1,26676,9,22,-130,5,2,-2,98071,2326,7392,489,0xf,False,0x0
1784019725.365,101,101,20438,3,1,26633,39,-37,-105,1,-2,-2,98078,2327,7392,484,0xf,False,0x0
1784019725.565,102,102,20639,3,1,26568,24,-58,-62,3,-5,0,98084,2327,7392,504,0xf,False,0x0
1784019725.766,103,103,20839,3,1,26514,-58,54,-67,-3,4,-4,98090,2327,7392,499,0xf,False,0x0
1784019725.966,104,104,21040,3,1,26471,37,58,-117,-3,-2,5,98096,2328,7392,490,0xf,False,0x0
1784019726.167,105,105,21241,3,1,26412,57,-52,-51,-1,4,-5,98103,2328,7392,486,0xf,False,0x0
1784019726.380,106,106,21453,3,1,26335,32,-36,-88,0,-5,1,98109,2328,7392,497,0xf,False,0x0
1784019726.580,107,107,21654,3,1,26299,-1,-16,-145,4,-1,-1,98116,2329,7392,507,0xf,False,0x0
1784019726.781,108,108,21854,3,1,26268,44,29,-69,5,3,4,98122,2329,7392,510,0xf,False,0x0
1784019726.981,109,109,22055,3,1,26200,-49,1,-65,5,-4,4,98128,2329,7392,492,0xf,False,0x0
1784019727.182,110,110,22255,3,1,26157,-31,51,-66,5,2,2,98134,2330,7392,490,0xf,False,0x0
1784019727.407,111,111,22481,3,1,26086,2,-46,-63,2,1,2,98142,2330,7392,512,0xf,False,0x0
1784019727.819,113,113,22892,3,1,25979,-34,32,-45,2,-2,-5,98155,2331,7391,497,0xf,False,0x0
1784019728.019,114,114,23093,3,1,25935,-21,-47,-106,0,3,-4,98161,2331,7391,481,0xf,False,0x0
1784019728.430,116,116,23504,3,1,25822,7,17,-38,-5,-5,5,98174,2332,7391,504,0xf,False,0x0
1784019728.630,117,117,23704,3,1,25791,-22,-60,-53,4,-1,-4,98180,2332,7391,506,0xf,False,0x0
1784019728.841,118,118,23915,3,1,25705,10,-18,-71,4,-4,0,98187,2332,7391,501,0xf,False,0x0
1784019729.042,119,119,24116,3,1,25659,-44,-43,-82,-5,3,2,98193,2333,7391,510,0xf,False,0x0
1784019729.246,120,120,24319,3,1,25623,52,-54,-101,3,4,2,98200,2333,7391,480,0xf,False,0x0
1784019729.447,121,121,24521,3,1,25549,5,36,-58,1,-4,-5,98206,2333,7391,508,0xf,False,0x0
1784019729.654,122,122,24728,3,1,25509,-40,4,-111,0,-3,0,98213,2334,7391,506,0xf,False,0x0
1784019729.878,123,123,24952,3,1,25433,30,35,-130,2,0,2,98220,2334,7391,489,0xf,False,0x0
1784019730.079,124,124,25153,3,1,25378,-26,29,-146,3,1,2,98227,2334,7390,504,0xf,False,0x0
1784019730.280,125,125,25354,3,1,25325,-21,56,-130,4,-5,5,98233,2335,7390,487,0xf,False,0x0
1784019730.481,126,126,25555,3,1,25304,-55,-24,-157,3,3,-3,98240,2335,7390,512,0xf,False,0x0
1784019730.681,127,127,25755,3,1,25213,50,3,-49,-1,4,4,98246,2335,7390,487,0xf,False,0x0
1784019730.919,128,128,25993,3,1,25175,-14,-13,-36,-3,-4,5,98254,2336,7390,503,0xf,False,0x0
1784019731.120,129,129,26193,3,1,25114,-39,29,-83,3,4,5,98260,2336,7390,507,0xf,False,0x0
1784019731.336,130,130,26409,3,1,25052,-44,16,-129,-5,-2,1,98267,2337,7390,498,0xf,False,0x0
1784019731.536,131,131,26610,3,1,25017,59,37,-122,4,5,-4,98274,2337,7390,482,0xf,False,0x0
1784019731.737,132,132,26810,3,1,24963,-16,-30,-102,1,3,-2,98281,2337,7390,512,0xf,False,0x0
1784019731.937,133,133,27011,3,1,24880,-35,28,-66,1,0,-5,98287,2338,7390,514,0xf,False,0x0
1784019732.137,134,134,27211,3,1,24848,-33,-11,-55,2,5,-4,98294,2338,7390,485,0xf,False,0x0
1784019732.348,135,135,27422,3,1,24783,54,36,-89,0,3,-1,98301,2338,7390,501,0xf,False,0x0
1784019732.549,136,136,27623,3,1,24745,8,-60,-73,-1,1,-5,98307,2339,7389,509,0xf,False,0x0
1784019732.749,137,137,27823,3,1,24663,-31,-53,-96,3,-4,5,98314,2339,7389,506,0xf,False,0x0
1784019732.950,138,138,28024,3,1,24605,5,-15,-114,-3,-2,3,98320,2339,7389,487,0xf,False,0x0
1784019733.151,139,139,28224,3,1,24555,48,18,-103,1,-5,-2,98327,2340,7389,503,0xf,False,0x0
1784019733.386,140,140,28460,3,1,24510,1,-12,-136,-3,-1,-3,98335,2340,7389,494,0xf,False,0x0
1784019733.586,141,141,28660,3,1,24451,23,-16,-106,-5,3,5,98342,2341,7389,485,0xf,False,0x0
1784019733.788,142,142,28861,3,1,24411,17,-13,-88,-1,2,-4,98348,2341,7389,502,0xf,False,0x0
1784019733.988,143,143,29062,3,1,24339,34,55,-58,-1,-2,-3,98355,2341,7389,518,0xf,False,0x0
1784019734.188,144,144,29262,3,1,24276,15,5,-103,-3,0,3,98362,2342,7389,505,0xf,False,0x0
1784019734.389,145,145,29463,3,1,24219,3,-9,-71,1,4,-3,98368,2342,7389,506,0xf,False,0x0
1784019734.589,146,146,29663,3,1,24166,17,6,-144,4,-4,4,98375,2342,7389,511,0xf,False,0x0
1784019734.790,147,147,29864,3,1,24134,-21,45,-79,-2,-3,3,98382,2343,7389,498,0xf,False,0x0
1784019734.991,148,148,30064,3,1,24070,11,-39,-53,0,5,-4,98389,2343,7388,507,0xf,False,0x0
1784019735.191,149,149,30265,3,1,24017,26,12,-77,5,5,-2,98395,2343,7388,519,0xf,False,0x0
1784019735.426,150,150,30500,3,1,23938,31,-52,-104,1,0,5,98403,2344,7388,520,0xf,False,0x0
1784019735.627,151,151,30701,3,1,23881,18,-36,-109,-2,2,-1,98410,2344,7388,496,0xf,False,0x0
1784019735.856,152,152,30930,3,1,23819,33,41,-122,5,0,2,98418,2345,7388,519,0xf,False,0x0
1784019736.057,153,153,31131,3,1,23757,-55,3,-101,2,-1,0,98425,2345,7388,518,0xf,False,0x0
1784019736.258,154,154,31332,3,1,23707,17,-33,-59,-2,0,4,98432,2345,7388,501,0xf,False,0x0
1784019736.459,155,155,31533,3,1,23671,-30,42,-43,0,-4,-3,98438,2346,7388,519,0xf,False,0x0
1784019736.659,156,156,31733,3,1,23603,28,-45,-95,-4,4,5,98445,2346,7388,514,0xf,False,0x0
1784019736.899,157,157,31973,3,1,23520,-50,57,-123,4,4,3,98453,2347,7388,509,0xf,False,0x0
1784019737.102,158,158,32176,3,1,23490,20,-5,-110,-3,4,0,98460,2347,7388,520,0xf,False,0x0
1784019737.304,159,159,32377,3,1,23429,-3,-16,-104,1,-4,-3,98467,2347,7388,519,0xf,False,0x0
1784019737.506,160,160,32579,3,1,23361,56,-31,-110,0,3,-3,98474,2348,7387,514,0xf,False,0x0
1784019737.706,161,161,32780,3,1,23316,5,50,-136,1,3,-5,98481,2348,7387,512,0xf,False,0x0
1784019737.943,162,162,33017,3,1,23255,-14,-53,-132,1,-4,3,98489,2348,7387,513,0xf,False,0x0
1784019738.144,163,163,33217,3,1,23173,2,28,-54,-3,-5,0,98496,2349,7387,482,0xf,False,0x0
1784019738.344,164,164,33418,3,1,23108,-43,53,-119,-3,2,2,98503,2349,7387,493,0xf,False,0x0
1784019738.544,165,165,33618,3,1,23049,-34,-31,-85,-5,-5,1,98510,2350,7387,507,0xf,False,0x0
1784019738.745,166,166,33819,3,1,23013,-42,18,-49,-4,4,-1,98517,2350,7387,497,0xf,False,0x0
1784019738.946,167,167,34019,3,1,22970,41,-27,-128,-3,-1,3,98524,2350,7387,494,0xf,False,0x0
1784019739.146,168,168,34220,3,1,22878,47,42,-123,-5,-2,0,98531,2351,7387,485,0xf,False,0x0
1784019739.383,169,169,34457,3,1,22808,19,54,-135,4,3,3,98540,2351,7387,496,0xf,False,0x0
1784019739.583,170,170,34657,3,1,22761,-28,-33,-93,1,-4,1,98547,2352,7387,507,0xf,False,0x0
1784019739.790,171,171,34863,3,1,22699,-48,-10,-58,-5,2,-4,98554,2352,7387,489,0xf,False,0x0
1784019739.990,172,172,35064,3,1,22649,-48,2,-62,-5,-5,4,98561,2352,7386,494,0xf,False,0x0
1784019740.190,173,173,35264,3,1,22581,20,-36,-65,1,3,0,98568,2353,7386,515,0xf,False,0x0
1784019740.403,174,174,35477,3,1,22517,1,9,-63,-2,3,-1,98576,2353,7386,504,0xf,False,0x0
1784019740.805,176,176,35879,3,1,22419,6,-13,-104,-5,-1,-5,98590,2354,7386,500,0xf,False,0x0
1784019741.006,177,177,36080,3,1,22344,-55,-59,-89,-1,2,2,98597,2354,7386,485,0xf,False,0x0
1784019741.206,178,178,36280,3,1,22280,22,-26,-91,5,-5,-3,98604,2355,7386,492,0xf,False,0x0
1784019741.459,179,179,36533,3,1,22233,-58,-31,-122,0,-2,4,98614,2355,7386,507,0xf,False,0x0
1784019741.660,180,180,36734,3,1,22142,32,11,-47,-2,4,5,98621,2355,7386,490,0xf,False,0x0
1784019741.864,181,181,36938,3,1,22102,-51,-5,-94,-4,5,-3,98628,2356,7386,512,0xf,False,0x0
1784019742.064,182,182,37138,3,1,22032,16,30,-123,0,-5,4,98635,2356,7386,481,0xf,False,0x0
1784019742.265,183,183,37339,3,1,21962,-41,0,-87,0,0,-2,98643,2357,7386,495,0xf,False,0x0
1784019742.466,184,184,37539,3,1,21917,15,-18,-49,4,4,0,98650,2357,7385,481,0xf,False,0x0
1784019742.669,185,185,37741,3,1,21846,58,-44,-59,5,1,0,98657,2357,7385,519,0xf,False,0x0
1784019742.890,186,186,37963,3,1,21782,-3,22,-105,2,-3,0,98665,2358,7385,485,0xf,False,0x0
1784019743.294,188,188,38368,3,1,21677,-38,-2,-67,2,-1,-1,98680,2359,7385,500,0xf,False,0x0
1784019743.494,189,189,38568,3,1,21598,35,9,-111,-4,-5,2,98688,2359,7385,491,0xf,False,0x0
1784019743.695,190,190,38769,3,1,21535,-24,-54,-65,-3,-3,0,98695,2359,7385,518,0xf,False,0x0
1784019743.932,191,191,39006,3,1,21470,-47,13,-42,3,0,3,98704,2360,7385,491,0xf,False,0x0
1784019744.132,192,192,39206,3,1,21433,-18,-44,-100,2,-3,2,98711,2360,7385,491,0xf,False,0x0
1784019744.342,193,193,39416,3,1,21344,-7,17,-139,3,-1,-3,98719,2361,7385,509,0xf,False,0x0
1784019744.544,194,194,39617,3,1,21288,21,48,-96,-5,-3,-4,98726,2361,7385,485,0xf,False,0x0
1784019744.744,195,195,39818,3,1,21249,44,-15,-51,1,2,2,98734,2361,7385,486,0xf,False,0x0
1784019744.945,196,196,40019,3,1,21175,25,56,-71,2,-4,5,98741,2362,7384,491,0xf,False,0x0
1784019745.145,197,197,40219,3,1,21097,-34,9,-134,1,-5,0,98749,2362,7384,513,0xf,False,0x0
1784019745.346,198,198,40420,3,1,21033,44,-16,-84,1,-2,-2,98756,2363,7384,512,0xf,False,0x0
1784019745.548,199,199,40622,3,1,20973,-5,-50,-48,4,0,0,98764,2363,7384,508,0xf,False,0x0
1784019745.749,200,200,40823,3,1,20941,45,-54,-112,-5,-3,-5,98772,2363,7384,492,0xf,False,0x0
1784019745.951,201,201,41025,3,1,20881,-4,12,-64,-5,4,0,98779,2364,7384,515,0xf,False,0x0
1784019746.152,202,202,41226,3,1,20793,17,-22,-123,5,3,-5,98787,2364,7384,488,0xf,False,0x0
1784019746.406,203,203,41480,3,1,20724,-14,24,-53,0,-4,3,98797,2365,7384,481,0xf,False,0x0
1784019746.607,204,204,41681,3,1,20665,21,-28,-68,-5,5,3,98804,2365,7384,495,0xf,False,0x0
1784019746.809,205,205,41882,3,1,20606,8,60,-133,1,-4,-1,98812,2366,7384,504,0xf,False,0x0
1784019747.009,206,206,42083,3,1,20513,48,-49,-118,1,2,4,98820,2366,7384,495,0xf,False,0x0
1784019747.210,207,207,42284,3,1,20463,-27,-48,-81,3,-5,-4,98827,2366,7384,501,0xf,False,0x0
1784019747.411,208,208,42484,3,1,20395,31,5,-85,-4,-5,-1,98835,2367,7384,520,0xf,False,0x0
1784019747.611,209,209,42685,3,1,20362,-42,-38,-124,4,2,-2,98843,2367,7383,496,0xf,False,0x0
1784019747.818,210,210,42892,3,1,20278,-33,-29,-64,2,1,0,98851,2368,7383,507,0xf,False,0x0
1784019748.019,211,211,43092,3,1,20222,20,40,-130,-4,3,-1,98859,2368,7383,506,0xf,False,0x0
1784019748.219,212,212,43293,3,1,20165,-19,9,-107,-1,-2,1,98866,2369,7383,485,0xf,False,0x0
1784019748.442,213,213,43515,3,1,20079,-26,-12,-54,-3,0,-3,98875,2369,7383,489,0xf,False,0x0
1784019748.856,215,215,43930,3,1,19929,2,51,-123,-2,2,-4,98891,2370,7383,491,0xf,False,0x0
1784019749.057,216,216,44130,3,1,19891,-33,13,-84,-1,0,5,98899,2370,7383,519,0xf,False,0x0
1784019749.257,217,217,44331,3,1,19822,60,14,-48,0,1,-2,98907,2371,7383,486,0xf,False,0x0
1784019749.458,218,218,44532,3,1,19760,-47,-3,-144,-1,-5,-4,98915,2371,7383,481,0xf,False,0x0
1784019749.658,219,219,44732,3,1,19678,34,1,-99,3,-3,-4,98923,2372,7383,480,0xf,False,0x0
1784019749.869,220,220,44943,3,1,19596,-59,25,-32,1,-4,2,98931,2372,7383,496,0xf,False,0x0
1784019750.070,221,221,45144,3,1,19563,-24,-35,-78,2,-3,1,98939,2372,7382,518,0xf,False,0x0
1784019750.271,222,222,45345,3,1,19466,-23,14,-91,-3,-5,3,98947,2373,7382,490,0xf,False,0x0
1784019750.471,223,223,45545,3,1,19421,55,9,-133,1,-4,2,98955,2373,7382,492,0xf,False,0x0
1784019750.672,224,224,45746,3,1,19371,31,-37,-97,5,-3,-5,98963,2374,7382,489,0xf,False,0x0
1784019750.873,225,225,45947,3,1,19302,56,-26,-99,2,4,-4,98972,2374,7382,494,0xf,False,0x0
1784019751.073,226,226,46147,3,1,19230,3,50,-107,4,1,0,98980,2375,7382,488,0xf,False,0x0
1784019751.273,227,227,46347,3,1,19168,-20,-15,-112,-5,1,4,98988,2375,7382,503,0xf,False,0x0
1784019751.474,228,228,46548,3,1,19076,-60,-10,-61,-3,5,-4,98996,2375,7382,512,0xf,False,0x0
1784019751.674,229,229,46748,3,1,19015,22,23,-63,4,4,-3,99004,2376,7382,483,0xf,False,0x0
1784019751.903,230,230,46977,3,1,18929,36,35,-107,3,4,-1,99013,2376,7382,504,0xf,False,0x0
1784019752.105,231,231,47179,3,1,18880,-23,-46,-127,-4,3,3,99022,2377,7382,508,0xf,False,0x0
1784019752.327,232,232,47401,3,1,18789,32,-10,-120,-1,1,5,99031,2377,7382,515,0xf,False,0x0
1784019752.528,233,233,47601,3,1,18725,-50,60,-69,-5,-4,-3,99039,2378,7381,519,0xf,False,0x0
1784019752.728,234,234,47802,3,1,18664,55,35,-125,-5,-3,3,99047,2378,7381,485,0xf,False,0x0
1784019752.941,235,235,48015,3,1,18589,45,-12,-135,1,-1,0,99056,2379,7381,502,0xf,False,0x0
1784019753.142,236,236,48215,3,1,18503,-28,42,-89,-4,4,-1,99065,2379,7381,496,0xf,False,0x0
1784019753.348,237,237,48422,3,1,18459,53,-55,-118,-1,-5,3,99073,2380,7381,486,0xf,False,0x0
1784019753.549,238,238,48623,3,1,18367,42,-1,-101,4,-5,1,99082,2380,7381,507,0xf,False,0x0
1784019753.749,239,239,48823,3,1,18333,-27,54,-147,0,-1,1,99090,2380,7381,517,0xf,False,0x0
1784019753.950,240,240,49024,3,1,18237,55,51,-107,-4,5,1,99099,2381,7381,489,0xf,False,0x0
1784019754.150,241,241,49224,3,1,18183,17,-29,-91,2,-2,4,99107,2381,7381,489,0xf,False,0x0
1784019754.405,242,242,49478,3,1,18094,45,-37,-59,3,4,-2,99118,2382,7381,493,0xf,False,0x0
1784019754.605,243,243,49679,3,1,18014,-2,-8,-94,-1,3,2,99126,2382,7381,496,0xf,False,0x0
1784019754.816,244,244,49889,3,1,17929,-17,12,-102,3,-5,-2,99135,2383,7381,520,0xf,False,0x0
1784019755.016,245,245,50090,3,1,17890,-2,-53,-132,-5,-1,3,99144,2383,7380,516,0xf,False,0x0
1784019755.216,246,246,50290,3,1,17783,-1,0,-86,-5,3,5,99153,2384,7380,515,0xf,False,0x0
1784019755.437,247,247,50511,3,1,17711,-60,34,-103,2,2,-4,99162,2384,7380,496,0xf,False,0x0
1784019755.637,248,248,50711,3,1,17661,34,-3,-53,3,3,5,99171,2385,7380,504,0xf,False,0x0
1784019755.841,249,249,50915,3,1,17588,-21,21,-99,1,1,-4,99180,2385,7380,491,0xf,False,0x0
1784019756.042,250,250,51115,3,1,17503,7,-44,-93,3,4,5,99188,2386,7380,486,0xf,False,0x0
1784019756.242,251,251,51316,3,1,17435,15,53,-127,5,4,-5,99197,2386,7380,515,0xf,False,0x0
1784019756.443,252,252,51517,3,1,17365,24,18,-142,-1,3,5,99206,2387,7380,486,0xf,False,0x0
1784019756.643,253,253,51717,3,1,17280,-7,-52,-112,0,-2,1,99215,2387,7380,519,0xf,False,0x0
1784019756.854,254,254,51928,3,1,17203,-32,-10,-117,1,0,-2,99224,2388,7380,502,0xf,False,0x0
1784019757.054,255,255,52128,3,1,17161,-14,-48,-59,3,1,2,99233,2388,7380,492,0xf,False,0x0
1784019757.255,256,256,52329,3,1,17049,-38,-18,-98,4,-3,0,99242,2389,7380,501,0xf,False,0x0
1784019757.457,257,257,52531,3,1,17000,12,-55,-108,0,0,-3,99251,2389,7379,515,0xf,False,0x0
1784019757.859,259,259,52933,3,1,16861,60,49,-94,3,0,4,99269,2390,7379,484,0xf,False,0x0
1784019758.059,260,260,53133,3,1,16793,-35,11,-147,1,-2,3,99278,2390,7379,481,0xf,False,0x0
1784019758.259,261,261,53333,3,1,16689,-57,3,-114,1,5,-1,99287,2391,7379,486,0xf,False,0x0
1784019758.460,262,262,53534,3,1,16638,-59,35,-59,5,5,-1,99296,2391,7379,504,0xf,False,0x0
1784019759.069,265,265,54143,3,1,16387,-10,21,-148,4,4,5,99324,2393,7379,488,0xf,False,0x0
1784019759.270,266,266,54344,3,1,16336,52,-53,-101,3,-3,-3,99334,2393,7379,520,0xf,False,0x0
1784019759.471,267,267,54545,3,1,16258,-32,26,-131,2,5,3,99343,2394,7379,515,0xf,False,0x0
1784019759.671,268,268,54745,3,1,16158,-43,7,-56,5,4,-2,99352,2394,7379,516,0xf,False,0x0
1784019759.887,269,269,54961,3,1,16089,46,4,-103,0,0,4,99362,2395,7379,480,0xf,False,0x0
1784019760.087,270,270,55161,3,1,16010,-6,-25,-68,-3,4,3,99372,2395,7378,510,0xf,False,0x0
1784019760.288,271,271,55361,3,1,15926,45,55,-48,3,-1,-1,99381,2396,7378,480,0xf,False,0x0
1784019760.488,272,272,55562,3,1,15842,4,-6,-106,-1,2,-5,99391,2396,7378,520,0xf,False,0x0
1784019760.689,273,273,55762,3,1,15761,22,39,-87,-2,1,5,99400,2397,7378,482,0xf,False,0x0
1784019760.913,274,274,55986,3,1,15673,44,45,-93,2,-5,1,99411,2398,7378,488,0xf,False,0x0
1784019761.113,275,275,56187,3,1,15605,-14,-44,-88,-4,-3,-5,99420,2398,7378,485,0xf,False,0x0
1784019761.317,276,276,56390,3,1,15520,-56,-30,-106,0,2,-1,99430,2399,7378,495,0xf,False,0x0
1784019761.517,277,277,56591,3,1,15428,36,-42,-121,-5,3,2,99440,2399,7378,489,0xf,False,0x0
1784019761.717,278,278,56791,3,1,15387,-40,20,-127,-5,3,-1,99450,2400,7378,488,0xf,False,0x0
1784019761.918,279,279,56992,3,1,15301,26,-33,-93,2,-4,1,99459,2400,7378,509,0xf,False,0x0
1784019762.320,281,281,57393,3,1,15128,-25,-1,-100,2,-2,2,99479,2401,7378,519,0xf,False,0x0
1784019762.520,282,282,57594,3,1,15056,-19,-4,-129,-3,2,-2,99489,2402,7377,511,0xf,False,0x0
1784019762.721,283,283,57794,3,1,14973,40,-39,-69,5,-3,5,99499,2402,7377,487,0xf,False,0x0
1784019762.930,284,284,58004,3,1,14860,-51,-51,-86,5,5,-4,99509,2403,7377,496,0xf,False,0x0
1784019763.131,285,285,58204,3,1,14791,-56,-53,-99,4,2,5,99519,2403,7377,505,0xf,False,0x0
1784019763.345,286,286,58419,3,1,14722,49,49,-125,-1,1,3,99530,2404,7377,482,0xf,False,0x0
1784019763.546,287,287,58620,3,1,14636,21,16,-129,-3,-1,3,99540,2404,7377,492,0xf,False,0x0
1784019763.747,288,288,58820,3,1,14529,26,-1,-107,-5,4,-2,99551,2405,7377,495,0xf,False,0x0
1784019763.947,289,289,59021,3,1,14448,-58,-42,-63,-3,2,5,99561,2406,7377,518,0xf,False,0x0
1784019764.148,290,290,59221,3,1,14388,-22,46,-136,-5,1,2,99571,2406,7377,503,0xf,False,0x0
1784019764.352,291,291,59426,3,1,14271,48,-48,-86,-3,-3,4,99582,2407,7377,495,0xf,False,0x0
1784019764.554,292,292,59628,3,1,14194,37,40,-88,1,3,-4,99592,2407,7377,518,0xf,False,0x0
1784019764.755,293,293,59829,3,1,14124,-46,-36,-63,-3,-2,2,99602,2408,7377,486,0xf,False,0x0
1784019764.955,294,294,60029,3,1,14027,-9,-46,-102,-1,-2,-2,99613,2408,7376,515,0xf,False,0x0
1784019765.156,295,295,60229,3,1,13924,-46,-12,-88,-1,3,4,99623,2409,7376,504,0xf,False,0x0
1784019765.408,296,296,60482,3,1,13837,50,-10,-133,1,5,-3,99637,2410,7376,508,0xf,False,0x0
1784019765.609,297,297,60683,3,1,13744,51,-28,-132,-4,-3,5,99647,2410,7376,483,0xf,False,0x0
1784019765.811,298,298,60885,3,1,13661,9,49,-58,5,-4,-1,99658,2411,7376,500,0xf,False,0x0
1784019766.011,299,299,61085,3,1,13553,56,20,-113,4,0,1,99669,2411,7376,512,0xf,False,0x0
1784019766.212,300,300,61285,3,1,13500,13,28,-70,4,-1,0,99680,2412,7376,516,0xf,False,0x0
1784019766.424,301,301,61497,3,1,13403,-57,30,-123,2,5,-2,99691,2412,7376,513,0xf,False,0x0
1784019766.625,302,302,61698,3,1,13304,33,-42,-71,0,-1,-1,99702,2413,7376,499,0xf,False,0x0
1784019766.837,303,303,61910,3,1,13192,42,7,-139,1,5,-2,99714,2414,7376,499,0xf,False,0x0
1784019767.037,304,304,62111,3,1,13121,-49,-44,-83,2,1,4,99725,2414,7376,489,0xf,False,0x0
1784019767.237,305,305,62311,3,1,13036,60,18,-151,5,2,-2,99736,2415,7376,514,0xf,False,0x0
1784019767.438,306,306,62512,3,1,12910,39,28,-74,-3,-5,-3,99747,2415,7375,496,0xf,False,0x0
1784019767.639,307,307,62712,3,1,12853,14,-18,-131,1,0,2,99759,2416,7375,515,0xf,False,0x0
1784019768.055,309,309,63129,3,1,12621,-49,49,-118,-4,-3,0,99782,2417,7375,519,0xf,False,0x0
1784019768.256,310,310,63330,3,1,12537,-23,46,-70,-1,2,4,99794,2418,7375,514,0xf,False,0x0
1784019768.456,311,311,63530,3,1,12454,-59,-60,-141,3,-2,-2,99805,2419,7375,481,0xf,False,0x0
1784019768.657,312,312,63731,3,1,12341,-34,19,-82,2,-5,5,99817,2419,7375,480,0xf,False,0x0
1784019768.860,313,313,63934,3,1,12247,-25,34,-99,-5,-1,-4,99829,2420,7375,495,0xf,False,0x0
1784019769.061,314,314,64135,3,1,12166,33,-29,-135,-5,0,2,99840,2420,7375,483,0xf,False,0x0
1784019769.262,315,315,64336,3,1,12068,-27,-9,-131,-3,5,4,99852,2421,7375,490,0xf,False,0x0
1784019769.464,316,316,64538,3,1,11980,-1,-25,-66,5,0,5,99864,2422,7375,511,0xf,False,0x0
1784019769.664,317,317,64738,3,1,11856,-32,-7,-59,-5,4,-2,99876,2422,7375,485,0xf,False,0x0
1784019769.896,318,318,64970,3,1,11741,14,-22,-98,0,1,-1,99890,2423,7375,518,0xf,False,0x0
1784019770.097,319,319,65170,3,1,11657,-4,-48,-93,-5,-4,-2,99903,2424,7374,512,0xf,False,0x0
1784019770.298,320,320,65371,3,1,11565,55,-17,-97,2,3,4,99915,2424,7374,483,0xf,False,0x0
1784019770.499,321,321,65572,3,1,11446,-9,-44,-138,-5,5,0,99927,2425,7374,481,0xf,False,0x0
1784019770.700,322,322,65773,3,1,11365,47,29,-82,-3,-1,1,99940,2426,7374,510,0xf,False,0x0
1784019770.938,323,323,66012,3,1,11238,-9,-46,-119,5,-1,1,99955,2427,7374,500,0xf,False,0x0
1784019771.139,324,324,66213,3,1,11122,13,-12,-121,-4,-2,0,99967,2427,7374,482,0xf,False,0x0
1784019771.356,325,325,66429,3,1,11018,-17,-40,-89,-1,-3,-5,99981,2428,7374,494,0xf,False,0x0
1784019771.559,326,326,66632,3,1,10892,-43,-8,-83,-2,-2,2,99994,2429,7374,502,0xf,False,0x0
1784019771.762,327,327,66835,3,1,10812,9,12,-96,0,-5,2,100007,2429,7374,503,0xf,False,0x0
1784019771.963,328,328,67037,3,1,10696,5,15,-91,-2,0,-1,100020,2430,7374,502,0xf,False,0x0
1784019772.164,329,329,67237,3,1,10601,43,-42,-147,4,0,-3,100033,2431,7374,508,0xf,False,0x0
1784019772.769,332,332,67843,3,1,10242,-55,-34,-61,0,4,-2,100074,2433,7373,510,0xf,False,0x0
1784019772.970,333,333,68043,3,1,10152,-4,29,-132,2,5,2,100088,2434,7373,507,0xf,False,0x0
1784019773.170,334,334,68244,3,1,10014,-58,50,-146,2,-3,-4,100101,2434,7373,507,0xf,False,0x0
1784019773.377,335,335,68451,3,1,9907,3,-47,-106,5,-4,-5,100116,2435,7373,515,0xf,False,0x0
1784019773.578,336,336,68651,3,1,9801,-50,46,-111,3,5,2,100130,2436,7373,499,0xf,False,0x0
1784019773.778,337,337,68852,3,1,9683,-58,-19,-124,-4,-2,5,100144,2437,7373,495,0xf,False,0x0
1784019773.978,338,338,69052,3,1,9577,15,-39,-51,3,-3,5,100158,2437,7373,508,0xf,False,0x0
1784019774.179,339,339,69253,3,1,9434,-24,-9,-111,-4,-5,5,100173,2438,7373,480,0xf,False,0x0
1784019774.439,340,340,69512,3,1,9266,1,-55,-141,-2,-3,0,100192,2439,7373,483,0xf,False,0x0
1784019774.641,341,341,69715,3,1,9182,19,13,-85,-2,4,-5,100206,2440,7373,486,0xf,False,0x0
1784019774.843,342,342,69917,3,1,9052,-48,55,-125,2,-4,3,100222,2441,7373,516,0xf,False,0x0
1784019775.043,343,343,70117,3,1,8915,41,-35,-49,3,5,-4,100237,2442,7372,512,0xf,False,0x0
1784019775.244,344,344,70318,3,1,8774,-13,31,-131,1,1,-5,100252,2442,7372,482,0xf,False,0x0
1784019775.444,345,345,70518,3,1,8663,-50,23,-112,2,4,0,100268,2443,7372,508,0xf,False,0x0
1784019775.645,346,346,70719,3,1,8517,19,-2,-116,-4,-3,-2,100283,2444,7372,502,0xf,False,0x0
1784019775.857,347,347,70931,3,1,8399,-35,31,-92,-4,0,-5,100300,2445,7372,506,0xf,False,0x0
1784019776.058,348,348,71132,3,1,8262,-51,-51,-81,2,2,-2,100316,2446,7372,516,0xf,False,0x0
1784019776.260,349,349,71334,3,1,8138,-58,-44,-133,1,-2,1,100333,2447,7372,484,0xf,False,0x0
1784019776.462,350,350,71536,3,1,7987,-49,-51,-59,3,-3,2,100349,2448,7372,507,0xf,False,0x0
1784019776.662,351,351,71736,3,1,7865,18,9,-38,5,-1,5,100366,2448,7372,492,0xf,False,0x0
1784019776.903,352,352,71977,3,1,7686,-44,-28,-111,4,-2,3,100386,2450,7372,491,0xf,False,0x0
1784019777.103,353,353,72177,3,1,7537,42,7,-98,0,1,0,100404,2450,7372,482,0xf,False,0x0
1784019777.304,354,354,72377,3,1,7423,-21,43,-123,0,-4,3,100421,2451,7372,501,0xf,False,0x0
1784019777.507,355,355,72580,3,1,7267,-41,13,-73,5,5,0,100439,2452,7371,485,0xf,False,0x0
1784019777.708,356,356,72781,3,1,7093,-50,45,-88,-1,-4,-1,100458,2453,7371,520,0xf,False,0x0
1784019777.932,357,357,73006,3,1,6940,0,-20,-87,-3,0,-4,100478,2454,7371,510,0xf,False,0x0
1784019778.133,358,358,73207,3,1,6773,5,16,-88,-4,5,1,100497,2455,7371,513,0xf,False,0x0
1784019778.345,359,359,73418,3,1,6606,57,60,-133,5,1,-1,100517,2456,7371,493,0xf,False,0x0
1784019778.545,360,360,73619,3,1,6465,35,15,-138,2,2,-1,100537,2458,7371,498,0xf,False,0x0
1784019778.746,361,361,73819,3,1,6299,-46,26,-112,5,-4,-4,100557,2459,7371,488,0xf,False,0x0
1784019778.966,362,362,74040,3,1,6106,3,43,-134,-3,4,1,100580,2460,7371,489,0xf,False,0x0
1784019779.167,363,363,74240,3,1,5922,-32,45,-82,2,2,0,100601,2461,7371,480,0xf,False,0x0
1784019779.411,364,364,74485,3,1,5736,-41,50,-89,0,0,1,100627,2462,7371,515,0xf,False,0x0
1784019779.841,366,366,74915,3,1,5312,9,50,-97,-2,-4,-1,100675,2465,7371,487,0xf,False,0x0
1784019780.043,367,367,75116,3,1,5129,8,56,-153,0,1,-2,100699,2466,7370,489,0xf,False,0x0
1784019780.243,368,368,75317,3,1,4940,23,24,-122,4,3,-2,100723,2467,7370,501,0xf,False,0x0
1784019780.446,369,369,75520,3,1,4727,-23,-7,-112,4,-1,-2,100749,2469,7370,485,0xf,False,0x0
1784019780.647,370,370,75721,3,1,4497,-38,-60,-86,4,2,-1,100775,2470,7370,486,0xf,False,0x0
1784019780.851,371,371,75924,3,1,4289,25,-41,-150,1,3,-5,100802,2472,7370,513,0xf,False,0x0
1784019781.051,372,372,76125,3,1,4040,-46,-26,976,0,-4,-2,100831,2473,7370,499,0xf,False,0x0
1784019781.252,373,373,76326,3,1,3800,-17,-33,868,-1,-2,-3,100861,2475,7370,502,0xf,False,0x0
1784019781.464,374,374,76537,3,1,3541,24,48,1043,-5,-4,-5,100894,2477,7370,499,0xf,False,0x0
1784019781.664,375,375,76738,3,1,3261,-51,2,938,-2,5,2,100927,2478,7370,497,0xf,False,0x0
1784019781.871,376,376,76945,3,1,2959,42,-4,920,0,5,-4,100965,2480,7370,520,0xf,False,0x0
1784019782.072,377,377,77145,3,1,2619,34,-14,1123,-4,5,4,101004,2482,7370,487,0xf,False,0x0
1784019782.272,378,378,77346,3,1,2276,13,40,1069,3,-1,-1,101048,2485,7370,497,0xf,False,0x0
1784019782.473,379,379,77546,3,1,1839,-8,48,924,0,3,5,101098,2487,7369,484,0xf,False,0x0
1784019782.678,380,380,77752,3,1,1333,-44,23,994,4,1,-5,101162,2491,7369,509,0xf,False,0x0
1784019782.926,381,381,78000,4,1,6,22,-6,947,-4,-5,1,101325,2500,7369,490,0xf,False,0x0
1784019783.127,382,382,78200,4,1,-10,-17,52,901,-3,2,3,101325,2500,7369,510,0xf,False,0x0
1784019783.335,383,383,78409,4,1,-14,-8,-6,927,1,0,-5,101325,2500,7369,484,0xf,False,0x0
1784019783.535,384,384,78609,4,1,-20,-59,-10,967,-1,3,5,101325,2500,7369,487,0xf,False,0x0
1784019783.736,385,385,78810,4,1,-5,-1,60,976,5,4,4,101325,2500,7369,515,0xf,False,0x0
1784019783.971,386,386,79044,4,1,16,38,40,958,3,0,-2,101325,2500,7369,485,0xf,False,0x0
1784019784.171,387,387,79245,4,1,-2,-52,-47,972,-4,3,-5,101325,2500,7369,507,0xf,False,0x0
1784019784.399,388,388,79473,4,1,-7,-9,39,1153,4,5,-4,101325,2500,7369,507,0xf,False,0x0
1784019784.599,389,389,79673,4,1,6,-30,11,965,2,-1,-2,101325,2500,7369,486,0xf,False,0x0
1784019784.800,390,390,79873,4,1,5,-8,-48,1035,1,-5,-5,101325,2500,7369,503,0xf,False,0x0
1784019785.004,391,391,80076,4,1,2,-35,-34,921,-5,5,5,101325,2500,7368,515,0xf,False,0x0
1784019785.205,392,392,80279,4,1,-9,36,18,883,-1,4,3,101325,2500,7368,499,0xf,False,0x0
1784019785.422,393,393,80496,4,1,13,-40,7,947,-1,4,-4,101325,2500,7368,498,0xf,False,0x0
1784019785.623,394,394,80696,4,1,-3,46,-1,1085,0,5,2,101325,2500,7368,495,0xf,False,0x0
1784019785.825,395,395,80899,4,1,6,-6,-44,1002,0,-3,1,101325,2500,7368,485,0xf,False,0x0
1784019786.026,396,396,81099,4,1,12,-31,49,1013,-3,-2,0,101325,2500,7368,511,0xf,False,0x0
1784019786.226,397,397,81300,4,1,18,45,-23,932,-3,-1,-2,101325,2500,7368,503,0xf,False,0x0
1784019786.426,398,398,81500,4,1,5,42,16,1112,-3,-4,-3,101325,2500,7368,484,0xf,False,0x0
1784019786.627,399,399,81701,4,1,17,-3,43,958,3,5,2,101325,2500,7368,494,0xf,False,0x0
1784019786.842,400,400,81916,4,1,-7,-51,7,1077,5,5,-5,101325,2500,7368,484,0xf,False,0x0
1784019787.043,401,401,82117,4,1,-6,-55,31,854,3,4,4,101325,2500,7368,511,0xf,False,0x0
1784019787.247,402,402,82320,4,1,-19,6,-33,1056,-1,5,-2,101325,2500,7368,496,0xf,False,0x0
1784019787.447,403,403,82521,4,1,-8,55,-1,1100,3,3,-4,101325,2500,7367,517,0xf,False,0x0
1784019787.648,404,404,82721,4,1,4,8,-17,1000,5,0,-3,101325,2500,7367,500,0xf,False,0x0
1784019787.851,405,405,82925,4,1,20,36,43,1154,-4,-5,-1,101325,2500,7367,493,0xf,False,0x0
1784019788.053,406,406,83126,4,1,-16,5,0,927,4,1,3,101325,2500,7367,481,0xf,False,0x0
1784019788.253,407,407,83327,4,1,-6,37,-43,947,3,2,-1,101325,2500,7367,499,0xf,False,0x0
1784019788.454,408,408,83528,4,1,11,-31,-59,1003,3,-5,4,101325,2500,7367,493,0xf,False,0x0
1784019788.655,409,409,83728,4,1,-10,-30,-57,959,-2,1,5,101325,2500,7367,517,0xf,False,0x0
1784019788.859,410,410,83933,4,1,-11,4,16,973,5,-1,-2,101325,2500,7367,511,0xf,False,0x0
1784019789.060,411,411,84133,4,1,0,49,-58,1070,-5,-2,5,101325,2500,7367,506,0xf,False,0x0
1784019789.260,412,412,84334,4,1,-10,41,-37,1139,2,-4,-1,101325,2500,7367,519,0xf,False,0x0
1784019789.461,413,413,84534,4,1,-17,43,43,933,1,-3,1,101325,2500,7367,488,0xf,False,0x0
1784019789.897,415,415,84971,4,1,-2,23,-33,991,-1,0,3,101325,2500,7367,499,0xf,False,0x0
1784019790.098,416,416,85171,4,1,1,31,37,1146,5,-5,-2,101325,2500,7366,508,0xf,False,0x0
1784019790.301,417,417,85374,4,1,-14,-58,43,892,-2,-2,-1,101325,2500,7366,489,0xf,False,0x0
1784019790.502,418,418,85576,4,1,-6,-40,-10,1117,3,4,3,101325,2500,7366,484,0xf,False,0x0
1784019790.703,419,419,85777,4,1,7,31,28,1063,2,-3,5,101325,2500,7366,493,0xf,False,0x0
1784019790.904,420,420,85978,4,1,13,-10,48,966,4,5,-3,101325,2500,7366,497,0xf,False,0x0
1784019791.105,421,421,86179,4,1,-18,0,6,977,4,5,-3,101325,2500,7366,507,0xf,False,0x0
1784019791.306,422,422,86380,4,1,-19,-11,60,875,1,1,-1,101325,2500,7366,508,0xf,False,0x0
1784019791.507,423,423,86581,4,1,19,26,58,1059,1,5,-2,101325,2500,7366,502,0xf,False,0x0
1784019791.707,424,424,86781,4,1,10,-47,34,1068,4,2,0,101325,2500,7366,492,0xf,False,0x0
1784019791.908,425,425,86982,4,1,7,-16,-59,863,2,1,-3,101325,2500,7366,514,0xf,False,0x0
1784019792.108,426,426,87182,4,1,-5,42,-3,922,3,3,5,101325,2500,7366,505,0xf,False,0x0
1784019792.310,427,427,87383,4,1,-12,-56,-4,975,3,5,2,101325,2500,7366,492,0xf,False,0x0
1784019792.510,428,428,87584,4,1,-5,17,-53,884,2,-3,4,101325,2500,7365,515,0xf,False,0x0
1784019792.711,429,429,87785,4,1,-9,2,-36,952,5,-3,5,101325,2500,7365,506,0xf,False,0x0
1784019792.929,430,430,88003,4,1,-7,-12,36,916,4,2,5,101325,2500,7365,506,0xf,False,0x0
1784019793.129,431,431,88203,4,1,-9,-12,-6,1038,-4,-3,4,101325,2500,7365,516,0xf,False,0x0
1784019793.344,432,432,88418,4,1,-18,-57,42,1033,-4,-5,-4,101325,2500,7365,480,0xf,False,0x0
1784019793.545,433,433,88619,4,1,19,50,44,947,3,5,-5,101325,2500,7365,517,0xf,False,0x0
1784019793.745,434,434,88819,4,1,-15,-34,-60,1025,-5,2,1,101325,2500,7365,487,0xf,False,0x0
1784019793.946,435,435,89020,4,1,14,-26,-9,1104,-3,-1,-5,101325,2500,7365,519,0xf,False,0x0
1784019794.357,437,437,89430,4,1,12,-22,4,1052,5,-2,2,101325,2500,7365,484,0xf,False,0x0
1784019794.557,438,438,89631,4,1,10,29,-55,997,-3,-5,1,101325,2500,7365,485,0xf,False,0x0
1784019794.758,439,439,89831,4,1,-9,54,38,902,0,-3,4,101325,2500,7365,497,0xf,False,0x0
1784019794.959,440,440,90032,4,1,-16,-60,-44,1094,0,-4,-4,101325,2500,7364,486,0xf,False,0x0
1784019795.159,441,441,90233,4,1,-6,0,29,1018,-5,5,-5,101325,2500,7364,518,0xf,False,0x0
1784019795.417,442,442,90491,4,1,-1,23,24,1040,-2,5,3,101325,2500,7364,512,0xf,False,0x0
1784019795.864,444,444,90938,4,1,19,-31,54,905,0,5,0,101325,2500,7364,498,0xf,False,0x0
1784019796.065,445,445,91139,4,1,14,24,10,1045,-4,-3,4,101325,2500,7364,520,0xf,False,0x0
1784019796.266,446,446,91340,4,1,-10,19,33,921,2,-2,5,101325,2500,7364,504,0xf,False,0x0
1784019796.466,447,447,91540,4,1,-9,45,-24,973,-4,0,-2,101325,2500,7364,498,0xf,False,0x0
1784019796.667,448,448,91741,4,1,3,-27,-2,995,1,2,-2,101325,2500,7364,495,0xf,False,0x0
1784019797.069,450,450,92143,4,1,8,-56,-30,936,-2,-2,1,101325,2500,7364,495,0xf,False,0x0
1784019797.269,451,451,92343,4,1,3,0,13,1138,-2,-1,1,101325,2500,7364,514,0xf,False,0x0
1784019797.470,452,452,92544,4,1,-1,18,-24,1012,1,3,-5,101325,2500,7363,493,0xf,False,0x0
1784019797.671,453,453,92745,4,1,11,42,34,1114,-2,-5,-5,101325,2500,7363,492,0xf,False,0x0
1784019797.939,454,454,93013,4,1,-4,28,-37,850,0,-4,-2,101325,2500,7363,515,0xf,False,0x0
1784019798.139,455,455,93213,4,1,-6,11,33,1140,-4,4,-4,101325,2500,7363,480,0xf,False,0x0
1784019798.352,456,456,93426,4,1,-19,-29,11,1015,-5,-5,5,101325,2500,7363,492,0xf,False,0x0
1784019798.753,458,458,93827,4,1,-16,-47,51,1061,1,1,1,101325,2500,7363,491,0xf,False,0x0
1784019798.954,459,459,94027,4,1,-11,-28,2,954,-2,-2,-2,101325,2500,7363,509,0xf,False,0x0
1784019799.154,460,460,94228,4,1,17,38,22,958,2,0,-3,101325,2500,7363,482,0xf,False,0x0
1784019799.367,461,461,94440,4,1,11,-44,21,982,-3,-3,3,101325,2500,7363,489,0xf,False,0x0
1784019799.568,462,462,94641,4,1,-2,8,-54,1085,1,2,2,101325,2500,7363,506,0xf,False,0x0
1784019799.768,463,463,94842,4,1,-3,57,45,969,5,5,-5,101325,2500,7363,492,0xf,False,0x0
1784019799.969,464,464,95042,4,1,15,-36,57,989,2,-4,5,101325,2500,7362,517,0xf,False,0x0
1784019800.169,465,465,95243,4,1,10,8,-5,1103,-1,4,-5,101325,2500,7362,500,0xf,False,0x0
1784019800.573,467,467,95646,4,1,-14,54,18,872,-4,0,-2,101325,2500,7362,499,0xf,False,0x0
1784019800.773,468,468,95847,4,1,11,11,23,949,0,-1,-1,101325,2500,7362,497,0xf,False,0x0
1784019800.974,469,469,96047,4,1,-14,-57,-44,932,-4,-5,-1,101325,2500,7362,484,0xf,False,0x0
1784019801.414,471,471,96487,4,1,-18,-58,-36,1052,1,5,-1,101325,2500,7362,519,0xf,False,0x0
1784019801.614,472,472,96688,4,1,-3,12,7,925,-5,1,-3,101325,2500,7362,487,0xf,False,0x0
1784019801.828,473,473,96902,4,1,-8,-18,36,1151,-3,-3,-2,101325,2500,7362,513,0xf,False,0x0
1784019802.030,474,474,97104,4,1,9,-8,54,874,5,3,0,101325,2500,7362,495,0xf,False,0x0
1784019802.233,475,475,97307,4,1,7,-13,-3,953,3,0,4,101325,2500,7362,511,0xf,False,0x0
1784019802.453,476,476,97527,4,1,-14,-9,5,1060,-4,1,-3,101325,2500,7361,511,0xf,False,0x0
1784019802.654,477,477,97727,4,1,15,13,-43,1019,1,5,1,101325,2500,7361,502,0xf,False,0x0
1784019802.854,478,478,97928,4,1,-2,-60,-17,1057,-5,2,3,101325,2500,7361,488,0xf,False,0x0
1784019803.255,480,480,98329,4,1,9,-54,5,892,3,2,3,101325,2500,7361,512,0xf,False,0x0
1784019803.456,481,481,98529,4,1,1,-4,51,988,-3,-2,-5,101325,2500,7361,496,0xf,False,0x0
1784019803.656,482,482,98730,4,1,-19,-31,-59,1061,5,5,-3,101325,2500,7361,502,0xf,False,0x0
1784019803.862,483,483,98936,4,1,-6,-35,-48,877,-5,-3,0,101325,2500,7361,492,0xf,False,0x0
1784019804.064,484,484,99138,4,1,-15,30,14,837,-5,0,0,101325,2500,7361,497,0xf,False,0x0
1784019804.265,485,485,99339,4,1,16,-47,19,868,-3,2,-3,101325,2500,7361,509,0xf,False,0x0
1784019804.466,486,486,99539,4,1,14,39,5,1074,4,4,-1,101325,2500,7361,506,0xf,False,0x0
1784019804.666,487,487,99740,4,1,8,-37,46,1083,5,0,-3,101325,2500,7361,510,0xf,False,0x0
1784019804.874,488,488,99948,4,1,4,11,42,885,5,-1,1,101325,2500,7361,483,0xf,False,0x0
1784019805.074,489,489,100148,4,1,11,-45,-41,977,-2,1,5,101325,2500,7360,491,0xf,False,0x0
1784019805.275,490,490,100349,4,1,11,-55,-22,998,5,1,-1,101325,2500,7360,514,0xf,False,0x0
1784019805.486,491,491,100559,4,1,-18,7,17,890,-5,-1,1,101325,2500,7360,510,0xf,False,0x0
1784019805.686,492,492,100760,4,1,7,-15,7,935,5,4,0,101325,2500,7360,518,0xf,False,0x0
1784019805.938,493,493,101011,4,1,-12,36,16,1011,5,5,-2,101325,2500,7360,514,0xf,False,0x0
1784019806.138,494,494,101212,4,1,-1,-58,-25,890,3,3,3,101325,2500,7360,481,0xf,False,0x0
1784019806.349,495,495,101423,4,1,-16,-15,-15,1029,2,5,-4,101325,2500,7360,485,0xf,False,0x0
1784019806.751,497,497,101824,4,1,12,-12,60,986,-4,-5,3,101325,2500,7360,483,0xf,False,0x0
1784019806.951,498,498,102025,4,1,-19,-54,-16,941,3,-1,-1,101325,2500,7360,486,0xf,False,0x0
1784019807.152,499,499,102225,4,1,-6,-16,-23,913,-5,0,4,101325,2500,7360,483,0xf,False,0x0
1784019807.363,500,500,102437,4,1,-10,-32,36,1014,-3,3,4,101325,2500,7360,511,0xf,False,0x0
1784019807.564,501,501,102637,4,1,-5,-39,38,946,5,-5,0,101325,2500,7359,508,0xf,False,0x0
1784019807.764,502,502,102838,4,1,8,-38,55,906,-3,0,3,101325,2500,7359,508,0xf,False,0x0
1784019807.964,503,503,103038,4,1,-5,-57,-30,1119,5,-5,-1,101325,2500,7359,484,0xf,False,0x0
1784019808.165,504,504,103239,4,1,5,37,32,1073,-4,4,1,101325,2500,7359,490,0xf,False,0x0
1784019808.400,505,505,103474,4,1,4,42,3,1086,-1,3,-4,101325,2500,7359,510,0xf,False,0x0
1784019808.601,506,506,103674,4,1,-2,15,34,960,5,-3,-4,101325,2500,7359,519,0xf,False,0x0
1784019808.802,507,507,103876,4,1,14,-13,29,964,-3,0,3,101325,2500,7359,481,0xf,False,0x0
1784019809.003,508,508,104076,4,1,-2,-56,-57,1029,5,1,-5,101325,2500,7359,485,0xf,False,0x0
1784019809.411,510,510,104485,4,1,9,22,-54,1095,-1,-1,0,101325,2500,7359,520,0xf,False,0x0
1784019809.612,511,511,104685,4,1,-6,-58,6,923,5,-1,4,101325,2500,7359,482,0xf,False,0x0
1784019809.817,512,512,104891,4,1,-12,1,-35,1067,-4,2,-2,101325,2500,7359,503,0xf,False,0x0
1784019810.018,513,513,105092,4,1,-10,51,-57,994,-5,2,-3,101325,2500,7358,515,0xf,False,0x0
1784019810.219,514,514,105293,4,1,-19,-52,30,1013,4,3,-4,101325,2500,7358,489,0xf,False,0x0
1784019810.420,515,515,105494,4,1,10,-1,-29,924,-1,-5,4,101325,2500,7358,499,0xf,False,0x0
1784019810.620,516,516,105694,4,1,8,51,14,1132,1,-1,-2,101325,2500,7358,514,0xf,False,0x0
1784019810.841,517,517,105915,4,1,-12,-28,49,1111,0,-4,0,101325,2500,7358,491,0xf,False,0x0
1784019811.076,518,518,106150,4,1,-16,-24,-55,985,4,3,-5,101325,2500,7358,480,0xf,False,0x0
1784019811.276,519,519,106350,4,1,18,1,49,934,-1,5,5,101325,2500,7358,516,0xf,False,0x0
1784019811.477,520,520,106550,4,1,1,-38,49,1132,0,2,-1,101325,2500,7358,516,0xf,False,0x0
1784019811.680,521,521,106753,4,1,13,44,-45,836,-2,-3,0,101325,2500,7358,484,0xf,False,0x0
1784019811.912,522,522,106986,4,1,-6,12,-17,1079,3,-4,1,101325,2500,7358,510,0xf,False,0x0
1784019812.113,523,523,107186,4,1,-8,-6,32,958,-5,-1,-4,101325,2500,7358,491,0xf,False,0x0
1784019812.315,524,524,107389,4,1,14,37,16,1115,1,-5,1,101325,2500,7358,486,0xf,False,0x0
1784019812.516,525,525,107590,4,1,14,-55,7,918,-4,-5,-4,101325,2500,7357,516,0xf,False,0x0
1784019812.716,526,526,107790,4,1,9,-25,-59,915,5,1,-1,101325,2500,7357,502,0xf,False,0x0
1784019812.917,527,527,107991,4,1,-12,-10,-47,975,4,0,-3,101325,2500,7357,483,0xf,False,0x0
1784019813.117,528,528,108191,4,1,14,-9,-33,1029,1,5,2,101325,2500,7357,514,0xf,False,0x0
1784019813.345,529,529,108418,4,1,1,-23,-35,1036,1,5,-5,101325,2500,7357,506,0xf,False,0x0
1784019813.545,530,530,108619,4,1,12,56,-16,921,0,-5,5,101325,2500,7357,502,0xf,False,0x0
1784019813.746,531,531,108820,4,1,-9,-54,-18,926,5,3,-3,101325,2500,7357,512,0xf,False,0x0
1784019813.946,532,532,109020,4,1,-5,-42,12,913,-3,1,1,101325,2500,7357,517,0xf,False,0x0
1784019814.153,533,533,109226,4,1,2,38,-31,962,2,4,0,101325,2500,7357,488,0xf,False,0x0
1784019814.357,534,534,109430,4,1,1,39,-25,1143,4,-2,4,101325,2500,7357,502,0xf,False,0x0
1784019814.557,535,535,109631,4,1,-2,47,-58,922,2,-4,-2,101325,2500,7357,510,0xf,False,0x0
1784019814.758,536,536,109831,4,1,4,60,-21,989,5,-1,-2,101325,2500,7357,485,0xf,False,0x0
1784019814.958,537,537,110032,4,1,12,15,28,1015,2,4,-1,101325,2500,7356,512,0xf,False,0x0
1784019815.161,538,538,110235,4,1,1,43,-25,1085,-2,-1,1,101325,2500,7356,491,0xf,False,0x0
1784019815.363,539,539,110437,4,1,-11,-13,-24,1003,-1,-5,0,101325,2500,7356,481,0xf,False,0x0
1784019815.579,540,540,110653,4,1,-14,0,37,948,-1,1,-3,101325,2500,7356,484,0xf,False,0x0
1784019815.779,541,541,110853,4,1,-2,-22,21,1092,3,-4,-2,101325,2500,7356,506,0xf,False,0x0
1784019815.980,542,542,111054,4,1,5,-22,-15,885,-3,2,5,101325,2500,7356,502,0xf,False,0x0
1784019816.181,543,543,111254,4,1,19,-2,40,967,-4,5,1,101325,2500,7356,516,0xf,False,0x0
1784019816.381,544,544,111455,4,1,-1,-34,-25,970,-2,0,-2,101325,2500,7356,495,0xf,False,0x0
1784019816.582,545,545,111655,4,1,12,-45,-23,1029,-3,-4,-4,101325,2500,7356,514,0xf,False,0x0
1784019816.782,546,546,111856,4,1,-12,45,-19,927,-4,-3,-4,101325,2500,7356,488,0xf,False,0x0
1784019817.185,548,548,112259,4,1,-19,47,1,971,1,4,-4,101325,2500,7356,516,0xf,False,0x0
1784019817.640,550,550,112714,4,1,3,54,21,1055,0,5,5,101325,2500,7355,483,0xf,False,0x0
1784019817.840,551,551,112914,4,1,-10,-29,19,1049,3,-3,-1,101325,2500,7355,512,0xf,False,0x0
1784019818.044,552,552,113118,4,1,-20,19,4,1029,3,5,-4,101325,2500,7355,488,0xf,False,0x0
1784019818.244,553,553,113318,4,1,2,16,-30,1048,3,2,-1,101325,2500,7355,500,0xf,False,0x0
1784019818.448,554,554,113521,4,1,16,56,-52,1030,-3,-5,-1,101325,2500,7355,486,0xf,False,0x0
1784019818.648,555,555,113722,4,1,-20,30,-58,1099,-1,-4,3,101325,2500,7355,502,0xf,False,0x0
1784019818.866,556,556,113939,4,1,-1,-8,35,954,1,5,0,101325,2500,7355,511,0xf,False,0x0
1784019819.067,557,557,114141,4,1,-15,-24,-42,989,4,-1,-1,101325,2500,7355,484,0xf,False,0x0
1784019819.267,558,558,114341,4,1,9,-2,27,1056,-4,5,1,101325,2500,7355,482,0xf,False,0x0
1784019819.468,559,559,114542,4,1,-17,-3,-17,1140,5,-4,-3,101325,2500,7355,502,0xf,False,0x0
1784019819.668,560,560,114742,4,1,5,22,14,1048,2,4,-2,101325,2500,7355,487,0xf,False,0x0
1784019819.930,561,561,115004,4,1,-6,30,47,1055,1,1,5,101325,2500,7354,506,0xf,False,0x0
1784019820.131,562,562,115205,4,1,-1,45,-30,1033,3,3,-5,101325,2500,7354,492,0xf,False,0x0
1784019820.345,563,563,115419,4,1,3,-58,6,908,-4,-3,1,101325,2500,7354,508,0xf,False,0x0
1784019820.546,564,564,115620,4,1,-19,-51,38,925,-5,5,3,101325,2500,7354,510,0xf,False,0x0
1784019820.746,565,565,115820,4,1,-15,46,-41,922,2,4,-5,101325,2500,7354,497,0xf,False,0x0
1784019820.947,566,566,116021,4,1,-17,-20,-15,1136,-3,-4,-1,101325,2500,7354,506,0xf,False,0x0
1784019821.147,567,567,116221,4,1,1,-60,10,979,5,5,1,101325,2500,7354,495,0xf,False,0x0
1784019821.348,568,568,116422,4,1,5,21,-36,1065,-2,1,5,101325,2500,7354,518,0xf,False,0x0
1784019821.549,569,569,116623,4,1,-8,8,-57,949,3,-3,3,101325,2500,7354,496,0xf,False,0x0
1784019821.749,570,570,116823,4,1,1,29,23,1040,4,2,4,101325,2500,7354,512,0xf,False,0x0
1784019821.949,571,571,117023,4,1,10,54,35,970,-2,-5,0,101325,2500,7354,483,0xf,False,0x0
1784019822.150,572,572,117224,4,1,-19,-8,43,1145,-2,3,-5,101325,2500,7354,490,0xf,False,0x0
1784019822.351,573,573,117425,4,1,9,8,47,890,-4,0,3,101325,2500,7354,503,0xf,False,0x0
1784019822.551,574,574,117625,4,1,2,15,-53,1080,3,-3,1,101325,2500,7353,517,0xf,False,0x0
1784019822.752,575,575,117826,4,1,-1,-10,60,1124,-2,2,1,101325,2500,7353,490,0xf,False,0x0
1784019822.952,576,576,118026,4,1,7,44,-50,925,0,4,5,101325,2500,7353,489,0xf,False,0x0
1784019823.153,577,577,118227,4,1,11,8,-26,944,-3,-1,-2,101325,2500,7353,498,0xf,False,0x0
1784019823.354,578,578,118428,4,1,-17,5,60,1033,4,-5,1,101325,2500,7353,488,0xf,False,0x0
1784019823.555,579,579,118628,4,1,-18,55,50,1113,-4,-3,4,101325,2500,7353,497,0xf,False,0x0
1784019823.755,580,580,118829,4,1,-8,15,-15,1012,5,5,-5,101325,2500,7353,496,0xf,False,0x0
1784019823.955,581,581,119029,4,1,4,-58,7,1003,1,4,3,101325,2500,7353,501,0xf,False,0x0
1784019824.157,582,582,119231,4,1,2,2,-3,925,3,2,5,101325,2500,7353,513,0xf,False,0x0
1784019824.381,583,583,119455,4,1,-19,-51,32,1011,-4,-3,-3,101325,2500,7353,486,0xf,False,0x0
1784019824.582,584,584,119656,4,1,5,-13,51,977,0,0,0,101325,2500,7353,488,0xf,False,0x0
1784019824.782,585,585,119856,4,1,3,-25,2,1009,5,-2,-2,101325,2500,7353,496,0xf,False,0x0
1784019824.983,586,586,120057,4,1,-6,-27,-30,1043,-2,-5,-4,101325,2500,7352,495,0xf,False,0x0
1784019825.184,587,587,120257,4,1,-13,-15,-2,917,2,2,5,101325,2500,7352,497,0xf,False,0x0
1784019825.402,588,588,120476,4,1,-4,-28,-23,1055,-3,5,4,101325,2500,7352,482,0xf,False,0x0
1784019825.603,589,589,120677,4,1,-1,-48,56,1093,1,-2,-3,101325,2500,7352,506,0xf,False,0x0
1784019825.805,590,590,120878,4,1,12,20,-45,1038,3,3,-4,101325,2500,7352,500,0xf,False,0x0
1784019826.006,591,591,121080,4,1,-12,31,-34,886,-4,-4,-1,101325,2500,7352,511,0xf,False,0x0
1784019826.208,592,592,121281,4,1,6,5,56,981,-3,-2,-2,101325,2500,7352,505,0xf,False,0x0
1784019826.442,593,593,121516,4,1,-11,55,15,1041,-4,-3,3,101325,2500,7352,494,0xf,False,0x0
1784019826.644,594,594,121718,4,1,-17,11,59,921,0,-1,1,101325,2500,7352,520,0xf,False,0x0
1784019826.874,595,595,121948,4,1,-2,-50,-37,995,2,3,4,101325,2500,7352,512,0xf,False,0x0
1784019827.075,596,596,122149,4,1,7,43,-31,1064,0,0,-5,101325,2500,7352,491,0xf,False,0x0
1784019827.275,597,597,122349,4,1,14,-48,0,904,5,4,0,101325,2500,7352,507,0xf,False,0x0
1784019827.676,599,599,122750,4,1,-7,18,-29,864,-5,-3,-4,101325,2500,7351,491,0xf,False,0x0
1784019827.878,600,600,122952,4,1,-15,39,-17,1071,2,4,-1,101325,2500,7351,513,0xf,False,0x0
1784019828.079,601,601,123152,4,1,-1,-3,18,1031,3,-4,-4,101325,2500,7351,520,0xf,False,0x0
1784019828.279,602,602,123353,4,1,-5,-19,-19,1116,-4,3,-4,101325,2500,7351,484,0xf,False,0x0
1784019828.484,603,603,123558,4,1,17,-18,0,861,-3,2,-5,101325,2500,7351,513,0xf,False,0x0
1784019828.685,604,604,123759,4,1,4,-23,52,1016,-4,-4,2,101325,2500,7351,502,0xf,False,0x0
1784019828.933,605,605,124006,4,1,-13,7,16,1112,-2,-4,3,101325,2500,7351,506,0xf,False,0x0
1784019829.133,606,606,124207,4,1,18,-49,19,1061,-3,-3,3,101325,2500,7351,518,0xf,False,0x0
1784019829.349,607,607,124422,4,1,0,-13,-21,934,-3,-5,-4,101325,2500,7351,486,0xf,False,0x0
1784019829.549,608,608,124623,4,1,0,56,-45,1029,-5,-5,-2,101325,2500,7351,520,0xf,False,0x0
1784019829.750,609,609,124823,4,1,7,-36,37,1071,0,-5,3,101325,2500,7351,512,0xf,False,0x0
1784019829.950,610,610,125024,4,1,-16,-33,18,1032,1,1,-2,101325,2500,7350,501,0xf,False,0x0
1784019830.150,611,611,125224,4,1,-19,-55,45,891,0,-1,3,101325,2500,7350,515,0xf,False,0x0
1784019830.363,612,612,125437,4,1,-13,3,-43,1154,0,-3,2,101325,2500,7350,491,0xf,False,0x0
1784019830.565,613,613,125639,4,1,-8,-58,-3,883,-4,4,2,101325,2500,7350,486,0xf,False,0x0
1784019830.768,614,614,125841,4,1,-14,1,6,1048,1,2,4,101325,2500,7350,482,0xf,False,0x0
1784019830.968,615,615,126042,4,1,14,2,-39,994,3,-1,-5,101325,2500,7350,494,0xf,False,0x0
1784019831.169,616,616,126242,4,1,5,46,43,964,4,-4,3,101325,2500,7350,495,0xf,False,0x0
1784019831.369,617,617,126443,4,1,10,38,-44,1012,4,4,-3,101325,2500,7350,500,0xf,False,0x0
1784019831.770,619,619,126843,4,1,-10,-1,33,894,-5,3,4,101325,2500,7350,485,0xf,False,0x0
1784019831.971,620,620,127045,4,1,-1,57,28,934,0,2,-2,101325,2500,7350,489,0xf,False,0x0
1784019832.172,621,621,127245,4,1,-14,53,-10,941,-3,1,1,101325,2500,7350,512,0xf,False,0x0
1784019832.414,622,622,127487,4,1,-15,-55,-37,914,4,3,2,101325,2500,7350,488,0xf,False,0x0
1784019832.615,623,623,127688,4,1,2,-56,35,1121,-1,-3,4,101325,2500,7349,510,0xf,False,0x0
1784019833.018,625,625,128092,4,1,-1,-28,-31,978,-5,1,-1,101325,2500,7349,513,0xf,False,0x0
1784019833.219,626,626,128292,4,1,13,2,43,1016,1,5,5,101325,2500,7349,486,0xf,False,0x0
1784019833.433,627,627,128507,4,1,-5,-1,55,1096,-5,3,5,101325,2500,7349,491,0xf,False,0x0
1784019833.634,628,628,128708,4,1,0,0,27,891,1,0,-3,101325,2500,7349,494,0xf,False,0x0
1784019833.843,629,629,128917,4,1,0,-15,25,888,-1,4,3,101325,2500,7349,496,0xf,False,0x0
1784019834.044,630,630,129118,4,1,8,50,17,1037,4,4,0,101325,2500,7349,493,0xf,False,0x0
1784019834.245,631,631,129318,4,1,1,-13,0,951,-5,-1,4,101325,2500,7349,498,0xf,False,0x0
1784019834.445,632,632,129519,4,1,-3,-15,-11,965,0,2,-4,101325,2500,7349,484,0xf,False,0x0
1784019834.646,633,633,129720,4,1,-7,-37,31,1112,0,-5,2,101325,2500,7349,496,0xf,False,0x0
1784019834.890,634,634,129964,4,1,-6,-39,-6,840,2,0,5,101325,2500,7349,487,0xf,False,0x0
1784019835.091,635,635,130164,4,1,3,55,-58,1110,5,-1,-1,101325,2500,7348,481,0xf,False,0x0
1784019835.292,636,636,130366,4,1,6,49,37,940,-1,5,1,101325,2500,7348,507,0xf,False,0x0
1784019835.492,637,637,130566,4,1,14,-44,26,918,-4,0,1,101325,2500,7348,491,0xf,False,0x0
1784019835.693,638,638,130766,4,1,5,15,23,1041,-3,2,0,101325,2500,7348,502,0xf,False,0x0
1784019835.910,639,639,130983,4,1,-5,48,33,1146,-1,-5,5,101325,2500,7348,489,0xf,False,0x0
1784019836.110,640,640,131184,4,1,-8,-9,9,1046,2,4,-1,101325,2500,7348,506,0xf,False,0x0
1784019836.311,641,641,131385,4,1,7,21,-11,913,2,-5,-1,101325,2500,7348,490,0xf,False,0x0
1784019836.512,642,642,131585,4,1,-18,-54,-28,932,-5,-3,1,101325,2500,7348,493,0xf,False,0x0
1784019836.712,643,643,131786,4,1,-15,13,21,1018,2,0,1,101325,2500,7348,505,0xf,False,0x0
1784019836.919,644,644,131993,4,1,18,18,47,951,-2,2,-4,101325,2500,7348,484,0xf,False,0x0
1784019837.119,645,645,132193,4,1,20,16,27,1026,1,3,4,101325,2500,7348,511,0xf,False,0x0
1784019837.325,646,646,132399,4,1,5,54,-48,933,-1,4,0,101325,2500,7348,517,0xf,False,0x0
1784019837.525,647,647,132599,4,1,12,1,-5,980,-3,3,3,101325,2500,7347,503,0xf,False,0x0
1784019837.726,648,648,132800,4,1,-6,-31,41,901,5,-1,-1,101325,2500,7347,505,0xf,False,0x0
1784019837.926,649,649,133000,4,1,14,60,-42,1005,4,1,-5,101325,2500,7347,517,0xf,False,0x0
1784019838.127,650,650,133201,4,1,2,23,-33,1045,5,-5,-5,101325,2500,7347,496,0xf,False,0x0
1784019838.372,651,651,133446,4,1,-12,-10,32,1038,-4,-2,-2,101325,2500,7347,480,0xf,False,0x0
1784019838.572,652,652,133646,4,1,7,16,-9,964,-2,-3,-4,101325,2500,7347,508,0xf,False,0x0
1784019838.773,653,653,133847,4,1,-3,37,34,892,1,-3,2,101325,2500,7347,488,0xf,False,0x0
1784019838.974,654,654,134048,4,1,-12,8,-34,1002,0,-5,3,101325,2500,7347,502,0xf,False,0x0
1784019839.175,655,655,134248,4,1,-5,-13,-29,866,5,3,4,101325,2500,7347,505,0xf,False,0x0
1784019839.380,656,656,134454,4,1,3,17,8,1136,1,1,-1,101325,2500,7347,510,0xf,False,0x0
1784019839.581,657,657,134654,4,1,-9,52,36,1049,-2,-2,2,101325,2500,7347,516,0xf,False,0x0
1784019839.781,658,658,134855,4,1,19,48,-23,931,-5,-5,5,101325,2500,7347,512,0xf,False,0x0
1784019839.982,659,659,135056,4,1,-9,41,4,1049,-4,2,-4,101325,2500,7346,508,0xf,False,0x0
1784019840.182,660,660,135256,4,1,-20,-47,-41,889,-1,4,0,101325,2500,7346,510,0xf,False,0x0
1784019840.428,661,661,135502,4,1,-3,-50,47,1155,-3,4,-3,101325,2500,7346,483,0xf,False,0x0
1784019840.629,662,662,135703,4,1,19,-58,-52,958,1,1,-2,101325,2500,7346,505,0xf,False,0x0
1784019840.856,663,663,135930,4,1,12,-40,26,1055,-2,4,-4,101325,2500,7346,483,0xf,False,0x0
1784019841.276,665,665,136350,4,1,-19,47,-35,1069,-3,-4,-2,101325,2500,7346,503,0xf,False,0x0
1784019841.477,666,666,136551,4,1,-11,30,17,930,5,0,-3,101325,2500,7346,483,0xf,False,0x0
1784019841.677,667,667,136751,4,1,3,54,-57,928,4,-1,-1,101325,2500,7346,511,0xf,False,0x0
1784019841.919,668,668,136993,4,1,-5,-18,6,1088,-1,5,-1,101325,2500,7346,484,0xf,False,0x0
1784019842.119,669,669,137193,4,1,-2,46,-50,863,-5,2,-2,101325,2500,7346,497,0xf,False,0x0
1784019842.325,670,670,137399,4,1,-9,28,-25,997,2,3,-2,101325,2500,7346,516,0xf,False,0x0
1784019842.526,671,671,137600,4,1,19,9,-49,975,-1,1,3,101325,2500,7345,493,0xf,False,0x0
1784019842.728,672,672,137802,4,1,-14,41,-51,1047,-5,-3,3,101325,2500,7345,480,0xf,False,0x0
1784019842.930,673,673,138004,4,1,-6,-28,29,902,-4,-3,0,101325,2500,7345,520,0xf,False,0x0
1784019843.131,674,674,138204,4,1,2,-60,-36,1047,5,2,5,101325,2500,7345,520,0xf,False,0x0
1784019843.332,675,675,138405,4,1,11,-19,-8,1051,-5,3,-3,101325,2500,7345,520,0xf,False,0x0
1784019843.532,676,676,138606,4,1,-17,56,16,1056,-4,1,-3,101325,2500,7345,501,0xf,False,0x0
1784019843.734,677,677,138807,4,1,14,-12,-36,969,4,3,-2,101325,2500,7345,519,0xf,False,0x0
1784019843.943,678,678,139017,4,1,-14,12,44,1123,5,-5,-1,101325,2500,7345,513,0xf,False,0x0
1784019844.143,679,679,139217,4,1,-11,59,19,996,1,5,-2,101325,2500,7345,499,0xf,False,0x0
1784019844.357,680,680,139430,4,1,20,-23,-9,930,-3,-2,0,101325,2500,7345,484,0xf,False,0x0
1784019844.557,681,681,139631,4,1,-17,-9,-7,1098,2,0,-4,101325,2500,7345,517,0xf,False,0x0
1784019844.758,682,682,139831,4,1,-15,16,-33,1144,-4,0,-1,101325,2500,7345,512,0xf,False,0x0
1784019845.159,684,684,140232,4,1,5,7,23,1049,0,-5,-5,101325,2500,7344,490,0xf,False,0x0
1784019845.359,685,685,140433,4,1,-16,-34,32,1093,-5,5,0,101325,2500,7344,491,0xf,False,0x0
1784019845.560,686,686,140633,4,1,-8,54,3,1000,4,-4,-2,101325,2500,7344,505,0xf,False,0x0
1784019845.760,687,687,140834,4,1,-13,10,-18,1064,2,-3,2,101325,2500,7344,489,0xf,False,0x0
1784019845.961,688,688,141034,4,1,3,37,-21,1019,0,-3,-4,101325,2500,7344,483,0xf,False,0x0
1784019846.161,689,689,141235,4,1,16,-56,46,1104,4,-2,2,101325,2500,7344,503,0xf,False,0x0
1784019846.367,690,690,141441,4,1,19,-34,-9,1147,-5,5,0,101325,2500,7344,494,0xf,False,0x0
1784019846.570,691,691,141644,4,1,10,28,41,1072,-4,-4,1,101325,2500,7344,513,0xf,False,0x0
1784019846.771,692,692,141845,4,1,-1,12,46,1035,-4,4,-1,101325,2500,7344,517,0xf,False,0x0
1784019846.972,693,693,142046,4,1,-9,-28,-12,1088,4,2,5,101325,2500,7344,511,0xf,False,0x0
1784019847.172,694,694,142246,4,1,-7,22,-38,1021,-1,0,3,101325,2500,7344,518,0xf,False,0x0
1784019847.401,695,695,142475,4,1,-15,45,-31,965,-3,-1,2,101325,2500,7344,488,0xf,False,0x0
1784019847.602,696,696,142676,4,1,-16,24,51,950,2,-3,5,101325,2500,7343,504,0xf,False,0x0
1784019847.804,697,697,142878,4,1,18,56,-15,938,5,-2,-3,101325,2500,7343,484,0xf,False,0x0
1784019848.005,698,698,143078,4,1,10,22,-54,1041,5,1,-1,101325,2500,7343,488,0xf,False,0x0
1784019848.205,699,699,143279,4,1,-4,30,-39,1067,-3,-5,3,101325,2500,7343,502,0xf,False,0x0
1784019848.638,701,701,143712,4,1,9,-38,-43,1032,-2,4,1,101325,2500,7343,480,0xf,False,0x0
1784019848.840,702,702,143914,4,1,-13,-19,-9,949,4,-2,-2,101325,2500,7343,481,0xf,False,0x0
1784019849.044,703,703,144118,4,1,15,22,-16,972,-2,-3,-1,101325,2500,7343,508,0xf,False,0x0
1784019849.247,704,704,144320,4,1,-19,-58,-28,999,4,-1,-4,101325,2500,7343,488,0xf,False,0x0
1784019849.448,705,705,144522,4,1,-19,-6,-29,1039,1,1,5,101325,2500,7343,486,0xf,False,0x0
1784019849.649,706,706,144722,4,1,-17,21,38,988,-5,-2,5,101325,2500,7343,492,0xf,False,0x0
1784019849.879,707,707,144953,4,1,-17,-38,42,1034,-5,-2,-3,101325,2500,7343,483,0xf,False,0x0
1784019850.080,708,708,145153,4,1,-19,12,59,944,-4,-4,-4,101325,2500,7342,516,0xf,False,0x0
1784019850.282,709,709,145356,4,1,-6,59,-15,947,4,-4,-2,101325,2500,7342,513,0xf,False,0x0
1784019850.483,710,710,145557,4,1,8,-40,-39,1060,-1,-3,2,101325,2500,7342,509,0xf,False,0x0
1784019850.684,711,711,145757,4,1,15,-27,-33,1053,-1,0,-2,101325,2500,7342,488,0xf,False,0x0
1784019850.900,712,712,145974,4,1,4,10,20,1141,-4,0,-1,101325,2500,7342,485,0xf,False,0x0
1784019851.101,713,713,146174,4,1,-16,57,34,1048,3,1,4,101325,2500,7342,491,0xf,False,0x0
1784019851.305,714,714,146379,4,1,1,-10,11,1057,0,-3,-3,101325,2500,7342,502,0xf,False,0x0
1784019851.511,715,715,146584,4,1,8,-12,-40,961,2,3,-1,101325,2500,7342,516,0xf,False,0x0
1784019851.711,716,716,146785,4,1,-3,-1,-12,989,0,0,5,101325,2500,7342,505,0xf,False,0x0
1784019851.912,717,717,146985,4,1,-4,47,-34,983,2,-1,-2,101325,2500,7342,496,0xf,False,0x0
1784019852.112,718,718,147186,4,1,16,-60,-1,1048,-3,2,5,101325,2500,7342,488,0xf,False,0x0
1784019852.312,719,719,147386,4,1,12,34,8,1038,-1,2,3,101325,2500,7342,482,0xf,False,0x0
1784019852.513,720,720,147587,4,1,-18,58,14,1024,-2,3,5,101325,2500,7341,486,0xf,False,0x0
1784019852.714,721,721,147788,4,1,-13,32,29,924,3,3,3,101325,2500,7341,499,0xf,False,0x0
1784019852.920,722,722,147994,4,1,-4,-2,25,1106,-3,4,3,101325,2500,7341,507,0xf,False,0x0
1784019853.121,723,723,148194,4,1,8,47,-48,931,2,-4,2,101325,2500,7341,492,0xf,False,0x0
1784019853.338,724,724,148411,4,1,-3,-22,-9,1100,-5,2,-1,101325,2500,7341,488,0xf,False,0x0
1784019853.538,725,725,148612,4,1,4,27,-2,1158,3,-3,-1,101325,2500,7341,507,0xf,False,0x0
1784019853.939,727,727,149012,4,1,3,-37,47,941,-3,0,-5,101325,2500,7341,500,0xf,False,0x0
1784019854.139,728,728,149213,4,1,3,22,-59,1033,2,-2,4,101325,2500,7341,495,0xf,False,0x0
1784019854.365,729,729,149439,4,1,-1,44,32,1030,-4,-5,4,101325,2500,7341,486,0xf,False,0x0
1784019854.565,730,730,149639,4,1,-19,-29,5,1013,4,-3,-3,101325,2500,7341,519,0xf,False,0x0
1784019854.766,731,731,149839,4,1,-15,-23,-26,1103,2,3,1,101325,2500,7341,508,0xf,False,0x0
1784019854.966,732,732,150040,4,1,20,2,-44,1041,4,-4,4,101325,2500,7340,495,0xf,False,0x0
1784019855.167,733,733,150240,4,1,-5,43,-23,1047,-2,-5,1,101325,2500,7340,480,0xf,False,0x0
1784019855.409,734,734,150483,4,1,-6,42,-35,952,-3,1,1,101325,2500,7340,482,0xf,False,0x0
1784019855.610,735,735,150683,4,1,-11,35,16,1126,-4,1,0,101325,2500,7340,487,0xf,False,0x0
1784019855.813,736,736,150887,4,1,-10,-43,14,1035,-5,1,-2,101325,2500,7340,496,0xf,False,0x0
1784019856.014,737,737,151087,4,1,-2,32,23,984,5,1,-1,101325,2500,7340,488,0xf,False,0x0
1784019856.215,738,738,151289,4,1,15,18,-22,870,5,-3,-5,101325,2500,7340,520,0xf,False,0x0
1784019856.415,739,739,151489,4,1,4,-34,-31,876,-1,1,-5,101325,2500,7340,493,0xf,False,0x0
1784019856.616,740,740,151690,4,1,2,-8,39,1044,0,-1,1,101325,2500,7340,482,0xf,False,0x0
1784019856.817,741,741,151891,4,1,3,-59,-47,898,0,4,-3,101325,2500,7340,484,0xf,False,0x0
1784019857.018,742,742,152091,4,1,-15,22,38,1040,-3,4,4,101325,2500,7340,515,0xf,False,0x0
1784019857.423,744,744,152497,4,1,-11,-1,-5,1102,2,-5,-5,101325,2500,7340,513,0xf,False,0x0
1784019857.623,745,745,152697,4,1,15,54,-25,1062,3,5,-3,101325,2500,7339,485,0xf,False,0x0
1784019858.036,747,747,153110,4,1,17,32,-31,1129,2,2,-2,101325,2500,7339,490,0xf,False,0x0
1784019858.237,748,748,153311,4,1,-6,-36,-35,977,4,-1,3,101325,2500,7339,515,0xf,False,0x0
1784019858.438,749,749,153512,4,1,-9,-41,9,1002,-3,5,-5,101325,2500,7339,492,0xf,False,0x0
1784019858.639,750,750,153712,4,1,16,4,8,1093,-3,0,-4,101325,2500,7339,495,0xf,False,0x0
1784019858.841,751,751,153915,4,1,2,-42,-45,1043,-3,-2,-5,101325,2500,7339,481,0xf,False,0x0
1784019859.050,752,752,154124,4,1,3,26,-31,1154,-1,0,4,101325,2500,7339,507,0xf,False,0x0
1784019859.251,753,753,154325,4,1,2,57,1,930,-4,-1,1,101325,2500,7339,484,0xf,False,0x0
1784019859.451,754,754,154525,4,1,4,-12,17,874,4,1,-3,101325,2500,7339,506,0xf,False,0x0
1784019859.652,755,755,154725,4,1,-5,4,14,878,-5,0,-2,101325,2500,7339,485,0xf,False,0x0
1784019859.858,756,756,154932,4,1,-6,12,54,1085,-1,-4,-2,101325,2500,7339,487,0xf,False,0x0
1784019860.060,757,757,155133,4,1,9,48,48,938,1,2,-5,101325,2500,7338,483,0xf,False,0x0
1784019860.262,758,758,155335,4,1,13,3,39,941,-3,-3,-3,101325,2500,7338,482,0xf,False,0x0
1784019860.467,759,759,155541,4,1,-18,58,19,1057,-2,1,3,101325,2500,7338,498,0xf,False,0x0
1784019860.667,760,760,155741,4,1,-10,-3,-9,1051,0,-2,-4,101325,2500,7338,502,0xf,False,0x0
1784019860.868,761,761,155942,4,1,-7,35,-39,1102,3,2,2,101325,2500,7338,489,0xf,False,0x0
1784019861.069,762,762,156143,4,1,4,-39,38,1089,-1,5,4,101325,2500,7338,512,0xf,False,0x0
1784019861.269,763,763,156343,4,1,-2,36,-7,1053,-1,5,4,101325,2500,7338,490,0xf,False,0x0
1784019861.470,764,764,156544,4,1,-15,-35,-51,982,-1,1,0,101325,2500,7338,493,0xf,False,0x0
1784019861.670,765,765,156744,4,1,12,4,-3,1079,-1,3,5,101325,2500,7338,512,0xf,False,0x0
1784019861.874,766,766,156948,4,1,-7,-11,56,1072,-1,4,-5,101325,2500,7338,482,0xf,False,0x0
1784019862.075,767,767,157149,4,1,8,-60,9,1012,2,-1,5,101325,2500,7338,516,0xf,False,0x0
1784019862.277,768,768,157351,4,1,-1,-52,9,936,-5,5,-4,101325,2500,7338,517,0xf,False,0x0
1784019862.478,769,769,157552,4,1,-17,-26,52,960,-3,4,1,101325,2500,7337,489,0xf,False,0x0
1784019862.678,770,770,157752,4,1,3,-29,-36,1169,-2,5,1,101325,2500,7337,505,0xf,False,0x0
1784019862.898,771,771,157971,4,1,13,40,12,962,1,-1,5,101325,2500,7337,499,0xf,False,0x0
1784019863.098,772,772,158172,4,1,-3,-28,-51,904,-4,5,5,101325,2500,7337,509,0xf,False,0x0
1784019863.299,773,773,158373,4,1,-17,26,-24,970,-3,-3,2,101325,2500,7337,493,0xf,False,0x0
1784019863.500,774,774,158573,4,1,13,-54,-35,924,-2,-1,4,101325,2500,7337,493,0xf,False,0x0
1784019863.701,775,775,158775,4,1,-7,39,-49,886,-5,5,5,101325,2500,7337,520,0xf,False,0x0
1784019863.971,776,776,159045,4,1,-18,-8,-49,892,0,-1,0,101325,2500,7337,483,0xf,False,0x0
1784019864.171,777,777,159245,4,1,-15,-15,34,990,-2,-1,-2,101325,2500,7337,490,0xf,False,0x0
1784019864.384,778,778,159457,4,1,14,-51,-58,1099,-5,-2,0,101325,2500,7337,503,0xf,False,0x0
1784019864.584,779,779,159658,4,1,-18,-6,20,950,5,-1,3,101325,2500,7337,501,0xf,False,0x0
1784019864.784,780,780,159858,4,1,4,41,24,941,3,5,-5,101325,2500,7337,482,0xf,False,0x0
1784019864.985,781,781,160058,4,1,-8,-20,-57,884,-4,-5,2,101325,2500,7336,508,0xf,False,0x0
1784019865.185,782,782,160259,4,1,19,-36,-30,1020,-4,-5,4,101325,2500,7336,512,0xf,False,0x0
1784019865.444,783,783,160518,4,1,17,-54,-8,1118,0,0,4,101325,2500,7336,490,0xf,False,0x0
1784019865.646,784,784,160719,4,1,-19,-29,19,1080,-4,-3,5,101325,2500,7336,488,0xf,False,0x0
1784019865.849,785,785,160923,4,1,-4,47,49,1072,-5,2,-2,101325,2500,7336,512,0xf,False,0x0
1784019866.050,786,786,161123,4,1,14,22,39,918,-5,-4,1,101325,2500,7336,511,0xf,False,0x0
1784019866.251,787,787,161325,4,1,-14,30,-51,1077,4,2,-2,101325,2500,7336,482,0xf,False,0x0
1784019866.452,788,788,161526,4,1,7,-38,-39,1032,-1,-4,0,101325,2500,7336,485,0xf,False,0x0
1784019866.652,789,789,161726,4,1,1,-48,-19,1113,-2,0,-4,101325,2500,7336,491,0xf,False,0x0
1784019866.853,790,790,161927,4,1,-19,26,50,904,4,-5,-4,101325,2500,7336,520,0xf,False,0x0
1784019867.054,791,791,162128,4,1,10,-32,22,1109,1,-4,2,101325,2500,7336,519,0xf,False,0x0
1784019867.255,792,792,162328,4,1,-7,4,-54,962,5,5,2,101325,2500,7336,497,0xf,False,0x0
1784019867.455,793,793,162529,4,1,8,7,43,977,0,-5,-3,101325,2500,7335,491,0xf,False,0x0
1784019867.656,794,794,162730,4,1,0,-18,9,1014,-2,-3,-5,101325,2500,7335,498,0xf,False,0x0
1784019867.891,795,795,162964,4,1,-10,-7,-49,871,3,-2,-1,101325,2500,7335,516,0xf,False,0x0
1784019868.094,796,796,163168,4,1,-8,-59,-59,1034,2,-5,-2,101325,2500,7335,485,0xf,False,0x0
1784019868.295,797,797,163369,4,1,-11,55,17,965,2,3,-1,101325,2500,7335,519,0xf,False,0x0
1784019868.496,798,798,163570,4,1,18,31,32,1055,-5,-2,-2,101325,2500,7335,489,0xf,False,0x0
1784019868.697,799,799,163771,4,1,20,-51,45,1047,1,5,-3,101325,2500,7335,498,0xf,False,0x0
1784019868.904,800,800,163978,4,1,-2,26,45,915,-3,-5,1,101325,2500,7335,517,0xf,False,0x0
1784019869.105,801,801,164179,4,1,-1,-37,27,913,4,4,2,101325,2500,7335,513,0xf,False,0x0
1784019869.308,802,802,164382,4,1,17,8,-29,977,3,4,-5,101325,2500,7335,510,0xf,False,0x0
1784019869.510,803,803,164583,4,1,-14,5,10,1015,3,4,5,101325,2500,7335,517,0xf,False,0x0
1784019869.711,804,804,164784,4,1,9,51,4,868,-2,2,3,101325,2500,7335,512,0xf,False,0x0
1784019869.939,805,805,165013,4,1,-20,33,31,988,2,-5,4,101325,2500,7334,485,0xf,False,0x0
1784019870.141,806,806,165215,4,1,-1,52,46,898,5,0,4,101325,2500,7334,487,0xf,False,0x0
1784019870.346,807,807,165420,4,1,-6,-18,37,892,-1,-5,-2,101325,2500,7334,501,0xf,False,0x0
1784019870.548,808,808,165621,4,1,20,-56,36,1002,3,-5,4,101325,2500,7334,508,0xf,False,0x0
1784019870.748,809,809,165822,4,1,-13,-60,-54,938,-1,0,2,101325,2500,7334,480,0xf,False,0x0
1784019871.150,811,811,166223,4,1,10,-18,29,891,-3,-3,-5,101325,2500,7334,519,0xf,False,0x0
1784019871.360,812,812,166434,4,1,19,7,58,924,3,-5,-1,101325,2500,7334,507,0xf,False,0x0
1784019871.561,813,813,166635,4,1,-5,-23,-4,1038,3,1,0,101325,2500,7334,481,0xf,False,0x0
1784019871.762,814,814,166835,4,1,-20,41,-31,954,1,-1,-5,101325,2500,7334,515,0xf,False,0x0
1784019871.962,815,815,167036,4,1,-1,-15,20,1139,3,0,4,101325,2500,7334,503,0xf,False,0x0
1784019872.163,816,816,167237,4,1,19,57,-29,980,1,-5,-3,101325,2500,7334,481,0xf,False,0x0
1784019872.365,817,817,167439,4,1,-12,46,-42,1008,0,-3,4,101325,2500,7334,489,0xf,False,0x0
1784019872.568,818,818,167642,4,1,8,-52,-1,1035,0,1,1,101325,2500,7333,485,0xf,False,0x0
1784019872.769,819,819,167842,4,1,-10,-1,-47,992,-3,-4,3,101325,2500,7333,517,0xf,False,0x0
1784019872.969,820,820,168043,4,1,-16,54,-15,943,-3,-4,5,101325,2500,7333,502,0xf,False,0x0
1784019873.170,821,821,168244,4,1,-20,-44,-14,1008,5,-2,-1,101325,2500,7333,480,0xf,False,0x0
1784019873.414,822,822,168488,4,1,3,46,-29,1020,4,-1,1,101325,2500,7333,505,0xf,False,0x0
1784019873.615,823,823,168688,4,1,0,12,-33,1086,-1,4,-4,101325,2500,7333,512,0xf,False,0x0
1784019873.826,824,824,168900,4,1,20,54,36,919,-3,3,-3,101325,2500,7333,507,0xf,False,0x0
1784019874.027,825,825,169100,4,1,4,60,-22,1017,4,0,2,101325,2500,7333,483,0xf,False,0x0
1784019874.229,826,826,169302,4,1,-15,-40,-43,1014,3,2,-1,101325,2500,7333,482,0xf,False,0x0
1784019874.433,827,827,169506,4,1,-12,5,25,1049,1,-4,-4,101325,2500,7333,495,0xf,False,0x0
1784019874.633,828,828,169707,4,1,7,22,-20,977,4,4,-4,101325,2500,7333,514,0xf,False,0x0
1784019874.836,829,829,169910,4,1,11,-30,15,993,-1,-5,1,101325,2500,7333,515,0xf,False,0x0
1784019875.237,831,831,170311,4,1,-17,-45,39,1084,2,-5,5,101325,2500,7332,480,0xf,False,0x0
1784019875.438,832,832,170511,4,1,8,4,-4,953,-3,-1,-3,101325,2500,7332,510,0xf,False,0x0
1784019875.842,834,834,170916,4,1,-8,-8,49,1026,1,3,4,101325,2500,7332,505,0xf,False,0x0
1784019876.043,835,835,171116,4,1,-10,-52,54,1087,3,-2,-2,101325,2500,7332,497,0xf,False,0x0
1784019876.243,836,836,171317,4,1,-14,-1,8,928,-4,-5,2,101325,2500,7332,499,0xf,False,0x0
1784019876.444,837,837,171518,4,1,-6,18,12,1122,-2,2,2,101325,2500,7332,501,0xf,False,0x0
1784019876.644,838,838,171718,4,1,-4,-26,-30,1001,-2,-5,-2,101325,2500,7332,515,0xf,False,0x0
1784019876.851,839,839,171925,4,1,-4,25,-14,951,3,4,-1,101325,2500,7332,497,0xf,False,0x0
1784019877.052,840,840,172126,4,1,1,-2,49,977,-4,-5,3,101325,2500,7332,496,0xf,False,0x0
1784019877.253,841,841,172326,4,1,20,-57,27,911,1,-3,1,101325,2500,7332,496,0xf,False,0x0
1784019877.654,843,843,172727,4,1,17,47,0,916,1,-3,4,101325,2500,7331,484,0xf,False,0x0
1784019877.867,844,844,172941,4,1,4,-50,40,1090,1,-4,-1,101325,2500,7331,510,0xf,False,0x0
1784019878.068,845,845,173142,4,1,7,20,-44,1068,4,1,5,101325,2500,7331,509,0xf,False,0x0
1784019878.269,846,846,173343,4,1,6,59,25,1047,5,5,2,101325,2500,7331,518,0xf,False,0x0
1784019878.470,847,847,173544,4,1,12,31,-57,895,3,3,0,101325,2500,7331,511,0xf,False,0x0
1784019878.670,848,848,173744,4,1,-16,-6,-2,1124,-4,-2,-4,101325,2500,7331,487,0xf,False,0x0
1784019878.877,849,849,173950,4,1,-7,29,21,1043,2,4,3,101325,2500,7331,497,0xf,False,0x0
1784019879.077,850,850,174151,4,1,-5,0,-40,954,-1,-5,4,101325,2500,7331,513,0xf,False,0x0
1784019879.278,851,851,174352,4,1,3,-58,15,972,-5,-2,-1,101325,2500,7331,516,0xf,False,0x0
1784019879.679,853,853,174752,4,1,-16,-54,59,932,-2,4,2,101325,2500,7331,493,0xf,False,0x0
1784019879.888,854,854,174962,4,1,4,27,-24,871,-5,4,-1,101325,2500,7331,498,0xf,False,0x0
1784019880.089,855,855,175162,4,1,-8,49,-22,1045,-5,-4,-5,101325,2500,7330,514,0xf,False,0x0
1784019880.289,856,856,175363,4,1,-3,-33,30,980,2,-5,2,101325,2500,7330,518,0xf,False,0x0
1784019880.489,857,857,175563,4,1,-15,44,-43,906,1,5,0,101325,2500,7330,493,0xf,False,0x0
1784019880.690,858,858,175764,4,1,-6,38,25,1067,-5,-5,-1,101325,2500,7330,490,0xf,False,0x0
1784019880.892,859,859,175965,4,1,11,41,-50,1048,0,-1,-1,101325,2500,7330,512,0xf,False,0x0
1784019881.092,860,860,176166,4,1,-9,-25,8,947,1,5,3,101325,2500,7330,516,0xf,False,0x0
1784019881.293,861,861,176367,4,1,-11,-2,44,1046,1,-1,0,101325,2500,7330,497,0xf,False,0x0
1784019881.494,862,862,176567,4,1,18,35,38,1130,-1,-1,-5,101325,2500,7330,492,0xf,False,0x0
1784019881.694,863,863,176768,4,1,-16,-7,-30,1138,-3,-4,-2,101325,2500,7330,480,0xf,False,0x0
1784019881.895,864,864,176969,4,1,-18,-47,14,916,2,-1,0,101325,2500,7330,512,0xf,False,0x0
1784019882.095,865,865,177169,4,1,1,-44,56,989,-1,0,-1,101325,2500,7330,514,0xf,False,0x0
1784019882.298,866,866,177372,4,1,-2,55,53,1087,1,4,-3,101325,2500,7330,492,0xf,False,0x0
1784019882.498,867,867,177572,4,1,-12,36,39,924,1,-1,-5,101325,2500,7329,498,0xf,False,0x0
1784019882.699,868,868,177773,4,1,-16,-48,39,948,4,-5,0,101325,2500,7329,481,0xf,False,0x0
1784019882.900,869,869,177973,4,1,-9,-33,53,915,5,-3,-1,101325,2500,7329,497,0xf,False,0x0
1784019883.301,871,871,178375,4,1,-20,-13,23,847,2,-3,-3,101325,2500,7329,489,0xf,False,0x0
1784019883.502,872,872,178575,4,1,15,48,-4,1125,1,4,0,101325,2500,7329,480,0xf,False,0x0
1784019883.924,874,874,178998,4,1,-16,-24,-26,951,0,1,-5,101325,2500,7329,497,0xf,False,0x0
1784019884.124,875,875,179198,4,1,16,13,-35,1058,-2,-3,5,101325,2500,7329,516,0xf,False,0x0
1784019884.325,876,876,179399,4,1,9,27,43,973,4,0,-2,101325,2500,7329,481,0xf,False,0x0
1784019884.525,877,877,179599,4,1,13,6,45,999,-2,2,4,101325,2500,7329,511,0xf,False,0x0
1784019884.727,878,878,179801,4,1,10,9,11,926,-4,-2,-5,101325,2500,7329,483,0xf,False,0x0
1784019884.928,879,879,180001,4,1,19,59,-7,938,-2,-2,4,101325,2500,7328,505,0xf,False,0x0
1784019885.128,880,880,180202,4,1,-12,-28,39,1089,-1,-4,-4,101325,2500,7328,485,0xf,False,0x0
1784019885.340,881,881,180414,4,1,1,37,16,995,5,-3,4,101325,2500,7328,502,0xf,False,0x0
1784019885.540,882,882,180614,4,1,1,48,40,1051,-3,3,4,101325,2500,7328,490,0xf,False,0x0
1784019885.741,883,883,180814,4,1,-18,46,16,883,2,0,0,101325,2500,7328,512,0xf,False,0x0
1784019885.941,884,884,181015,4,1,1,-10,-48,1143,5,2,2,101325,2500,7328,520,0xf,False,0x0
1784019886.141,885,885,181215,4,1,-19,-1,-21,948,1,2,3,101325,2500,7328,500,0xf,False,0x0
1784019886.350,886,886,181423,4,1,-4,-34,-51,1114,3,4,0,101325,2500,7328,503,0xf,False,0x0
1784019886.552,887,887,181624,4,1,0,-41,17,985,5,-4,0,101325,2500,7328,486,0xf,False,0x0
1784019886.753,888,888,181826,4,1,-5,-27,31,1046,3,4,-4,101325,2500,7328,482,0xf,False,0x0
1784019886.953,889,889,182027,4,1,-9,-50,-49,936,0,5,5,101325,2500,7328,511,0xf,False,0x0
1784019887.154,890,890,182228,4,1,6,46,-40,935,-3,-2,4,101325,2500,7328,491,0xf,False,0x0
1784019887.355,891,891,182429,4,1,4,-60,-27,1159,-5,5,1,101325,2500,7328,505,0xf,False,0x0
1784019887.556,892,892,182630,4,1,-12,37,-44,1043,-2,4,4,101325,2500,7327,517,0xf,False,0x0
1784019887.757,893,893,182831,4,1,20,-15,-4,1021,-1,-2,4,101325,2500,7327,509,0xf,False,0x0
1784019887.957,894,894,183031,4,1,-19,8,-34,1029,-2,4,4,101325,2500,7327,487,0xf,False,0x0
1784019888.157,895,895,183231,4,1,3,-45,-32,1134,-3,-2,3,101325,2500,7327,516,0xf,False,0x0
1784019888.403,896,896,183477,4,1,20,22,8,1046,2,-1,1,101325,2500,7327,483,0xf,False,0x0
1784019888.603,897,897,183677,4,1,3,-35,29,1021,2,4,-2,101325,2500,7327,485,0xf,False,0x0
1784019888.805,898,898,183879,4,1,5,56,22,1078,-4,-1,3,101325,2500,7327,492,0xf,False,0x0
1784019889.006,899,899,184080,4,1,6,17,26,943,-1,-1,-2,101325,2500,7327,509,0xf,False,0x0
1784019889.442,901,901,184515,4,1,18,23,-29,969,0,3,2,101325,2500,7327,516,0xf,False,0x0
1784019889.642,902,902,184716,4,1,13,57,22,1021,-1,-2,2,101325,2500,7327,496,0xf,False,0x0
1784019889.846,903,903,184920,4,1,-18,-33,54,966,4,-4,4,101325,2500,7327,492,0xf,False,0x0
1784019890.046,904,904,185120,4,1,-18,-47,6,993,4,0,-4,101325,2500,7326,518,0xf,False,0x0
1784019890.247,905,905,185320,4,1,4,15,-60,974,5,-1,3,101325,2500,7326,484,0xf,False,0x0
1784019890.447,906,906,185521,4,1,9,-49,-48,1120,0,1,5,101325,2500,7326,503,0xf,False,0x0
1784019890.648,907,907,185721,4,1,0,-23,7,997,3,2,2,101325,2500,7326,507,0xf,False,0x0
1784019890.855,908,908,185929,4,1,-5,-59,-23,1064,-3,-3,3,101325,2500,7326,483,0xf,False,0x0
1784019891.056,909,909,186129,4,1,-20,-18,14,1009,-5,3,4,101325,2500,7326,485,0xf,False,0x0
1784019891.257,910,910,186331,4,1,-11,-48,-29,866,2,3,5,101325,2500,7326,492,0xf,False,0x0
1784019891.457,911,911,186531,4,1,10,6,-48,927,-4,0,0,101325,2500,7326,494,0xf,False,0x0
1784019891.657,912,912,186731,4,1,-10,-12,-36,947,3,-5,3,101325,2500,7326,497,0xf,False,0x0
1784019891.865,913,913,186939,4,1,13,21,23,1166,-3,3,-3,101325,2500,7326,514,0xf,False,0x0
1784019892.066,914,914,187139,4,1,-6,4,27,968,2,4,2,101325,2500,7326,504,0xf,False,0x0
1784019892.267,915,915,187341,4,1,-3,39,54,1034,4,0,-4,101325,2500,7326,483,0xf,False,0x0
1784019892.467,916,916,187541,4,1,7,-2,-43,1002,2,2,-2,101325,2500,7325,520,0xf,False,0x0
1784019892.668,917,917,187742,4,1,9,26,-53,979,5,2,1,101325,2500,7325,482,0xf,False,0x0
1784019892.880,918,918,187954,4,1,-14,-17,-57,1104,2,5,0,101325,2500,7325,500,0xf,False,0x0
1784019893.080,919,919,188154,4,1,-12,-19,55,903,-4,2,2,101325,2500,7325,508,0xf,False,0x0
1784019893.281,920,920,188355,4,1,20,25,-16,977,3,4,-1,101325,2500,7325,489,0xf,False,0x0
1784019893.481,921,921,188555,4,1,13,40,-51,969,-1,-4,-2,101325,2500,7325,497,0xf,False,0x0
1784019893.682,922,922,188756,4,1,-10,-2,9,1022,-3,-2,-2,101325,2500,7325,487,0xf,False,0x0
1784019893.901,923,923,188975,4,1,-14,33,58,1051,-1,2,0,101325,2500,7325,510,0xf,False,0x0
1784019894.304,925,925,189378,4,1,15,-3,-30,972,2,0,3,101325,2500,7325,483,0xf,False,0x0
1784019894.504,926,926,189578,4,1,20,9,10,951,-1,3,-2,101325,2500,7325,503,0xf,False,0x0
1784019894.705,927,927,189779,4,1,-16,-54,48,1050,-3,4,3,101325,2500,7325,511,0xf,False,0x0
1784019894.958,928,928,190032,4,1,7,12,-11,1053,4,0,-4,101325,2500,7324,491,0xf,False,0x0
1784019895.158,929,929,190232,4,1,-5,28,-60,978,4,5,0,101325,2500,7324,488,0xf,False,0x0
1784019895.363,930,930,190437,4,1,-17,-2,6,901,-2,3,4,101325,2500,7324,498,0xf,False,0x0
1784019895.564,931,931,190637,4,1,-2,-48,-24,959,-4,-5,0,101325,2500,7324,500,0xf,False,0x0
1784019895.768,932,932,190841,4,1,14,-41,44,891,-3,-1,5,101325,2500,7324,513,0xf,False,0x0
1784019895.968,933,933,191042,4,1,16,-25,30,918,-5,-4,2,101325,2500,7324,493,0xf,False,0x0
1784019896.169,934,934,191243,4,1,-15,23,8,1024,2,-1,0,101325,2500,7324,510,0xf,False,0x0
1784019896.373,935,935,191447,4,1,-11,-45,-29,892,-2,-4,5,101325,2500,7324,509,0xf,False,0x0
1784019896.574,936,936,191648,4,1,17,11,36,926,-3,-4,0,101325,2500,7324,498,0xf,False,0x0
1784019896.774,937,937,191848,4,1,-17,-1,-50,1059,0,2,-1,101325,2500,7324,489,0xf,False,0x0
1784019896.975,938,938,192048,4,1,6,-30,-9,971,4,-5,2,101325,2500,7324,505,0xf,False,0x0
1784019897.175,939,939,192249,4,1,16,36,37,1029,-2,-3,-4,101325,2500,7324,514,0xf,False,0x0
1784019897.414,940,940,192487,4,1,-9,-45,34,1043,-5,-3,-2,101325,2500,7324,494,0xf,False,0x0
1784019897.614,941,941,192688,4,1,-16,33,-9,1006,5,-4,-5,101325,2500,7323,498,0xf,False,0x0
1784019897.818,942,942,192892,4,1,13,27,-12,1029,-3,4,-2,101325,2500,7323,502,0xf,False,0x0
1784019898.019,943,943,193092,4,1,19,-4,-18,979,-4,2,-5,101325,2500,7323,501,0xf,False,0x0
1784019898.219,944,944,193293,4,1,19,16,26,909,0,2,4,101325,2500,7323,487,0xf,False,0x0
1784019898.422,945,945,193496,4,1,-16,10,47,1035,-4,1,0,101325,2500,7323,502,0xf,False,0x0
1784019898.624,946,946,193697,4,1,20,-7,37,1092,4,5,-1,101325,2500,7323,486,0xf,False,0x0
1784019898.839,947,947,193912,4,1,1,7,57,964,-4,-2,5,101325,2500,7323,516,0xf,False,0x0
1784019899.039,948,948,194112,4,1,1,51,32,1093,5,3,4,101325,2500,7323,493,0xf,False,0x0
1784019899.239,949,949,194313,4,1,-3,60,35,925,0,-3,-5,101325,2500,7323,511,0xf,False,0x0
1784019899.439,950,950,194513,4,1,-5,31,-31,1066,4,5,4,101325,2500,7323,496,0xf,False,0x0
1784019899.640,951,951,194714,4,1,-7,-40,30,872,-4,5,0,101325,2500,7323,517,0xf,False,0x0
1784019899.852,952,952,194926,4,1,3,-49,-57,1081,2,-3,3,101325,2500,7323,518,0xf,False,0x0
1784019900.053,953,953,195126,4,1,-9,44,41,1039,-2,1,4,101325,2500,7322,514,0xf,False,0x0
1784019900.254,954,954,195328,4,1,5,37,49,1072,-3,-2,5,101325,2500,7322,511,0xf,False,0x0
1784019900.456,955,955,195530,4,1,18,-11,32,1099,2,2,0,101325,2500,7322,519,0xf,False,0x0
1784019900.657,956,956,195730,4,1,-8,37,58,1149,2,4,4,101325,2500,7322,516,0xf,False,0x0
1784019900.893,957,957,195966,4,1,-18,54,45,984,-4,-4,0,101325,2500,7322,519,0xf,False,0x0
1784019901.093,958,958,196167,4,1,-1,-40,46,1016,-2,1,0,101325,2500,7322,516,0xf,False,0x0
1784019901.294,959,959,196368,4,1,1,54,43,1033,0,1,4,101325,2500,7322,483,0xf,False,0x0
1784019901.500,960,960,196574,4,1,-7,-48,-27,1116,5,-5,4,101325,2500,7322,501,0xf,False,0x0
1784019901.701,961,961,196775,4,1,1,21,-4,1084,-1,5,4,101325,2500,7322,480,0xf,False,0x0
1784019901.904,962,962,196977,4,1,-1,-28,48,1004,1,3,4,101325,2500,7322,483,0xf,False,0x0
1784019902.104,963,963,197178,4,1,10,-35,-43,1033,5,-5,-1,101325,2500,7322,492,0xf,False,0x0
1784019902.316,964,964,197389,4,1,-14,10,18,924,-2,-1,-2,101325,2500,7322,490,0xf,False,0x0
1784019902.516,965,965,197590,4,1,9,-54,-41,945,4,-5,4,101325,2500,7321,504,0xf,False,0x0
1784019902.716,966,966,197790,4,1,-14,-53,7,890,0,0,1,101325,2500,7321,520,0xf,False,0x0
1784019902.917,967,967,197990,4,1,-16,-7,38,1039,1,0,5,101325,2500,7321,506,0xf,False,0x0
1784019903.117,968,968,198191,4,1,-15,10,52,1010,-1,3,2,101325,2500,7321,491,0xf,False,0x0
1784019903.521,970,970,198595,4,1,-4,41,7,981,-5,-5,0,101325,2500,7321,496,0xf,False,0x0
1784019903.722,971,971,198796,4,1,10,53,-19,1013,-3,0,-5,101325,2500,7321,507,0xf,False,0x0
1784019903.966,972,972,199040,4,1,7,37,-4,1104,-4,-1,-2,101325,2500,7321,502,0xf,False,0x0
1784019904.167,973,973,199241,4,1,18,14,-45,945,1,3,-3,101325,2500,7321,493,0xf,False,0x0
1784019904.376,974,974,199449,4,1,4,-3,30,1165,-3,1,-3,101325,2500,7321,489,0xf,False,0x0
1784019904.576,975,975,199650,4,1,-9,15,1,909,1,-3,-2,101325,2500,7321,497,0xf,False,0x0
1784019904.777,976,976,199851,4,1,10,-53,23,970,5,3,-2,101325,2500,7321,489,0xf,False,0x0
1784019904.977,977,977,200051,4,1,-10,-26,56,1099,0,-2,-3,101325,2500,7320,481,0xf,False,0x0
1784019905.178,978,978,200251,4,1,6,-44,43,981,-4,4,1,101325,2500,7320,492,0xf,False,0x0
1784019905.383,979,979,200457,4,1,9,1,-56,985,-1,2,5,101325,2500,7320,490,0xf,False,0x0
1784019905.584,980,980,200658,4,1,-12,-35,-7,1058,-3,0,4,101325,2500,7320,480,0xf,False,0x0
1784019905.785,981,981,200858,4,1,-17,18,28,927,5,3,-4,101325,2500,7320,490,0xf,False,0x0
1784019905.985,982,982,201059,4,1,17,-50,-14,980,4,-1,-2,101325,2500,7320,482,0xf,False,0x0
1784019906.185,983,983,201259,4,1,9,-16,-7,996,-5,-4,-1,101325,2500,7320,513,0xf,False,0x0
1784019906.386,984,984,201460,4,1,-17,-37,34,895,1,-2,-3,101325,2500,7320,492,0xf,False,0x0
1784019906.586,985,985,201660,4,1,8,0,54,1061,1,0,-3,101325,2500,7320,488,0xf,False,0x0
1784019906.787,986,986,201861,4,1,10,-52,54,1060,2,-1,-2,101325,2500,7320,484,0xf,False,0x0
1784019906.987,987,987,202061,4,1,15,53,-45,987,1,-3,2,101325,2500,7320,503,0xf,False,0x0
1784019907.188,988,988,202262,4,1,-10,-48,18,1002,5,5,-2,101325,2500,7320,511,0xf,False,0x0
1784019907.415,989,989,202489,4,1,19,3,22,888,4,-2,-1,101325,2500,7320,489,0xf,False,0x0
1784019907.616,990,990,202689,4,1,-10,29,-5,1120,0,3,4,101325,2500,7319,490,0xf,False,0x0
1784019907.816,991,991,202890,4,1,-3,-4,7,967,4,2,4,101325,2500,7319,493,0xf,False,0x0
1784019908.018,992,992,203092,4,1,6,-48,55,903,0,-4,2,101325,2500,7319,507,0xf,False,0x0
1784019908.219,993,993,203292,4,1,19,-9,28,977,-1,-1,-1,101325,2500,7319,490,0xf,False,0x0
1784019908.637,995,995,203711,4,1,0,-40,-49,912,-1,-2,-1,101325,2500,7319,502,0xf,False,0x0
1784019908.846,996,996,203920,4,1,10,58,59,1008,5,5,5,101325,2500,7319,498,0xf,False,0x0
1784019909.046,997,997,204120,4,1,10,-41,-51,1006,-1,2,3,101325,2500,7319,494,0xf,False,0x0
1784019909.248,998,998,204322,4,1,17,-28,-60,894,4,-1,2,101325,2500,7319,480,0xf,False,0x0
1784019909.649,1000,1000,204723,4,1,9,-17,-44,970,3,5,-2,101325,2500,7319,505,0xf,False,0x0
1784019909.856,1001,1001,204930,4,1,11,-31,-34,1071,3,-5,5,101325,2500,7319,513,0xf,False,0x0
1784019910.070,1002,1002,205144,4,1,-18,-43,-44,945,-4,5,0,101325,2500,7318,480,0xf,False,0x0
1784019910.271,1003,1003,205344,4,1,6,-25,19,1059,2,2,0,101325,2500,7318,506,0xf,False,0x0
1784019910.471,1004,1004,205545,4,1,-4,24,-11,947,-2,-4,-4,101325,2500,7318,501,0xf,False,0x0
1784019910.672,1005,1005,205746,4,1,-1,-21,17,921,-4,-2,-1,101325,2500,7318,484,0xf,False,0x0
1784019910.921,1006,1006,205995,4,1,8,-11,22,943,-1,-4,-1,101325,2500,7318,503,0xf,False,0x0
1784019911.122,1007,1007,206196,4,1,13,-41,-18,957,5,3,1,101325,2500,7318,485,0xf,False,0x0
1784019911.323,1008,1008,206397,4,1,-6,60,40,943,-1,-5,-1,101325,2500,7318,518,0xf,False,0x0
1784019911.523,1009,1009,206597,4,1,4,53,-32,1114,-2,3,0,101325,2500,7318,483,0xf,False,0x0
1784019911.723,1010,1010,206797,4,1,7,-36,26,978,-1,4,-2,101325,2500,7318,482,0xf,False,0x0
1784019911.950,1011,1011,207024,4,1,-6,11,-33,1011,-3,-1,-2,101325,2500,7318,514,0xf,False,0x0
1784019912.151,1012,1012,207224,4,1,-12,38,14,952,5,-3,4,101325,2500,7318,509,0xf,False,0x0
1784019912.357,1013,1013,207431,4,1,4,17,31,1072,1,5,4,101325,2500,7318,518,0xf,False,0x0
1784019912.558,1014,1014,207632,4,1,3,-28,15,1094,-1,3,2,101325,2500,7317,515,0xf,False,0x0
1784019912.758,1015,1015,207832,4,1,14,16,-10,1001,-5,0,4,101325,2500,7317,515,0xf,False,0x0
1784019912.959,1016,1016,208032,4,1,-8,-26,55,948,3,0,2,101325,2500,7317,482,0xf,False,0x0
1784019913.160,1017,1017,208233,4,1,10,-26,-37,1045,0,4,-1,101325,2500,7317,518,0xf,False,0x0
1784019913.364,1018,1018,208438,4,1,17,-28,-37,940,-3,-4,-5,101325,2500,7317,503,0xf,False,0x0
1784019913.565,1019,1019,208638,4,1,14,5,-32,1020,-1,-3,-1,101325,2500,7317,499,0xf,False,0x0
1784019913.965,1021,1021,209039,4,1,-6,47,18,1077,3,4,-5,101325,2500,7317,491,0xf,False,0x0
1784019914.166,1022,1022,209240,4,1,12,-29,15,1053,2,-3,5,101325,2500,7317,482,0xf,False,0x0
1784019914.368,1023,1023,209442,4,1,-1,-30,-21,945,2,-1,-3,101325,2500,7317,513,0xf,False,0x0
1784019914.569,1024,1024,209643,4,1,17,45,-50,951,-1,-2,3,101325,2500,7317,496,0xf,False,0x0
1784019914.770,1025,1025,209844,4,1,-15,11,-45,942,-2,-3,3,101325,2500,7317,482,0xf,False,0x0
1784019914.981,1026,1026,210044,4,1,20,28,43,884,-5,3,2,101325,2500,7316,509,0xf,False,0x0
1784019915.181,1027,1027,210255,4,1,-10,12,38,1069,1,3,-1,101325,2500,7316,510,0xf,False,0x0
1784019915.418,1028,1028,210492,4,1,12,-7,-52,1031,-3,-3,-5,101325,2500,7316,493,0xf,False,0x0
1784019915.618,1029,1029,210692,4,1,1,-4,47,1042,2,2,4,101325,2500,7316,505,0xf,False,0x0
1784019915.839,1030,1030,210913,4,1,4,-4,52,977,1,-3,-4,101325,2500,7316,490,0xf,False,0x0
1784019916.040,1031,1031,211114,4,1,0,25,49,1003,-1,0,-1,101325,2500,7316,511,0xf,False,0x0
1784019916.241,1032,1032,211314,4,1,18,2,24,1052,0,-5,-2,101325,2500,7316,490,0xf,False,0x0
1784019916.443,1033,1033,211516,4,1,-6,38,-19,959,4,1,-3,101325,2500,7316,515,0xf,False,0x0
1784019916.644,1034,1034,211718,4,1,-8,25,-38,951,1,-5,0,101325,2500,7316,504,0xf,False,0x0
1784019916.848,1035,1035,211921,4,1,-12,5,24,1136,0,-4,2,101325,2500,7316,489,0xf,False,0x0
1784019917.048,1036,1036,212122,4,1,7,-42,13,993,5,-2,2,101325,2500,7316,511,0xf,False,0x0
1784019917.249,1037,1037,212322,4,1,-17,46,21,1104,2,-3,3,101325,2500,7316,490,0xf,False,0x0
1784019917.449,1038,1038,212523,4,1,-4,-6,-14,965,0,5,-4,101325,2500,7315,516,0xf,False,0x0
1784019917.650,1039,1039,212723,4,1,19,50,47,1079,3,1,5,101325,2500,7315,507,0xf,False,0x0
1784019918.063,1041,1041,213136,4,1,-10,40,-54,1072,5,-2,-5,101325,2500,7315,515,0xf,False,0x0
1784019918.265,1042,1042,213339,4,1,13,23,-40,935,-4,2,-4,101325,2500,7315,510,0xf,False,0x0
1784019918.466,1043,1043,213539,4,1,18,32,17,911,3,-2,0,101325,2500,7315,496,0xf,False,0x0
1784019918.666,1044,1044,213740,4,1,0,51,1,1033,-2,-1,-4,101325,2500,7315,515,0xf,False,0x0
1784019918.868,1045,1045,213942,4,1,-15,25,3,940,-5,-5,0,101325,2500,7315,481,0xf,False,0x0
1784019919.069,1046,1046,214142,4,1,-18,-29,-46,950,-4,1,1,101325,2500,7315,515,0xf,False,0x0
1784019919.277,1047,1047,214350,4,1,1,59,-7,909,-5,-3,-1,101325,2500,7315,484,0xf,False,0x0
1784019919.477,1048,1048,214551,4,1,3,-40,-9,1075,1,-1,-2,101325,2500,7315,495,0xf,False,0x0
1784019919.677,1049,1049,214751,4,1,-10,49,-20,938,2,-2,-1,101325,2500,7315,518,0xf,False,0x0
1784019919.880,1050,1050,214954,4,1,-14,-57,42,937,1,4,5,101325,2500,7315,513,0xf,False,0x0
1784019920.080,1051,1051,215154,4,1,7,-25,-45,950,2,0,3,101325,2500,7314,504,0xf,False,0x0
1784019920.482,1053,1053,215555,4,1,8,-52,7,1120,0,-5,-2,101325,2500,7314,496,0xf,False,0x0
1784019920.682,1054,1054,215756,4,1,0,-43,-12,1032,-2,3,-5,101325,2500,7314,483,0xf,False,0x0
1784019920.898,1055,1055,215971,4,1,3,19,43,920,-5,-5,1,101325,2500,7314,516,0xf,False,0x0
1784019921.098,1056,1056,216172,4,1,-11,3,-60,975,-5,3,1,101325,2500,7314,503,0xf,False,0x0
1784019921.299,1057,1057,216373,4,1,-10,31,19,981,3,-4,-3,101325,2500,7314,513,0xf,False,0x0
1784019921.500,1058,1058,216574,4,1,-11,24,24,986,3,4,3,101325,2500,7314,481,0xf,False,0x0
1784019921.700,1059,1059,216774,4,1,16,30,-32,1117,-2,-3,4,101325,2500,7314,507,0xf,False,0x0
1784019921.902,1060,1060,216975,4,1,18,38,60,1011,-1,5,-1,101325,2500,7314,495,0xf,False,0x0
1784019922.105,1061,1061,217178,4,1,-13,52,1,1056,1,-1,-1,101325,2500,7314,490,0xf,False,0x0
1784019922.306,1062,1062,217380,4,1,-2,-56,-3,962,-4,5,-5,101325,2500,7314,504,0xf,False,0x0
1784019922.507,1063,1063,217580,4,1,7,28,21,1106,3,-4,0,101325,2500,7313,492,0xf,False,0x0
1784019922.707,1064,1064,217781,4,1,15,-46,-23,1036,3,-2,4,101325,2500,7313,510,0xf,False,0x0
1784019923.137,1066,1066,218210,4,1,-9,56,-14,926,-5,4,-2,101325,2500,7313,499,0xf,False,0x0
1784019923.391,1067,1067,218465,4,1,-12,38,-7,917,1,3,-3,101325,2500,7313,503,0xf,False,0x0
1784019923.591,1068,1068,218665,4,1,12,-10,30,1046,-1,-5,-1,101325,2500,7313,497,0xf,False,0x0
1784019923.792,1069,1069,218866,4,1,1,-48,-30,943,-5,4,-3,101325,2500,7313,491,0xf,False,0x0
1784019924.193,1071,1071,219267,4,1,-10,31,-43,880,4,2,0,101325,2500,7313,499,0xf,False,0x0
1784019924.418,1072,1072,219492,4,1,-18,37,21,1052,2,-4,-3,101325,2500,7313,502,0xf,False,0x0
1784019924.618,1073,1073,219692,4,1,-18,-5,-14,904,-4,-2,-1,101325,2500,7313,498,0xf,False,0x0
1784019924.820,1074,1074,219894,4,1,-18,41,-31,1003,3,4,1,101325,2500,7313,514,0xf,False,0x0
1784019925.020,1075,1075,220094,4,1,15,57,43,899,1,-2,-4,101325,2500,7312,516,0xf,False,0x0
1784019925.221,1076,1076,220294,4,1,-14,-46,-39,922,-1,-4,3,101325,2500,7312,501,0xf,False,0x0
1784019925.473,1077,1077,220547,4,1,-1,-31,58,999,4,5,-3,101325,2500,7312,489,0xf,False,0x0
1784019925.673,1078,1078,220747,4,1,-1,51,-37,945,1,2,-3,101325,2500,7312,512,0xf,False,0x0
1784019925.895,1079,1079,220969,4,1,20,44,-54,1016,4,-5,4,101325,2500,7312,486,0xf,False,0x0
1784019926.096,1080,1080,221169,4,1,-18,37,-17,886,4,5,4,101325,2500,7312,494,0xf,False,0x0
1784019926.297,1081,1081,221371,4,1,19,-30,-24,973,-1,0,-5,101325,2500,7312,497,0xf,False,0x0
1784019926.497,1082,1082,221571,4,1,11,-32,-6,991,2,-4,1,101325,2500,7312,515,0xf,False,0x0
1784019926.698,1083,1083,221772,4,1,-6,28,-8,903,-5,5,-2,101325,2500,7312,513,0xf,False,0x0
1784019926.899,1084,1084,221972,4,1,-3,-12,6,1101,3,0,-2,101325,2500,7312,509,0xf,False,0x0
1784019927.099,1085,1085,222173,4,1,-2,41,58,938,3,-2,-1,101325,2500,7312,494,0xf,False,0x0
1784019927.304,1086,1086,222378,4,1,-10,-11,11,988,4,-4,0,101325,2500,7312,517,0xf,False,0x0
1784019927.505,1087,1087,222578,4,1,-19,-2,52,1007,-4,2,-2,101325,2500,7311,504,0xf,False,0x0
1784019927.705,1088,1088,222779,4,1,-13,-7,36,1122,0,3,-4,101325,2500,7311,518,0xf,False,0x0
1784019927.906,1089,1089,222980,4,1,19,-26,7,951,-5,1,5,101325,2500,7311,489,0xf,False,0x0
1784019928.107,1090,1090,223180,4,1,6,-21,-57,1070,1,1,-4,101325,2500,7311,493,0xf,False,0x0
1784019928.308,1091,1091,223381,4,1,9,36,-43,987,1,1,5,101325,2500,7311,484,0xf,False,0x0
1784019928.508,1092,1092,223582,4,1,-5,41,4,1077,3,5,-4,101325,2500,7311,493,0xf,False,0x0
1784019929.407,3496,3496,699792,4,1,11,51,-28,1056,1,2,-3,101325,2500,7121,517,0xf,False,0x3abb
1784019929.468,3497,3497,699992,4,1,15,16,35,1062,-3,3,-1,101325,2500,7121,505,0xf,False,0x9e19
1784019929.733,3498,3498,700192,4,1,-2,-43,-34,971,-4,-3,3,101325,2500,7120,486,0xf,False,0xdcd0
1784019929.981,3499,3499,700392,4,1,0,-28,-56,1068,-5,-1,2,101325,2500,7120,508,0xf,False,0x2f7d
1784019930.198,3500,3500,700592,4,1,12,-16,-24,1009,4,-1,-3,101325,2500,7120,514,0xf,False,0x6666
1784019930.323,3501,3501,700792,4,1,-15,6,3,985,3,-5,2,101325,2500,7120,497,0xf,False,0x775e
1784019930.524,3502,3502,700992,4,1,-15,7,-35,1044,-1,-3,-1,101325,2500,7120,494,0xf,False,0x400c
1784019930.776,3503,3503,701192,4,1,8,58,59,982,-2,3,-5,101325,2500,7120,514,0xf,False,0x64e9
1784019930.900,3504,3504,701392,4,1,17,-12,-19,952,-1,2,-3,101325,2500,7120,482,0xf,False,0xd223
1784019931.087,3505,3505,701592,4,1,-5,-6,14,1094,2,1,3,101325,2500,7120,482,0xf,False,0x34f
1784019931.337,3506,3506,701792,4,1,-6,22,-36,1014,4,3,-3,101325,2500,7120,509,0xf,False,0x2788
1784019931.584,3507,3507,701992,4,1,-20,48,-34,1038,-1,2,2,101325,2500,7120,490,0xf,False,0x4152
1784019931.709,3508,3508,702192,4,1,1,7,-50,939,-2,-5,2,101325,2500,7120,487,0xf,False,0x9425
1784019931.895,3509,3509,702392,4,1,-17,7,14,1097,-5,-4,2,101325,2500,7120,510,0xf,False,0x7fa4
1784019932.144,3510,3510,702592,4,1,-15,9,-32,1048,-3,-1,-3,101325,2500,7119,480,0xf,False,0xa3aa
1784019932.393,3511,3511,702792,4,1,-15,-28,10,979,-1,0,-1,101325,2500,7119,487,0xf,False,0x9408
1784019932.520,3512,3512,702992,4,1,-4,-36,42,988,-4,-5,-1,101325,2500,7119,497,0xf,False,0x2290
1784019932.736,3513,3513,703192,4,1,-17,10,57,1080,-2,-1,-1,101325,2500,7119,513,0xf,False,0xe262
1784019932.984,3514,3514,703392,4,1,11,14,38,915,4,0,2,101325,2500,7119,481,0xf,False,0x9125
1784019933.048,3515,3515,703592,4,1,4,30,36,958,-2,-5,-1,101325,2500,7119,496,0xf,False,0xc3b1
1784019933.286,3516,3516,703792,4,1,6,18,-53,1080,-1,0,-1,101325,2500,7119,511,0xf,False,0x1961
1784019933.531,3517,3517,703992,4,1,14,48,-52,950,-1,-5,4,101325,2500,7119,500,0xf,False,0xc742
1784019933.779,3518,3518,704192,4,1,16,16,-19,926,-2,3,-3,101325,2500,7119,489,0xf,False,0xcb11
1784019933.903,3519,3519,704392,4,1,8,-28,36,1023,1,1,2,101325,2500,7119,481,0xf,False,0x22c0
1784019934.126,3520,3520,704592,4,1,12,44,-56,992,3,-5,0,101325,2500,7119,517,0xf,False,0xe83b
1784019934.372,3521,3521,704792,4,1,2,45,-3,921,-1,3,1,101325,2500,7119,515,0xf,False,0x5b95
1784019934.603,3522,3522,704992,4,1,16,54,-41,1016,0,-1,4,101325,2500,7119,494,0xf,False,0x96e4
1784019934.667,3523,3523,705192,4,1,-3,-37,40,963,2,2,-1,101325,2500,7118,519,0xf,False,0x387
1784019934.916,3524,3524,705392,4,1,2,41,25,989,0,-5,-5,101325,2500,7118,482,0xf,False,0x45df
1784019935.156,3525,3525,705592,4,1,8,-38,14,1068,-5,2,0,101325,2500,7118,488,0xf,False,0x447f
1784019935.397,3526,3526,705792,4,1,16,1,-45,905,-5,-3,1,101325,2500,7118,510,0xf,False,0x4a9d
1784019935.520,3527,3527,705992,4,1,-12,50,-2,1068,-4,-3,2,101325,2500,7118,492,0xf,False,0x598
1784019935.724,3528,3528,706192,4,1,3,-35,17,1092,0,2,-1,101325,2500,7118,485,0xf,False,0x1e10
1784019935.973,3529,3529,706392,4,1,16,-17,-19,1013,-4,-4,2,101325,2500,7118,502,0xf,False,0x2f22
1784019936.106,3530,3530,706592,4,1,-17,-16,-34,953,1,-1,1,101325,2500,7118,497,0xf,False,0x68b7
1784019936.285,3531,3531,706792,4,1,-4,2,29,1072,2,-5,3,101325,2500,7118,501,0xf,False,0xc643
1784019936.534,3532,3532,706992,4,1,9,0,13,1061,2,-2,-1,101325,2500,7118,501,0xf,False,0xef2
1784019936.783,3533,3533,707192,4,1,-14,51,21,1049,-5,4,2,101325,2500,7118,482,0xf,False,0xd146
1784019936.909,3534,3534,707392,4,1,17,19,-35,911,3,1,1,101325,2500,7118,484,0xf,False,0x1235
1784019937.189,3535,3535,707592,4,1,6,-46,-51,1000,3,1,-4,101325,2500,7117,494,0xf,False,0xb3ca
1784019937.377,3536,3536,707792,4,1,-19,-30,-8,1074,-4,3,-4,101325,2500,7117,505,0xf,False,0x5c24
1784019937.586,3537,3537,707992,4,1,3,-60,-3,992,0,2,2,101325,2500,7117,519,0xf,False,0x3b04
1784019937.706,3538,3538,708192,4,1,4,-11,-4,1047,-1,-3,2,101325,2500,7117,500,0xf,False,0xb195
1784019937.894,3539,3539,708392,4,1,-11,57,-34,1070,-1,2,-3,101325,2500,7117,509,0xf,False,0x995a
1784019938.158,3540,3540,708592,4,1,2,-25,7,914,4,-2,4,101325,2500,7117,516,0xf,False,0x8264
1784019938.344,3541,3541,708792,4,1,7,-58,11,980,-5,3,0,101325,2500,7117,490,0xf,False,0x7c14
1784019938.540,3542,3542,708992,4,1,6,-23,9,998,2,-5,2,101325,2500,7117,491,0xf,False,0x76ad
1784019938.717,3543,3543,709192,4,1,-7,-55,33,1014,-1,3,3,101325,2500,7117,491,0xf,False,0x94d6
1784019939.114,3544,3544,709392,4,1,-8,-25,-11,972,-1,-1,4,101325,2500,7117,489,0xf,False,0xfea9
1784019939.114,3545,3545,709592,4,1,-20,-27,-49,1044,-1,-4,-3,101325,2500,7117,511,0xf,False,0xa049
1784019939.295,3546,3546,709792,4,1,5,54,-11,984,-4,-3,-1,101325,2500,7117,519,0xf,False,0xee4e
1784019939.582,3547,3547,709992,4,1,9,-47,-53,925,2,1,1,101325,2500,7117,517,0xf,False,0x6c0e
1784019939.758,3548,3548,710192,4,1,3,46,41,1079,-3,3,0,101325,2500,7116,495,0xf,False,0x2044
1784019939.882,3549,3549,710392,4,1,-4,2,11,918,-4,3,2,101325,2500,7116,517,0xf,False,0xfe7
1784019940.147,3550,3550,710592,4,1,16,35,-52,994,-3,-2,1,101325,2500,7116,513,0xf,False,0xc850
1784019940.334,3551,3551,710792,4,1,-6,40,-4,912,-5,-2,-1,101325,2500,7116,483,0xf,False,0x2e41
1784019940.582,3552,3552,710992,4,1,-19,47,1,1019,4,-4,-4,101325,2500,7116,490,0xf,False,0x9b87
1784019940.707,3553,3553,711192,4,1,10,-60,-45,988,3,-2,-2,101325,2500,7116,511,0xf,False,0xe7d
1784019940.893,3554,3554,711392,4,1,-17,-16,5,1011,-5,-5,-3,101325,2500,7116,482,0xf,False,0x1257
1784019941.160,3555,3555,711592,4,1,-5,3,28,905,-3,-2,3,101325,2500,7116,489,0xf,False,0x9154
1784019941.410,3556,3556,711792,4,1,8,-60,-34,947,-4,4,4,101325,2500,7116,490,0xf,False,0xddad
1784019941.472,3557,3557,711992,4,1,-19,-54,-56,934,-1,-5,2,101325,2500,7116,499,0xf,False,0xa691
1784019941.737,3558,3558,712192,4,1,-20,-43,-24,930,3,4,-2,101325,2500,7116,496,0xf,False,0x6137
1784019941.984,3559,3559,712392,4,1,15,-27,-60,1043,2,-4,3,101325,2500,7116,487,0xf,False,0x7e08
1784019942.143,3560,3560,712592,4,1,16,46,-6,1074,-3,-3,3,101325,2500,7115,501,0xf,False,0xd803
1784019942.324,3561,3561,712792,4,1,16,51,-15,975,4,-3,-2,101325,2500,7115,502,0xf,False,0x4ca5
1784019942.510,3562,3562,712992,4,1,-1,-14,-13,1008,2,-1,-5,101325,2500,7115,507,0xf,False,0x9bbd
1784019942.759,3563,3563,713192,4,1,8,43,-35,1093,-1,-3,2,101325,2500,7115,496,0xf,False,0xe92d
1784019942.884,3564,3564,713392,4,1,8,0,2,942,-2,-5,-4,101325,2500,7115,506,0xf,False,0x25cd
1784019943.133,3565,3565,713592,4,1,-11,3,-7,940,-5,-3,2,101325,2500,7115,516,0xf,False,0x4511
1784019943.381,3566,3566,713792,4,1,-5,-9,8,943,0,3,0,101325,2500,7115,489,0xf,False,0x984d
1784019943.613,3567,3567,713992,4,1,-1,-54,9,1025,-4,1,1,101325,2500,7115,499,0xf,False,0xc4ae
1784019943.663,3568,3568,714192,4,1,10,28,24,1066,-5,0,3,101325,2500,7115,482,0xf,False,0xf3c3
1784019943.917,3569,3569,714392,4,1,-5,21,44,1067,-5,-2,3,101325,2500,7115,509,0xf,False,0xf2be
1784019944.179,3570,3570,714592,4,1,16,16,4,978,2,3,0,101325,2500,7115,494,0xf,False,0xac5
1784019944.367,3571,3571,714792,4,1,3,51,55,1017,-1,-5,-2,101325,2500,7115,483,0xf,False,0xa8e5
1784019944.491,3572,3572,714992,4,1,9,19,19,1045,3,3,3,101325,2500,7115,497,0xf,False,0x6847
1784019944.742,3573,3573,715192,4,1,16,-14,-58,949,-4,-4,1,101325,2500,7114,509,0xf,False,0x1bfd
1784019944.990,3574,3574,715392,4,1,17,-35,-53,955,4,3,4,101325,2500,7114,495,0xf,False,0x80be
1784019945.132,3575,3575,715592,4,1,11,15,6,922,-1,-1,0,101325,2500,7114,484,0xf,False,0x7b2e
1784019945.316,3576,3576,715792,4,1,-8,19,-38,910,0,0,-3,101325,2500,7114,517,0xf,False,0x7b58
1784019945.503,3577,3577,715992,4,1,-19,-54,50,903,2,1,3,101325,2500,7114,496,0xf,False,0xf4c5
1784019945.783,3578,3578,716192,4,1,-18,-6,-5,971,-4,-4,-4,101325,2500,7114,506,0xf,False,0x3b5
1784019945.907,3579,3579,716392,4,1,4,7,-35,977,-4,-4,-2,101325,2500,7114,485,0xf,False,0xfba4
1784019946.146,3580,3580,716592,4,1,-9,19,7,1022,-5,3,-2,101325,2500,7114,507,0xf,False,0xcbeb
1784019946.452,3581,3581,716792,4,1,4,15,58,1085,-4,0,-3,101325,2500,7114,505,0xf,False,0xa908
1784019946.596,3582,3582,716992,4,1,-11,-29,29,926,3,-1,4,101325,2500,7114,506,0xf,False,0x1721
1784019946.651,3583,3583,717192,4,1,18,33,-6,1019,1,-1,4,101325,2500,7114,496,0xf,False,0x6d2d
1784019946.901,3584,3584,717392,4,1,0,-3,31,936,4,2,2,101325,2500,7114,513,0xf,False,0x3ad0
1784019947.166,3585,3585,717592,4,1,-15,22,-60,993,-5,-2,-4,101325,2500,7113,497,0xf,False,0x7edf
1784019947.416,3586,3586,717792,4,1,9,45,-11,1067,-1,3,-5,101325,2500,7113,491,0xf,False,0xe68
1784019949.466,1,1,1190,0,0,3,-8,35,1000,-1,2,-3,101325,2500,7400,499,0xf,False,0x35df
1784019949.605,2,2,1390,0,0,11,59,24,1000,-2,-5,4,101325,2500,7400,501,0xf,False,0x23a8
1784019949.792,3,3,1590,0,0,7,-11,-32,1000,3,-1,-4,101325,2500,7400,489,0xf,False,0x3153
1784019949.916,4,4,1790,0,0,-18,-7,-45,1000,-3,0,4,101325,2500,7400,486,0xf,False,0x3607
1784019950.212,5,5,1990,0,0,8,15,-13,1000,-3,4,-5,101325,2500,7400,503,0xf,False,0x4274
1784019950.399,6,6,2190,0,0,-10,8,-43,1000,4,-5,0,101325,2500,7400,508,0xf,False,0x2efb
1784019950.461,7,7,2390,0,0,-11,-16,42,1000,3,0,0,101325,2500,7400,511,0xf,False,0x8b5d
1784019950.741,8,8,2590,0,0,-16,49,-22,1000,-4,2,-2,101325,2500,7399,506,0xf,False,0x74aa
1784019950.927,9,9,2790,0,0,8,-37,-13,1000,4,0,-2,101325,2500,7399,503,0xf,False,0xd39c
1784019951.191,10,10,2990,0,0,-19,11,58,1000,-2,-1,-2,101325,2500,7399,499,0xf,False,0x8223
1784019951.318,11,11,3190,0,0,1,48,4,1000,-3,-5,1,101325,2500,7399,514,0xf,False,0x80d7
1784019951.504,12,12,3390,0,0,-15,-10,-34,1000,4,-2,-4,101325,2500,7399,484,0xf,False,0x9bd4
1784019951.751,13,13,3590,0,0,7,-18,-58,1000,-2,-3,-4,101325,2500,7399,488,0xf,False,0x1fba
1784019952.002,14,14,3790,0,0,-8,-16,42,1000,3,-3,4,101325,2500,7399,490,0xf,False,0x4e34
1784019952.171,15,15,3990,0,0,-13,4,17,1000,-3,1,1,101325,2500,7399,507,0xf,False,0x9dc5
1784019952.356,16,16,4190,0,0,18,-46,-37,1000,0,3,2,101325,2500,7399,480,0xf,False,0x1ff1
1784019952.545,17,17,4390,0,0,2,14,-55,1000,-2,1,3,101325,2500,7399,487,0xf,False,0x752d
1784019952.792,18,18,4590,0,0,6,38,34,1000,2,3,-2,101325,2500,7399,515,0xf,False,0xd509
1784019952.915,19,19,4790,0,0,-5,-30,10,1000,-4,0,-5,101325,2500,7399,514,0xf,False,0x37a8
1784019953.163,20,20,4990,0,0,-1,46,-17,1000,4,-4,3,101325,2500,7399,488,0xf,False,0x8d10
1784019953.415,21,21,5190,1,0,18,53,-14,1000,-3,-2,-5,101325,2500,7398,516,0xf,False,0x85b
1784019953.477,22,22,5390,1,0,-1,46,-54,1000,-3,-5,2,101325,2500,7398,504,0xf,False,0x4bd1
1784019953.724,23,23,5590,1,0,1,33,-26,1000,-5,-4,1,101325,2500,7398,484,0xf,False,0xa50
1784019953.976,24,24,5790,1,0,-7,-29,-3,1000,-2,-3,0,101325,2500,7398,499,0xf,False,0x6416
1784019954.163,25,25,5990,1,0,-12,-46,-16,1000,-1,2,-5,101325,2500,7398,506,0xf,False,0xa7ac
1784019954.288,26,26,6190,1,0,19,26,-55,1000,0,-4,1,101325,2500,7398,489,0xf,False,0x9434
1784019954.549,27,27,6390,1,0,6,-42,39,1000,-2,-5,4,101325,2500,7398,519,0xf,False,0x6b18
1784019954.740,28,28,6590,1,0,-19,-14,-17,1000,-4,4,-3,101325,2500,7398,517,0xf,False,0x7f9f
1784019954.989,29,29,6790,1,0,7,18,-59,1000,-4,3,0,101325,2500,7398,519,0xf,False,0xa76e
1784019955.146,30,30,6990,1,0,-4,3,-53,1000,-2,2,-4,101325,2500,7398,485,0xf,False,0x7649
1784019955.332,31,31,7190,1,0,0,-34,6,1000,-5,-2,-5,101325,2500,7398,489,0xf,False,0x5852
1784019955.599,32,32,7390,1,0,15,-46,2,1000,-5,-5,-4,101325,2500,7398,501,0xf,False,0xb0a4
1784019955.783,33,33,7590,1,0,-2,-34,45,1000,-4,-2,-1,101325,2500,7397,495,0xf,False,0x975c
1784019955.908,34,34,7790,1,0,8,16,42,1000,3,2,-3,101325,2500,7397,511,0xf,False,0x47f0
1784019956.204,35,35,7990,1,0,18,-8,-45,1000,1,-5,0,101325,2500,7397,503,0xf,False,0x98d
1784019956.391,36,36,8190,1,0,-5,54,-37,1000,-5,-4,-2,101325,2500,7397,509,0xf,False,0x6550
1784019956.533,37,37,8390,1,0,5,49,-57,1000,-1,3,-2,101325,2500,7397,513,0xf,False,0x9ec0
1784019956.734,38,38,8590,1,0,-15,44,31,1000,-3,-1,1,101325,2500,7397,519,0xf,False,0x4df9
1784019956.983,39,39,8790,1,0,7,-28,38,1000,-2,0,2,101325,2500,7397,500,0xf,False,0xe85b
1784019957.169,40,40,8990,1,0,-11,5,56,1000,-1,3,1,101325,2500,7397,492,0xf,False,0x945e
1784019957.294,41,41,9190,1,0,-11,-40,20,1000,4,-3,2,101325,2500,7397,494,0xf,False,0x6b9f
1784019957.540,42,42,9390,1,0,-1,52,-13,1000,-4,3,-3,101325,2500,7397,489,0xf,False,0x3e6e
1784019957.788,43,43,9590,1,0,18,-8,-17,1000,-1,-1,1,101325,2500,7397,481,0xf,False,0xa7bb
1784019957.972,44,44,9790,1,0,-11,-17,17,1000,0,2,1,101325,2500,7397,498,0xf,False,0x2fe
1784019958.153,45,45,9990,1,0,-2,-54,26,1000,-3,-3,-1,101325,2500,7397,485,0xf,False,0x1a0c
1784019958.333,46,46,10190,2,0,1192,-50,-31,1297,-5,-5,3,101179,2492,7396,489,0xf,False,0xd241
1784019958.598,47,47,10390,2,0,2436,-47,0,1606,-2,-5,0,101028,2484,7396,507,0xf,False,0x6540
1784019958.844,48,48,10590,2,0,3620,-44,19,1905,-3,-4,-2,100882,2476,7396,501,0xf,False,0x18ae
1784019958.907,49,49,10790,2,0,4814,-29,-23,2190,-4,3,1,100739,2468,7396,505,0xf,False,0x5d30
1784019959.171,50,50,10990,2,0,5934,23,-60,2456,-5,-3,-3,100600,2461,7396,512,0xf,False,0xe096
1784019959.357,51,51,11190,2,0,7036,-49,-52,2699,1,2,3,100465,2454,7396,503,0xf,False,0xd3ae
1784019959.482,52,52,11390,2,0,8120,39,11,2916,-2,-3,4,100333,2447,7396,510,0xf,False,0x2ad1
1784019959.745,53,53,11590,2,0,9187,-44,51,3102,-2,2,-4,100204,2440,7396,491,0xf,False,0x2aae
1784019959.995,54,54,11790,2,0,10181,-25,33,3255,-4,-1,1,100080,2433,7396,509,0xf,False,0x966b
1784019960.166,55,55,11990,2,0,11198,5,-25,3372,-2,-5,1,99959,2427,7396,487,0xf,False,0xff
1784019960.290,56,56,12190,2,0,12160,-39,39,3452,3,4,-3,99842,2421,7396,487,0xf,False,0x85c0
1784019960.539,57,57,12390,2,0,13066,-12,55,3494,0,4,3,99728,2414,7396,488,0xf,False,0xd5f6
1784019960.790,58,58,12590,2,0,13998,55,-40,3496,-2,3,2,99618,2409,7395,492,0xf,False,0x3d65
1784019961.125,59,59,12790,2,0,14874,-59,-33,3458,-5,-3,1,99512,2403,7395,482,0xf,False,0x95fe
1784019961.125,60,60,12990,2,0,15707,11,-2,3382,-3,4,-5,99409,2397,7395,498,0xf,False,0xd1be
1784019961.366,61,61,13190,2,0,16528,-60,42,3268,4,1,-3,99310,2392,7395,488,0xf,False,0x89c4
1784019961.569,62,62,13390,2,0,17297,39,-5,3119,1,2,1,99215,2387,7395,501,0xf,False,0x2b12
1784019961.709,63,63,13590,2,0,18029,-34,57,2936,-5,-3,-1,99123,2382,7395,508,0xf,False,0xed51
1784019961.895,64,64,13790,2,0,18765,41,43,2722,1,2,-1,99035,2378,7395,485,0xf,False,0xd627
1784019962.267,65,65,13990,2,0,19445,8,15,2482,-1,0,-4,98951,2373,7395,503,0xf,False,0xfe1d
1784019962.391,66,66,14190,2,0,20118,-35,7,2218,2,4,-2,98870,2369,7395,502,0xf,False,0xf8d2
1784019962.533,67,67,14390,2,0,20747,10,-43,1934,-4,-1,-5,98793,2365,7395,516,0xf,False,0x9fda
1784019962.843,68,68,14590,2,0,21346,25,0,1636,1,-5,-4,98720,2361,7395,519,0xf,False,0x5eab
1784019962.967,69,69,14790,2,0,21928,-14,3,1328,4,-2,-1,98650,2357,7395,519,0xf,False,0x4c6f
1784019963.216,70,70,14990,2,0,22461,-18,10,1015,3,0,-4,98584,2353,7395,487,0xf,False,0x59d6
1784019963.278,71,71,15190,2,0,22985,-14,-31,-215,4,-3,-5,98522,2350,7394,510,0xf,False,0x28c3
1784019963.528,72,72,15390,2,0,23460,59,-56,-231,4,3,2,98463,2347,7394,489,0xf,False,0x5be6
1784019963.746,73,73,15590,2,0,23903,22,25,-247,-2,-2,0,98408,2344,7394,502,0xf,False,0xb096
1784019963.995,74,74,15790,2,0,24331,25,-10,-263,0,3,1,98356,2341,7394,495,0xf,False,0xadbe
1784019964.168,75,75,15990,2,0,24726,-27,55,-279,0,-1,1,98308,2339,7394,502,0xf,False,0x5717
1784019964.356,76,76,16190,2,0,25090,-33,36,-295,-1,-5,-3,98264,2336,7394,489,0xf,False,0x1549
1784019964.651,77,77,16390,2,0,25424,43,-34,-311,-4,1,-3,98223,2334,7394,497,0xf,False,0xc4e2
1784019964.714,78,78,16590,2,0,25713,27,-34,-327,-5,1,-4,98187,2332,7394,480,0xf,False,0x99ec
1784019964.899,79,79,16790,2,0,26000,-5,-57,-343,2,-2,-1,98153,2331,7394,509,0xf,False,0x27a3
1784019965.164,80,80,16990,2,0,26245,32,12,-359,-5,3,3,98124,2329,7394,501,0xf,False,0x435
1784019965.352,81,81,17190,2,0,26466,17,-53,-375,-4,-1,3,98098,2328,7394,490,0xf,False,0xaad
1784019965.599,82,82,17390,2,0,26621,40,-46,-391,0,0,-5,98076,2326,7394,516,0xf,False,0x463a
1784019965.725,83,83,17590,2,0,26775,37,-47,-407,-3,-2,3,98057,2325,7393,495,0xf,False,0x4b01
1784019965.974,84,84,17790,2,0,26889,50,27,-423,-5,-2,-3,98042,2325,7393,486,0xf,False,0x16c3
1784019966.253,85,85,17990,2,0,26991,-14,8,-439,-4,-4,3,98031,2324,7393,513,0xf,False,0xea7d
1784019966.315,86,86,18190,2,0,27053,-59,-31,-455,-1,2,0,98023,2324,7393,503,0xf,False,0x1a37
1784019966.502,87,87,18390,2,0,27098,-5,46,-471,3,-1,-5,98019,2323,7393,505,0xf,False,0x8e4a
1784019966.780,88,88,18590,3,1,27064,9,8,-109,-4,-3,-4,98021,2323,7393,491,0xf,False,0x9868
1784019966.966,89,89,18790,3,1,27032,50,-31,-97,-2,0,-5,98027,2324,7393,509,0xf,False,0xf01f
1784019967.113,90,90,18990,3,1,26998,-6,-52,-109,-3,1,-4,98033,2324,7393,483,0xf,False,0x83cc
1784019967.357,91,91,19190,3,1,26932,-28,53,-108,2,-2,1,98039,2324,7393,487,0xf,False,0x6a3c
1784019967.668,92,92,19390,3,1,26882,-54,-47,-85,4,-1,-5,98045,2325,7393,502,0xf,False,0x4ec8
1784019967.668,93,93,19590,3,1,26823,30,6,-94,-4,-1,2,98051,2325,7393,511,0xf,False,0x16f3
1784019967.920,94,94,19790,3,1,26794,-33,-27,-102,-5,-5,3,98058,2325,7393,505,0xf,False,0x5d7a
1784019968.214,95,95,19990,3,1,26731,-34,30,-94,3,-2,4,98064,2326,7393,514,0xf,False,0xde94
1784019968.402,96,96,20190,3,1,26678,23,-36,-101,-2,2,1,98070,2326,7392,508,0xf,False,0xa667
1784019968.541,97,97,20390,3,1,26606,-43,-46,-85,1,2,1,98076,2326,7392,502,0xf,False,0xc0ac
1784019968.728,98,98,20590,3,1,26580,-39,-46,-87,-3,-4,-4,98082,2327,7392,507,0xf,False,0xc581
1784019968.977,99,99,20790,3,1,26508,-13,-57,-92,1,4,2,98089,2327,7392,485,0xf,False,0xda60
1784019969.287,100,100,20990,3,1,26455,-27,49,-105,1,3,-5,98095,2327,7392,492,0xf,False,0x6d91
1784019969.287,101,101,21190,3,1,26421,-16,-55,-92,-3,-2,-1,98101,2328,7392,505,0xf,False,0xe379
1784019969.536,102,102,21390,3,1,26352,-5,-48,-88,2,1,1,98107,2328,7392,488,0xf,False,0xe86
1784019969.738,103,103,21590,3,1,26337,20,-26,-98,0,-5,1,98114,2328,7392,480,0xf,False,0x484f
1784019969.988,104,104,21790,3,1,26257,-20,-31,-100,3,4,1,98120,2329,7392,480,0xf,False,0x56cd
1784019970.114,105,105,21990,3,1,26221,-48,52,-86,-4,4,4,98126,2329,7392,481,0xf,False,0xec01
1784019970.360,106,106,22190,3,1,26160,30,29,-109,-5,-3,4,98132,2329,7392,498,0xf,False,0xbb65
1784019970.640,107,107,22390,3,1,26100,-48,-7,-98,0,4,-5,98139,2330,7392,489,0xf,False,0x3484
1784019970.824,108,108,22590,3,1,26050,50,-32,-108,1,2,-3,98145,2330,7391,500,0xf,False,0xc5f4
1784019970.885,109,109,22790,3,1,26015,-7,-5,-100,3,2,3,98151,2330,7391,495,0xf,False,0x91d3
1784019971.181,110,110,22990,3,1,25949,-45,5,-90,4,3,3,98158,2331,7391,491,0xf,False,0x7fd5
1784019971.368,111,111,23190,3,1,25896,6,25,-96,-3,-5,-2,98164,2331,7391,485,0xf,False,0x8967
1784019971.491,112,112,23390,3,1,25845,40,-17,-81,2,3,2,98170,2331,7391,501,0xf,False,0x7562
1784019971.737,113,113,23590,3,1,25784,-60,-26,-91,4,-5,2,98177,2332,7391,489,0xf,False,0x1519
1784019971.926,114,114,23790,3,1,25739,-42,33,-103,1,-3,-2,98183,2332,7391,481,0xf,False,0x384d
1784019972.175,115,115,23990,3,1,25701,-11,-50,-88,-3,4,2,98189,2332,7391,490,0xf,False,0xb4b
1784019972.300,116,116,24190,3,1,25643,2,57,-94,0,-3,3,98196,2333,7391,516,0xf,False,0x82de
1784019972.590,117,117,24390,3,1,25590,13,-2,-99,-2,-4,-2,98202,2333,7391,511,0xf,False,0x1cb7
1784019974.298,1,1,731,0,0,-11,6,-27,1000,-4,0,1,101325,2500,7400,483,0xf,False,0xbf04
1784019974.361,2,2,931,0,0,-6,33,-60,1000,-5,-2,1,101325,2500,7400,518,0xf,False,0x6145
1784019974.640,3,3,1131,0,0,18,-22,19,1000,-5,1,-1,101325,2500,7400,503,0xf,False,0x515c
1784019974.764,4,4,1331,0,0,-20,-45,-57,1000,-2,0,-3,101325,2500,7400,494,0xf,False,0x7849
1784019974.950,5,5,1531,0,0,9,-44,-25,1000,1,-3,2,101325,2500,7400,512,0xf,False,0x3984
1784019975.198,6,6,1731,0,0,-15,-27,12,1000,-4,-2,0,101325,2500,7400,487,0xf,False,0xeb83
1784019975.448,7,7,1931,0,0,15,-58,-16,1000,-1,-5,4,101325,2500,7400,501,0xf,False,0xe43e
1784019975.587,8,8,2131,0,0,4,-13,15,1000,3,1,3,101325,2500,7400,493,0xf,False,0xa9d
1784019975.773,9,9,2331,0,0,-6,-19,33,1000,0,-1,4,101325,2500,7400,513,0xf,False,0x988
1784019976.025,10,10,2531,0,0,-7,-3,-56,1000,-2,-2,1,101325,2500,7399,484,0xf,False,0x98e
1784019976.087,11,11,2731,0,0,12,15,16,1000,-5,2,-2,101325,2500,7399,489,0xf,False,0x3c06
1784019976.336,12,12,2931,0,0,-7,-6,-7,1000,-2,1,3,101325,2500,7399,517,0xf,False,0x2aec
1784019976.586,13,13,3131,0,0,16,-41,-21,1000,-5,-1,-2,101325,2500,7399,503,0xf,False,0xb268
1784019976.774,14,14,3331,0,0,-12,17,36,1000,3,3,-2,101325,2500,7399,489,0xf,False,0x490d
1784019976.899,15,15,3531,0,0,13,-50,41,1000,0,3,3,101325,2500,7399,480,0xf,False,0xa605
1784019977.163,16,16,3731,0,0,17,-25,-32,1000,-2,3,-5,101325,2500,7399,508,0xf,False,0xf31e
1784019977.413,17,17,3931,0,0,-19,-2,34,1000,3,4,4,101325,2500,7399,510,0xf,False,0xf8c9
1784019977.634,18,18,4131,0,0,13,16,-50,1000,2,-3,2,101325,2500,7399,496,0xf,False,0xdbaa
1784019977.752,19,19,4331,0,0,-15,52,-11,1000,2,-5,-4,101325,2500,7399,510,0xf,False,0x49bc
1784019977.937,20,20,4531,0,0,-3,55,55,1000,2,4,2,101325,2500,7399,502,0xf,False,0x8550
1784019978.219,21,21,4731,0,0,15,-30,-12,1000,3,1,2,101325,2500,7399,510,0xf,False,0x727d
1784019978.404,22,22,4931,0,0,-10,56,-46,1000,2,-4,3,101325,2500,7399,483,0xf,False,0xeb52
1784019978.529,23,23,5131,1,0,16,-17,52,1000,1,2,-4,101325,2500,7398,482,0xf,False,0xb705
1784019978.794,24,24,5331,1,0,19,-21,-36,1000,1,3,2,101325,2500,7398,488,0xf,False,0x8647
1784019978.982,25,25,5531,1,0,19,-6,26,1000,-4,0,2,101325,2500,7398,500,0xf,False,0x5696
1784019979.108,26,26,5731,1,0,-16,-38,-49,1000,1,-1,2,101325,2500,7398,482,0xf,False,0x76d
1784019979.357,27,27,5931,1,0,-13,-6,-30,1000,-3,1,0,101325,2500,7398,518,0xf,False,0x5566
1784019979.616,28,28,6131,1,0,6,36,-59,1000,4,-2,-1,101325,2500,7398,506,0xf,False,0xddf
1784019979.793,29,29,6331,1,0,9,18,-14,1000,-2,-1,3,101325,2500,7398,497,0xf,False,0xf380
1784019979.918,30,30,6531,1,0,-15,55,8,1000,3,0,-3,101325,2500,7398,504,0xf,False,0xa9d9
1784019980.173,31,31,6731,1,0,14,31,29,1000,-1,2,3,101325,2500,7398,485,0xf,False,0x5019
1784019980.412,32,32,6931,1,0,-5,36,31,1000,-4,2,-2,101325,2500,7398,519,0xf,False,0x529d
1784019980.620,33,33,7131,1,0,17,35,1,1000,-1,-4,-4,101325,2500,7398,482,0xf,False,0x1748
1784019980.737,34,34,7331,1,0,18,35,-36,1000,2,-4,3,101325,2500,7398,496,0xf,False,0xa19e
1784019980.987,35,35,7531,1,0,-8,-30,-54,1000,-1,-4,0,101325,2500,7397,489,0xf,False,0x7f55
1784019981.174,36,36,7731,1,0,-7,14,-24,1000,1,-1,4,101325,2500,7397,483,0xf,False,0x2d71
1784019981.425,37,37,7931,1,0,6,1,49,1000,-3,-5,-1,101325,2500,7397,517,0xf,False,0x91af
1784019981.587,38,38,8131,1,0,10,56,-34,1000,4,2,-1,101325,2500,7397,480,0xf,False,0x6b87
1784019981.766,39,39,8331,1,0,10,18,-46,1000,-5,0,2,101325,2500,7397,503,0xf,False,0x5161
1784019982.043,40,40,8531,1,0,0,-36,-60,1000,-5,-5,2,101325,2500,7397,489,0xf,False,0x6832
1784019982.126,41,41,8731,1,0,-1,-8,-21,1000,3,0,2,101325,2500,7397,491,0xf,False,0xe3e3
1784019982.373,42,42,8931,1,0,7,58,-7,1000,1,2,-1,101325,2500,7397,482,0xf,False,0x67a8
1784019982.560,43,43,9131,1,0,15,52,46,1000,2,-4,-4,101325,2500,7397,516,0xf,False,0xc89a
1784019982.823,44,44,9331,1,0,-15,-4,-31,1000,0,0,4,101325,2500,7397,482,0xf,False,0xc3c8
1784019982.947,45,45,9531,1,0,-7,50,18,1000,-5,3,0,101325,2500,7397,489,0xf,False,0xc8eb
1784019983.168,46,46,9731,1,0,9,-39,22,1000,2,-1,3,101325,2500,7397,513,0xf,False,0xb30
1784019983.355,47,47,9931,1,0,11,-48,3,1000,0,-2,-5,101325,2500,7397,496,0xf,False,0x4d14
1784019983.604,48,48,10131,2,0,825,30,44,1205,-5,1,-5,101223,2494,7396,496,0xf,False,0x4a1a
1784019983.728,49,49,10331,2,0,2047,-55,1,1516,1,-1,2,101072,2486,7396,483,0xf,False,0x59ef
1784019983.978,50,50,10531,2,0,3264,56,38,1818,2,1,-2,100925,2478,7396,515,0xf,False,0x84f7
1784019984.226,51,51,10731,2,0,4470,-39,32,2108,0,-2,4,100781,2471,7396,497,0xf,False,0xf2a1
1784019984.289,52,52,10931,2,0,5599,31,-36,2380,-5,3,2,100641,2463,7396,495,0xf,False,0x4c2f
1784019984.540,53,53,11131,2,0,6723,-7,-15,2630,2,-1,0,100504,2456,7396,510,0xf,False,0x580f
1784019984.790,54,54,11331,2,0,7814,49,59,2855,-4,2,0,100371,2449,7396,506,0xf,False,0x98f8
1784019984.978,55,55,11531,2,0,8876,46,35,3050,-3,4,1,100242,2442,7396,486,0xf,False,0x317d
1784019985.159,56,56,11731,2,0,9922,10,5,3213,1,1,-4,100116,2435,7396,516,0xf,False,0x7fe3
1784019985.459,57,57,11931,2,0,10902,55,-23,3341,2,1,4,99994,2429,7396,500,0xf,False,0xfdec
1784019985.601,58,58,12131,2,0,11865,-39,-30,3433,2,4,-3,99876,2422,7396,499,0xf,False,0xb1df
1784019985.788,59,59,12331,2,0,12794,14,-15,3485,-2,-5,-3,99761,2416,7396,516,0xf,False,0x96d4
1784019985.913,60,60,12531,2,0,13741,16,-43,3499,0,4,4,99650,2410,7395,519,0xf,False,0xd80b
1784019986.255,61,61,12731,2,0,14588,43,43,3473,-3,-5,-5,99543,2405,7395,486,0xf,False,0x8c94
1784019986.379,62,62,12931,2,0,15462,-35,-35,3408,-5,-1,3,99439,2399,7395,484,0xf,False,0x7dc6
1784019986.645,63,63,13131,2,0,16262,-36,48,3306,1,-1,-5,99339,2394,7395,510,0xf,False,0x5d9c
1784019986.707,64,64,13331,2,0,17069,30,51,3166,1,0,1,99243,2389,7395,511,0xf,False,0xfa55
1784019986.956,65,65,13531,2,0,17826,12,-17,2993,1,2,1,99150,2384,7395,514,0xf,False,0x2dc5
1784019987.220,66,66,13731,2,0,18562,-54,58,2788,4,-3,-1,99061,2379,7395,518,0xf,False,0xafa
1784019987.282,67,67,13931,2,0,19249,40,48,2555,0,-3,-1,98976,2374,7395,492,0xf,False,0xcb92
1784019987.528,68,68,14131,2,0,19908,-15,-4,2298,-4,3,-2,98894,2370,7395,486,0xf,False,0xed63
1784019987.794,69,69,14331,2,0,20568,36,41,2020,1,4,2,98816,2366,7395,500,0xf,False,0x508e
1784019987.980,70,70,14531,2,0,21179,54,52,1726,-1,1,3,98741,2362,7395,493,0xf,False,0x7789
1784019988.141,71,71,14731,2,0,21750,-55,-3,1420,-5,-1,-1,98670,2358,7395,500,0xf,False,0x8b65
1784019988.368,72,72,14931,2,0,22306,37,-12,1108,3,3,-2,98603,2355,7395,515,0xf,False,0xa65c
1784019988.585,73,73,15131,2,0,22812,45,-23,-210,-4,-1,4,98540,2351,7394,493,0xf,False,0x80f4
1784019988.836,74,74,15331,2,0,23312,53,2,-226,-4,-3,2,98480,2348,7394,506,0xf,False,0x9c19
1784019988.899,75,75,15531,2,0,23765,-60,57,-242,3,-5,-1,98423,2345,7394,500,0xf,False,0x2a84
1784019989.161,76,76,15731,2,0,24195,-29,32,-258,-3,2,1,98371,2342,7394,490,0xf,False,0xb869
1784019989.412,77,77,15931,2,0,24621,25,-17,-274,-5,-2,-3,98322,2340,7394,502,0xf,False,0x9201
1784019989.613,78,78,16131,2,0,24997,-12,-14,-290,0,3,4,98277,2337,7394,509,0xf,False,0xace0
1784019989.738,79,79,16331,2,0,25314,1,-6,-306,2,3,0,98235,2335,7394,485,0xf,False,0x9cb2
1784019989.989,80,80,16531,2,0,25621,42,-15,-322,1,4,-4,98197,2333,7394,481,0xf,False,0xe144
1784019990.223,81,81,16731,2,0,25920,-23,-58,-338,-2,3,-4,98163,2331,7394,490,0xf,False,0x7a31
1784019990.284,82,82,16931,2,0,26185,30,-55,-354,4,1,1,98132,2329,7394,512,0xf,False,0xfd9
1784019990.548,83,83,17131,2,0,26401,-2,-23,-370,0,-4,4,98105,2328,7394,498,0xf,False,0xe72d
1784019990.765,84,84,17331,2,0,26588,52,3,-386,-5,1,3,98082,2327,7394,519,0xf,False,0x2415
1784019991.014,85,85,17531,2,0,26758,44,21,-402,0,2,4,98062,2326,7393,503,0xf,False,0xd5a
1784019991.156,86,86,17731,2,0,26857,-26,-5,-418,4,-5,-1,98046,2325,7393,514,0xf,False,0xe6b6
1784019991.329,87,87,17931,2,0,26974,19,49,-434,-3,-5,-2,98034,2324,7393,499,0xf,False,0x3d88
1784019991.602,88,88,18131,2,0,27027,-60,-56,-450,-2,3,1,98025,2324,7393,504,0xf,False,0x7c53
1784019991.779,89,89,18331,2,0,27079,41,-17,-466,1,-2,-1,98020,2323,7393,486,0xf,False,0xd400
1784019991.904,90,90,18531,3,1,27097,16,-40,-93,0,-3,0,98019,2323,7393,481,0xf,False,0x1490
1784019992.153,91,91,18731,3,1,27054,11,54,-83,-4,-5,-1,98025,2324,7393,488,0xf,False,0x777
1784019992.402,92,92,18931,3,1,27001,31,-13,-83,-3,-4,-5,98031,2324,7393,519,0xf,False,0xfbc0
1784019992.638,93,93,19131,3,1,26930,-8,42,-86,4,-2,-4,98037,2324,7393,509,0xf,False,0x6322
1784019992.757,94,94,19331,3,1,26889,-1,-51,-105,-2,-2,1,98043,2325,7393,498,0xf,False,0xaff
1784019992.945,95,95,19531,3,1,26842,35,-14,-107,-4,-5,2,98050,2325,7393,511,0xf,False,0x34c9
1784019993.193,96,96,19731,3,1,26781,31,-41,-85,-3,2,4,98056,2325,7393,487,0xf,False,0x3f8e
1784019993.378,97,97,19931,3,1,26746,-17,43,-98,0,-5,-5,98062,2326,7393,515,0xf,False,0x98fd
1784019993.599,98,98,20131,3,1,26705,-55,18,-83,4,-1,4,98068,2326,7392,510,0xf,False,0xa8d6
1784019993.800,99,99,20331,3,1,26629,-59,-8,-106,-2,3,4,98074,2326,7392,494,0xf,False,0xf481
1784019993.986,100,100,20531,3,1,26607,-2,20,-97,-3,-5,-1,98081,2327,7392,508,0xf,False,0x52c8
1784019994.141,101,101,20731,3,1,26553,52,-6,-106,-4,2,0,98087,2327,7392,516,0xf,False,0x5392
1784019994.328,102,102,20931,3,1,26473,-58,-14,-84,-4,-2,-4,98093,2327,7392,508,0xf,False,0xd802
1784019994.608,103,103,21131,3,1,26416,-40,14,-83,1,3,1,98099,2328,7392,512,0xf,False,0x6882
1784019994.796,104,104,21331,3,1,26381,-10,16,-97,3,4,1,98105,2328,7392,495,0xf,False,0x3806
1784019994.921,105,105,21531,3,1,26338,45,-15,-80,1,-2,-5,98112,2328,7392,484,0xf,False,0x48c0
1784019995.157,106,106,21731,3,1,26281,7,36,-82,-2,4,0,98118,2329,7392,518,0xf,False,0x28ce
1784019995.407,107,107,21931,3,1,26221,-11,15,-91,-4,-5,0,98124,2329,7392,496,0xf,False,0x1f20
1784019995.594,108,108,22131,3,1,26184,7,-2,-105,-5,0,1,98131,2329,7392,499,0xf,False,0xba29
1784019995.716,109,109,22331,3,1,26147,-5,14,-109,-4,1,4,98137,2330,7392,493,0xf,False,0x337a
1784019995.966,110,110,22531,3,1,26068,16,-5,-106,4,4,-2,98143,2330,7391,495,0xf,False,0xf2a5
1784019996.197,111,111,22731,3,1,26015,22,38,-107,0,-2,1,98149,2330,7391,516,0xf,False,0x5325
1784019996.326,112,112,22931,3,1,25957,27,30,-88,0,0,-1,98156,2331,7391,489,0xf,False,0x86c0
1784019996.572,113,113,23131,3,1,25916,5,-2,-93,-1,4,-3,98162,2331,7391,482,0xf,False,0x43bd
1784019996.758,114,114,23331,3,1,25887,-36,35,-106,2,-3,-4,98168,2331,7391,491,0xf,False,0x1319
1784019997.009,115,115,23531,3,1,25814,-2,6,-94,-3,-5,2,98175,2332,7391,482,0xf,False,0x4c18
1784019997.149,116,116,23731,3,1,25747,53,28,-106,-1,4,-1,98181,2332,7391,510,0xf,False,0x57fb
1784019997.335,117,117,23931,3,1,25721,-40,-56,-93,-4,4,0,98188,2332,7391,496,0xf,False,0xdc3b
1784019997.623,118,118,24131,3,1,25642,-36,-35,-85,4,0,0,98194,2333,7391,503,0xf,False,0xd625
