rx_time,seq,pkt_no,ms,flight_mode,eject_state,altitude_cm,acc_x,acc_y,acc_z,gyro_x,gyro_y,gyro_z,pressure,bmp_temp,voltage_mv,current_ma,system_status,ack_received,crc16
1784019105.158,1,1,0,0,0,-8,1,-3,1005,4,-3,2,101325,2500,7400,485,0xf,False,0x0
1784019105.359,2,2,200,0,0,-13,11,14,1044,-1,-4,5,101325,2500,7400,488,0xf,False,0x0
1784019105.559,3,3,401,0,0,1,60,47,977,3,-4,-2,101325,2500,7400,518,0xf,False,0x0
1784019105.760,4,4,601,0,0,0,-30,48,1024,5,-4,0,101325,2500,7400,498,0xf,False,0x0
1784019105.960,5,5,801,0,0,4,15,29,1044,-1,5,-5,101325,2500,7400,501,0xf,False,0x0
1784019106.161,6,6,1002,0,0,12,52,-56,1019,2,0,1,101325,2500,7400,487,0xf,False,0x0
1784019106.361,7,7,1203,0,0,13,35,31,1003,-4,4,5,101325,2500,7400,491,0xf,False,0x0
1784019106.561,8,8,1403,0,0,0,-49,23,1029,1,2,1,101325,2500,7400,491,0xf,False,0x0
1784019106.762,9,9,1603,0,0,1,-10,-11,954,5,-3,4,101325,2500,7400,516,0xf,False,0x0
1784019106.962,10,10,1804,0,0,10,-49,-55,984,-5,-2,1,101325,2500,7400,481,0xf,False,0x0
1784019107.163,11,11,2004,0,0,-2,-24,55,991,-4,-2,4,101325,2500,7400,514,0xf,False,0x0
1784019107.363,12,12,2204,0,0,-16,-9,-45,1003,-4,1,3,101325,2500,7400,502,0xf,False,0x0
1784019107.564,13,13,2405,0,0,-3,-11,56,993,-1,-5,4,101325,2500,7400,512,0xf,False,0x0
1784019107.764,14,14,2605,0,0,-7,50,59,1046,4,0,0,101325,2500,7399,515,0xf,False,0x0
1784019107.973,15,15,2814,0,0,-12,-14,38,994,4,-2,4,101325,2500,7399,514,0xf,False,0x0
1784019108.173,16,16,3015,0,0,-2,-55,7,1005,-3,5,0,101325,2500,7399,500,0xf,False,0x0
1784019108.374,17,17,3215,0,0,-1,3,4,1016,4,0,5,101325,2500,7399,497,0xf,False,0x0
1784019108.574,18,18,3415,0,0,9,22,44,974,-5,-3,-2,101325,2500,7399,487,0xf,False,0x0
1784019108.774,19,19,3616,0,0,18,-41,17,1045,1,3,1,101325,2500,7399,508,0xf,False,0x0
1784019108.977,20,20,3818,0,0,20,39,-1,963,4,4,0,101325,2500,7399,512,0xf,False,0x0
1784019109.177,21,21,4018,0,0,-14,-55,-36,1026,0,-1,-1,101325,2500,7399,502,0xf,False,0x0
1784019109.378,22,22,4219,0,0,5,-28,-34,1039,0,4,2,101325,2500,7399,487,0xf,False,0x0
1784019109.583,23,23,4425,0,0,5,-44,17,1021,1,4,0,101325,2500,7399,515,0xf,False,0x0
1784019109.784,24,24,4625,0,0,-3,32,28,1007,-5,4,1,101325,2500,7399,509,0xf,False,0x0
1784019110.014,25,25,4855,0,0,11,-19,-16,997,1,-2,0,101325,2500,7399,487,0xf,False,0x0
1784019110.215,26,26,5056,1,0,-4,56,-19,986,-1,-4,-2,101325,2500,7398,491,0xf,False,0x0
1784019110.415,27,27,5257,1,0,-2,59,-6,1040,1,0,1,101325,2500,7398,503,0xf,False,0x0
1784019110.628,28,28,5470,1,0,15,-32,31,1018,-4,1,1,101325,2500,7398,508,0xf,False,0x0
1784019110.865,29,29,5706,1,0,-3,4,36,999,3,0,-1,101325,2500,7398,482,0xf,False,0x0
1784019111.067,30,30,5908,1,0,-1,-28,52,978,3,-1,1,101325,2500,7398,480,0xf,False,0x0
1784019111.268,31,31,6109,1,0,-20,40,60,975,-1,-2,5,101325,2500,7398,487,0xf,False,0x0
1784019111.469,32,32,6310,1,0,-17,-52,-6,1008,-5,5,-4,101325,2500,7398,510,0xf,False,0x0
1784019111.669,33,33,6510,1,0,3,10,-18,1018,-5,0,0,101325,2500,7398,507,0xf,False,0x0
1784019111.869,34,34,6711,1,0,-15,-16,-41,974,1,3,4,101325,2500,7398,493,0xf,False,0x0
1784019112.069,35,35,6911,1,0,-8,56,31,1001,-1,2,2,101325,2500,7398,497,0xf,False,0x0
1784019112.281,36,36,7123,1,0,6,59,-26,1016,-2,-3,3,101325,2500,7398,482,0xf,False,0x0
1784019112.484,37,37,7326,1,0,-11,32,-55,951,5,-4,-3,101325,2500,7398,493,0xf,False,0x0
1784019112.887,39,39,7728,1,0,10,-53,-46,973,-1,-1,2,101325,2500,7397,482,0xf,False,0x0
1784019113.087,40,40,7928,1,0,-16,-18,7,1040,2,2,3,101325,2500,7397,493,0xf,False,0x0
1784019113.287,41,41,8129,1,0,18,-54,-31,1048,2,5,-4,101325,2500,7397,502,0xf,False,0x0
1784019113.488,42,42,8329,1,0,-17,55,-18,976,-4,1,-3,101325,2500,7397,500,0xf,False,0x0
1784019113.690,43,43,8532,1,0,14,10,0,1008,-3,4,2,101325,2500,7397,494,0xf,False,0x0
1784019113.891,44,44,8732,1,0,9,1,-38,1011,-2,-2,1,101325,2500,7397,491,0xf,False,0x0
1784019114.091,45,45,8933,1,0,10,24,1,976,0,-5,0,101325,2500,7397,498,0xf,False,0x0
1784019114.292,46,46,9133,1,0,-17,27,-44,1049,-2,-3,-5,101325,2500,7397,488,0xf,False,0x0
1784019114.494,47,47,9335,1,0,0,-5,-4,964,1,-1,-2,101325,2500,7397,497,0xf,False,0x0
1784019114.694,48,48,9536,1,0,16,9,-57,1036,-4,4,0,101325,2500,7397,483,0xf,False,0x0
1784019114.895,49,49,9736,1,0,1,-14,56,1021,0,0,0,101325,2500,7397,494,0xf,False,0x0
1784019115.095,50,50,9936,1,0,-10,32,-19,1020,5,-2,-1,101325,2500,7397,488,0xf,False,0x0
1784019115.296,51,51,10137,2,0,870,52,11,1256,4,-2,0,101218,2494,7396,506,0xf,False,0x0
1784019115.496,52,52,10338,2,0,2091,11,-4,1493,4,-2,4,101067,2486,7396,499,0xf,False,0x0
1784019115.697,53,53,10538,2,0,3314,-49,-13,1838,-5,-1,-2,100919,2478,7396,506,0xf,False,0x0
1784019115.897,54,54,10738,2,0,4497,51,27,2095,0,2,-2,100775,2470,7396,484,0xf,False,0x0
1784019116.103,55,55,10944,2,0,5673,42,-35,2430,1,-5,5,100631,2463,7396,516,0xf,False,0x0
1784019116.504,57,57,11345,2,0,7878,-7,50,2914,-2,-3,-3,100362,2448,7396,511,0xf,False,0x0
1784019116.704,58,58,11545,2,0,8929,-54,-18,3063,-1,1,5,100233,2441,7396,480,0xf,False,0x0
1784019116.904,59,59,11745,2,0,9982,7,43,3174,3,-4,-1,100107,2435,7396,510,0xf,False,0x0
1784019117.104,60,60,11946,2,0,10989,-32,53,3323,5,-2,3,99985,2428,7396,494,0xf,False,0x0
1784019117.305,61,61,12146,2,0,11956,-38,13,3401,3,5,5,99867,2422,7396,510,0xf,False,0x0
1784019117.505,62,62,12346,2,0,12905,7,-32,3525,-1,-5,2,99752,2416,7396,494,0xf,False,0x0
1784019117.706,63,63,12547,2,0,13808,-6,-46,3544,-5,-2,-4,99641,2410,7395,520,0xf,False,0x0
1784019117.906,64,64,12747,2,0,14690,32,54,3450,-1,0,0,99534,2404,7395,509,0xf,False,0x0
1784019118.106,65,65,12948,2,0,15541,11,-49,3402,5,5,3,99430,2399,7395,510,0xf,False,0x0
1784019118.507,67,67,13349,2,0,17134,59,54,3148,1,1,4,99234,2388,7395,513,0xf,False,0x0
1784019118.708,68,68,13549,2,0,17904,20,-23,2970,2,4,0,99142,2383,7395,506,0xf,False,0x0
1784019118.911,69,69,13752,2,0,18628,-43,-15,2726,5,1,3,99051,2378,7395,519,0xf,False,0x0
1784019119.122,70,70,13963,2,0,19367,-26,-34,2505,1,2,0,98962,2374,7395,494,0xf,False,0x0
1784019119.322,71,71,14163,2,0,20022,16,54,2276,-3,1,5,98881,2369,7395,520,0xf,False,0x0
1784019119.523,72,72,14364,2,0,20664,-12,57,2007,4,0,4,98803,2365,7395,508,0xf,False,0x0
1784019119.723,73,73,14565,2,0,21257,29,33,1698,1,0,-2,98729,2361,7395,491,0xf,False,0x0
1784019119.924,74,74,14765,2,0,21865,12,-51,1403,-1,0,-1,98658,2357,7395,512,0xf,False,0x0
1784019120.124,75,75,14965,2,0,22404,-24,42,1098,-3,-2,-4,98592,2354,7395,483,0xf,False,0x0
1784019120.325,76,76,15166,2,0,22896,11,-50,-238,-3,4,2,98529,2351,7394,494,0xf,False,0x0
1784019120.525,77,77,15367,2,0,23403,-35,-43,-223,2,5,4,98469,2347,7394,503,0xf,False,0x0
1784019120.726,78,78,15567,2,0,23877,-7,40,-244,-4,-2,0,98414,2344,7394,520,0xf,False,0x0
1784019120.926,79,79,15768,2,0,24279,52,-19,-263,4,1,1,98362,2342,7394,516,0xf,False,0x0
1784019121.127,80,80,15968,2,0,24674,40,-36,-245,-1,-4,-3,98313,2339,7394,520,0xf,False,0x0
1784019121.334,81,81,16175,2,0,25061,51,25,-344,2,2,1,98267,2337,7394,483,0xf,False,0x0
1784019121.534,82,82,16376,2,0,25407,-24,16,-330,2,-5,2,98226,2334,7394,488,0xf,False,0x0
1784019121.735,83,83,16576,2,0,25709,13,-26,-376,2,-5,-2,98189,2332,7394,500,0xf,False,0x0
1784019121.935,84,84,16776,2,0,25981,-41,-60,-312,2,2,3,98155,2331,7394,501,0xf,False,0x0
1784019122.135,85,85,16977,2,0,26240,-13,46,-394,-1,-3,-1,98126,2329,7394,499,0xf,False,0x0
1784019122.336,86,86,17178,2,0,26418,-48,34,-392,3,-4,-1,98099,2328,7394,514,0xf,False,0x0
1784019122.537,87,87,17378,2,0,26607,57,-41,-374,-5,3,3,98077,2326,7394,481,0xf,False,0x0
1784019122.738,88,88,17580,2,0,26758,-37,-34,-394,-2,-2,2,98058,2325,7393,494,0xf,False,0x0
1784019122.939,89,89,17780,2,0,26910,-50,-21,-471,4,5,2,98043,2325,7393,496,0xf,False,0x0
1784019123.139,90,90,17981,2,0,27000,-26,-32,-455,2,5,-2,98031,2324,7393,500,0xf,False,0x0
1784019123.340,91,91,18181,2,0,27055,-51,0,-407,0,4,2,98023,2324,7393,486,0xf,False,0x0
1784019123.540,92,92,18381,2,0,27089,27,-21,-457,-2,-4,-5,98019,2323,7393,502,0xf,False,0x0
1784019123.740,93,93,18582,3,1,27070,51,8,-128,-5,-4,4,98021,2323,7393,484,0xf,False,0x0
1784019123.941,94,94,18782,3,1,27015,-33,54,-117,0,-4,-5,98027,2324,7393,509,0xf,False,0x0
1784019124.141,95,95,18982,3,1,26986,-33,-58,-50,-2,0,2,98033,2324,7393,483,0xf,False,0x0
1784019124.341,96,96,19183,3,1,26935,-41,9,-123,-4,0,-2,98039,2324,7393,517,0xf,False,0x0
1784019124.542,97,97,19383,3,1,26886,41,-40,-121,0,-4,-2,98045,2325,7393,489,0xf,False,0x0
1784019124.743,98,98,19584,3,1,26832,35,60,-50,2,-5,-4,98051,2325,7393,513,0xf,False,0x0
1784019124.943,99,99,19784,3,1,26767,60,33,-95,-1,-3,-4,98057,2325,7393,480,0xf,False,0x0
1784019125.344,101,101,20185,3,1,26671,-42,7,-116,1,2,5,98070,2326,7392,482,0xf,False,0x0
1784019125.545,102,102,20386,3,1,26646,17,-25,-65,1,-1,-5,98076,2326,7392,519,0xf,False,0x0
1784019125.746,103,103,20587,3,1,26564,-60,56,-40,-4,5,-3,98082,2327,7392,497,0xf,False,0x0
1784019125.946,104,104,20788,3,1,26506,-56,-3,-60,4,1,5,98089,2327,7392,512,0xf,False,0x0
1784019126.146,105,105,20988,3,1,26460,-42,42,-140,-5,-3,0,98095,2327,7392,519,0xf,False,0x0
1784019126.351,106,106,21192,3,1,26425,-17,-33,-78,-1,-5,-5,98101,2328,7392,519,0xf,False,0x0
1784019126.551,107,107,21393,3,1,26375,-53,26,-50,5,1,3,98107,2328,7392,492,0xf,False,0x0
1784019126.752,108,108,21594,3,1,26312,32,52,-110,-3,-4,-1,98114,2328,7392,500,0xf,False,0x0
1784019126.953,109,109,21794,3,1,26273,20,-50,-48,0,0,-1,98120,2329,7392,496,0xf,False,0x0
1784019127.154,110,110,21995,3,1,26214,35,20,-104,5,-3,3,98126,2329,7392,511,0xf,False,0x0
1784019127.362,111,111,22203,3,1,26156,-22,32,-116,-5,-4,0,98133,2329,7392,518,0xf,False,0x0
1784019127.562,112,112,22404,3,1,26103,-42,-41,-92,-4,2,5,98139,2330,7392,498,0xf,False,0x0
1784019127.763,113,113,22605,3,1,26049,50,27,-70,-1,-3,1,98145,2330,7391,516,0xf,False,0x0
1784019127.964,114,114,22805,3,1,26009,47,-58,-84,3,-4,1,98152,2330,7391,501,0xf,False,0x0
1784019128.164,115,115,23006,3,1,25969,-19,0,-82,2,0,1,98158,2331,7391,517,0xf,False,0x0
1784019128.365,116,116,23206,3,1,25910,16,1,-95,2,-5,5,98165,2331,7391,503,0xf,False,0x0
1784019128.610,117,117,23451,3,1,25824,25,45,-72,-4,3,-4,98172,2332,7391,493,0xf,False,0x0
1784019128.811,118,118,23652,3,1,25799,58,-6,-132,3,-1,2,98179,2332,7391,502,0xf,False,0x0
1784019129.013,119,119,23854,3,1,25744,48,-37,-55,0,-2,3,98185,2332,7391,516,0xf,False,0x0
1784019129.249,120,120,24090,3,1,25666,-15,-20,-84,-5,-3,-5,98193,2333,7391,505,0xf,False,0x0
1784019129.449,121,121,24290,3,1,25633,-36,-33,-64,2,-1,-4,98199,2333,7391,506,0xf,False,0x0
1784019129.668,122,122,24510,3,1,25567,-60,12,-67,-3,-4,3,98206,2333,7391,480,0xf,False,0x0
1784019129.869,123,123,24710,3,1,25519,-31,58,-50,1,2,5,98213,2334,7391,510,0xf,False,0x0
1784019130.069,124,124,24910,3,1,25468,9,45,-108,3,3,-5,98219,2334,7391,492,0xf,False,0x0
1784019130.269,125,125,25110,3,1,25418,59,2,-98,2,-3,-2,98225,2334,7390,498,0xf,False,0x0
1784019130.471,126,126,25312,3,1,25330,-6,37,-56,4,-5,1,98232,2335,7390,500,0xf,False,0x0
1784019130.671,127,127,25512,3,1,25301,-54,28,-130,4,5,2,98238,2335,7390,518,0xf,False,0x0
1784019130.872,128,128,25713,3,1,25243,19,0,-107,0,-2,4,98245,2335,7390,507,0xf,False,0x0
1784019131.074,129,129,25916,3,1,25196,-33,-36,-77,5,1,-2,98251,2336,7390,484,0xf,False,0x0
1784019131.275,130,130,26117,3,1,25119,32,-55,-119,0,-4,3,98258,2336,7390,505,0xf,False,0x0
1784019131.490,131,131,26331,3,1,25066,-19,38,-46,2,-1,2,98265,2336,7390,497,0xf,False,0x0
1784019131.690,132,132,26532,3,1,25026,22,42,-72,1,-1,-3,98271,2337,7390,488,0xf,False,0x0
1784019131.891,133,133,26732,3,1,24958,-45,56,-96,1,-2,3,98278,2337,7390,504,0xf,False,0x0
1784019132.091,134,134,26932,3,1,24901,12,6,-120,2,3,0,98285,2338,7390,512,0xf,False,0x0
1784019132.291,135,135,27133,3,1,24851,3,23,-96,3,-1,-2,98291,2338,7390,502,0xf,False,0x0
1784019132.492,136,136,27333,3,1,24805,-9,35,-136,-4,2,-5,98298,2338,7390,510,0xf,False,0x0
1784019132.692,137,137,27534,3,1,24772,-58,24,-98,4,0,-2,98304,2339,7389,517,0xf,False,0x0
1784019132.892,138,138,27734,3,1,24703,-46,-12,-50,-3,5,-2,98311,2339,7389,481,0xf,False,0x0
1784019133.094,139,139,27934,3,1,24648,49,58,-108,-3,0,1,98318,2339,7389,517,0xf,False,0x0
1784019133.295,140,140,28137,3,1,24592,-54,48,-111,-3,2,-3,98324,2340,7389,494,0xf,False,0x0
1784019133.496,141,141,28337,3,1,24535,53,46,-61,5,3,0,98331,2340,7389,485,0xf,False,0x0
1784019133.696,142,142,28538,3,1,24463,21,37,-133,5,-4,5,98338,2340,7389,487,0xf,False,0x0
1784019133.896,143,143,28738,3,1,24442,45,-21,-82,-2,2,4,98344,2341,7389,480,0xf,False,0x0
1784019134.097,144,144,28938,3,1,24388,-55,-48,-93,4,-1,-5,98351,2341,7389,510,0xf,False,0x0
1784019134.298,145,145,29139,3,1,24299,-14,7,-92,3,0,3,98358,2341,7389,483,0xf,False,0x0
1784019134.498,146,146,29339,3,1,24244,41,58,-49,-3,2,-3,98364,2342,7389,491,0xf,False,0x0
1784019134.698,147,147,29539,3,1,24210,-22,23,-146,0,-1,3,98371,2342,7389,489,0xf,False,0x0
1784019134.899,148,148,29740,3,1,24159,53,-53,-75,-1,-3,3,98378,2342,7389,508,0xf,False,0x0
1784019135.099,149,149,29940,3,1,24115,-43,28,-94,5,1,-5,98384,2343,7389,507,0xf,False,0x0
1784019135.299,150,150,30140,3,1,24060,33,-45,-78,5,-2,-4,98391,2343,7388,500,0xf,False,0x0
1784019135.500,151,151,30341,3,1,24008,-16,-34,-66,2,5,3,98398,2344,7388,497,0xf,False,0x0
1784019135.718,152,152,30559,3,1,23916,28,-12,-112,-5,3,2,98405,2344,7388,484,0xf,False,0x0
1784019135.920,153,153,30761,3,1,23887,19,-40,-91,1,1,5,98412,2344,7388,506,0xf,False,0x0
1784019136.135,154,154,30977,3,1,23811,-25,-18,-81,2,1,-5,98419,2345,7388,497,0xf,False,0x0
1784019136.336,155,155,31178,3,1,23771,-52,-10,-148,4,4,-3,98426,2345,7388,483,0xf,False,0x0
1784019136.537,156,156,31378,3,1,23692,-21,47,-59,-4,-5,-4,98433,2345,7388,499,0xf,False,0x0
1784019136.738,157,157,31579,3,1,23661,36,12,-77,2,-3,4,98440,2346,7388,512,0xf,False,0x0
1784019136.938,158,158,31779,3,1,23574,-48,-18,-112,-1,-3,4,98447,2346,7388,506,0xf,False,0x0
1784019137.138,159,159,31980,3,1,23530,-59,31,-149,-1,-1,0,98454,2347,7388,505,0xf,False,0x0
1784019137.339,160,160,32180,3,1,23480,-29,8,-132,-2,2,-4,98461,2347,7388,516,0xf,False,0x0
1784019137.539,161,161,32381,3,1,23435,28,-4,-131,5,4,1,98467,2347,7388,504,0xf,False,0x0
1784019137.740,162,162,32581,3,1,23361,50,-23,-103,-2,2,4,98474,2348,7387,515,0xf,False,0x0
1784019137.947,163,163,32788,3,1,23310,-43,-31,-44,3,-2,-5,98482,2348,7387,500,0xf,False,0x0
1784019138.148,164,164,32989,3,1,23256,-60,-4,-79,-3,5,-4,98488,2348,7387,496,0xf,False,0x0
1784019138.348,165,165,33189,3,1,23195,60,39,-53,-5,1,1,98495,2349,7387,496,0xf,False,0x0
1784019138.549,166,166,33390,3,1,23138,-29,39,-59,-3,1,0,98502,2349,7387,514,0xf,False,0x0
1784019138.750,167,167,33591,3,1,23059,27,-51,-118,4,-4,5,98509,2350,7387,510,0xf,False,0x0
1784019138.951,168,168,33792,3,1,23031,42,-12,-65,1,-4,-4,98516,2350,7387,493,0xf,False,0x0
1784019139.152,169,169,33993,3,1,22949,-1,-12,-89,-4,2,1,98523,2350,7387,489,0xf,False,0x0
1784019139.352,170,170,34194,3,1,22919,-14,26,-77,4,4,4,98530,2351,7387,497,0xf,False,0x0
1784019139.560,171,171,34401,3,1,22845,6,21,-39,1,-5,2,98538,2351,7387,515,0xf,False,0x0
1784019139.762,172,172,34603,3,1,22785,27,-19,-39,-2,-1,2,98545,2351,7387,511,0xf,False,0x0
1784019139.962,173,173,34804,3,1,22731,-6,-49,-102,1,5,-5,98552,2352,7387,516,0xf,False,0x0
1784019140.163,174,174,35004,3,1,22658,7,59,-109,3,-4,1,98559,2352,7386,488,0xf,False,0x0
1784019140.363,175,175,35204,3,1,22620,21,27,-39,-3,2,-4,98566,2353,7386,481,0xf,False,0x0
1784019140.563,176,176,35405,3,1,22533,-46,-40,-100,-4,-3,-3,98573,2353,7386,502,0xf,False,0x0
1784019140.965,178,178,35806,3,1,22439,-28,2,-56,3,-3,-2,98588,2354,7386,501,0xf,False,0x0
1784019141.165,179,179,36007,3,1,22360,-59,36,-61,1,2,-1,98595,2354,7386,503,0xf,False,0x0
1784019141.366,180,180,36207,3,1,22307,-54,27,-66,2,3,2,98602,2354,7386,519,0xf,False,0x0
1784019141.566,181,181,36408,3,1,22246,55,-60,-65,0,-5,-4,98609,2355,7386,486,0xf,False,0x0
1784019141.767,182,182,36609,3,1,22204,-34,-29,-124,2,-3,0,98616,2355,7386,513,0xf,False,0x0
1784019141.968,183,183,36809,3,1,22158,-43,58,-51,-3,-1,1,98624,2356,7386,505,0xf,False,0x0
1784019142.202,184,184,37044,3,1,22071,44,8,-111,4,1,3,98632,2356,7386,485,0xf,False,0x0
1784019142.405,185,185,37246,3,1,22000,20,20,-33,0,2,4,98639,2356,7386,483,0xf,False,0x0
1784019142.655,186,186,37496,3,1,21930,5,19,-70,-1,-3,0,98648,2357,7386,507,0xf,False,0x0
1784019142.855,187,187,37697,3,1,21893,52,3,-72,1,2,-4,98656,2357,7385,511,0xf,False,0x0
1784019143.091,188,188,37932,3,1,21802,-21,44,-68,-5,5,0,98664,2358,7385,491,0xf,False,0x0
1784019143.306,189,189,38147,3,1,21744,-14,8,-94,1,-1,3,98672,2358,7385,501,0xf,False,0x0
1784019143.710,191,191,38551,3,1,21632,57,41,-124,-5,2,-3,98687,2359,7385,500,0xf,False,0x0
1784019143.910,192,192,38751,3,1,21552,-41,49,-57,-3,3,-1,98694,2359,7385,489,0xf,False,0x0
1784019144.110,193,193,38952,3,1,21496,-12,9,-119,2,1,-4,98702,2360,7385,498,0xf,False,0x0
1784019144.340,194,194,39181,3,1,21419,50,-8,-48,4,-4,-1,98710,2360,7385,499,0xf,False,0x0
1784019144.943,197,197,39784,3,1,21264,40,41,-137,-1,1,4,98733,2361,7385,490,0xf,False,0x0
1784019145.344,199,199,40185,3,1,21104,44,39,-84,5,-2,-4,98748,2362,7384,518,0xf,False,0x0
1784019145.544,200,200,40386,3,1,21065,50,26,-55,-3,5,1,98755,2363,7384,518,0xf,False,0x0
1784019145.766,201,201,40608,3,1,20981,-33,-28,-76,3,-2,3,98763,2363,7384,498,0xf,False,0x0
1784019145.967,202,202,40808,3,1,20932,40,-5,-149,-5,3,-5,98771,2363,7384,495,0xf,False,0x0
1784019146.167,203,203,41008,3,1,20849,35,5,-77,3,-3,5,98779,2364,7384,482,0xf,False,0x0
1784019146.368,204,204,41209,3,1,20786,28,56,-82,5,1,0,98786,2364,7384,480,0xf,False,0x0
1784019146.568,205,205,41410,3,1,20744,10,-54,-105,-3,1,5,98794,2365,7384,484,0xf,False,0x0
1784019146.770,206,206,41612,3,1,20662,0,-47,-142,2,-3,-4,98802,2365,7384,489,0xf,False,0x0
1784019146.971,207,207,41812,3,1,20604,8,-13,-57,1,2,-5,98809,2365,7384,517,0xf,False,0x0
1784019147.171,208,208,42012,3,1,20561,16,-28,-125,-1,3,5,98817,2366,7384,484,0xf,False,0x0
1784019147.373,209,209,42213,3,1,20501,37,-2,-109,0,-3,4,98825,2366,7384,494,0xf,False,0x0
1784019147.603,210,210,42444,3,1,20434,-21,-25,-96,5,-5,2,98833,2367,7384,491,0xf,False,0x0
1784019147.809,211,211,42650,3,1,20356,9,-11,-88,-1,5,4,98841,2367,7383,491,0xf,False,0x0
1784019148.009,212,212,42851,3,1,20302,28,-1,-118,1,-5,-5,98849,2368,7383,520,0xf,False,0x0
1784019148.210,213,213,43051,3,1,20240,60,-10,-78,3,-4,-5,98857,2368,7383,495,0xf,False,0x0
1784019148.410,214,214,43252,3,1,20156,25,-37,-96,-4,-5,1,98865,2368,7383,516,0xf,False,0x0
1784019148.611,215,215,43452,3,1,20103,-26,-23,-130,-1,3,-2,98873,2369,7383,517,0xf,False,0x0
1784019148.820,216,216,43661,3,1,20043,24,-40,-69,3,-1,5,98881,2369,7383,496,0xf,False,0x0
1784019149.021,217,217,43862,3,1,19964,-3,57,-112,-5,-3,3,98889,2370,7383,509,0xf,False,0x0
1784019149.222,218,218,44064,3,1,19890,25,-4,-85,1,-3,-1,98897,2370,7383,520,0xf,False,0x0
1784019149.425,219,219,44266,3,1,19820,-51,45,-128,-1,-5,-4,98904,2371,7383,516,0xf,False,0x0
1784019149.634,220,220,44475,3,1,19760,36,-20,-69,0,-1,-2,98913,2371,7383,520,0xf,False,0x0
1784019149.874,221,221,44715,3,1,19673,18,56,-114,-3,4,-1,98922,2372,7383,520,0xf,False,0x0
1784019150.078,222,222,44919,3,1,19604,-60,-39,-69,-2,5,-1,98930,2372,7383,510,0xf,False,0x0
1784019150.293,223,223,45135,3,1,19566,24,45,-98,1,-3,-2,98939,2372,7382,488,0xf,False,0x0
1784019150.495,224,224,45336,3,1,19496,-56,23,-62,0,4,4,98947,2373,7382,505,0xf,False,0x0
1784019150.695,225,225,45536,3,1,19406,-42,-60,-96,-5,4,1,98955,2373,7382,488,0xf,False,0x0
1784019150.895,226,226,45737,3,1,19345,34,-31,-145,-2,-5,-5,98963,2374,7382,503,0xf,False,0x0
1784019151.101,227,227,45942,3,1,19292,-60,-35,-68,4,-2,-2,98971,2374,7382,498,0xf,False,0x0
1784019151.573,229,229,46415,3,1,19119,-44,26,-97,-2,5,-1,98991,2375,7382,483,0xf,False,0x0
1784019151.812,230,230,46654,3,1,19068,-41,25,-143,-4,4,4,99000,2376,7382,492,0xf,False,0x0
1784019152.031,231,231,46872,3,1,18988,-10,-26,-40,0,4,-3,99009,2376,7382,494,0xf,False,0x0
1784019152.231,232,232,47073,3,1,18894,4,-32,-120,-4,-2,-1,99017,2377,7382,495,0xf,False,0x0
1784019152.432,233,233,47273,3,1,18859,-51,-35,-44,3,-2,1,99026,2377,7382,497,0xf,False,0x0
1784019152.646,234,234,47488,3,1,18761,-31,57,-49,2,-5,-5,99034,2377,7382,518,0xf,False,0x0
1784019152.883,235,235,47724,3,1,18690,26,-3,-99,5,4,-3,99044,2378,7381,511,0xf,False,0x0
1784019153.083,236,236,47925,3,1,18638,-10,-57,-93,5,-1,-3,99053,2378,7381,491,0xf,False,0x0
1784019153.284,237,237,48125,3,1,18555,14,25,-58,5,1,3,99061,2379,7381,520,0xf,False,0x0
1784019153.484,238,238,48325,3,1,18495,51,6,-55,2,4,1,99069,2379,7381,513,0xf,False,0x0
1784019153.701,239,239,48543,3,1,18396,31,-12,-122,1,-1,-1,99078,2380,7381,516,0xf,False,0x0
1784019153.902,240,240,48743,3,1,18355,29,3,-148,5,1,-4,99087,2380,7381,518,0xf,False,0x0
1784019154.103,241,241,48944,3,1,18289,-29,38,-61,-5,0,-4,99095,2381,7381,505,0xf,False,0x0
1784019154.303,242,242,49144,3,1,18195,12,18,-71,2,5,0,99104,2381,7381,495,0xf,False,0x0
1784019154.505,243,243,49346,3,1,18120,-59,-58,-84,-3,-5,0,99112,2382,7381,499,0xf,False,0x0
1784019154.705,244,244,49547,3,1,18048,-31,-30,-88,-2,-4,3,99121,2382,7381,500,0xf,False,0x0
1784019154.906,245,245,49747,3,1,17985,-47,-15,-140,-1,0,-4,99129,2383,7381,517,0xf,False,0x0
1784019155.106,246,246,49947,3,1,17926,55,41,-110,-1,2,5,99138,2383,7381,518,0xf,False,0x0
1784019155.307,247,247,50148,3,1,17845,19,31,-122,-2,0,-2,99147,2383,7380,481,0xf,False,0x0
1784019155.507,248,248,50349,3,1,17776,-26,-17,-75,5,1,-1,99155,2384,7380,504,0xf,False,0x0
1784019155.708,249,249,50549,3,1,17706,-34,1,-76,-3,-2,-4,99164,2384,7380,502,0xf,False,0x0
1784019155.908,250,250,50750,3,1,17638,-17,53,-115,-1,1,0,99173,2385,7380,514,0xf,False,0x0
1784019156.109,251,251,50950,3,1,17553,54,-50,-110,0,2,-3,99181,2385,7380,517,0xf,False,0x0
1784019156.311,252,252,51152,3,1,17487,-40,0,-119,5,-4,3,99190,2386,7380,482,0xf,False,0x0
1784019156.511,253,253,51352,3,1,17436,41,-53,-105,1,5,3,99199,2386,7380,483,0xf,False,0x0
1784019156.711,254,254,51553,3,1,17369,58,43,-62,-1,-3,-2,99208,2387,7380,497,0xf,False,0x0
1784019156.912,255,255,51753,3,1,17293,-27,-5,-63,-3,1,4,99216,2387,7380,514,0xf,False,0x0
1784019157.113,256,256,51954,3,1,17205,21,-60,-81,3,4,2,99225,2388,7380,492,0xf,False,0x0
1784019157.314,257,257,52155,3,1,17122,21,-26,-101,-4,-1,4,99234,2388,7380,496,0xf,False,0x0
1784019157.515,258,258,52357,3,1,17064,-56,-1,-112,1,-5,1,99243,2389,7380,483,0xf,False,0x0
1784019157.716,259,259,52557,3,1,17001,-16,-60,-64,0,2,4,99252,2389,7379,513,0xf,False,0x0
1784019157.916,260,260,52758,3,1,16929,-37,-35,-80,-1,4,-2,99261,2390,7379,497,0xf,False,0x0
1784019158.117,261,261,52958,3,1,16825,-10,44,-65,2,-3,3,99270,2390,7379,512,0xf,False,0x0
1784019158.317,262,262,53158,3,1,16754,-49,55,-53,5,1,2,99279,2391,7379,487,0xf,False,0x0
1784019158.517,263,263,53359,3,1,16689,5,10,-48,-3,-3,5,99288,2391,7379,500,0xf,False,0x0
1784019158.719,264,264,53560,3,1,16630,4,-32,-60,-4,0,-1,99298,2392,7379,500,0xf,False,0x0
1784019158.919,265,265,53760,3,1,16558,-51,46,-118,-1,3,-3,99307,2392,7379,500,0xf,False,0x0
1784019159.119,266,266,53961,3,1,16461,-24,-39,-135,0,-4,-3,99316,2392,7379,511,0xf,False,0x0
1784019159.321,267,267,54162,3,1,16391,7,-14,-100,3,-5,-1,99325,2393,7379,495,0xf,False,0x0
1784019159.521,268,268,54363,3,1,16316,-10,42,-149,-3,2,1,99334,2393,7379,493,0xf,False,0x0
1784019159.722,269,269,54563,3,1,16250,4,-38,-79,3,-3,-5,99344,2394,7379,482,0xf,False,0x0
1784019159.922,270,270,54763,3,1,16140,37,-57,-114,-3,-5,-1,99353,2394,7379,484,0xf,False,0x0
1784019160.122,271,271,54963,3,1,16095,-14,-26,-123,-2,5,4,99362,2395,7379,488,0xf,False,0x0
1784019160.322,272,272,55164,3,1,15995,-14,-28,-86,-4,-5,-5,99372,2395,7378,512,0xf,False,0x0
1784019160.523,273,273,55364,3,1,15914,-57,56,-118,0,-1,1,99381,2396,7378,481,0xf,False,0x0
1784019160.725,274,274,55567,3,1,15846,-36,19,-116,0,-3,-1,99391,2396,7378,497,0xf,False,0x0
1784019160.926,275,275,55767,3,1,15783,-36,22,-136,-5,-1,-1,99400,2397,7378,512,0xf,False,0x0
1784019161.126,276,276,55968,3,1,15678,-59,52,-120,-5,3,4,99410,2397,7378,482,0xf,False,0x0
1784019161.327,277,277,56168,3,1,15630,-29,-17,-111,1,-5,4,99420,2398,7378,486,0xf,False,0x0
1784019161.736,279,279,56577,3,1,15451,24,53,-51,4,-1,-5,99439,2399,7378,488,0xf,False,0x0
1784019161.936,280,280,56777,3,1,15362,45,-53,-88,4,-2,-2,99449,2400,7378,483,0xf,False,0x0
1784019162.136,281,281,56977,3,1,15291,60,-42,-98,-4,-5,4,99459,2400,7378,509,0xf,False,0x0
1784019162.336,282,282,57178,3,1,15215,26,41,-110,-2,-2,0,99469,2401,7378,493,0xf,False,0x0
1784019162.537,283,283,57378,3,1,15116,-1,-48,-64,-5,-1,-1,99478,2401,7378,506,0xf,False,0x0
1784019162.738,284,284,57580,3,1,15057,-60,-30,-117,-1,4,-5,99488,2402,7377,496,0xf,False,0x0
1784019162.940,285,285,57781,3,1,14962,-26,-54,-107,2,-4,-3,99498,2402,7377,495,0xf,False,0x0
1784019163.140,286,286,57982,3,1,14885,-44,-23,-119,-1,4,-4,99508,2403,7377,486,0xf,False,0x0
1784019163.340,287,287,58182,3,1,14798,-39,11,-88,1,-3,-2,99518,2403,7377,488,0xf,False,0x0
1784019163.742,289,289,58583,3,1,14621,-1,-32,-59,-5,-4,-4,99539,2404,7377,511,0xf,False,0x0
1784019163.943,290,290,58784,3,1,14539,-24,39,-101,2,2,-3,99549,2405,7377,489,0xf,False,0x0
1784019164.143,291,291,58984,3,1,14465,-47,30,-130,5,2,5,99559,2405,7377,515,0xf,False,0x0
1784019164.343,292,292,59185,3,1,14375,25,51,-122,-1,-3,-3,99569,2406,7377,512,0xf,False,0x0
1784019164.544,293,293,59385,3,1,14298,39,26,-79,-4,4,-2,99579,2407,7377,512,0xf,False,0x0
1784019164.744,294,294,59586,3,1,14236,47,-35,-79,4,-5,3,99590,2407,7377,515,0xf,False,0x0
1784019164.945,295,295,59786,3,1,14136,-28,-1,-70,3,-4,0,99600,2408,7377,511,0xf,False,0x0
1784019165.145,296,296,59987,3,1,14042,20,-10,-58,-1,3,-1,99611,2408,7377,510,0xf,False,0x0
1784019165.345,297,297,60187,3,1,13947,40,-54,-63,0,-2,-3,99621,2409,7376,497,0xf,False,0x0
1784019165.546,298,298,60387,3,1,13883,52,33,-70,-2,4,0,99632,2409,7376,520,0xf,False,0x0
1784019165.746,299,299,60587,3,1,13801,-29,-37,-55,-5,-4,4,99642,2410,7376,518,0xf,False,0x0
1784019165.946,300,300,60788,3,1,13705,-49,-56,-145,0,3,-4,99653,2410,7376,516,0xf,False,0x0
1784019166.147,301,301,60988,3,1,13613,-30,-42,-119,1,4,-2,99664,2411,7376,500,0xf,False,0x0
1784019166.347,302,302,61188,3,1,13543,10,56,-128,3,-1,-4,99675,2412,7376,480,0xf,False,0x0
1784019166.548,303,303,61389,3,1,13454,16,23,-113,2,-4,-3,99685,2412,7376,512,0xf,False,0x0
1784019166.748,304,304,61589,3,1,13351,39,20,-114,5,-3,1,99696,2413,7376,498,0xf,False,0x0
1784019166.949,305,305,61790,3,1,13244,57,-9,-66,-1,5,-2,99707,2413,7376,486,0xf,False,0x0
1784019167.149,306,306,61990,3,1,13156,-28,41,-126,-3,0,1,99718,2414,7376,506,0xf,False,0x0
1784019167.350,307,307,62191,3,1,13091,40,34,-87,5,1,-4,99729,2415,7376,492,0xf,False,0x0
1784019167.550,308,308,62391,3,1,12979,34,-39,-83,2,-5,-3,99741,2415,7376,499,0xf,False,0x0
1784019167.751,309,309,62592,3,1,12902,-11,51,-56,2,1,-5,99752,2416,7375,494,0xf,False,0x0
1784019167.951,310,310,62793,3,1,12814,-7,57,-64,-3,-5,-4,99763,2416,7375,507,0xf,False,0x0
1784019168.152,311,311,62993,3,1,12703,-47,-7,-81,0,5,5,99774,2417,7375,489,0xf,False,0x0
1784019168.354,312,312,63195,3,1,12625,-52,-34,-63,-2,1,4,99786,2418,7375,484,0xf,False,0x0
1784019168.555,313,313,63396,3,1,12525,37,-46,-75,1,-1,0,99798,2418,7375,492,0xf,False,0x0
1784019168.956,315,315,63797,3,1,12336,-22,-21,-110,-1,3,5,99821,2419,7375,499,0xf,False,0x0
1784019169.156,316,316,63998,3,1,12234,-18,43,-149,3,-4,-1,99832,2420,7375,515,0xf,False,0x0
1784019169.356,317,317,64198,3,1,12117,-41,-4,-113,4,-2,2,99844,2421,7375,493,0xf,False,0x0
1784019169.759,319,319,64600,3,1,11924,42,52,-96,-2,-5,-4,99868,2422,7375,515,0xf,False,0x0
1784019169.960,320,320,64801,3,1,11851,50,-39,-126,5,1,1,99880,2423,7375,495,0xf,False,0x0
1784019170.161,321,321,65003,3,1,11753,-1,52,-117,-5,-2,2,99892,2423,7374,507,0xf,False,0x0
1784019170.378,322,322,65220,3,1,11631,36,-47,-118,-5,-1,0,99906,2424,7374,482,0xf,False,0x0
1784019170.580,323,323,65421,3,1,11529,30,-8,-97,-2,-4,-3,99918,2425,7374,494,0xf,False,0x0
1784019170.781,324,324,65622,3,1,11442,45,-55,-52,3,1,1,99930,2425,7374,504,0xf,False,0x0
1784019170.981,325,325,65822,3,1,11332,47,49,-74,0,-2,4,99943,2426,7374,519,0xf,False,0x0
1784019171.182,326,326,66023,3,1,11219,-18,25,-87,0,-2,3,99955,2427,7374,502,0xf,False,0x0
1784019171.382,327,327,66224,3,1,11136,21,-54,-118,-2,4,4,99968,2427,7374,513,0xf,False,0x0
1784019171.583,328,328,66424,3,1,11013,32,-8,-92,3,1,-3,99981,2428,7374,514,0xf,False,0x0
1784019171.791,329,329,66632,3,1,10911,-18,54,-93,-3,1,-5,99994,2429,7374,517,0xf,False,0x0
1784019172.197,331,331,67038,3,1,10687,-14,46,-137,-1,2,1,100020,2430,7374,487,0xf,False,0x0
1784019172.398,332,332,67239,3,1,10567,15,9,-129,2,5,-2,100034,2431,7374,497,0xf,False,0x0
1784019172.601,333,333,67442,3,1,10477,60,46,-110,4,2,-3,100047,2431,7374,495,0xf,False,0x0
1784019172.802,334,334,67643,3,1,10379,40,-56,-74,4,2,3,100060,2432,7373,507,0xf,False,0x0
1784019173.039,335,335,67881,3,1,10233,-36,31,-98,4,0,3,100077,2433,7373,502,0xf,False,0x0
1784019173.274,336,336,68115,3,1,10095,-21,-16,-74,3,-1,2,100093,2434,7373,484,0xf,False,0x0
1784019173.474,337,337,68316,3,1,9986,-7,-15,-84,-5,3,0,100106,2435,7373,484,0xf,False,0x0
1784019173.743,338,338,68584,3,1,9846,46,-48,-107,-3,-1,-4,100125,2436,7373,520,0xf,False,0x0
1784019173.943,339,339,68785,3,1,9733,-40,13,-108,-5,5,4,100139,2436,7373,483,0xf,False,0x0
1784019174.144,340,340,68985,3,1,9605,35,-50,-142,3,4,0,100153,2437,7373,493,0xf,False,0x0
1784019174.344,341,341,69185,3,1,9489,-11,11,-76,-2,5,3,100168,2438,7373,507,0xf,False,0x0
1784019174.544,342,342,69386,3,1,9361,48,36,-53,4,-2,-3,100182,2439,7373,492,0xf,False,0x0
1784019174.946,344,344,69787,3,1,9127,2,-41,-116,5,3,2,100212,2440,7373,498,0xf,False,0x0
1784019175.147,345,345,69988,3,1,8986,38,-12,-123,-4,5,-2,100227,2441,7373,514,0xf,False,0x0
1784019175.348,346,346,70190,3,1,8859,-15,-36,-41,0,-5,4,100242,2442,7372,513,0xf,False,0x0
1784019175.549,347,347,70390,3,1,8736,11,-15,-118,0,2,1,100258,2443,7372,491,0xf,False,0x0
1784019175.749,348,348,70591,3,1,8600,-59,29,-43,5,-4,1,100273,2443,7372,507,0xf,False,0x0
1784019175.951,349,349,70792,3,1,8507,31,35,-86,-4,-5,4,100289,2444,7372,493,0xf,False,0x0
1784019176.151,350,350,70992,3,1,8372,-21,-45,-115,-1,-3,0,100305,2445,7372,496,0xf,False,0x0
1784019176.352,351,351,71193,3,1,8208,-2,-12,-69,5,2,0,100321,2446,7372,493,0xf,False,0x0
1784019176.552,352,352,71394,3,1,8073,57,12,-117,-2,-2,4,100337,2447,7372,490,0xf,False,0x0
1784019176.753,353,353,71594,3,1,7942,13,29,-96,0,-4,5,100354,2448,7372,492,0xf,False,0x0
1784019177.153,355,355,71995,3,1,7692,54,-21,-130,-5,4,-4,100388,2450,7372,497,0xf,False,0x0
1784019177.354,356,356,72195,3,1,7533,6,12,-90,2,0,-2,100405,2451,7372,500,0xf,False,0x0
1784019177.555,357,357,72396,3,1,7399,8,13,-94,1,3,1,100423,2451,7372,484,0xf,False,0x0
1784019177.755,358,358,72596,3,1,7245,-38,-17,-102,-2,1,-3,100441,2452,7371,513,0xf,False,0x0
1784019177.956,359,359,72797,3,1,7083,51,-20,-91,5,-5,3,100459,2453,7371,495,0xf,False,0x0
1784019178.156,360,360,72998,3,1,6927,60,26,-64,5,3,5,100477,2454,7371,510,0xf,False,0x0
1784019178.357,361,361,73198,3,1,6779,-10,-59,-105,0,-4,0,100496,2455,7371,495,0xf,False,0x0
1784019178.557,362,362,73399,3,1,6617,32,4,-65,-1,0,1,100515,2456,7371,510,0xf,False,0x0
1784019178.758,363,363,73599,3,1,6472,-4,3,-95,5,-3,-1,100535,2457,7371,498,0xf,False,0x0
1784019178.958,364,364,73800,3,1,6299,-31,-21,-94,3,0,3,100555,2459,7371,517,0xf,False,0x0
1784019179.159,365,365,74000,3,1,6147,60,-55,-69,0,4,1,100575,2460,7371,508,0xf,False,0x0
1784019179.359,366,366,74201,3,1,5969,58,-54,-133,-3,-5,-5,100596,2461,7371,492,0xf,False,0x0
1784019179.560,367,367,74401,3,1,5801,36,38,-128,0,-2,-5,100618,2462,7371,490,0xf,False,0x0
1784019179.761,368,368,74602,3,1,5622,-12,37,-66,3,3,0,100640,2463,7371,509,0xf,False,0x0
1784019179.961,369,369,74803,3,1,5442,-5,-45,-96,-5,-3,3,100662,2464,7371,512,0xf,False,0x0
1784019180.162,370,370,75003,3,1,5246,-36,-13,-74,3,5,-4,100685,2465,7370,490,0xf,False,0x0
1784019180.362,371,371,75203,3,1,5057,-42,18,-145,0,2,1,100709,2467,7370,484,0xf,False,0x0
1784019180.562,372,372,75404,3,1,4856,-47,-9,-129,2,-1,3,100734,2468,7370,485,0xf,False,0x0
1784019180.762,373,373,75604,3,1,4640,12,10,-62,1,-1,3,100759,2469,7370,489,0xf,False,0x0
1784019180.963,374,374,75804,3,1,4394,36,-49,-91,1,1,-2,100786,2471,7370,514,0xf,False,0x0
1784019181.164,375,375,76005,3,1,4198,-45,-54,861,0,1,3,100814,2472,7370,513,0xf,False,0x0
1784019181.368,376,376,76209,3,1,3957,57,-31,957,-1,-5,-1,100843,2474,7370,504,0xf,False,0x0
1784019181.570,377,377,76411,3,1,3697,39,-15,864,-2,2,1,100874,2475,7370,506,0xf,False,0x0
1784019181.770,378,378,76612,3,1,3424,-15,58,1013,4,-2,-5,100906,2477,7370,496,0xf,False,0x0
1784019181.972,379,379,76813,3,1,3149,-3,37,887,-4,-4,2,100941,2479,7370,489,0xf,False,0x0
1784019182.172,380,380,77014,3,1,2852,2,7,1072,-2,-1,5,100978,2481,7370,505,0xf,False,0x0
1784019182.375,381,381,77216,3,1,2519,-12,55,1118,-1,-5,4,101019,2483,7370,519,0xf,False,0x0
1784019182.587,382,382,77428,3,1,2103,49,-38,872,0,-2,-1,101068,2486,7370,513,0xf,False,0x0
1784019182.796,383,383,77637,3,1,1640,-56,27,993,1,3,0,101124,2489,7369,484,0xf,False,0x0
1784019182.997,384,384,77838,3,1,1057,52,-14,916,3,5,-3,101196,2493,7369,491,0xf,False,0x0
1784019183.210,385,385,78051,4,1,-14,10,34,1039,2,2,1,101325,2500,7369,501,0xf,False,0x0
1784019183.416,386,386,78258,4,1,12,25,54,1070,3,5,-2,101325,2500,7369,482,0xf,False,0x0
1784019183.618,387,387,78460,4,1,-20,-8,-16,961,4,2,0,101325,2500,7369,502,0xf,False,0x0
1784019184.041,389,389,78882,4,1,15,-20,16,902,1,-5,3,101325,2500,7369,503,0xf,False,0x0
1784019184.257,390,390,79098,4,1,3,21,11,1135,4,0,-4,101325,2500,7369,508,0xf,False,0x0
1784019184.461,391,391,79302,4,1,-9,20,9,1030,-5,-4,4,101325,2500,7369,519,0xf,False,0x0
1784019184.661,392,392,79502,4,1,-14,54,-43,892,-2,3,-3,101325,2500,7369,497,0xf,False,0x0
1784019185.078,394,394,79919,4,1,2,-56,-10,1023,4,5,1,101325,2500,7369,480,0xf,False,0x0
1784019185.278,395,395,80119,4,1,20,-44,45,995,2,-2,2,101325,2500,7368,513,0xf,False,0x0
1784019185.478,396,396,80320,4,1,-3,-25,35,1037,0,-1,3,101325,2500,7368,495,0xf,False,0x0
1784019185.679,397,397,80520,4,1,19,12,-11,1007,5,-4,-1,101325,2500,7368,498,0xf,False,0x0
1784019185.879,398,398,80720,4,1,14,-12,-18,880,-4,-2,1,101325,2500,7368,512,0xf,False,0x0
1784019186.080,399,399,80921,4,1,-15,57,7,1011,2,-1,1,101325,2500,7368,497,0xf,False,0x0
1784019186.524,401,401,81365,4,1,18,49,27,924,-4,1,-3,101325,2500,7368,484,0xf,False,0x0
1784019186.724,402,402,81566,4,1,19,-39,12,1086,-3,-2,3,101325,2500,7368,497,0xf,False,0x0
1784019186.925,403,403,81766,4,1,16,9,-60,936,-3,-3,3,101325,2500,7368,480,0xf,False,0x0
1784019187.125,404,404,81967,4,1,-10,45,13,1062,-3,1,2,101325,2500,7368,518,0xf,False,0x0
1784019187.325,405,405,82167,4,1,-14,3,-10,1036,-4,-5,4,101325,2500,7368,510,0xf,False,0x0
1784019187.526,406,406,82367,4,1,-20,28,-28,1058,0,3,-5,101325,2500,7368,495,0xf,False,0x0
1784019187.730,407,407,82571,4,1,17,-37,6,890,-5,4,5,101325,2500,7367,493,0xf,False,0x0
1784019187.930,408,408,82772,4,1,20,-14,41,924,3,0,2,101325,2500,7367,515,0xf,False,0x0
1784019188.136,409,409,82977,4,1,5,-34,-44,1006,0,1,1,101325,2500,7367,520,0xf,False,0x0
1784019188.336,410,410,83178,4,1,8,-55,-7,1000,4,5,-4,101325,2500,7367,510,0xf,False,0x0
1784019188.537,411,411,83378,4,1,-9,-16,15,1028,-1,0,-5,101325,2500,7367,508,0xf,False,0x0
1784019188.737,412,412,83578,4,1,-1,40,-30,1096,-4,0,1,101325,2500,7367,512,0xf,False,0x0
1784019188.938,413,413,83779,4,1,12,-32,40,877,4,3,5,101325,2500,7367,499,0xf,False,0x0
1784019189.348,415,415,84189,4,1,16,27,-19,876,1,-1,4,101325,2500,7367,495,0xf,False,0x0
1784019189.548,416,416,84390,4,1,14,41,24,869,4,5,1,101325,2500,7367,494,0xf,False,0x0
1784019189.749,417,417,84590,4,1,-8,-45,-22,909,4,4,-5,101325,2500,7367,506,0xf,False,0x0
1784019190.155,419,419,84996,4,1,11,15,-43,906,-4,0,5,101325,2500,7367,491,0xf,False,0x0
1784019190.355,420,420,85197,4,1,13,-9,-53,1099,0,0,-4,101325,2500,7366,491,0xf,False,0x0
1784019190.556,421,421,85397,4,1,19,-12,-4,1042,5,-5,-1,101325,2500,7366,482,0xf,False,0x0
1784019190.757,422,422,85598,4,1,17,53,-53,1013,4,3,2,101325,2500,7366,514,0xf,False,0x0
1784019190.957,423,423,85798,4,1,-6,-1,8,1053,1,5,2,101325,2500,7366,503,0xf,False,0x0
1784019191.166,424,424,86007,4,1,19,29,-5,1076,-3,-2,-5,101325,2500,7366,520,0xf,False,0x0
1784019191.366,425,425,86208,4,1,14,-20,33,930,1,-4,1,101325,2500,7366,517,0xf,False,0x0
1784019191.566,426,426,86408,4,1,-3,20,-5,915,0,1,-4,101325,2500,7366,493,0xf,False,0x0
1784019191.767,427,427,86608,4,1,6,-45,26,1125,0,-4,-5,101325,2500,7366,505,0xf,False,0x0
1784019191.967,428,428,86808,4,1,3,-45,-47,1049,4,5,-3,101325,2500,7366,484,0xf,False,0x0
1784019192.168,429,429,87009,4,1,6,-45,-14,989,4,1,-5,101325,2500,7366,519,0xf,False,0x0
1784019192.369,430,430,87210,4,1,-20,35,16,1049,4,-4,-2,101325,2500,7366,480,0xf,False,0x0
1784019192.569,431,431,87410,4,1,20,39,-26,1012,3,-2,-4,101325,2500,7366,492,0xf,False,0x0
1784019192.784,432,432,87625,4,1,11,41,21,1013,0,-1,4,101325,2500,7365,492,0xf,False,0x0
1784019192.985,433,433,87826,4,1,-6,11,42,1124,-1,-2,-1,101325,2500,7365,481,0xf,False,0x0
1784019193.185,434,434,88027,4,1,18,22,51,927,0,2,-1,101325,2500,7365,487,0xf,False,0x0
1784019193.386,435,435,88228,4,1,-15,40,-49,1121,4,4,1,101325,2500,7365,497,0xf,False,0x0
1784019193.587,436,436,88428,4,1,20,51,41,997,-4,1,-2,101325,2500,7365,482,0xf,False,0x0
1784019193.793,437,437,88635,4,1,12,-15,33,1044,3,0,-4,101325,2500,7365,515,0xf,False,0x0
1784019194.010,438,438,88851,4,1,7,-28,42,992,-3,3,1,101325,2500,7365,509,0xf,False,0x0
1784019194.213,439,439,89054,4,1,-19,13,-35,989,4,2,2,101325,2500,7365,502,0xf,False,0x0
1784019194.433,440,440,89274,4,1,5,31,33,892,-4,-3,4,101325,2500,7365,520,0xf,False,0x0
1784019194.657,441,441,89499,4,1,-6,-14,5,1060,-2,1,-5,101325,2500,7365,507,0xf,False,0x0
1784019194.909,442,442,89750,4,1,13,28,-13,900,-3,-4,1,101325,2500,7365,499,0xf,False,0x0
1784019195.124,443,443,89965,4,1,19,-43,-2,891,-5,0,3,101325,2500,7365,516,0xf,False,0x0
1784019195.351,444,444,90192,4,1,15,-56,-17,1042,4,5,4,101325,2500,7364,506,0xf,False,0x0
1784019195.551,445,445,90393,4,1,-20,-2,-26,1018,-2,-5,2,101325,2500,7364,509,0xf,False,0x0
1784019195.752,446,446,90593,4,1,-14,-33,46,1044,-5,-3,0,101325,2500,7364,493,0xf,False,0x0
1784019195.952,447,447,90794,4,1,-16,55,28,911,-1,-5,4,101325,2500,7364,516,0xf,False,0x0
1784019196.153,448,448,90994,4,1,-16,39,-39,1055,5,-4,-2,101325,2500,7364,520,0xf,False,0x0
1784019196.353,449,449,91195,4,1,-17,36,-47,944,-5,0,1,101325,2500,7364,520,0xf,False,0x0
1784019196.554,450,450,91395,4,1,-19,-44,-54,983,-4,4,-1,101325,2500,7364,499,0xf,False,0x0
1784019196.755,451,451,91597,4,1,-9,18,-45,928,0,-1,4,101325,2500,7364,483,0xf,False,0x0
1784019196.984,452,452,91825,4,1,19,21,-26,1127,-3,-4,5,101325,2500,7364,485,0xf,False,0x0
1784019197.189,453,453,92030,4,1,-4,-27,-2,1090,-4,5,-4,101325,2500,7364,517,0xf,False,0x0
1784019197.403,454,454,92244,4,1,6,57,6,1004,0,4,5,101325,2500,7364,490,0xf,False,0x0
1784019197.604,455,455,92445,4,1,-13,-11,-39,884,2,5,4,101325,2500,7364,520,0xf,False,0x0
1784019197.809,456,456,92651,4,1,-19,-28,40,1069,-4,-2,-1,101325,2500,7363,501,0xf,False,0x0
1784019198.016,457,457,92857,4,1,9,40,-17,1050,4,3,-3,101325,2500,7363,510,0xf,False,0x0
1784019198.459,459,459,93300,4,1,-1,-27,45,872,3,-2,-3,101325,2500,7363,488,0xf,False,0x0
1784019198.693,460,460,93534,4,1,3,11,-33,1001,-2,2,4,101325,2500,7363,518,0xf,False,0x0
1784019198.893,461,461,93735,4,1,0,28,22,1058,4,4,-2,101325,2500,7363,486,0xf,False,0x0
1784019199.094,462,462,93935,4,1,-6,31,-25,1032,-2,2,5,101325,2500,7363,489,0xf,False,0x0
1784019199.294,463,463,94136,4,1,-7,20,-12,896,3,-5,-1,101325,2500,7363,488,0xf,False,0x0
1784019199.495,464,464,94336,4,1,13,46,46,1040,-5,3,-4,101325,2500,7363,515,0xf,False,0x0
1784019199.695,465,465,94536,4,1,12,22,-50,1138,2,0,1,101325,2500,7363,500,0xf,False,0x0
1784019199.895,466,466,94736,4,1,-6,18,-23,988,-1,4,-3,101325,2500,7363,519,0xf,False,0x0
1784019200.096,467,467,94937,4,1,16,36,-12,1059,-2,-1,2,101325,2500,7363,495,0xf,False,0x0
1784019200.296,468,468,95138,4,1,10,-1,-2,1130,4,4,-2,101325,2500,7362,510,0xf,False,0x0
1784019200.515,469,469,95357,4,1,7,-60,42,1066,0,-3,-5,101325,2500,7362,488,0xf,False,0x0
1784019200.716,470,470,95557,4,1,8,12,35,1034,-1,-4,-2,101325,2500,7362,495,0xf,False,0x0
1784019200.917,471,471,95759,4,1,19,-8,-55,918,5,0,-4,101325,2500,7362,505,0xf,False,0x0
1784019201.117,472,472,95959,4,1,-8,-17,58,952,-4,4,1,101325,2500,7362,505,0xf,False,0x0
1784019201.318,473,473,96159,4,1,-20,54,40,843,4,0,-2,101325,2500,7362,494,0xf,False,0x0
1784019201.518,474,474,96360,4,1,9,13,5,1029,4,-5,2,101325,2500,7362,517,0xf,False,0x0
1784019201.720,475,475,96562,4,1,-10,-12,26,990,-3,4,4,101325,2500,7362,483,0xf,False,0x0
1784019201.922,476,476,96763,4,1,19,1,-16,880,-3,1,0,101325,2500,7362,515,0xf,False,0x0
1784019202.122,477,477,96964,4,1,7,14,-51,877,-4,-1,5,101325,2500,7362,499,0xf,False,0x0
1784019202.323,478,478,97164,4,1,15,-25,-51,933,0,2,1,101325,2500,7362,496,0xf,False,0x0
1784019202.523,479,479,97365,4,1,13,4,-11,984,-4,4,4,101325,2500,7362,481,0xf,False,0x0
1784019202.723,480,480,97565,4,1,7,9,-7,961,5,4,-3,101325,2500,7361,483,0xf,False,0x0
1784019202.924,481,481,97765,4,1,-1,18,41,1077,2,0,-3,101325,2500,7361,519,0xf,False,0x0
1784019203.124,482,482,97966,4,1,12,-30,-58,966,3,-1,-2,101325,2500,7361,493,0xf,False,0x0
1784019203.525,484,484,98367,4,1,15,-4,-44,971,-2,1,4,101325,2500,7361,483,0xf,False,0x0
1784019203.726,485,485,98567,4,1,-2,59,-2,1016,-5,-5,2,101325,2500,7361,519,0xf,False,0x0
1784019203.926,486,486,98767,4,1,11,-39,-44,895,-2,1,1,101325,2500,7361,486,0xf,False,0x0
1784019204.126,487,487,98968,4,1,3,54,-7,1024,4,3,5,101325,2500,7361,487,0xf,False,0x0
1784019204.327,488,488,99168,4,1,-19,6,35,849,3,-2,-4,101325,2500,7361,506,0xf,False,0x0
1784019204.527,489,489,99368,4,1,9,-60,54,898,1,2,3,101325,2500,7361,482,0xf,False,0x0
1784019204.728,490,490,99569,4,1,5,31,27,1135,-3,1,4,101325,2500,7361,517,0xf,False,0x0
1784019204.928,491,491,99769,4,1,-16,-31,-25,973,3,-3,4,101325,2500,7361,482,0xf,False,0x0
1784019205.128,492,492,99970,4,1,-18,-17,3,897,1,4,-5,101325,2500,7361,483,0xf,False,0x0
1784019205.329,493,493,100170,4,1,-4,19,-19,986,0,-5,4,101325,2500,7360,491,0xf,False,0x0
1784019205.529,494,494,100370,4,1,-12,-42,41,1164,-3,-1,-4,101325,2500,7360,501,0xf,False,0x0
1784019205.729,495,495,100571,4,1,-9,45,6,1088,-5,0,0,101325,2500,7360,506,0xf,False,0x0
1784019205.930,496,496,100771,4,1,-9,40,33,1161,-5,1,-5,101325,2500,7360,517,0xf,False,0x0
1784019206.130,497,497,100972,4,1,19,45,-37,1085,0,-1,5,101325,2500,7360,503,0xf,False,0x0
1784019206.331,498,498,101172,4,1,-6,-17,22,1082,4,0,-4,101325,2500,7360,485,0xf,False,0x0
1784019206.532,499,499,101373,4,1,3,33,-20,903,-1,-1,4,101325,2500,7360,480,0xf,False,0x0
1784019206.733,500,500,101574,4,1,-4,-32,2,932,0,4,5,101325,2500,7360,499,0xf,False,0x0
1784019206.933,501,501,101774,4,1,13,51,51,1007,5,5,-2,101325,2500,7360,508,0xf,False,0x0
1784019207.134,502,502,101975,4,1,0,-41,-34,937,-5,-4,-4,101325,2500,7360,499,0xf,False,0x0
1784019207.337,503,503,102178,4,1,0,43,15,957,-4,-1,-3,101325,2500,7360,480,0xf,False,0x0
1784019207.537,504,504,102378,4,1,2,36,3,1109,5,-5,1,101325,2500,7360,503,0xf,False,0x0
1784019207.738,505,505,102579,4,1,12,-26,-17,1029,1,-2,-3,101325,2500,7359,482,0xf,False,0x0
1784019207.938,506,506,102779,4,1,17,60,7,993,0,-3,2,101325,2500,7359,483,0xf,False,0x0
1784019208.138,507,507,102980,4,1,9,-4,28,1144,5,0,0,101325,2500,7359,498,0xf,False,0x0
1784019208.339,508,508,103180,4,1,-9,27,44,1012,2,-2,4,101325,2500,7359,491,0xf,False,0x0
1784019208.540,509,509,103381,4,1,-19,53,-2,1075,-3,-3,2,101325,2500,7359,482,0xf,False,0x0
1784019208.740,510,510,103581,4,1,-11,-29,17,1010,-3,-2,-5,101325,2500,7359,489,0xf,False,0x0
1784019208.941,511,511,103782,4,1,-11,2,-51,983,2,4,4,101325,2500,7359,501,0xf,False,0x0
1784019209.141,512,512,103982,4,1,-20,-5,38,976,-4,-4,-5,101325,2500,7359,490,0xf,False,0x0
1784019209.341,513,513,104183,4,1,-14,-23,58,1129,5,0,4,101325,2500,7359,491,0xf,False,0x0
1784019209.542,514,514,104383,4,1,20,48,-52,1082,-5,-3,3,101325,2500,7359,513,0xf,False,0x0
1784019209.742,515,515,104583,4,1,-11,3,31,988,3,-3,3,101325,2500,7359,511,0xf,False,0x0
1784019209.942,516,516,104784,4,1,17,-25,4,930,-5,-2,4,101325,2500,7359,502,0xf,False,0x0
1784019210.161,517,517,105002,4,1,18,4,-36,1070,-2,-3,-2,101325,2500,7358,507,0xf,False,0x0
1784019210.362,518,518,105203,4,1,-3,51,7,1020,5,5,0,101325,2500,7358,507,0xf,False,0x0
1784019210.563,519,519,105404,4,1,19,-7,4,1039,-2,-5,-4,101325,2500,7358,499,0xf,False,0x0
1784019210.771,520,520,105612,4,1,-8,4,49,945,-4,2,-3,101325,2500,7358,508,0xf,False,0x0
1784019210.971,521,521,105813,4,1,4,-18,-7,919,3,2,-3,101325,2500,7358,501,0xf,False,0x0
1784019211.172,522,522,106013,4,1,-2,-41,22,1012,1,0,-5,101325,2500,7358,519,0xf,False,0x0
1784019211.384,523,523,106225,4,1,13,45,-11,861,0,5,-5,101325,2500,7358,509,0xf,False,0x0
1784019211.585,524,524,106427,4,1,10,41,11,956,0,-1,-3,101325,2500,7358,508,0xf,False,0x0
1784019211.790,525,525,106631,4,1,20,-21,11,1079,-1,0,0,101325,2500,7358,488,0xf,False,0x0
1784019211.991,526,526,106832,4,1,-20,-36,-50,888,5,5,2,101325,2500,7358,495,0xf,False,0x0
1784019212.191,527,527,107033,4,1,6,47,1,896,-1,0,5,101325,2500,7358,515,0xf,False,0x0
1784019212.392,528,528,107233,4,1,6,-44,-1,876,4,-1,5,101325,2500,7358,506,0xf,False,0x0
1784019212.605,529,529,107447,4,1,10,6,60,1021,0,1,-1,101325,2500,7358,490,0xf,False,0x0
1784019212.806,530,530,107647,4,1,0,-10,7,1022,-5,2,-2,101325,2500,7357,486,0xf,False,0x0
1784019213.010,531,531,107852,4,1,-20,-46,-49,878,3,0,5,101325,2500,7357,482,0xf,False,0x0
1784019213.665,1877,1877,377791,4,1,1,17,49,1007,0,1,3,101325,2500,7249,514,0xf,False,0x8186
1784019213.914,1878,1878,377991,4,1,-1,52,-47,903,4,-2,-4,101325,2500,7249,498,0xf,False,0xef31
1784019214.116,1879,1879,378191,4,1,10,-24,3,931,2,4,-4,101325,2500,7249,481,0xf,False,0xe1c6
1784019214.241,1880,1880,378391,4,1,16,30,-7,971,1,0,0,101325,2500,7249,491,0xf,False,0x733e
1784019214.505,1881,1881,378591,4,1,12,-29,-4,1007,4,1,-5,101325,2500,7249,516,0xf,False,0x5151
1784019216.112,1,1,759,0,0,14,5,-6,1000,-1,1,0,101325,2500,7400,505,0xf,False,0x265e
1784019216.240,2,2,959,0,0,-8,59,4,1000,1,-3,1,101325,2500,7400,482,0xf,False,0xa0a1
1784019216.457,3,3,1159,0,0,-10,49,17,1000,2,-2,-5,101325,2500,7400,497,0xf,False,0xea6d
1784019216.709,4,4,1359,0,0,-17,-25,24,1000,2,-4,-2,101325,2500,7400,492,0xf,False,0xdfa9
1784019216.833,5,5,1559,0,0,-18,-37,50,1000,0,-5,-5,101325,2500,7400,484,0xf,False,0x420b
1784019217.021,6,6,1759,0,0,-11,53,36,1000,4,-3,-3,101325,2500,7400,482,0xf,False,0xd844
1784019217.307,7,7,1959,0,0,-6,-30,37,1000,-5,1,2,101325,2500,7400,497,0xf,False,0xda17
1784019217.508,8,8,2159,0,0,3,-58,6,1000,-1,-2,-2,101325,2500,7400,506,0xf,False,0x6827
1784019217.627,9,9,2359,0,0,17,-8,-2,1000,-5,3,2,101325,2500,7400,481,0xf,False,0x5680
1784019217.811,10,10,2559,0,0,-18,-16,5,1000,1,-4,-2,101325,2500,7399,516,0xf,False,0x43af
1784019218.220,11,11,2759,0,0,15,32,-51,1000,2,-4,2,101325,2500,7399,486,0xf,False,0xfd13
1784019218.220,12,12,2959,0,0,19,-11,43,1000,4,3,-5,101325,2500,7399,509,0xf,False,0xfb04
1784019218.455,13,13,3159,0,0,-8,5,10,1000,3,-2,-1,101325,2500,7399,519,0xf,False,0x20c7
1784019218.641,14,14,3359,0,0,6,-33,-22,1000,-5,3,-1,101325,2500,7399,487,0xf,False,0x2039
1784019218.916,15,15,3559,0,0,1,-19,-48,1000,-2,-2,-2,101325,2500,7399,519,0xf,False,0x2a9c
1784019218.981,16,16,3759,0,0,-15,-47,-24,1000,0,-1,0,101325,2500,7399,499,0xf,False,0x5e20
1784019219.259,17,17,3959,0,0,5,11,40,1000,-5,2,1,101325,2500,7399,493,0xf,False,0xdc8a
1784019219.461,18,18,4159,0,0,-16,-41,-2,1000,-1,1,2,101325,2500,7399,500,0xf,False,0xdb1f
1784019219.722,19,19,4359,0,0,-9,30,-1,1000,-2,-1,2,101325,2500,7399,505,0xf,False,0xe1c6
1784019219.786,20,20,4559,0,0,-6,-38,-16,1000,-1,-3,-3,101325,2500,7399,518,0xf,False,0x4003
1784019220.049,21,21,4759,0,0,14,-44,28,1000,4,4,-1,101325,2500,7399,509,0xf,False,0x6c7d
1784019220.267,22,22,4959,0,0,-6,-56,45,1000,-3,-3,-2,101325,2500,7399,499,0xf,False,0xab96
1784019220.552,23,23,5159,1,0,-6,4,12,1000,-5,2,-1,101325,2500,7398,507,0xf,False,0x5457
1784019220.608,24,24,5359,1,0,-3,-23,-34,1000,2,4,-5,101325,2500,7398,489,0xf,False,0xd38b
1784019220.858,25,25,5559,1,0,-18,-13,-59,1000,1,-1,3,101325,2500,7398,494,0xf,False,0xe3c1
1784019221.059,26,26,5759,1,0,9,-44,7,1000,2,2,-5,101325,2500,7398,502,0xf,False,0x115c
1784019221.198,27,27,5959,1,0,5,55,-33,1000,3,-5,2,101325,2500,7398,511,0xf,False,0x12c3
1784019221.401,28,28,6159,1,0,11,-57,-55,1000,4,3,1,101325,2500,7398,488,0xf,False,0x5752
1784019221.618,29,29,6359,1,0,15,-40,-44,1000,1,-4,-5,101325,2500,7398,504,0xf,False,0xb38e
1784019221.868,30,30,6559,1,0,-20,-21,37,1000,-2,-5,2,101325,2500,7398,512,0xf,False,0xf618
1784019221.992,31,31,6759,1,0,9,16,32,1000,4,3,4,101325,2500,7398,516,0xf,False,0xf5d0
1784019222.240,32,32,6959,1,0,-4,-31,48,1000,-4,-4,0,101325,2500,7398,514,0xf,False,0xa2e3
1784019222.580,33,33,7159,1,0,19,14,23,1000,-4,2,-3,101325,2500,7398,500,0xf,False,0x8c1f
1784019222.704,34,34,7359,1,0,-16,18,25,1000,-2,4,4,101325,2500,7398,497,0xf,False,0x55c2
1784019222.842,35,35,7559,1,0,9,-35,-55,1000,3,3,1,101325,2500,7397,489,0xf,False,0x22f3
1784019223.089,36,36,7759,1,0,-13,10,-9,1000,-4,-5,4,101325,2500,7397,503,0xf,False,0xce66
1784019223.309,37,37,7959,1,0,15,-36,57,1000,3,-5,0,101325,2500,7397,499,0xf,False,0x7b04
1784019223.524,38,38,8159,1,0,3,53,58,1000,4,0,1,101325,2500,7397,516,0xf,False,0xc9dc
1784019223.648,39,39,8359,1,0,-20,-51,43,1000,3,3,-1,101325,2500,7397,511,0xf,False,0x47dd
1784019223.881,40,40,8559,1,0,-4,28,-12,1000,-3,2,-4,101325,2500,7397,515,0xf,False,0xf7e6
1784019224.104,41,41,8759,1,0,-18,40,41,1000,0,-3,-3,101325,2500,7397,510,0xf,False,0xacb
1784019224.225,42,42,8959,1,0,-14,32,-5,1000,-3,-5,0,101325,2500,7397,504,0xf,False,0x10e9
1784019224.411,43,43,9159,1,0,6,-44,-40,1000,4,-3,-3,101325,2500,7397,505,0xf,False,0xb868
1784019224.676,44,44,9359,1,0,-19,-48,22,1000,-3,3,1,101325,2500,7397,505,0xf,False,0x26e1
1784019224.862,45,45,9559,1,0,-15,43,22,1000,-5,-4,3,101325,2500,7397,489,0xf,False,0xa810
1784019224.986,46,46,9759,1,0,-6,-40,-20,1000,-1,-1,4,101325,2500,7397,498,0xf,False,0x34ed
1784019225.235,47,47,9959,1,0,8,28,-11,1000,0,-1,2,101325,2500,7397,503,0xf,False,0xbdce
1784019225.437,48,48,10159,2,0,991,-19,-13,1249,-4,-2,-3,101202,2493,7396,492,0xf,False,0xd395
1784019225.717,49,49,10359,2,0,2219,40,-2,1559,2,-4,-2,101051,2485,7396,492,0xf,False,0x7ff3
1784019225.841,50,50,10559,2,0,3441,49,55,1860,-1,-4,2,100904,2477,7396,499,0xf,False,0xdb2
1784019226.045,51,51,10759,2,0,4613,33,-25,2147,2,-4,-2,100761,2469,7396,491,0xf,False,0x102e
1784019226.339,52,52,10959,2,0,5745,-45,-13,2416,4,-1,4,100621,2462,7396,511,0xf,False,0x80dc
1784019226.525,53,53,11159,2,0,6897,37,-52,2663,0,-4,2,100485,2455,7396,517,0xf,False,0x88cd
1784019226.586,54,54,11359,2,0,7964,52,56,2884,1,-4,2,100353,2448,7396,490,0xf,False,0x1298
1784019226.848,55,55,11559,2,0,9015,5,-57,3075,2,3,-3,100224,2441,7396,486,0xf,False,0xb6c9
1784019227.049,56,56,11759,2,0,10038,7,-38,3233,-3,2,-1,100099,2434,7396,511,0xf,False,0x4ab1
1784019227.187,57,57,11959,2,0,11024,40,-60,3356,-4,-2,0,99978,2428,7396,517,0xf,False,0x435a
1784019227.454,58,58,12159,2,0,11994,12,54,3442,-3,1,2,99860,2421,7396,484,0xf,False,0x8a68
1784019227.654,59,59,12359,2,0,12922,-15,11,3490,-1,-5,-3,99746,2415,7396,511,0xf,False,0x55d5
1784019227.923,60,60,12559,2,0,13846,43,33,3498,3,2,0,99635,2409,7395,516,0xf,False,0xe4eb
1784019227.983,61,61,12759,2,0,14718,-43,-58,3466,-2,2,1,99528,2404,7395,492,0xf,False,0x21d8
1784019228.248,62,62,12959,2,0,15575,7,-28,3396,-4,-5,-4,99425,2398,7395,499,0xf,False,0x3afa
1784019228.590,63,63,13159,2,0,16384,-28,-5,3288,2,3,-5,99325,2393,7395,497,0xf,False,0xf684
1784019228.590,64,64,13359,2,0,17173,19,-22,3144,-2,-3,1,99230,2388,7395,516,0xf,False,0x1d16
1784019230.450,1,1,792,0,0,-1,-60,-11,1000,-3,-1,2,101325,2500,7400,518,0xf,False,0xa77b
1784019230.642,2,2,992,0,0,-18,-53,-28,1000,-2,-5,4,101325,2500,7400,512,0xf,False,0xfe30
1784019230.779,3,3,1192,0,0,16,-52,9,1000,2,-2,2,101325,2500,7400,511,0xf,False,0x588a
1784019230.918,4,4,1392,0,0,-13,28,55,1000,-1,-2,2,101325,2500,7400,495,0xf,False,0xab38
1784019231.119,5,5,1592,0,0,-1,51,33,1000,4,4,-4,101325,2500,7400,481,0xf,False,0x6d99
1784019231.383,6,6,1792,0,0,6,52,41,1000,-4,-1,3,101325,2500,7400,509,0xf,False,0xfa2e
1784019231.571,7,7,1992,0,0,-4,-48,37,1000,-2,0,-1,101325,2500,7400,494,0xf,False,0xaf7a
1784019231.722,8,8,2192,0,0,-14,-36,-13,1000,-2,-3,-5,101325,2500,7400,494,0xf,False,0xc704
1784019231.988,9,9,2392,0,0,0,5,-19,1000,-4,1,-3,101325,2500,7400,491,0xf,False,0xb431
1784019232.190,10,10,2592,0,0,-4,-2,9,1000,4,-3,-4,101325,2500,7399,480,0xf,False,0x2dbf
1784019232.253,11,11,2792,0,0,13,16,10,1000,4,1,1,101325,2500,7399,501,0xf,False,0xd42a
1784019232.511,12,12,2992,0,0,19,41,22,1000,4,3,-3,101325,2500,7399,514,0xf,False,0x3500
1784019232.751,13,13,3192,0,0,2,6,-53,1000,-1,-1,3,101325,2500,7399,484,0xf,False,0x617f
1784019232.939,14,14,3392,0,0,-10,-27,27,1000,3,-1,4,101325,2500,7399,499,0xf,False,0x6a0f
1784019233.108,15,15,3592,0,0,12,-30,11,1000,-3,0,-4,101325,2500,7399,507,0xf,False,0x356e
1784019233.325,16,16,3792,0,0,-5,59,26,1000,3,2,-1,101325,2500,7399,508,0xf,False,0xdc40
1784019233.577,17,17,3992,0,0,-15,50,25,1000,4,1,4,101325,2500,7399,506,0xf,False,0x7366
1784019233.763,18,18,4192,0,0,-2,50,50,1000,-3,3,0,101325,2500,7399,509,0xf,False,0x9b2c
1784019233.964,19,19,4392,0,0,-6,7,39,1000,4,-1,-3,101325,2500,7399,502,0xf,False,0xf37f
1784019234.088,20,20,4592,0,0,-1,-56,10,1000,-5,4,2,101325,2500,7399,495,0xf,False,0xdb2c
1784019234.370,21,21,4792,0,0,-5,-28,54,1000,-3,-1,-1,101325,2500,7399,504,0xf,False,0x67a6
1784019234.556,22,22,4992,0,0,-19,43,-10,1000,0,4,4,101325,2500,7399,488,0xf,False,0x9b29
1784019234.682,23,23,5192,1,0,-14,-9,-15,1000,-3,-1,-3,101325,2500,7398,483,0xf,False,0x7753
1784019234.932,24,24,5392,1,0,3,-23,14,1000,2,-1,0,101325,2500,7398,483,0xf,False,0xdcf4
1784019235.229,25,25,5592,1,0,7,-46,49,1000,-3,3,-1,101325,2500,7398,494,0xf,False,0xef1f
1784019235.328,26,26,5792,1,0,7,-60,-49,1000,-2,-4,-3,101325,2500,7398,512,0xf,False,0x65a7
1784019235.529,27,27,5992,1,0,-19,37,-13,1000,-5,3,-2,101325,2500,7398,509,0xf,False,0x2762
1784019235.749,28,28,6192,1,0,-11,-58,-16,1000,-4,-4,-5,101325,2500,7398,500,0xf,False,0x77f
1784019235.931,29,29,6392,1,0,-13,-4,-4,1000,4,-4,3,101325,2500,7398,498,0xf,False,0xc209
1784019236.071,30,30,6592,1,0,-18,-32,-14,1000,3,-1,0,101325,2500,7398,512,0xf,False,0x7f00
1784019236.288,31,31,6792,1,0,3,7,-56,1000,-3,2,-5,101325,2500,7398,509,0xf,False,0x21ea
1784019236.574,32,32,6992,1,0,3,-37,-18,1000,2,-1,-1,101325,2500,7398,485,0xf,False,0xf13d
1784019236.754,33,33,7192,1,0,-5,-15,9,1000,-1,-1,0,101325,2500,7398,485,0xf,False,0x9a69
1784019236.910,34,34,7392,1,0,13,45,-46,1000,3,-5,-3,101325,2500,7398,517,0xf,False,0x55b3
1784019237.142,35,35,7592,1,0,-8,-9,-21,1000,-1,2,-1,101325,2500,7397,488,0xf,False,0xc289
1784019237.377,36,36,7792,1,0,-11,-32,43,1000,0,0,-3,101325,2500,7397,497,0xf,False,0x2937
1784019237.596,37,37,7992,1,0,0,-10,-22,1000,2,3,-2,101325,2500,7397,510,0xf,False,0xeb36
1784019237.659,38,38,8192,1,0,4,5,27,1000,2,0,-5,101325,2500,7397,516,0xf,False,0xed08
1784019237.924,39,39,8392,1,0,0,54,21,1000,3,4,-5,101325,2500,7397,518,0xf,False,0x9c7a
1784019238.123,40,40,8592,1,0,11,-26,53,1000,3,1,-5,101325,2500,7397,488,0xf,False,0x6ab8
1784019238.326,41,41,8792,1,0,8,-34,-51,1000,-5,1,2,101325,2500,7397,488,0xf,False,0x3e54
1784019238.514,42,42,8992,1,0,2,-56,38,1000,4,2,-1,101325,2500,7397,498,0xf,False,0xd7b8
1784019238.730,43,43,9192,1,0,2,-44,-27,1000,-2,-2,-3,101325,2500,7397,492,0xf,False,0x76b7
1784019238.980,44,44,9392,1,0,-10,43,-36,1000,0,1,1,101325,2500,7397,480,0xf,False,0x177c
1784019239.116,45,45,9592,1,0,6,-43,-1,1000,4,-3,-2,101325,2500,7397,491,0xf,False,0x3c7
1784019239.306,46,46,9792,1,0,4,-38,5,1000,2,4,-4,101325,2500,7397,516,0xf,False,0xd758
1784019239.574,47,47,9992,1,0,-4,-28,25,1000,1,-4,4,101325,2500,7397,494,0xf,False,0xa5ac
1784019239.762,48,48,10192,2,0,1202,54,-21,1300,2,2,4,101177,2492,7396,503,0xf,False,0x4b2d
1784019239.910,49,49,10392,2,0,2425,-16,-48,1609,4,1,-4,101027,2484,7396,519,0xf,False,0x63dc
1784019240.148,50,50,10592,2,0,3622,-8,-5,1908,0,-2,-2,100881,2476,7396,489,0xf,False,0xdedf
1784019240.339,51,51,10792,2,0,4796,-10,30,2193,0,-1,0,100738,2468,7396,485,0xf,False,0x77af
1784019240.600,52,52,10992,2,0,5956,42,18,2459,2,-1,-5,100599,2461,7396,495,0xf,False,0x77d6
1784019240.742,53,53,11192,2,0,7040,-56,-12,2702,-3,4,-1,100463,2454,7396,484,0xf,False,0x66c6
1784019240.941,54,54,11392,2,0,8157,55,37,2918,-2,3,4,100331,2447,7396,492,0xf,False,0x58c5
1784019241.190,55,55,11592,2,0,9172,47,-21,3104,4,0,-2,100203,2440,7396,493,0xf,False,0x2480
1784019241.394,56,56,11792,2,0,10212,-20,19,3256,0,-4,-3,100079,2433,7396,519,0xf,False,0x6291
1784019241.518,57,57,11992,2,0,11199,-23,-55,3373,-4,3,-1,99958,2427,7396,517,0xf,False,0xad16
1784019241.766,58,58,12192,2,0,12179,-1,-49,3453,-2,-1,-3,99841,2420,7396,501,0xf,False,0x6c78
1784019241.951,59,59,12392,2,0,13076,20,54,3494,-1,-3,2,99727,2414,7396,511,0xf,False,0x3033
1784019242.090,60,60,12592,2,0,14013,19,-15,3495,4,-4,4,99617,2409,7395,502,0xf,False,0xcec1
1784019242.369,61,61,12792,2,0,14870,42,37,3458,-2,-1,3,99511,2403,7395,491,0xf,False,0xc5d9
1784019242.596,62,62,12992,2,0,15723,41,-46,3381,2,-3,0,99408,2397,7395,504,0xf,False,0x1c9a
1784019242.791,63,63,13192,2,0,16504,-34,-12,3267,-3,1,-3,99309,2392,7395,510,0xf,False,0x8f75
1784019242.917,64,64,13392,2,0,17314,-42,-46,3117,-2,3,0,99214,2387,7395,514,0xf,False,0xeba4
1784019243.136,65,65,13592,2,0,18032,40,-25,2934,0,-5,-1,99123,2382,7395,496,0xf,False,0x63d2
1784019243.385,66,66,13792,2,0,18761,-57,-30,2720,-4,0,2,99035,2377,7395,508,0xf,False,0x4dc3
1784019243.588,67,67,13992,2,0,19475,-39,24,2479,0,4,-3,98950,2373,7395,517,0xf,False,0x5175
1784019243.728,68,68,14192,2,0,20121,-1,19,2215,-3,2,1,98870,2369,7395,488,0xf,False,0x5a77
1784019243.942,69,69,14392,2,0,20762,-24,-17,1931,-4,0,1,98792,2365,7395,500,0xf,False,0x4407
1784019244.179,70,70,14592,2,0,21351,-26,32,1633,3,-5,3,98719,2361,7395,480,0xf,False,0x6294
1784019244.381,71,71,14792,2,0,21916,17,9,1325,-5,-4,0,98649,2357,7395,503,0xf,False,0x5b18
1784019244.521,72,72,14992,2,0,22481,-7,0,1012,-4,4,4,98583,2353,7395,501,0xf,False,0x1891
1784019244.726,73,73,15192,2,0,22970,-45,33,-215,2,4,-4,98521,2350,7394,498,0xf,False,0x37bb
1784019244.947,74,74,15392,2,0,23456,37,-17,-231,0,-4,0,98462,2347,7394,480,0xf,False,0x5f19
1784019245.067,75,75,15592,2,0,23914,-47,-43,-247,-4,-4,-4,98407,2344,7394,512,0xf,False,0x76aa
1784019245.315,76,76,15792,2,0,24350,35,-7,-263,3,-3,0,98356,2341,7394,501,0xf,False,0xae48
1784019245.565,77,77,15992,2,0,24726,-45,-60,-279,-3,0,-5,98308,2339,7394,506,0xf,False,0xb208
1784019245.800,78,78,16192,2,0,25083,29,-59,-295,0,2,-5,98264,2336,7394,492,0xf,False,0x9908
1784019245.862,79,79,16392,2,0,25432,59,58,-311,-2,2,3,98223,2334,7394,498,0xf,False,0xb092
1784019246.095,80,80,16592,2,0,25703,-30,18,-327,-1,-4,-3,98186,2332,7394,488,0xf,False,0x8dcb
1784019246.343,81,81,16792,2,0,25981,31,-23,-343,2,-2,-4,98153,2331,7394,507,0xf,False,0x4912
1784019246.607,82,82,16992,2,0,26242,51,-2,-359,4,2,4,98124,2329,7394,507,0xf,False,0x3c74
1784019246.731,83,83,17192,2,0,26438,18,-49,-375,-2,4,-1,98098,2328,7394,480,0xf,False,0xd009
1784019246.952,84,84,17392,2,0,26634,22,31,-391,2,-1,-1,98075,2326,7394,484,0xf,False,0xb3d0
1784019247.136,85,85,17592,2,0,26773,26,-23,-407,-2,2,1,98057,2325,7393,497,0xf,False,0x96b9
1784019247.429,86,86,17792,2,0,26911,-42,48,-423,-3,0,4,98042,2325,7393,482,0xf,False,0x8479
1784019247.542,87,87,17992,2,0,27018,-50,35,-439,0,0,-3,98031,2324,7393,514,0xf,False,0x76e
1784019247.790,88,88,18192,2,0,27051,56,-43,-455,1,1,4,98023,2324,7393,511,0xf,False,0x1ba2
1784019247.977,89,89,18392,2,0,27100,40,47,-471,-4,1,-4,98019,2323,7393,510,0xf,False,0xc0ab
1784019248.132,90,90,18592,3,1,27068,28,-1,-106,4,-3,2,98021,2323,7393,484,0xf,False,0xc612
1784019248.316,91,91,18792,3,1,27014,-35,-57,-82,-1,-2,-5,98027,2324,7393,487,0xf,False,0x3125
1784019248.558,92,92,18992,3,1,26961,-21,-42,-103,0,-5,4,98033,2324,7393,489,0xf,False,0xa344
1784019248.832,93,93,19192,3,1,26937,-44,-18,-108,-1,3,-2,98039,2324,7393,491,0xf,False,0xb091
1784019249.020,94,94,19392,3,1,26871,-24,40,-97,2,3,3,98045,2325,7393,480,0xf,False,0xb2df
1784019249.178,95,95,19592,3,1,26835,-41,-59,-92,-2,-1,-5,98052,2325,7393,488,0xf,False,0x61e9
1784019249.367,96,96,19792,3,1,26761,27,-15,-89,0,2,-1,98058,2325,7393,509,0xf,False,0xf516
1784019249.568,97,97,19992,3,1,26733,-16,-18,-80,4,-5,2,98064,2326,7393,508,0xf,False,0x24f6
1784019249.692,98,98,20192,3,1,26668,18,-19,-85,2,4,-5,98070,2326,7392,499,0xf,False,0x508b
1784019249.911,99,99,20392,3,1,26644,-5,23,-82,-2,-2,4,98076,2326,7392,512,0xf,False,0x24c1
1784019250.153,100,100,20592,3,1,26567,47,43,-96,-1,4,-3,98082,2327,7392,505,0xf,False,0x52be
1784019250.420,101,101,20792,3,1,26539,-45,-34,-96,-4,0,-4,98089,2327,7392,483,0xf,False,0x3bd0
1784019250.484,102,102,20992,3,1,26471,-12,-41,-94,4,4,-5,98095,2327,7392,503,0xf,False,0x845b
1784019250.749,103,103,21192,3,1,26408,-1,-35,-107,3,-5,-3,98101,2328,7392,509,0xf,False,0x7edf
1784019250.994,104,104,21392,3,1,26368,-12,-41,-107,-1,1,-4,98107,2328,7392,500,0xf,False,0x7cef
1784019251.117,105,105,21592,3,1,26305,51,51,-81,0,2,0,98114,2328,7392,489,0xf,False,0xb91c
1784019251.320,106,106,21792,3,1,26252,41,-45,-83,-3,1,-1,98120,2329,7392,493,0xf,False,0x9299
1784019251.506,107,107,21992,3,1,26207,-6,10,-94,-4,4,2,98126,2329,7392,508,0xf,False,0x88d
1784019251.755,108,108,22192,3,1,26179,-39,-10,-91,4,1,3,98132,2329,7392,512,0xf,False,0xc06a
1784019251.881,109,109,22392,3,1,26131,42,13,-92,1,-1,-2,98139,2330,7392,509,0xf,False,0xdc1e
1784019252.128,110,110,22592,3,1,26075,49,-53,-86,-2,-2,-1,98145,2330,7391,480,0xf,False,0x2020
1784019252.331,111,111,22792,3,1,26000,-55,-27,-86,-5,-2,2,98151,2330,7391,502,0xf,False,0x4549
1784019252.580,112,112,22992,3,1,25958,50,20,-94,-1,3,0,98158,2331,7391,488,0xf,False,0x5b0a
1784019252.704,113,113,23192,3,1,25915,-53,55,-108,-4,4,-2,98164,2331,7391,488,0xf,False,0xf633
1784019252.952,114,114,23392,3,1,25843,27,-50,-82,-5,-5,1,98170,2331,7391,487,0xf,False,0xdd1c
1784019253.139,115,115,23592,3,1,25789,34,39,-81,-5,-3,4,98177,2332,7391,500,0xf,False,0xefeb
1784019253.280,116,116,23792,3,1,25747,41,54,-85,-2,-4,3,98183,2332,7391,503,0xf,False,0x4485
1784019253.529,117,117,23992,3,1,25683,-55,-36,-89,1,0,-3,98190,2332,7391,494,0xf,False,0x1379
1784019253.716,118,118,24192,3,1,25653,-29,48,-107,-5,-2,4,98196,2333,7391,484,0xf,False,0xc7d1
1784019253.966,119,119,24392,3,1,25590,41,44,-104,1,-5,-4,98202,2333,7391,495,0xf,False,0xb234
1784019254.091,120,120,24592,3,1,25554,-29,39,-99,4,-1,4,98209,2333,7391,507,0xf,False,0x3b94
1784019254.278,121,121,24792,3,1,25503,-44,-20,-108,-2,-3,-1,98215,2334,7391,516,0xf,False,0x974d
1784019254.526,122,122,24992,3,1,25445,-45,29,-80,2,2,4,98222,2334,7391,518,0xf,False,0xf605
1784019254.775,123,123,25192,3,1,25398,-20,33,-80,1,-1,-4,98228,2335,7390,519,0xf,False,0xd17f
1784019254.899,124,124,25392,3,1,25332,-45,-40,-105,4,-3,2,98234,2335,7390,484,0xf,False,0x5eee
1784019255.173,125,125,25592,3,1,25278,-28,47,-89,4,1,-1,98241,2335,7390,501,0xf,False,0x729a
1784019255.352,126,126,25792,3,1,25214,25,-58,-80,1,0,2,98247,2336,7390,491,0xf,False,0x3af
1784019255.603,127,127,25992,3,1,25175,31,-38,-96,4,-5,1,98254,2336,7390,515,0xf,False,0xab00
1784019255.666,128,128,26192,3,1,25115,-57,-55,-80,-5,-2,-2,98260,2336,7390,517,0xf,False,0x9a26
1784019255.916,129,129,26392,3,1,25076,24,41,-96,0,3,-3,98267,2337,7390,482,0xf,False,0xe396
1784019256.185,130,130,26592,3,1,25013,-10,50,-105,0,-4,2,98273,2337,7390,494,0xf,False,0x2e3b
1784019256.243,131,131,26792,3,1,24966,-59,-56,-91,-1,-4,2,98280,2337,7390,506,0xf,False,0x15ab
1784019256.491,132,132,26992,3,1,24917,-35,-25,-86,1,4,1,98287,2338,7390,505,0xf,False,0x7f0d
1784019256.738,133,133,27192,3,1,24851,50,38,-82,-5,2,2,98293,2338,7390,513,0xf,False,0xe7cc
1784019256.988,134,134,27392,3,1,24774,56,19,-83,1,2,0,98300,2338,7390,483,0xf,False,0x1d49
1784019257.050,135,135,27592,3,1,24755,-44,39,-84,0,2,2,98306,2339,7389,482,0xf,False,0x4524
1784019257.298,136,136,27792,3,1,24668,34,-43,-84,2,-1,0,98313,2339,7389,486,0xf,False,0x3548
1784019257.547,137,137,27992,3,1,24614,50,51,-94,-1,-4,0,98319,2339,7389,499,0xf,False,0xe307
1784019257.795,138,138,28192,3,1,24558,54,13,-87,-1,3,0,98326,2340,7389,486,0xf,False,0x1bab
1784019257.920,139,139,28392,3,1,24518,8,-38,-96,-1,-1,-1,98333,2340,7389,517,0xf,False,0x452b
1784019258.106,140,140,28592,3,1,24480,24,29,-100,3,-5,3,98339,2340,7389,492,0xf,False,0x5267
1784019258.372,141,141,28792,3,1,24409,-59,10,-90,0,-5,2,98346,2341,7389,499,0xf,False,0xd347
1784019258.561,142,142,28992,3,1,24352,-13,8,-101,-3,0,4,98353,2341,7389,502,0xf,False,0x7325
1784019258.684,143,143,29192,3,1,24299,-37,25,-108,4,-3,-1,98359,2342,7389,486,0xf,False,0x2a24
1784019258.933,144,144,29392,3,1,24250,-37,-55,-91,3,2,4,98366,2342,7389,516,0xf,False,0x27af
1784019259.201,145,145,29592,3,1,24195,-53,-21,-93,-4,0,1,98373,2342,7389,503,0xf,False,0xe2ba
1784019259.260,146,146,29792,3,1,24128,-11,-49,-84,0,0,2,98379,2343,7389,486,0xf,False,0x9039
1784019259.511,147,147,29992,3,1,24075,-35,15,-106,1,-1,-4,98386,2343,7389,483,0xf,False,0x2d11
1784019259.760,148,148,30192,3,1,24045,-4,6,-88,-3,1,1,98393,2343,7388,484,0xf,False,0xba63
1784019259.948,149,149,30392,3,1,23984,-60,-21,-80,-5,1,-4,98400,2344,7388,494,0xf,False,0xbd1d
1784019260.071,150,150,30592,3,1,23933,24,36,-99,1,4,3,98406,2344,7388,481,0xf,False,0xaa59
1784019260.304,151,151,30792,3,1,23876,35,-53,-94,1,-4,4,98413,2344,7388,512,0xf,False,0xfcb2
1784019260.553,152,152,30992,3,1,23815,-19,-29,-98,-2,1,-3,98420,2345,7388,481,0xf,False,0x4c6
1784019260.740,153,153,31192,3,1,23771,-11,-12,-100,2,2,-1,98427,2345,7388,482,0xf,False,0xadbf
1784019260.928,154,154,31392,3,1,23687,-51,26,-103,-1,1,-1,98434,2345,7388,484,0xf,False,0x21aa
1784019261.116,155,155,31592,3,1,23637,49,58,-99,-3,-1,-3,98440,2346,7388,502,0xf,False,0x2b8a
1784019261.367,156,156,31792,3,1,23577,-60,28,-84,3,3,1,98447,2346,7388,488,0xf,False,0xfcb2
1784019261.614,157,157,31992,3,1,23537,-22,52,-91,3,-1,-2,98454,2347,7388,516,0xf,False,0x75a0
1784019261.676,158,158,32192,3,1,23486,41,49,-100,3,3,-4,98461,2347,7388,498,0xf,False,0x732f
1784019261.926,159,159,32392,3,1,23401,11,37,-86,-1,-5,-4,98468,2347,7388,494,0xf,False,0xc286
1784019262.190,160,160,32592,3,1,23358,12,7,-103,-1,-3,-1,98475,2348,7387,483,0xf,False,0x6d8a
1784019262.378,161,161,32792,3,1,23311,33,15,-104,0,0,-5,98482,2348,7387,509,0xf,False,0xcbf4
1784019262.503,162,162,32992,3,1,23264,-45,-42,-82,4,1,0,98489,2348,7387,481,0xf,False,0x3289
1784019262.754,163,163,33192,3,1,23186,37,-29,-80,4,-2,-4,98496,2349,7387,515,0xf,False,0x793f
1784019262.939,164,164,33392,3,1,23132,38,-22,-89,-5,-5,-1,98502,2349,7387,512,0xf,False,0xc24a
1784019263.061,165,165,33592,3,1,23060,50,-57,-84,3,-3,3,98509,2350,7387,480,0xf,False,0xefff
1784019263.309,166,166,33792,3,1,22998,-12,20,-95,3,4,-2,98516,2350,7387,504,0xf,False,0xce8c
1784019263.556,167,167,33992,3,1,22958,-27,-27,-104,-5,-2,-4,98523,2350,7387,485,0xf,False,0x80ce
1784019263.804,168,168,34192,3,1,22913,28,58,-109,-5,3,-3,98530,2351,7387,494,0xf,False,0x7ece
1784019263.866,169,169,34392,3,1,22828,-49,-14,-91,0,-5,-1,98537,2351,7387,503,0xf,False,0xa5db
1784019264.131,170,170,34592,3,1,22795,36,-30,-94,-2,3,1,98544,2351,7387,481,0xf,False,0xd1fc
1784019264.382,171,171,34792,3,1,22721,29,-49,-80,-3,-3,2,98552,2352,7387,484,0xf,False,0x2d9d
1784019264.566,172,172,34992,3,1,22673,-51,-3,-98,4,3,2,98559,2352,7387,515,0xf,False,0x8ef
1784019264.691,173,173,35192,3,1,22596,-50,34,-106,0,-4,-3,98566,2353,7386,506,0xf,False,0xc31a
1784019264.942,174,174,35392,3,1,22548,-40,-12,-98,0,-4,2,98573,2353,7386,483,0xf,False,0x66da
1784019265.167,175,175,35592,3,1,22497,43,-47,-86,-5,-2,-4,98580,2353,7386,485,0xf,False,0xa53
1784019265.413,176,176,35792,3,1,22420,-40,30,-84,-5,-5,1,98587,2354,7386,505,0xf,False,0x7b98
1784019265.535,177,177,35992,3,1,22389,19,28,-102,-5,2,1,98594,2354,7386,494,0xf,False,0x2d5
1784019265.723,178,178,36192,3,1,22304,51,-33,-97,-3,2,3,98601,2354,7386,488,0xf,False,0x626
1784019265.972,179,179,36392,3,1,22242,51,5,-101,-5,3,2,98608,2355,7386,511,0xf,False,0xdfaa
1784019266.099,180,180,36592,3,1,22209,47,-52,-82,-5,1,-1,98616,2355,7386,487,0xf,False,0x8ede
1784019266.300,181,181,36792,3,1,22148,-26,54,-92,-1,-5,-5,98623,2356,7386,501,0xf,False,0xd87b
1784019266.550,182,182,36992,3,1,22089,56,20,-82,-1,-2,-1,98630,2356,7386,482,0xf,False,0x4012
1784019266.797,183,183,37192,3,1,22033,4,-24,-89,-1,-4,-5,98637,2356,7386,516,0xf,False,0x7cb3
1784019266.922,184,184,37392,3,1,21969,29,20,-106,-3,-5,1,98645,2357,7386,484,0xf,False,0xde15
1784019267.124,185,185,37592,3,1,21920,-43,-44,-107,4,-5,-1,98652,2357,7385,488,0xf,False,0x1bd2
1784019267.343,186,186,37792,3,1,21860,-47,12,-96,-3,-3,-4,98659,2357,7385,491,0xf,False,0x5d3
1784019267.592,187,187,37992,3,1,21798,52,-22,-95,-5,0,2,98666,2358,7385,519,0xf,False,0xe5c0
1784019267.717,188,188,38192,3,1,21708,5,19,-86,-1,-3,-5,98674,2358,7385,488,0xf,False,0x1744
1784019267.904,189,189,38392,3,1,21659,-60,-49,-90,3,4,-3,98681,2359,7385,518,0xf,False,0x99d2
1784019268.154,190,190,38592,3,1,21625,-58,29,-103,4,3,2,98688,2359,7385,486,0xf,False,0x9610
1784019268.279,191,191,38792,3,1,21526,53,-4,-83,-3,4,-5,98696,2359,7385,487,0xf,False,0x5210
1784019268.526,192,192,38992,3,1,21493,-47,42,-101,1,3,3,98703,2360,7385,485,0xf,False,0xa2f0
1784019268.714,193,193,39192,3,1,21435,36,54,-100,3,-4,-4,98711,2360,7385,517,0xf,False,0x1ab3
1784019268.965,194,194,39392,3,1,21373,20,-32,-83,-1,-1,-4,98718,2361,7385,495,0xf,False,0xb95a
1784019269.090,195,195,39592,3,1,21318,34,-55,-109,-2,-3,1,98725,2361,7385,493,0xf,False,0xff29
1784019269.339,196,196,39792,3,1,21224,25,48,-88,-3,0,-2,98733,2361,7385,494,0xf,False,0x9972
1784019269.524,197,197,39992,3,1,21166,39,-54,-88,-1,-4,3,98740,2362,7385,504,0xf,False,0x3eed
1784019269.775,198,198,40192,3,1,21132,59,31,-107,0,-4,1,98748,2362,7384,498,0xf,False,0x920a
1784019269.901,199,199,40392,3,1,21074,46,39,-100,-2,2,-1,98755,2363,7384,513,0xf,False,0x6b9c
1784019270.193,200,200,40592,3,1,20977,53,26,-87,2,2,1,98763,2363,7384,489,0xf,False,0xa409
1784019270.383,201,201,40792,3,1,20916,-4,58,-108,-4,3,2,98770,2363,7384,494,0xf,False,0x35de
1784019270.571,202,202,40992,3,1,20858,-58,-22,-101,4,2,1,98778,2364,7384,519,0xf,False,0xe246
1784019270.695,203,203,41192,3,1,20818,-16,32,-99,1,1,4,98786,2364,7384,508,0xf,False,0xc1fb
1784019270.946,204,204,41392,3,1,20738,52,-33,-89,-2,-5,-4,98793,2365,7384,499,0xf,False,0x5bba
1784019271.171,205,205,41592,3,1,20689,-25,5,-94,2,-1,1,98801,2365,7384,517,0xf,False,0x15e4
1784019271.288,206,206,41792,3,1,20638,25,-36,-82,-1,-5,-2,98808,2365,7384,483,0xf,False,0x6830
1784019271.537,207,207,41992,3,1,20558,-34,-54,-83,4,1,1,98816,2366,7384,501,0xf,False,0xec1
1784019271.722,208,208,42192,3,1,20484,43,-57,-91,-1,-1,-4,98824,2366,7384,502,0xf,False,0xecaa
1784019271.973,209,209,42392,3,1,20432,-40,53,-90,2,4,1,98831,2367,7384,505,0xf,False,0x26bb
1784019272.097,210,210,42592,3,1,20370,-51,49,-92,4,4,-5,98839,2367,7383,514,0xf,False,0x6de9
1784019272.297,211,211,42792,3,1,20319,-27,-38,-104,-4,4,0,98847,2367,7383,495,0xf,False,0x5812
1784019272.548,212,212,42992,3,1,20251,-50,57,-94,-2,-2,2,98855,2368,7383,516,0xf,False,0x3c6a
1784019272.787,213,213,43192,3,1,20179,-45,59,-105,-4,2,4,98862,2368,7383,509,0xf,False,0x18c
1784019272.905,214,214,43392,3,1,20126,35,-31,-102,-5,4,-5,98870,2369,7383,502,0xf,False,0xb48f
1784019273.157,215,215,43592,3,1,20035,-25,58,-80,-5,-3,4,98878,2369,7383,482,0xf,False,0x40fa
1784019273.346,216,216,43792,3,1,19974,-9,27,-87,3,-2,1,98886,2370,7383,512,0xf,False,0xad81
1784019273.593,217,217,43992,3,1,19941,-21,38,-97,1,-5,3,98894,2370,7383,512,0xf,False,0xf9d7
1784019273.719,218,218,44192,3,1,19879,-50,-31,-100,0,4,-2,98902,2370,7383,490,0xf,False,0x2062
1784019273.905,219,219,44392,3,1,19801,52,12,-108,-4,3,0,98909,2371,7383,516,0xf,False,0xdbd4
1784019274.197,220,220,44592,3,1,19720,27,-20,-91,-4,0,-4,98917,2371,7383,511,0xf,False,0x3c6b
1784019274.249,221,221,44792,3,1,19683,1,-54,-107,-1,2,-1,98925,2372,7383,513,0xf,False,0x172a
1784019274.498,222,222,44992,3,1,19580,50,13,-82,2,0,-1,98933,2372,7383,506,0xf,False,0x1b87
1784019274.746,223,223,45192,3,1,19553,-17,-16,-107,4,-1,4,98941,2373,7382,500,0xf,False,0x7991
1784019274.996,224,224,45392,3,1,19449,0,9,-90,3,-4,2,98949,2373,7382,498,0xf,False,0x1e6a
1784019275.057,225,225,45592,3,1,19418,-19,-10,-95,-4,4,0,98957,2373,7382,511,0xf,False,0x5606
1784019275.324,226,226,45792,3,1,19337,2,59,-104,0,-1,2,98965,2374,7382,481,0xf,False,0x66e0
1784019275.577,227,227,45992,3,1,19254,-31,-56,-106,-1,-2,4,98973,2374,7382,503,0xf,False,0xa785
1784019275.763,228,228,46192,3,1,19190,-1,32,-80,3,-1,2,98981,2375,7382,494,0xf,False,0x87f8
1784019275.888,229,229,46392,3,1,19155,24,-52,-101,-2,3,-4,98990,2375,7382,504,0xf,False,0x8156
1784019276.135,230,230,46592,3,1,19061,27,-44,-85,-1,2,-1,98998,2376,7382,506,0xf,False,0xf843
1784019276.384,231,231,46792,3,1,18992,39,-40,-100,4,3,-1,99006,2376,7382,481,0xf,False,0xc4e5
1784019276.694,232,232,46992,3,1,18942,-18,39,-99,4,-3,-1,99014,2376,7382,480,0xf,False,0x4a58
1784019276.694,233,233,47192,3,1,18874,2,14,-89,1,4,1,99022,2377,7382,508,0xf,False,0xa689
1784019276.946,234,234,47392,3,1,18819,48,21,-86,0,3,0,99030,2377,7382,505,0xf,False,0x622e
1784019277.165,235,235,47592,3,1,18752,51,-59,-93,1,-1,0,99039,2378,7381,492,0xf,False,0x9b5c
1784019277.350,236,236,47792,3,1,18669,26,12,-103,-2,1,-3,99047,2378,7381,509,0xf,False,0xb7f6
1784019277.536,237,237,47992,3,1,18593,-36,26,-84,-2,-1,4,99055,2379,7381,500,0xf,False,0x887f
1784019277.723,238,238,48192,3,1,18515,-47,-9,-107,2,3,3,99064,2379,7381,495,0xf,False,0x1130
1784019277.973,239,239,48392,3,1,18475,30,-12,-100,-3,0,-2,99072,2379,7381,485,0xf,False,0x934b
1784019278.099,240,240,48592,3,1,18381,-36,8,-95,-2,1,1,99080,2380,7381,490,0xf,False,0x47f9
1784019278.304,241,241,48792,3,1,18324,-9,-13,-100,3,2,3,99089,2380,7381,519,0xf,False,0x7dd6
1784019278.554,242,242,48992,3,1,18241,47,51,-94,1,0,-4,99097,2381,7381,488,0xf,False,0xa883
1784019278.802,243,243,49192,3,1,18167,53,-20,-90,-5,1,2,99106,2381,7381,510,0xf,False,0xb45c
1784019278.864,244,244,49392,3,1,18109,17,-29,-106,0,-5,-5,99114,2382,7381,510,0xf,False,0xb8ea
1784019279.112,245,245,49592,3,1,18043,-45,21,-94,2,-4,3,99123,2382,7381,507,0xf,False,0xf7a7
1784019279.362,246,246,49792,3,1,17976,-17,2,-101,2,-3,-3,99131,2383,7381,484,0xf,False,0x6d6f
1784019279.614,247,247,49992,3,1,17893,-2,-54,-90,-1,0,-2,99140,2383,7381,501,0xf,False,0x5ed3
1784019279.677,248,248,50192,3,1,17842,-29,-41,-105,-5,3,-2,99148,2384,7380,482,0xf,False,0x2908
1784019279.927,249,249,50392,3,1,17785,4,-26,-82,-1,-1,-5,99157,2384,7380,497,0xf,False,0x4efc
1784019280.214,250,250,50592,3,1,17708,50,29,-93,1,-2,-2,99166,2384,7380,510,0xf,False,0xe44e
1784019280.267,251,251,50792,3,1,17607,25,42,-93,-5,-3,2,99174,2385,7380,519,0xf,False,0x5228
1784019280.519,252,252,50992,3,1,17568,35,5,-93,1,-2,-4,99183,2385,7380,509,0xf,False,0xb0bf
1784019280.768,253,253,51192,3,1,17485,-43,52,-85,3,-3,-2,99192,2386,7380,496,0xf,False,0x97fb
1784019280.957,254,254,51392,3,1,17418,3,54,-95,2,-3,0,99201,2386,7380,489,0xf,False,0x3743
1784019281.083,255,255,51592,3,1,17354,28,-59,-84,1,-1,-4,99209,2387,7380,497,0xf,False,0xdd0b
1784019281.332,256,256,51792,3,1,17256,24,-36,-91,-1,-5,-3,99218,2387,7380,514,0xf,False,0x63b0
1784019281.519,257,257,51992,3,1,17175,-27,6,-87,2,4,-3,99227,2388,7380,488,0xf,False,0x287e
1784019281.767,258,258,52192,3,1,17137,-44,52,-84,0,-5,2,99236,2388,7380,499,0xf,False,0x8828
1784019281.892,259,259,52392,3,1,17056,1,-56,-94,0,0,1,99245,2389,7380,517,0xf,False,0x77ff
1784019282.142,260,260,52592,3,1,16969,-17,-57,-101,4,-2,-1,99254,2389,7379,485,0xf,False,0x3184
1784019282.329,261,261,52792,3,1,16885,2,57,-101,1,4,-5,99263,2390,7379,491,0xf,False,0xb2b9
1784019282.578,262,262,52992,3,1,16827,11,-28,-93,0,-5,4,99272,2390,7379,481,0xf,False,0x7cc9
1784019282.702,263,263,53192,3,1,16752,43,48,-97,4,-2,-2,99281,2391,7379,481,0xf,False,0xe2cd
1784019282.951,264,264,53392,3,1,16686,-46,-23,-95,-3,-2,4,99290,2391,7379,503,0xf,False,0xe2ee
1784019283.164,265,265,53592,3,1,16621,14,32,-102,-5,-1,0,99299,2392,7379,491,0xf,False,0xd22b
1784019283.279,266,266,53792,3,1,16517,37,33,-86,-4,1,3,99308,2392,7379,504,0xf,False,0x1120
1784019283.526,267,267,53992,3,1,16461,59,35,-101,4,-1,-5,99317,2393,7379,508,0xf,False,0x599b
1784019283.714,268,268,54192,3,1,16358,5,38,-82,2,-4,4,99327,2393,7379,503,0xf,False,0xf4
1784019283.965,269,269,54392,3,1,16285,-30,-26,-100,2,1,-2,99336,2394,7379,487,0xf,False,0x5fb1
1784019284.088,270,270,54592,3,1,16229,-50,-14,-107,-2,-1,-3,99345,2394,7379,498,0xf,False,0xbe6e
1784019284.322,271,271,54792,3,1,16133,38,7,-100,0,1,-2,99354,2395,7379,487,0xf,False,0x8195
1784019284.573,272,272,54992,3,1,16070,-21,-51,-86,-4,-5,-2,99364,2395,7379,517,0xf,False,0x661
1784019284.759,273,273,55192,3,1,15999,-26,-23,-81,2,-3,3,99373,2396,7378,517,0xf,False,0xe7d1
1784019284.883,274,274,55392,3,1,15922,-32,-20,-102,4,3,0,99383,2396,7378,502,0xf,False,0xc26a
1784019285.159,275,275,55592,3,1,15825,25,56,-104,4,2,2,99392,2397,7378,511,0xf,False,0x30e5
1784019285.339,276,276,55792,3,1,15770,17,19,-87,-4,-3,3,99402,2397,7378,507,0xf,False,0x1f7
1784019285.585,277,277,55992,3,1,15701,-24,-39,-102,2,0,3,99411,2398,7378,499,0xf,False,0x1943
1784019285.711,278,278,56192,3,1,15586,55,54,-84,1,1,-5,99421,2398,7378,485,0xf,False,0x5800
1784019285.899,279,279,56392,3,1,15538,-11,44,-108,-3,-2,3,99430,2399,7378,506,0xf,False,0xbc2a
1784019286.173,280,280,56592,3,1,15463,9,-10,-84,0,3,-1,99440,2399,7378,515,0xf,False,0x13e0
1784019286.289,281,281,56792,3,1,15371,10,16,-84,-1,-5,1,99450,2400,7378,514,0xf,False,0x7c3f
1784019286.477,282,282,56992,3,1,15304,-16,-21,-92,-1,-1,3,99459,2400,7378,484,0xf,False,0x58f
1784019286.728,283,283,57192,3,1,15200,29,-42,-99,3,-2,4,99469,2401,7378,482,0xf,False,0x6cd3
1784019286.977,284,284,57392,3,1,15140,9,23,-106,-2,1,-1,99479,2401,7378,493,0xf,False,0x1b46
1784019287.117,285,285,57592,3,1,15041,54,-11,-81,-5,3,4,99489,2402,7377,489,0xf,False,0x654c
1784019287.320,286,286,57792,3,1,14980,-40,47,-98,0,2,0,99499,2402,7377,498,0xf,False,0x9f15
1784019287.631,287,287,57992,3,1,14893,22,53,-94,3,-4,-2,99509,2403,7377,497,0xf,False,0xfd68
1784019287.815,288,288,58192,3,1,14809,35,-28,-102,-3,-4,3,99519,2403,7377,511,0xf,False,0x3b62
1784019287.877,289,289,58392,3,1,14722,24,10,-103,-1,-1,3,99529,2404,7377,509,0xf,False,0x486e
1784019288.158,290,290,58592,3,1,14648,-43,50,-91,4,-5,-3,99539,2404,7377,484,0xf,False,0x93af
1784019288.343,291,291,58792,3,1,14568,19,-33,-103,0,-1,-5,99549,2405,7377,508,0xf,False,0x45a9
1784019288.591,292,292,58992,3,1,14456,-13,-58,-85,0,-5,3,99559,2405,7377,516,0xf,False,0x1ed9
1784019288.714,293,293,59192,3,1,14372,53,45,-102,-2,0,-3,99570,2406,7377,518,0xf,False,0xff21
1784019288.963,294,294,59392,3,1,14313,-23,-41,-101,-1,3,3,99580,2407,7377,488,0xf,False,0x86d
1784019289.149,295,295,59592,3,1,14214,10,-17,-91,3,-1,2,99590,2407,7377,494,0xf,False,0x51a4
1784019289.289,296,296,59792,3,1,14127,43,48,-105,0,-4,-4,99601,2408,7377,481,0xf,False,0x26a
1784019289.542,297,297,59992,3,1,14049,-2,-54,-103,1,-3,-4,99611,2408,7377,499,0xf,False,0x9518
1784019289.731,298,298,60192,3,1,13964,-5,-52,-109,1,-2,2,99621,2409,7376,510,0xf,False,0xe3bd
1784019289.982,299,299,60392,3,1,13872,24,-3,-94,0,-2,-1,99632,2409,7376,509,0xf,False,0x6796
1784019290.107,300,300,60592,3,1,13772,35,31,-82,2,0,4,99643,2410,7376,493,0xf,False,0x7fe4
1784019290.295,301,301,60792,3,1,13696,8,-17,-98,1,-2,1,99653,2410,7376,489,0xf,False,0x1ad3
1784019290.544,302,302,60992,3,1,13603,-35,58,-80,-3,4,-2,99664,2411,7376,504,0xf,False,0xd12
1784019290.791,303,303,61192,3,1,13522,52,-38,-92,2,-4,1,99675,2412,7376,491,0xf,False,0x5b7
1784019290.916,304,304,61392,3,1,13439,-41,39,-91,1,-5,-3,99686,2412,7376,502,0xf,False,0x1895
1784019291.103,305,305,61592,3,1,13326,32,-53,-108,-5,4,-3,99696,2413,7376,497,0xf,False,0xeb25
1784019291.353,306,306,61792,3,1,13249,-50,15,-99,1,4,-5,99707,2413,7376,501,0xf,False,0x6ca1
1784019291.602,307,307,61992,3,1,13175,-43,-35,-81,-2,2,3,99718,2414,7376,494,0xf,False,0xeffa
1784019291.727,308,308,62192,3,1,13077,-46,38,-82,2,4,-2,99729,2415,7376,491,0xf,False,0x2ad4
1784019291.917,309,309,62392,3,1,12966,46,-29,-87,0,3,0,99741,2415,7376,518,0xf,False,0x1d88
1784019292.183,310,310,62592,3,1,12881,50,-10,-109,0,3,-4,99752,2416,7375,499,0xf,False,0x8c6c
1784019292.305,311,311,62792,3,1,12808,-53,-11,-108,-3,3,3,99763,2416,7375,498,0xf,False,0xfb54
1784019292.492,312,312,62992,3,1,12720,34,-60,-97,0,0,3,99774,2417,7375,511,0xf,False,0x4f4
1784019292.743,313,313,63192,3,1,12599,8,-12,-95,4,0,1,99786,2418,7375,498,0xf,False,0xe4ed
1784019292.993,314,314,63392,3,1,12529,-3,45,-107,-2,2,-3,99797,2418,7375,501,0xf,False,0xafda
1784019293.054,315,315,63592,3,1,12436,-8,29,-98,2,-3,-1,99809,2419,7375,486,0xf,False,0xa5b0
1784019293.317,316,316,63792,3,1,12344,-59,6,-82,-1,-5,-3,99820,2419,7375,501,0xf,False,0x1a85
1784019293.567,317,317,63992,3,1,12214,-52,-42,-86,3,-2,3,99832,2420,7375,503,0xf,False,0xc910
1784019293.754,318,318,64192,3,1,12148,-51,-28,-98,1,-2,2,99844,2421,7375,508,0xf,False,0xc36c
1784019293.879,319,319,64392,3,1,12022,23,-51,-92,2,-2,-4,99856,2421,7375,502,0xf,False,0x6c45
1784019294.129,320,320,64592,3,1,11955,-60,7,-93,3,4,-1,99868,2422,7375,509,0xf,False,0x1c7d
1784019294.379,321,321,64792,3,1,11838,8,-14,-99,1,-5,-3,99880,2423,7375,517,0xf,False,0xc369
1784019294.567,322,322,64992,3,1,11752,-24,-37,-87,-4,-1,1,99892,2423,7375,501,0xf,False,0x8f89
1784019294.690,323,323,65192,3,1,11663,55,-47,-102,-3,4,-4,99904,2424,7374,506,0xf,False,0x8455
1784019294.939,324,324,65392,3,1,11550,-53,36,-86,-2,0,-5,99916,2424,7374,518,0xf,False,0x4b95
1784019295.190,325,325,65592,3,1,11456,4,-32,-91,0,-3,-1,99928,2425,7374,519,0xf,False,0x1ae6
1784019295.252,326,326,65792,3,1,11333,-30,40,-83,-3,-5,-5,99941,2426,7374,505,0xf,False,0xc404
1784019295.500,327,327,65992,3,1,11252,-43,39,-109,-5,-4,4,99953,2426,7374,483,0xf,False,0x955
1784019295.748,328,328,66192,3,1,11136,-39,53,-85,2,-1,1,99966,2427,7374,497,0xf,False,0x328e
1784019295.936,329,329,66392,3,1,11021,23,32,-99,-4,-5,-2,99979,2428,7374,481,0xf,False,0x5f92
1784019296.062,330,330,66592,3,1,10920,26,-3,-80,0,2,1,99991,2428,7374,490,0xf,False,0x4ef
1784019296.315,331,331,66792,3,1,10834,-56,-30,-103,-4,-4,2,100004,2429,7374,518,0xf,False,0xb206
1784019296.565,332,332,66992,3,1,10708,57,-2,-87,3,-5,4,100017,2430,7374,497,0xf,False,0x6d29
1784019296.755,333,333,67192,3,1,10622,54,-20,-106,0,1,-3,100030,2431,7374,511,0xf,False,0x5c20
1784019296.878,334,334,67392,3,1,10511,-4,-1,-82,-4,0,-5,100044,2431,7374,517,0xf,False,0x1c67
1784019297.149,335,335,67592,3,1,10372,-52,46,-100,4,-2,-2,100057,2432,7373,483,0xf,False,0x55d4
1784019297.331,336,336,67792,3,1,10262,-12,-41,-84,2,2,-1,100070,2433,7373,512,0xf,False,0xddc1
1784019297.576,337,337,67992,3,1,10175,-33,31,-106,-2,4,-5,100084,2433,7373,511,0xf,False,0xbe21
1784019297.702,338,338,68192,3,1,10069,-54,-12,-101,-1,1,2,100098,2434,7373,487,0xf,False,0x36e2
1784019297.950,339,339,68392,3,1,9927,25,-46,-94,-3,2,0,100112,2435,7373,500,0xf,False,0xef17
1784019298.182,340,340,68592,3,1,9818,23,-24,-88,-4,0,1,100126,2436,7373,495,0xf,False,0x670d
1784019298.371,341,341,68792,3,1,9699,4,-49,-94,-2,-1,4,100140,2436,7373,512,0xf,False,0xfed9
1784019298.495,342,342,68992,3,1,9605,-29,26,-85,-4,-5,-5,100154,2437,7373,480,0xf,False,0x6b97
1784019298.745,343,343,69192,3,1,9495,54,52,-84,-1,4,2,100168,2438,7373,506,0xf,False,0x436f
1784019298.994,344,344,69392,3,1,9341,-8,-27,-84,3,-3,-1,100183,2439,7373,496,0xf,False,0x5262
1784019299.057,345,345,69592,3,1,9246,-47,-44,-103,-3,2,-1,100197,2439,7373,485,0xf,False,0x4970
1784019299.336,346,346,69792,3,1,9105,-49,33,-97,0,4,2,100212,2440,7373,501,0xf,False,0xbbb7
1784019299.523,347,347,69992,3,1,8992,34,-35,-105,3,4,-5,100227,2441,7373,480,0xf,False,0xf8b3
1784019299.771,348,348,70192,3,1,8862,22,10,-90,4,1,-2,100242,2442,7372,486,0xf,False,0x6d0b
1784019299.895,349,349,70392,3,1,8746,50,5,-87,1,3,-5,100258,2443,7372,500,0xf,False,0x6902
1784019300.142,350,350,70592,3,1,8605,-7,-8,-100,2,2,0,100273,2443,7372,498,0xf,False,0xb3e
1784019300.328,351,351,70792,3,1,8468,-39,-12,-99,4,-5,1,100289,2444,7372,498,0xf,False,0x6165
1784019300.577,352,352,70992,3,1,8338,-15,-28,-102,3,-1,2,100305,2445,7372,488,0xf,False,0xb245
1784019300.700,353,353,71192,3,1,8211,-58,-31,-95,3,-5,-4,100321,2446,7372,499,0xf,False,0xa62a
1784019300.949,354,354,71392,3,1,8079,47,12,-87,0,-2,4,100337,2447,7372,501,0xf,False,0xfcb
1784019301.135,355,355,71592,3,1,7973,-52,38,-83,-4,-4,3,100354,2448,7372,517,0xf,False,0x2df0
1784019301.261,356,356,71792,3,1,7802,-25,-42,-99,4,1,3,100371,2449,7372,483,0xf,False,0x3b8b
1784019301.509,357,357,71992,3,1,7684,44,25,-85,4,-1,4,100388,2450,7372,505,0xf,False,0xd87
1784019301.758,358,358,72192,3,1,7549,39,-46,-82,-3,-4,1,100405,2451,7372,491,0xf,False,0x22e7
1784019301.944,359,359,72392,3,1,7377,25,-33,-97,-4,2,-3,100422,2451,7372,480,0xf,False,0xc32
1784019302.069,360,360,72592,3,1,7262,-49,-33,-108,0,0,-1,100440,2452,7371,499,0xf,False,0x7b20
1784019302.303,361,361,72792,3,1,7090,-33,-52,-101,0,1,-4,100458,2453,7371,487,0xf,False,0xae3d
1784019302.549,362,362,72992,3,1,6928,31,-56,-100,1,0,-3,100477,2454,7371,517,0xf,False,0xd956
1784019302.798,363,363,73192,3,1,6774,-2,55,-104,4,-2,2,100496,2455,7371,513,0xf,False,0x9193
1784019302.924,364,364,73392,3,1,6639,-8,22,-86,0,-1,1,100515,2456,7371,502,0xf,False,0xca48
1784019303.110,365,365,73592,3,1,6458,7,-22,-108,2,0,2,100534,2457,7371,504,0xf,False,0xc41f
1784019303.358,366,366,73792,3,1,6322,13,-2,-81,-1,-1,-2,100554,2458,7371,509,0xf,False,0xac7f
1784019303.606,367,367,73992,3,1,6159,41,-1,-89,2,-1,1,100575,2460,7371,487,0xf,False,0x65c7
1784019303.668,368,368,74192,3,1,5992,2,57,-89,-4,-2,2,100595,2461,7371,497,0xf,False,0x7726
1784019303.917,369,369,74392,3,1,5798,-56,-37,-92,3,2,-3,100617,2462,7371,500,0xf,False,0x9107
1784019304.211,370,370,74592,3,1,5615,56,-44,-108,3,-5,-5,100639,2463,7371,510,0xf,False,0xfc3b
1784019304.276,371,371,74792,3,1,5440,-11,9,-91,0,-3,0,100661,2464,7371,485,0xf,False,0xe5fb
1784019304.522,372,372,74992,3,1,5249,-5,40,-96,0,-4,-1,100684,2465,7371,505,0xf,False,0x8873
1784019304.773,373,373,75192,3,1,5046,-20,-8,-109,-3,-1,-2,100708,2467,7370,504,0xf,False,0xe3a1
1784019304.962,374,374,75392,3,1,4840,-5,-15,-106,-3,-2,0,100732,2468,7370,498,0xf,False,0xc555
1784019305.086,375,375,75592,3,1,4659,35,-47,-101,-5,-5,4,100758,2469,7370,486,0xf,False,0xa7eb
1784019305.334,376,376,75792,3,1,4435,49,-33,-100,-1,-2,2,100784,2471,7370,509,0xf,False,0x694
1784019305.581,377,377,75992,3,1,4219,-52,7,-103,2,-3,-1,100812,2472,7370,512,0xf,False,0x6cdb
1784019305.770,378,378,76192,3,1,3950,6,-42,-98,-1,0,-1,100841,2474,7370,519,0xf,False,0x4dab
1784019305.894,379,379,76392,3,1,3718,47,36,-103,1,-2,4,100871,2475,7370,502,0xf,False,0xb8cb
1784019306.145,380,380,76592,3,1,3439,55,-4,-89,0,2,-3,100903,2477,7370,481,0xf,False,0x2c18
1784019306.394,381,381,76792,3,1,3179,0,-23,-109,-2,3,4,100937,2479,7370,499,0xf,False,0xf3cb
1784019306.581,382,382,76992,3,1,2869,-14,34,-96,0,4,-3,100974,2481,7370,502,0xf,False,0x99a1
1784019306.704,383,383,77192,3,1,2555,-23,52,-87,-1,-5,-5,101014,2483,7370,503,0xf,False,0x9bd5
1784019306.956,384,384,77392,3,1,2192,-27,4,-97,-4,0,1,101059,2485,7370,499,0xf,False,0x635a
1784019307.142,385,385,77592,3,1,1741,42,-31,-88,4,-4,-2,101111,2488,7369,483,0xf,False,0xa40f
1784019307.251,386,386,77792,3,1,1199,16,-58,-96,1,-5,2,101177,2492,7369,505,0xf,False,0x50f6
1784019307.499,387,387,77992,3,1,191,30,4,-87,1,-3,-2,101300,2498,7369,514,0xf,False,0x722e
1784019307.748,388,388,78192,4,1,10,-47,-38,1023,-3,-4,-1,101325,2500,7369,500,0xf,False,0x2265
1784019308.001,389,389,78392,4,1,-15,56,12,1014,3,4,0,101325,2500,7369,504,0xf,False,0xb419
1784019308.061,390,390,78592,4,1,-18,-8,-9,1000,-4,-5,0,101325,2500,7369,513,0xf,False,0x7b5e
1784019308.342,391,391,78792,4,1,4,-45,-55,1033,-3,3,3,101325,2500,7369,513,0xf,False,0x7740
1784019308.529,392,392,78992,4,1,-1,31,-15,968,1,-1,-3,101325,2500,7369,480,0xf,False,0x555f
1784019308.779,393,393,79192,4,1,-9,25,24,983,1,4,-3,101325,2500,7369,495,0xf,False,0x890d
1784019308.903,394,394,79392,4,1,-15,1,-29,1062,-2,-3,-4,101325,2500,7369,505,0xf,False,0x1fc
1784019309.152,395,395,79592,4,1,18,-26,-50,1005,-5,2,0,101325,2500,7369,498,0xf,False,0x7ec
1784019309.337,396,396,79792,4,1,10,53,-39,941,-4,1,-4,101325,2500,7369,491,0xf,False,0xea86
1784019309.587,397,397,79992,4,1,16,18,-36,1013,2,1,-2,101325,2500,7369,497,0xf,False,0x3864
1784019309.710,398,398,80192,4,1,1,-50,11,978,-5,-1,-2,101325,2500,7368,492,0xf,False,0xb252
1784019309.960,399,399,80392,4,1,7,-39,-17,934,1,-5,-1,101325,2500,7368,511,0xf,False,0xe598
1784019310.271,400,400,80592,4,1,0,4,-37,1066,1,4,-3,101325,2500,7368,505,0xf,False,0xfe27
1784019310.271,401,401,80792,4,1,-9,-45,49,983,2,4,3,101325,2500,7368,485,0xf,False,0x28b8
1784019310.521,402,402,80992,4,1,2,-24,-8,1092,1,-1,-4,101325,2500,7368,498,0xf,False,0x4dc2
1784019310.707,403,403,81192,4,1,-4,35,0,1036,-5,4,-1,101325,2500,7368,519,0xf,False,0x445f
1784019310.956,404,404,81392,4,1,8,22,6,948,-4,-5,-2,101325,2500,7368,482,0xf,False,0xc61a
1784019311.078,405,405,81592,4,1,0,-45,-5,985,1,-5,-1,101325,2500,7368,489,0xf,False,0x5da5
1784019311.326,406,406,81792,4,1,14,7,20,976,3,1,3,101325,2500,7368,510,0xf,False,0xcb8a
1784019311.576,407,407,81992,4,1,-13,40,38,1007,-5,-3,3,101325,2500,7368,484,0xf,False,0x33cd
1784019311.764,408,408,82192,4,1,8,12,21,969,3,3,4,101325,2500,7368,497,0xf,False,0x29d2
1784019311.888,409,409,82392,4,1,-13,37,-11,932,-5,-4,1,101325,2500,7368,510,0xf,False,0x61a6
1784019312.136,410,410,82592,4,1,-7,16,56,1044,-3,-4,1,101325,2500,7367,492,0xf,False,0x8607
1784019312.386,411,411,82792,4,1,17,-18,15,966,-1,-1,-4,101325,2500,7367,489,0xf,False,0x430a
1784019312.571,412,412,82992,4,1,-11,-6,-11,1080,-2,-5,0,101325,2500,7367,490,0xf,False,0x4e26
1784019312.694,413,413,83192,4,1,-14,9,10,1011,4,-4,-4,101325,2500,7367,492,0xf,False,0x6c1e
1784019312.942,414,414,83392,4,1,-11,-9,-23,1041,-3,-4,-1,101325,2500,7367,486,0xf,False,0x7150
1784019313.204,415,415,83592,4,1,18,-24,-14,1087,-3,3,2,101325,2500,7367,481,0xf,False,0x74ae
1784019313.269,416,416,83792,4,1,-15,-48,-12,989,0,-5,1,101325,2500,7367,502,0xf,False,0x9e42
1784019313.519,417,417,83992,4,1,9,5,-35,1092,0,0,-1,101325,2500,7367,517,0xf,False,0xa345
1784019313.767,418,418,84192,4,1,1,-13,20,1079,2,3,-1,101325,2500,7367,511,0xf,False,0x7d1a
1784019313.954,419,419,84392,4,1,-20,-45,48,1063,4,4,0,101325,2500,7367,497,0xf,False,0x2525
1784019314.079,420,420,84592,4,1,16,59,-27,953,3,4,-2,101325,2500,7367,507,0xf,False,0x4dd9
1784019314.345,421,421,84792,4,1,3,-41,22,936,-3,3,-1,101325,2500,7367,485,0xf,False,0x370c
1784019314.531,422,422,84992,4,1,-3,21,-6,1086,-5,-1,4,101325,2500,7367,519,0xf,False,0xab31
1784019314.783,423,423,85192,4,1,-11,40,-6,1030,3,3,2,101325,2500,7366,509,0xf,False,0xc641
1784019314.906,424,424,85392,4,1,-7,38,-18,906,4,3,-3,101325,2500,7366,506,0xf,False,0xea6a
1784019315.154,425,425,85592,4,1,9,18,-26,1059,4,-3,0,101325,2500,7366,517,0xf,False,0x3f58
1784019315.341,426,426,85792,4,1,2,-3,-59,906,-4,-5,-4,101325,2500,7366,514,0xf,False,0x3a3a
1784019315.590,427,427,85992,4,1,-5,48,-15,1018,4,1,4,101325,2500,7366,500,0xf,False,0x1002
1784019315.715,428,428,86192,4,1,14,-42,-10,901,-1,-2,2,101325,2500,7366,490,0xf,False,0x6cde
1784019315.963,429,429,86392,4,1,-7,-60,-41,1001,-2,-2,1,101325,2500,7366,487,0xf,False,0xcbac
1784019316.184,430,430,86592,4,1,-8,-26,29,992,0,-4,-1,101325,2500,7366,497,0xf,False,0x81a2
1784019316.304,431,431,86792,4,1,9,55,-23,1046,-2,-5,-4,101325,2500,7366,491,0xf,False,0x599f
1784019316.490,432,432,86992,4,1,-2,-29,-20,1058,-3,-5,3,101325,2500,7366,506,0xf,False,0x8c9e
1784019316.739,433,433,87192,4,1,-2,-10,45,992,2,4,-1,101325,2500,7366,488,0xf,False,0x34a
1784019316.987,434,434,87392,4,1,-19,51,-59,938,2,-2,-5,101325,2500,7366,504,0xf,False,0x9f16
1784019317.126,435,435,87592,4,1,-17,-33,9,1018,-1,-3,4,101325,2500,7365,503,0xf,False,0x9d0b
1784019317.327,436,436,87792,4,1,-1,-3,28,982,-3,-5,-4,101325,2500,7365,500,0xf,False,0x15f0
1784019317.516,437,437,87992,4,1,-5,57,37,933,1,-1,-5,101325,2500,7365,511,0xf,False,0xa41a
1784019317.768,438,438,88192,4,1,7,53,-56,1023,4,-2,-3,101325,2500,7365,492,0xf,False,0x8e10
1784019317.892,439,439,88392,4,1,4,10,40,972,-1,2,-3,101325,2500,7365,508,0xf,False,0xee59
1784019318.143,440,440,88592,4,1,6,-17,46,937,0,-4,-2,101325,2500,7365,483,0xf,False,0x9766
1784019318.327,441,441,88792,4,1,7,34,9,973,-2,-2,-5,101325,2500,7365,490,0xf,False,0xe152
1784019318.576,442,442,88992,4,1,-12,-18,-23,1053,-2,-2,-2,101325,2500,7365,499,0xf,False,0xfbb0
1784019318.700,443,443,89192,4,1,5,-11,5,975,-4,4,1,101325,2500,7365,487,0xf,False,0xcbba
1784019318.948,444,444,89392,4,1,-1,-55,-48,1061,0,-2,2,101325,2500,7365,505,0xf,False,0x67cf
1784019319.135,445,445,89592,4,1,12,-19,37,1098,4,-5,-2,101325,2500,7365,505,0xf,False,0x5bb7
1784019319.258,446,446,89792,4,1,14,-56,7,1011,0,3,-2,101325,2500,7365,485,0xf,False,0xfcc1
1784019319.509,447,447,89992,4,1,16,-30,48,1062,-3,-5,-5,101325,2500,7365,508,0xf,False,0x5629
1784019319.756,448,448,90192,4,1,-10,-32,-52,1045,1,-2,3,101325,2500,7364,487,0xf,False,0x1fdb
1784019319.943,449,449,90392,4,1,-1,22,53,1074,0,-2,4,101325,2500,7364,500,0xf,False,0x8401
1784019320.067,450,450,90592,4,1,4,-4,20,1014,2,0,-2,101325,2500,7364,496,0xf,False,0x99da
1784019320.316,451,451,90792,4,1,-7,-44,11,1000,-5,-4,4,101325,2500,7364,487,0xf,False,0x969e
1784019320.565,452,452,90992,4,1,-7,21,-38,1044,0,-3,-4,101325,2500,7364,518,0xf,False,0xada6
1784019320.812,453,453,91192,4,1,-11,21,-34,1019,4,2,4,101325,2500,7364,495,0xf,False,0xeae
1784019320.875,454,454,91392,4,1,2,18,51,909,3,-3,-2,101325,2500,7364,513,0xf,False,0x8253
1784019321.163,455,455,91592,4,1,6,-10,54,932,0,3,1,101325,2500,7364,496,0xf,False,0xa3e6
1784019321.344,456,456,91792,4,1,18,-46,-5,904,-1,0,-5,101325,2500,7364,511,0xf,False,0x6d15
1784019321.593,457,457,91992,4,1,3,-1,-21,1082,1,-4,-2,101325,2500,7364,509,0xf,False,0xc47c
1784019321.717,458,458,92192,4,1,-1,-27,-2,975,-1,2,2,101325,2500,7364,513,0xf,False,0x7b23
1784019321.905,459,459,92392,4,1,7,-10,35,989,-3,-1,2,101325,2500,7364,509,0xf,False,0x75e
1784019322.199,460,460,92592,4,1,7,15,5,971,-1,-2,-4,101325,2500,7363,494,0xf,False,0xad48
1784019322.260,461,461,92792,4,1,9,-12,59,995,-4,-5,-2,101325,2500,7363,518,0xf,False,0x5035
1784019322.508,462,462,92992,4,1,-1,30,-19,1079,-5,0,-2,101325,2500,7363,485,0xf,False,0xfad7
1784019322.758,463,463,93192,4,1,9,11,-6,985,3,-1,-1,101325,2500,7363,504,0xf,False,0x78ab
1784019323.007,464,464,93392,4,1,16,39,21,954,-1,-3,0,101325,2500,7363,500,0xf,False,0xfbee
1784019323.070,465,465,93592,4,1,-15,-59,-6,1041,1,1,-1,101325,2500,7363,514,0xf,False,0x21bd
1784019323.318,466,466,93792,4,1,-4,-17,-44,909,1,1,-3,101325,2500,7363,511,0xf,False,0xc849
1784019323.569,467,467,93992,4,1,-16,-30,-20,922,2,4,-1,101325,2500,7363,511,0xf,False,0x389d
1784019323.754,468,468,94192,4,1,-17,-27,17,1091,4,-3,-5,101325,2500,7363,495,0xf,False,0x5478
1784019323.878,469,469,94392,4,1,-7,34,-52,1049,2,1,0,101325,2500,7363,486,0xf,False,0xb0f0
1784019324.166,470,470,94592,4,1,10,-43,25,938,-2,-3,-3,101325,2500,7363,498,0xf,False,0xafd1
1784019324.344,471,471,94792,4,1,5,-43,2,919,-5,-1,0,101325,2500,7363,496,0xf,False,0x9181
1784019324.592,472,472,94992,4,1,-9,40,-50,1029,3,3,2,101325,2500,7363,495,0xf,False,0x4e0c
1784019324.718,473,473,95192,4,1,-10,22,-4,976,0,1,-5,101325,2500,7362,503,0xf,False,0xa571
1784019324.965,474,474,95392,4,1,7,-55,-11,981,-2,2,-5,101325,2500,7362,519,0xf,False,0xf1ab
1784019325.202,475,475,95592,4,1,3,-10,38,1012,4,1,-2,101325,2500,7362,495,0xf,False,0x65a6
1784019325.259,476,476,95792,4,1,2,-33,-9,975,-5,1,-4,101325,2500,7362,510,0xf,False,0x9525
1784019325.507,477,477,95992,4,1,4,-11,-11,1076,3,-2,-3,101325,2500,7362,513,0xf,False,0x1135
1784019325.757,478,478,96192,4,1,-18,-31,-21,1042,-4,-5,2,101325,2500,7362,486,0xf,False,0x7139
1784019326.005,479,479,96392,4,1,-15,35,12,954,-5,-5,4,101325,2500,7362,490,0xf,False,0x5fdc
1784019326.067,480,480,96592,4,1,-13,32,-19,1068,2,-1,1,101325,2500,7362,487,0xf,False,0xce31
1784019326.317,481,481,96792,4,1,14,-40,50,1005,0,2,-4,101325,2500,7362,500,0xf,False,0x57f9
1784019326.565,482,482,96992,4,1,16,40,-24,1000,-3,2,4,101325,2500,7362,503,0xf,False,0x9beb
1784019326.752,483,483,97192,4,1,-12,-28,14,1081,0,2,-3,101325,2500,7362,509,0xf,False,0x6ec6
1784019326.940,484,484,97392,4,1,-15,57,50,1052,-2,-1,-2,101325,2500,7362,514,0xf,False,0x2b98
1784019327.126,485,485,97592,4,1,-15,31,-16,1037,2,0,-4,101325,2500,7361,519,0xf,False,0xc340
1784019327.391,486,486,97792,4,1,-4,-22,5,964,1,1,3,101325,2500,7361,484,0xf,False,0x254c
1784019327.453,487,487,97992,4,1,-14,-15,-22,946,0,-2,-4,101325,2500,7361,486,0xf,False,0xb46
1784019327.702,488,488,98192,4,1,-13,-11,-10,1092,1,4,-5,101325,2500,7361,514,0xf,False,0x7e9a
1784019327.952,489,489,98392,4,1,-8,9,23,950,-2,0,-1,101325,2500,7361,508,0xf,False,0x71da
1784019328.139,490,490,98592,4,1,12,-45,-39,923,0,-4,2,101325,2500,7361,482,0xf,False,0xec6
1784019328.279,491,491,98792,4,1,-7,-6,58,939,-5,4,2,101325,2500,7361,519,0xf,False,0x15ee
1784019328.528,492,492,98992,4,1,-6,7,28,1063,4,-5,-1,101325,2500,7361,480,0xf,False,0xb1b9
1784019328.716,493,493,99192,4,1,-11,51,-17,986,3,-1,-3,101325,2500,7361,517,0xf,False,0xae13
1784019328.969,494,494,99392,4,1,9,9,-44,1051,2,2,-3,101325,2500,7361,498,0xf,False,0x873c
1784019329.109,495,495,99592,4,1,-5,-29,-47,1052,-5,-2,0,101325,2500,7361,495,0xf,False,0x59ae
1784019329.296,496,496,99792,4,1,19,16,54,1067,1,-1,-2,101325,2500,7361,518,0xf,False,0x103c
1784019329.548,497,497,99992,4,1,6,29,26,1009,4,-2,0,101325,2500,7361,517,0xf,False,0x916b
1784019329.796,498,498,100192,4,1,9,-37,-40,945,-1,-2,2,101325,2500,7360,515,0xf,False,0xf9bc
1784019329.919,499,499,100392,4,1,-5,4,15,965,1,2,-5,101325,2500,7360,489,0xf,False,0x972d
1784019330.248,500,500,100592,4,1,-15,-8,-22,917,0,1,-2,101325,2500,7360,500,0xf,False,0x74fd
1784019330.373,501,501,100792,4,1,-8,-19,-30,1020,1,-2,2,101325,2500,7360,485,0xf,False,0x508c
1784019330.497,502,502,100992,4,1,-14,49,-45,1062,-4,-4,3,101325,2500,7360,503,0xf,False,0xa7e2
1784019330.686,503,503,101192,4,1,11,-2,-31,928,2,0,1,101325,2500,7360,497,0xf,False,0x6348
1784019330.936,504,504,101392,4,1,10,24,37,1077,-1,-4,-1,101325,2500,7360,512,0xf,False,0x854b
1784019331.217,505,505,101592,4,1,14,54,-27,1039,-2,-5,-2,101325,2500,7360,505,0xf,False,0xa011
1784019331.278,506,506,101792,4,1,-2,45,55,1085,-1,-1,3,101325,2500,7360,514,0xf,False,0x23ba
1784019331.525,507,507,101992,4,1,7,-35,57,1020,1,0,-1,101325,2500,7360,483,0xf,False,0x355d
1784019331.711,508,508,102192,4,1,-12,-37,-21,961,-5,3,-4,101325,2500,7360,493,0xf,False,0xcc01
1784019331.960,509,509,102392,4,1,7,38,30,917,1,-2,-5,101325,2500,7360,487,0xf,False,0x30b2
1784019332.084,510,510,102592,4,1,1,-10,7,1079,-1,0,0,101325,2500,7359,487,0xf,False,0x7428
1784019332.333,511,511,102792,4,1,15,-35,-51,1028,2,-5,-4,101325,2500,7359,487,0xf,False,0x992e
1784019332.583,512,512,102992,4,1,-12,-48,-53,939,4,3,-2,101325,2500,7359,486,0xf,False,0x6ad2
1784019332.771,513,513,103192,4,1,-1,-49,-33,915,0,-1,1,101325,2500,7359,503,0xf,False,0xda18
1784019332.896,514,514,103392,4,1,18,42,35,1032,4,-2,0,101325,2500,7359,509,0xf,False,0xa79b
1784019333.146,515,515,103592,4,1,-4,5,-59,969,-5,1,3,101325,2500,7359,508,0xf,False,0xe4c9
1784019333.395,516,516,103792,4,1,-8,28,-35,977,-2,-1,1,101325,2500,7359,485,0xf,False,0xfb6b
1784019333.456,517,517,103992,4,1,10,-17,-12,905,-5,4,4,101325,2500,7359,492,0xf,False,0x1f73
1784019333.705,518,518,104192,4,1,-20,16,31,1061,-5,-1,0,101325,2500,7359,498,0xf,False,0x7e3a
1784019333.955,519,519,104392,4,1,13,-24,40,959,2,-5,3,101325,2500,7359,500,0xf,False,0x4e26
1784019334.142,520,520,104592,4,1,1,5,-34,1036,3,4,1,101325,2500,7359,518,0xf,False,0x8560
1784019334.281,521,521,104792,4,1,6,36,-34,1007,-1,-2,-4,101325,2500,7359,486,0xf,False,0x74bb
1784019334.531,522,522,104992,4,1,-4,-31,-3,1084,-5,-4,3,101325,2500,7359,514,0xf,False,0x35bf
1784019334.718,523,523,105192,4,1,-2,33,-19,1085,-1,-3,-5,101325,2500,7358,484,0xf,False,0x5d70
1784019334.966,524,524,105392,4,1,14,-8,59,1038,-4,-4,-1,101325,2500,7358,496,0xf,False,0x47f5
1784019335.091,525,525,105592,4,1,17,46,27,1039,4,-5,4,101325,2500,7358,503,0xf,False,0x1c43
1784019335.294,526,526,105792,4,1,-4,23,-60,1070,-4,2,-5,101325,2500,7358,519,0xf,False,0x3d08
1784019335.541,527,527,105992,4,1,-12,59,-39,1080,-5,0,0,101325,2500,7358,511,0xf,False,0xe4dc
1784019335.790,528,528,106192,4,1,17,16,-32,907,2,3,4,101325,2500,7358,508,0xf,False,0x1944
1784019335.916,529,529,106392,4,1,8,-23,24,951,-4,1,1,101325,2500,7358,500,0xf,False,0x9629
1784019336.183,530,530,106592,4,1,8,-15,-22,915,0,-2,1,101325,2500,7358,483,0xf,False,0x8b07
1784019336.367,531,531,106792,4,1,-16,-41,-26,1030,-2,-5,-3,101325,2500,7358,492,0xf,False,0xfc6f
1784019336.494,532,532,106992,4,1,13,18,38,964,-2,0,-2,101325,2500,7358,511,0xf,False,0x5206
1784019336.681,533,533,107192,4,1,-3,36,47,916,-4,0,4,101325,2500,7358,502,0xf,False,0x9c47
1784019336.930,534,534,107392,4,1,-4,24,17,1055,1,4,4,101325,2500,7358,503,0xf,False,0xa44c
1784019337.189,535,535,107592,4,1,-7,-28,-24,921,-1,3,2,101325,2500,7357,492,0xf,False,0xd0f7
1784019337.304,536,536,107792,4,1,15,29,38,918,-5,1,-3,101325,2500,7357,505,0xf,False,0xbd47
1784019337.492,537,537,107992,4,1,17,14,-40,1089,-4,3,-4,101325,2500,7357,500,0xf,False,0xaca9
1784019337.741,538,538,108192,4,1,19,-31,58,929,-2,-2,-3,101325,2500,7357,504,0xf,False,0x3619
1784019337.990,539,539,108392,4,1,-11,-28,2,966,3,-1,4,101325,2500,7357,482,0xf,False,0xd101
1784019338.114,540,540,108592,4,1,4,-8,-18,1064,-2,-1,0,101325,2500,7357,493,0xf,False,0x1cd
1784019338.300,541,541,108792,4,1,-19,-45,33,929,-4,0,-3,101325,2500,7357,494,0xf,False,0x2d27
1784019338.552,542,542,108992,4,1,-6,-40,3,1085,1,-2,-1,101325,2500,7357,502,0xf,False,0xe51d
1784019338.801,543,543,109192,4,1,9,-36,16,1031,3,-3,-2,101325,2500,7357,512,0xf,False,0x2522
1784019338.864,544,544,109392,4,1,-14,13,-1,905,2,-2,-5,101325,2500,7357,486,0xf,False,0x87dc
1784019339.127,545,545,109592,4,1,19,21,-20,909,3,2,-2,101325,2500,7357,514,0xf,False,0xe7fb
1784019339.375,546,546,109792,4,1,10,-10,59,954,1,-5,-5,101325,2500,7357,487,0xf,False,0xe158
1784019339.623,547,547,109992,4,1,-19,24,-46,1015,2,4,-3,101325,2500,7357,489,0xf,False,0x396f
1784019339.684,548,548,110192,4,1,17,19,-27,968,-5,2,-3,101325,2500,7356,512,0xf,False,0x4f23
1784019339.932,549,549,110392,4,1,15,18,-12,951,-2,4,-2,101325,2500,7356,499,0xf,False,0x2be
1784019340.219,550,550,110592,4,1,-11,24,-22,947,-5,2,3,101325,2500,7356,504,0xf,False,0x4bdd
1784019340.274,551,551,110792,4,1,-13,-27,43,990,3,-1,-1,101325,2500,7356,508,0xf,False,0xb4ad
1784019340.522,552,552,110992,4,1,12,27,-53,1069,-4,-4,4,101325,2500,7356,490,0xf,False,0x1724
1784019340.771,553,553,111192,4,1,17,-49,32,1063,1,-1,-2,101325,2500,7356,505,0xf,False,0xe245
1784019340.958,554,554,111392,4,1,-15,-8,-42,1082,-2,-5,-2,101325,2500,7356,484,0xf,False,0xf043
1784019341.083,555,555,111592,4,1,2,6,-15,926,-5,-2,2,101325,2500,7356,509,0xf,False,0xecd
1784019341.302,556,556,111792,4,1,1,-3,57,941,3,0,4,101325,2500,7356,482,0xf,False,0xe988
1784019341.551,557,557,111992,4,1,-6,-18,43,1096,0,4,0,101325,2500,7356,487,0xf,False,0x938f
1784019341.800,558,558,112192,4,1,-6,-38,46,905,-3,-4,2,101325,2500,7356,513,0xf,False,0x8434
1784019341.924,559,559,112392,4,1,-9,8,16,933,3,3,-5,101325,2500,7356,512,0xf,False,0xa82e
1784019342.110,560,560,112592,4,1,12,-33,38,1001,-4,2,-3,101325,2500,7355,509,0xf,False,0x7b95
1784019342.358,561,561,112792,4,1,10,57,-31,1046,-1,2,-1,101325,2500,7355,489,0xf,False,0xddde
1784019342.606,562,562,112992,4,1,15,-46,24,1065,3,-2,-1,101325,2500,7355,489,0xf,False,0xe083
1784019342.731,563,563,113192,4,1,0,30,-57,1020,-1,-5,1,101325,2500,7355,485,0xf,False,0x9cd1
1784019342.918,564,564,113392,4,1,15,-9,-16,959,-2,3,-5,101325,2500,7355,490,0xf,False,0x61fa
1784019343.198,565,565,113592,4,1,-4,-26,-45,996,-1,1,-5,101325,2500,7355,492,0xf,False,0x63d1
1784019343.322,566,566,113792,4,1,-14,55,-41,964,-2,-4,2,101325,2500,7355,489,0xf,False,0xce53
1784019343.510,567,567,113992,4,1,-1,-30,35,954,0,2,1,101325,2500,7355,503,0xf,False,0x242b
1784019343.762,568,568,114192,4,1,15,-38,-30,1081,4,-1,4,101325,2500,7355,515,0xf,False,0x1e63
1784019344.012,569,569,114392,4,1,17,39,31,1076,-4,-1,4,101325,2500,7355,492,0xf,False,0xa548
1784019344.075,570,570,114592,4,1,-18,-40,-43,993,1,-2,-2,101325,2500,7355,496,0xf,False,0x1888
1784019344.338,571,571,114792,4,1,-12,-40,10,922,2,4,-2,101325,2500,7355,519,0xf,False,0x26f9
1784019344.527,572,572,114992,4,1,15,46,-41,928,-5,-2,0,101325,2500,7355,500,0xf,False,0x1145
1784019344.776,573,573,115192,4,1,2,18,-6,1050,-2,4,-2,101325,2500,7354,519,0xf,False,0xb2c2
1784019344.899,574,574,115392,4,1,4,37,1,1018,3,-2,1,101325,2500,7354,516,0xf,False,0xc38a
1784019345.148,575,575,115592,4,1,-11,-42,-22,1094,-4,3,-5,101325,2500,7354,496,0xf,False,0xcf45
1784019345.335,576,576,115792,4,1,-20,38,-44,1021,-5,-5,-2,101325,2500,7354,508,0xf,False,0x4fe2
1784019345.583,577,577,115992,4,1,-18,4,53,965,-2,4,4,101325,2500,7354,493,0xf,False,0x702
1784019345.709,578,578,116192,4,1,-6,20,9,903,1,1,4,101325,2500,7354,486,0xf,False,0xf519
1784019345.957,579,579,116392,4,1,-4,-22,3,1014,-5,-1,-3,101325,2500,7354,515,0xf,False,0xe853
1784019346.143,580,580,116592,4,1,-5,47,55,917,-2,-3,-3,101325,2500,7354,489,0xf,False,0xea05
1784019346.267,581,581,116792,4,1,0,23,41,938,3,4,-2,101325,2500,7354,493,0xf,False,0x726b
1784019346.518,582,582,116992,4,1,0,-1,-3,1075,-2,0,1,101325,2500,7354,505,0xf,False,0xb9f1
1784019346.769,583,583,117192,4,1,15,4,-45,1078,3,4,0,101325,2500,7354,484,0xf,False,0x7df8
1784019346.956,584,584,117392,4,1,-15,-28,-13,972,-1,-2,3,101325,2500,7354,500,0xf,False,0x6cf2
1784019347.078,585,585,117592,4,1,-17,-10,43,986,1,2,-1,101325,2500,7353,480,0xf,False,0xec96
1784019347.340,586,586,117792,4,1,2,46,29,906,-5,3,-5,101325,2500,7353,519,0xf,False,0xa5dd
1784019347.527,587,587,117992,4,1,-1,39,26,1003,1,-5,0,101325,2500,7353,507,0xf,False,0xc3c9
1784019347.776,588,588,118192,4,1,4,32,-35,919,0,-5,-2,101325,2500,7353,491,0xf,False,0xf9fd
1784019347.900,589,589,118392,4,1,-20,13,18,1069,2,3,1,101325,2500,7353,490,0xf,False,0x35f8
1784019348.182,590,590,118592,4,1,-15,-23,5,1085,0,-4,0,101325,2500,7353,515,0xf,False,0x810d
1784019348.365,591,591,118792,4,1,3,0,15,958,3,4,-2,101325,2500,7353,500,0xf,False,0x6ae3
1784019348.615,592,592,118992,4,1,14,3,-44,912,-1,-3,1,101325,2500,7353,483,0xf,False,0xa950
1784019348.677,593,593,119192,4,1,-1,-9,41,972,0,2,2,101325,2500,7353,508,0xf,False,0x9c86
1784019348.926,594,594,119392,4,1,-9,-47,44,1026,3,2,4,101325,2500,7353,517,0xf,False,0x87c
1784019349.216,595,595,119592,4,1,18,-20,-54,938,-4,4,-1,101325,2500,7353,509,0xf,False,0xdfd6
1784019349.269,596,596,119792,4,1,12,15,48,912,2,0,1,101325,2500,7353,502,0xf,False,0x72e9
1784019349.517,597,597,119992,4,1,-9,-31,33,1092,-1,0,3,101325,2500,7353,492,0xf,False,0xd88a
1784019349.766,598,598,120192,4,1,14,58,-10,970,4,2,-5,101325,2500,7352,492,0xf,False,0xbc6e
1784019349.954,599,599,120392,4,1,8,54,-48,930,3,1,1,101325,2500,7352,495,0xf,False,0x514f
1784019350.079,600,600,120592,4,1,-18,-21,-57,1029,3,-5,4,101325,2500,7352,511,0xf,False,0xa4ea
1784019350.329,601,601,120792,4,1,7,-19,21,1012,4,0,1,101325,2500,7352,501,0xf,False,0x597d
1784019350.515,602,602,120992,4,1,10,18,-4,1002,0,0,4,101325,2500,7352,493,0xf,False,0x6f2
1784019350.763,603,603,121192,4,1,-7,-36,13,1016,-1,-3,-2,101325,2500,7352,508,0xf,False,0x7619
1784019350.890,604,604,121392,4,1,7,-34,19,984,-3,4,-2,101325,2500,7352,500,0xf,False,0x5ac
1784019351.136,605,605,121592,4,1,-14,28,-10,1010,0,2,3,101325,2500,7352,511,0xf,False,0x2622
1784019351.381,606,606,121792,4,1,1,-16,17,956,-3,1,-4,101325,2500,7352,488,0xf,False,0xa7db
1784019351.505,607,607,121992,4,1,-7,50,25,1018,2,-3,-1,101325,2500,7352,489,0xf,False,0x94bb
1784019351.691,608,608,122192,4,1,16,22,26,1043,-2,0,-1,101325,2500,7352,481,0xf,False,0x55e5
1784019351.938,609,609,122392,4,1,-15,-19,46,1071,-2,1,-1,101325,2500,7352,501,0xf,False,0x8973
1784019352.198,610,610,122592,4,1,-13,-6,18,948,-2,-1,-1,101325,2500,7351,487,0xf,False,0xae4e
1784019352.312,611,611,122792,4,1,-18,2,42,976,2,2,0,101325,2500,7351,492,0xf,False,0xa02a
1784019352.497,612,612,122992,4,1,-19,-27,13,1082,3,3,1,101325,2500,7351,500,0xf,False,0x9a55
1784019352.748,613,613,123192,4,1,-4,-18,-18,1088,2,-2,2,101325,2500,7351,518,0xf,False,0x88bc
1784019352.998,614,614,123392,4,1,-6,8,-57,1047,-4,-2,-4,101325,2500,7351,519,0xf,False,0xb040
1784019353.122,615,615,123592,4,1,4,3,-41,936,-3,-4,-1,101325,2500,7351,509,0xf,False,0xdcef
1784019353.324,616,616,123792,4,1,11,10,-26,928,-3,4,-4,101325,2500,7351,502,0xf,False,0x558b
1784019353.575,617,617,123992,4,1,6,-35,-49,1001,-1,1,-1,101325,2500,7351,508,0xf,False,0x6283
1784019353.761,618,618,124192,4,1,5,-16,-51,938,-3,-1,1,101325,2500,7351,498,0xf,False,0x6b77
1784019353.887,619,619,124392,4,1,4,59,-34,1001,3,3,3,101325,2500,7351,483,0xf,False,0x226
1784019354.139,620,620,124592,4,1,-16,48,20,1074,-1,-3,1,101325,2500,7351,501,0xf,False,0xdb46
1784019354.385,621,621,124792,4,1,2,24,-10,1043,0,-5,-5,101325,2500,7351,511,0xf,False,0xc779
1784019354.510,622,622,124992,4,1,1,-48,20,1094,-5,-1,4,101325,2500,7351,483,0xf,False,0x4176
1784019354.698,623,623,125192,4,1,4,43,25,931,0,3,-5,101325,2500,7350,487,0xf,False,0x7d8f
1784019354.944,624,624,125392,4,1,19,-4,13,1079,-1,-1,-3,101325,2500,7350,483,0xf,False,0x61f1
1784019355.209,625,625,125592,4,1,3,-21,-40,1052,-1,1,2,101325,2500,7350,494,0xf,False,0xc4dc
1784019355.269,626,626,125792,4,1,19,-50,-8,1064,-3,4,-3,101325,2500,7350,485,0xf,False,0xe049
1784019355.516,627,627,125992,4,1,4,-34,5,948,2,4,-4,101325,2500,7350,500,0xf,False,0x38b2
1784019355.761,628,628,126192,4,1,0,-39,-27,932,-1,-2,4,101325,2500,7350,509,0xf,False,0x375c
1784019356.008,629,629,126392,4,1,1,30,-23,943,-2,-3,-2,101325,2500,7350,482,0xf,False,0x6349
1784019356.070,630,630,126592,4,1,-12,47,39,1078,-3,-1,-1,101325,2500,7350,511,0xf,False,0x5392
1784019356.335,631,631,126792,4,1,-5,-24,-16,942,-4,-5,1,101325,2500,7350,510,0xf,False,0xbf19
1784019356.523,632,632,126992,4,1,-14,16,32,1032,3,-5,1,101325,2500,7350,499,0xf,False,0xac56
1784019356.772,633,633,127192,4,1,16,-42,-45,1025,-5,1,3,101325,2500,7350,507,0xf,False,0xc066
1784019356.896,634,634,127392,4,1,9,-1,-34,964,1,-2,0,101325,2500,7350,495,0xf,False,0x38e7
1784019357.177,635,635,127592,4,1,2,38,-24,925,-1,-1,-5,101325,2500,7349,490,0xf,False,0x1c06
1784019357.362,636,636,127792,4,1,-1,-12,-53,1094,2,-4,4,101325,2500,7349,517,0xf,False,0xa912
1784019357.486,637,637,127992,4,1,1,6,28,939,0,3,-4,101325,2500,7349,502,0xf,False,0xc19b
1784019357.673,638,638,128192,4,1,-5,-36,-22,1046,-1,1,0,101325,2500,7349,502,0xf,False,0xfc97
1784019357.922,639,639,128392,4,1,5,34,24,928,4,4,4,101325,2500,7349,503,0xf,False,0x7e0c
1784019358.170,640,640,128592,4,1,15,-26,25,996,-4,-5,1,101325,2500,7349,482,0xf,False,0x4dd1
1784019358.294,641,641,128792,4,1,1,-21,48,931,-2,-5,-3,101325,2500,7349,507,0xf,False,0x2de4
1784019358.544,642,642,128992,4,1,19,6,5,973,-5,-1,-3,101325,2500,7349,517,0xf,False,0xd184
1784019358.730,643,643,129192,4,1,7,-53,51,929,2,0,3,101325,2500,7349,501,0xf,False,0xd2ac
1784019358.980,644,644,129392,4,1,3,56,45,1007,-1,-3,3,101325,2500,7349,486,0xf,False,0x6325
1784019359.105,645,645,129592,4,1,-10,-35,-36,934,3,4,3,101325,2500,7349,515,0xf,False,0x68dd
1784019359.338,646,646,129792,4,1,6,31,3,1045,2,1,-3,101325,2500,7349,491,0xf,False,0xd4c8
1784019359.587,647,647,129992,4,1,-3,-52,-10,977,-2,-5,-2,101325,2500,7349,496,0xf,False,0xae2f
1784019359.775,648,648,130192,4,1,-8,55,6,923,2,2,4,101325,2500,7348,483,0xf,False,0x1df3
1784019359.898,649,649,130392,4,1,15,58,-19,956,0,-3,4,101325,2500,7348,493,0xf,False,0xa92e
1784019360.196,650,650,130592,4,1,-6,38,22,1002,-4,3,-3,101325,2500,7348,495,0xf,False,0x675b
1784019360.381,651,651,130792,4,1,-9,-58,-45,1004,2,4,4,101325,2500,7348,511,0xf,False,0x94b0
1784019360.444,652,652,130992,4,1,-11,34,-8,1049,-4,0,2,101325,2500,7348,499,0xf,False,0xc249
1784019360.694,653,653,131192,4,1,-7,-52,-23,1056,3,-2,-4,101325,2500,7348,499,0xf,False,0x8b6b
1784019360.945,654,654,131392,4,1,1,25,8,909,1,2,-3,101325,2500,7348,506,0xf,False,0xad7e
